ISO-10303-21;
HEADER;
/* Generated by software containing ST-Developer
 * from STEP Tools, Inc. (www.steptools.com) 
 */

FILE_DESCRIPTION(
/* description */ (''),
/* implementation_level */ '2;1');

FILE_NAME(
/* name */ 'xt60 charge port.step',
/* time_stamp */ '2026-02-21T10:41:08+08:00',
/* author */ (''),
/* organization */ (''),
/* preprocessor_version */ 'ST-DEVELOPER v20.1',
/* originating_system */ 'Autodesk Translation Framework v14.24.0.0',
/* authorisation */ '');

FILE_SCHEMA (('AUTOMOTIVE_DESIGN { 1 0 10303 214 3 1 1 }'));
ENDSEC;

DATA;
#10=MECHANICAL_DESIGN_GEOMETRIC_PRESENTATION_REPRESENTATION('',(#13),#9740);
#11=SHAPE_REPRESENTATION_RELATIONSHIP('SRR','None',#9747,#12);
#12=ADVANCED_BREP_SHAPE_REPRESENTATION('',(#14),#9739);
#13=STYLED_ITEM('',(#9757),#14);
#14=MANIFOLD_SOLID_BREP('[lefthand]power-inlet-dc-xt60-sbc',#5027);
#15=TOROIDAL_SURFACE('',#5216,12.9999985694873,1.);
#16=TOROIDAL_SURFACE('',#5219,3.00000000000603,1.);
#17=TOROIDAL_SURFACE('',#5229,3.,1.);
#18=TOROIDAL_SURFACE('',#5246,18.9999985694873,1.);
#19=TOROIDAL_SURFACE('',#5344,6.,1.);
#20=TOROIDAL_SURFACE('',#5347,6.,1.);
#21=TOROIDAL_SURFACE('',#5385,12.,1.);
#22=TOROIDAL_SURFACE('',#5430,12.,1.);
#23=TOROIDAL_SURFACE('',#5475,12.,1.);
#24=TOROIDAL_SURFACE('',#5497,12.,1.);
#25=TOROIDAL_SURFACE('',#5512,20.9999985694873,1.);
#26=(
BOUNDED_SURFACE()
B_SPLINE_SURFACE(2,2,((#7584,#7585,#7586),(#7587,#7588,#7589),(#7590,#7591,
#7592)),.UNSPECIFIED.,.F.,.F.,.F.)
B_SPLINE_SURFACE_WITH_KNOTS((3,3),(3,3),(1.94440011461708E-15,1.57079632679492),
(-2.71976554662267,-1.57079632679489),.UNSPECIFIED.)
GEOMETRIC_REPRESENTATION_ITEM()
RATIONAL_B_SPLINE_SURFACE(((1.,0.839472478011806,1.),(0.707106781186459,
0.593596681821549,0.707106781186459),(1.,0.839472478011806,1.)))
REPRESENTATION_ITEM('')
SURFACE()
);
#27=CONICAL_SURFACE('',#5148,2.20000000000008,0.785398163396037);
#28=CONICAL_SURFACE('',#5152,3.20000000000006,0.78539816339608);
#29=CONICAL_SURFACE('',#5157,1.80000000000001,0.7853981633974);
#30=CONICAL_SURFACE('',#5160,3.20000000000001,0.785398163397472);
#31=CONICAL_SURFACE('',#5164,3.80000000000603,0.785398163397436);
#32=CONICAL_SURFACE('',#5167,12.1999985694873,0.785398163397457);
#33=CONICAL_SURFACE('',#5170,1.80000000000001,0.785398163397423);
#34=CONICAL_SURFACE('',#5173,1.79999999999999,0.785398163397317);
#35=CONICAL_SURFACE('',#5176,2.45,0.785398163397445);
#36=CONICAL_SURFACE('',#5179,2.45000000000001,0.785398163397517);
#37=CONICAL_SURFACE('',#5183,1.2,0.785398163396034);
#38=CONICAL_SURFACE('',#5187,1.19999999999999,0.785398163397512);
#39=CONICAL_SURFACE('',#5191,1.19999999999999,0.785398163397258);
#40=CONICAL_SURFACE('',#5195,1.19999999999999,0.785398163395869);
#41=CONICAL_SURFACE('',#5256,2.19999999999936,0.785398163387793);
#42=CONICAL_SURFACE('',#5260,3.19999999999995,0.785398163397109);
#43=CONICAL_SURFACE('',#5264,3.19999999999999,0.785398163396978);
#44=CONICAL_SURFACE('',#5268,3.20000000000009,0.78539816339684);
#45=CONICAL_SURFACE('',#5272,2.19999999999947,0.785398163387419);
#46=CONICAL_SURFACE('',#5275,2.19999999999935,0.785398163386978);
#47=CONICAL_SURFACE('',#5279,3.19999999999994,0.78539816339629);
#48=CONICAL_SURFACE('',#5283,3.19999999999999,0.785398163396179);
#49=CONICAL_SURFACE('',#5506,2.,0.785398163397371);
#50=CONICAL_SURFACE('',#5509,2.,0.785398163397371);
#51=B_SPLINE_CURVE_WITH_KNOTS('',3,(#7383,#7384,#7385,#7386,#7387,#7388),
 .UNSPECIFIED.,.F.,.F.,(4,1,1,4),(1.31990939608444,1.4875646489735,1.5504353688069,
1.61330608864029),.UNSPECIFIED.);
#52=B_SPLINE_CURVE_WITH_KNOTS('',3,(#7668,#7669,#7670,#7671,#7672,#7673),
 .UNSPECIFIED.,.F.,.F.,(4,2,4),(-0.00102632031290127,0.,0.147222052248664),
 .UNSPECIFIED.);
#53=B_SPLINE_CURVE_WITH_KNOTS('',3,(#7701,#7702,#7703,#7704,#7705,#7706),
 .UNSPECIFIED.,.F.,.F.,(4,2,4),(-0.147222052248664,0.,0.00102632031290127),
 .UNSPECIFIED.);
#54=B_SPLINE_CURVE_WITH_KNOTS('',3,(#7754,#7755,#7756,#7757,#7758,#7759,
#7760),.UNSPECIFIED.,.F.,.F.,(4,1,1,1,4),(4.39782530400639E-12,0.100960459960038,
0.302881379871318,0.504802299782598,0.706723219693878),.UNSPECIFIED.);
#55=B_SPLINE_CURVE_WITH_KNOTS('',3,(#7763,#7764,#7765,#7766,#7767,#7768,
#7769),.UNSPECIFIED.,.F.,.F.,(4,1,1,1,4),(-0.706723219693878,-0.504802299782598,
-0.302881379871318,-0.100960459960038,-4.39782530400639E-12),
 .UNSPECIFIED.);
#56=B_SPLINE_CURVE_WITH_KNOTS('',3,(#7772,#7773,#7774,#7775,#7776,#7777,
#7778),.UNSPECIFIED.,.F.,.F.,(4,1,1,1,4),(-0.738339280661907,-0.527385200472791,
-0.316431120283675,-0.210954080189116,0.),.UNSPECIFIED.);
#57=B_SPLINE_CURVE_WITH_KNOTS('',3,(#7883,#7884,#7885,#7886),
 .UNSPECIFIED.,.F.,.F.,(4,4),(-2.86825594645446,-2.81286700568389),
 .UNSPECIFIED.);
#58=B_SPLINE_CURVE_WITH_KNOTS('',3,(#7944,#7945,#7946,#7947,#7948,#7949,
#7950,#7951,#7952),.UNSPECIFIED.,.F.,.F.,(4,1,1,1,1,1,4),(1.53363892870226,
1.58226200787876,1.63088508705526,1.67950816623176,1.72813124540826,1.77675432458476,
1.87400048293776),.UNSPECIFIED.);
#59=B_SPLINE_CURVE_WITH_KNOTS('',3,(#7965,#7966,#7967,#7968),
 .UNSPECIFIED.,.F.,.F.,(4,4),(0.,0.0961568421305053),.UNSPECIFIED.);
#60=B_SPLINE_CURVE_WITH_KNOTS('',3,(#7969,#7970,#7971,#7972,#7973,#7974,
#7975,#7976,#7977),.UNSPECIFIED.,.F.,.F.,(4,1,1,1,1,1,4),(2.66214246461943,
2.7716014753319,2.99051949675684,3.09997850746931,3.20943751818178,3.31889652889425,
3.42835553960672),.UNSPECIFIED.);
#61=B_SPLINE_CURVE_WITH_KNOTS('',3,(#7979,#7980,#7981,#7982),
 .UNSPECIFIED.,.F.,.F.,(4,4),(2.81703897692636,2.86825594645446),
 .UNSPECIFIED.);
#62=B_SPLINE_CURVE_WITH_KNOTS('',3,(#7984,#7985,#7986,#7987),
 .UNSPECIFIED.,.F.,.F.,(4,4),(0.400641342151195,0.55900304652119),
 .UNSPECIFIED.);
#63=B_SPLINE_CURVE_WITH_KNOTS('',3,(#7993,#7994,#7995,#7996,#7997,#7998,
#7999),.UNSPECIFIED.,.F.,.F.,(4,1,1,1,4),(2.33886639174073,2.41098247756765,
2.61458745739045,2.76729119225755,2.97987110187141),.UNSPECIFIED.);
#64=B_SPLINE_CURVE_WITH_KNOTS('',3,(#8001,#8002,#8003,#8004,#8005,#8006,
#8007),.UNSPECIFIED.,.F.,.F.,(4,1,1,1,4),(1.59656255827643,1.80016753809923,
2.00377251792204,2.20737749774484,2.33886639174073),.UNSPECIFIED.);
#65=B_SPLINE_CURVE_WITH_KNOTS('',3,(#8035,#8036,#8037,#8038),
 .UNSPECIFIED.,.F.,.F.,(4,4),(-0.0961568421305053,0.),.UNSPECIFIED.);
#66=B_SPLINE_CURVE_WITH_KNOTS('',3,(#8055,#8056,#8057,#8058,#8059,#8060),
 .UNSPECIFIED.,.F.,.F.,(4,2,4),(-2.03417857192802,-2.03242816816336,-1.49408367694032),
 .UNSPECIFIED.);
#67=B_SPLINE_CURVE_WITH_KNOTS('',3,(#8063,#8064,#8065,#8066,#8067,#8068),
 .UNSPECIFIED.,.F.,.F.,(4,1,1,4),(-3.42835553960672,-3.31889652889425,-3.20943751818178,
-3.15114263135715),.UNSPECIFIED.);
#68=B_SPLINE_CURVE_WITH_KNOTS('',3,(#8124,#8125,#8126,#8127,#8128,#8129,
#8130,#8131,#8132,#8133,#8134,#8135,#8136,#8137,#8138,#8139,#8140,#8141,
#8142,#8143,#8144,#8145,#8146,#8147,#8148,#8149,#8150,#8151,#8152,#8153,
#8154,#8155,#8156,#8157,#8158,#8159,#8160,#8161,#8162,#8163,#8164,#8165,
#8166,#8167,#8168,#8169),.UNSPECIFIED.,.F.,.F.,(4,3,3,3,3,3,3,3,3,3,3,3,
3,3,3,4),(-0.00327792020604918,0.,0.0264543534273258,0.0468754228263552,
0.0597466901401552,0.0874488518992618,0.101753228676108,0.127809532218487,
0.152272637342518,0.154386184389996,0.18155295294233,0.18585669574922,0.214316113008021,
0.241106400997849,0.263824727989977,0.267104976175081),.UNSPECIFIED.);
#69=B_SPLINE_CURVE_WITH_KNOTS('',3,(#8170,#8171,#8172,#8173,#8174),
 .UNSPECIFIED.,.F.,.F.,(4,1,4),(-2.87574209327682,-2.7716014753319,-2.66214246461943),
 .UNSPECIFIED.);
#70=B_SPLINE_CURVE_WITH_KNOTS('',3,(#8289,#8290,#8291,#8292,#8293,#8294,
#8295,#8296),.UNSPECIFIED.,.F.,.F.,(4,1,1,2,4),(0.,0.202372495651444,0.303558743477166,
0.50593123912861,0.506879922837177),.UNSPECIFIED.);
#71=B_SPLINE_CURVE_WITH_KNOTS('',3,(#8301,#8302,#8303,#8304,#8305),
 .UNSPECIFIED.,.F.,.F.,(4,1,4),(-0.314364649713828,-0.199965163930575,0.),
 .UNSPECIFIED.);
#72=B_SPLINE_CURVE_WITH_KNOTS('',3,(#8318,#8319,#8320,#8321,#8322,#8323,
#8324,#8325,#8326,#8327,#8328,#8329,#8330,#8331,#8332,#8333,#8334,#8335),
 .UNSPECIFIED.,.F.,.F.,(4,2,2,2,2,2,2,2,4),(0.0545991071963409,0.084251912177131,
0.18252552454725,0.295988467187306,0.384775121844615,0.399262304252956,
0.407396349133315,0.414754039946573,0.421685430609214),.UNSPECIFIED.);
#73=B_SPLINE_CURVE_WITH_KNOTS('',3,(#8342,#8343,#8344,#8345,#8346,#8347,
#8348,#8349),.UNSPECIFIED.,.F.,.F.,(4,2,2,4),(-0.00158366995815627,0.,0.0286680835809602,
0.152832394055896),.UNSPECIFIED.);
#74=B_SPLINE_CURVE_WITH_KNOTS('',3,(#8370,#8371,#8372,#8373,#8374,#8375),
 .UNSPECIFIED.,.F.,.F.,(4,1,1,4),(8.4554152444725E-17,0.484448319331768,
0.807413865552947,1.13037941160766),.UNSPECIFIED.);
#75=B_SPLINE_CURVE_WITH_KNOTS('',3,(#8423,#8424,#8425,#8426,#8427,#8428,
#8429,#8430,#8431,#8432,#8433,#8434,#8435,#8436,#8437,#8438,#8439,#8440,
#8441,#8442,#8443),.UNSPECIFIED.,.F.,.F.,(4,2,2,2,2,2,2,3,2,4),(-0.157715179583689,
-0.127100413596837,-0.0888464029184868,-0.0366922268192783,-0.0158923146076256,
-0.00635135317118093,-0.00260734175199398,0.,0.113683230402389,0.150791205284208),
 .UNSPECIFIED.);
#76=B_SPLINE_CURVE_WITH_KNOTS('',3,(#8450,#8451,#8452,#8453,#8454,#8455,
#8456,#8457,#8458,#8459),.UNSPECIFIED.,.F.,.F.,(4,2,2,2,4),(-0.000917225155209512,
0.,0.135468675847313,0.22506612056669,0.290776917015237),.UNSPECIFIED.);
#77=B_SPLINE_CURVE_WITH_KNOTS('',3,(#8460,#8461,#8462,#8463,#8464,#8465),
 .UNSPECIFIED.,.F.,.F.,(4,2,4),(0.718623660799736,0.768884287565752,0.828342996859943),
 .UNSPECIFIED.);
#78=B_SPLINE_CURVE_WITH_KNOTS('',3,(#8502,#8503,#8504,#8505,#8506,#8507),
 .UNSPECIFIED.,.F.,.F.,(4,1,1,4),(-0.94325550717301,-0.807413865552947,
-0.484448319331768,-8.4554152444725E-17),.UNSPECIFIED.);
#79=B_SPLINE_CURVE_WITH_KNOTS('',3,(#8556,#8557,#8558,#8559,#8560,#8561,
#8562),.UNSPECIFIED.,.F.,.F.,(4,1,1,1,4),(0.,0.210954080189116,0.316431120283675,
0.527385200472791,0.738339280661907),.UNSPECIFIED.);
#80=B_SPLINE_CURVE_WITH_KNOTS('',3,(#8569,#8570,#8571,#8572,#8573,#8574),
 .UNSPECIFIED.,.F.,.F.,(4,2,4),(0.,0.340085404846535,0.680170809693071),
 .UNSPECIFIED.);
#81=B_SPLINE_CURVE_WITH_KNOTS('',3,(#8583,#8584,#8585,#8586,#8587,#8588,
#8589,#8590,#8591,#8592),.UNSPECIFIED.,.F.,.F.,(4,2,2,2,4),(1.55781305489236,
1.61077947991513,1.74382548652699,1.87687149313885,1.92613966136516),
 .UNSPECIFIED.);
#82=B_SPLINE_CURVE_WITH_KNOTS('',3,(#8599,#8600,#8601,#8602,#8603,#8604,
#8605,#8606,#8607,#8608),.UNSPECIFIED.,.F.,.F.,(4,2,2,2,4),(0.786604627287892,
0.823774377937758,0.936710881283287,1.04984594138206,1.08683271734448),
 .UNSPECIFIED.);
#83=B_SPLINE_CURVE_WITH_KNOTS('',3,(#8616,#8617,#8618,#8619,#8620,#8621,
#8622,#8623,#8624,#8625),.UNSPECIFIED.,.F.,.F.,(4,2,2,2,4),(0.885778456673834,
0.935046624900143,1.068092631512,1.20113863812387,1.25410506314665),
 .UNSPECIFIED.);
#84=B_SPLINE_CURVE_WITH_KNOTS('',3,(#8633,#8634,#8635,#8636,#8637,#8638,
#8639,#8640,#8641,#8642),.UNSPECIFIED.,.F.,.F.,(4,2,2,2,4),(1.44203766407909,
1.59307371238324,1.74410976068739,1.92645814565545,2.10880653062351),
 .UNSPECIFIED.);
#85=B_SPLINE_CURVE_WITH_KNOTS('',3,(#8648,#8649,#8650,#8651,#8652,#8653),
 .UNSPECIFIED.,.F.,.F.,(4,2,4),(0.,0.340085404846535,0.680170809693071),
 .UNSPECIFIED.);
#86=B_SPLINE_CURVE_WITH_KNOTS('',3,(#8661,#8662,#8663,#8664,#8665,#8666,
#8667,#8668,#8669,#8670),.UNSPECIFIED.,.F.,.F.,(4,2,2,2,4),(1.55781305489235,
1.61077947991513,1.74382548652699,1.87687149313885,1.92613966136516),
 .UNSPECIFIED.);
#87=B_SPLINE_CURVE_WITH_KNOTS('',3,(#8678,#8679,#8680,#8681,#8682,#8683,
#8684,#8685,#8686,#8687),.UNSPECIFIED.,.F.,.F.,(4,2,2,2,4),(0.78665890714134,
0.823645683103767,0.936780743202537,1.04971724654807,1.08688699719793),
 .UNSPECIFIED.);
#88=B_SPLINE_CURVE_WITH_KNOTS('',3,(#8692,#8693,#8694,#8695,#8696,#8697,
#8698,#8699),.UNSPECIFIED.,.F.,.F.,(4,2,2,4),(-0.0015294345281002,0.,0.0915343874723733,
0.109235479571757),.UNSPECIFIED.);
#89=B_SPLINE_CURVE_WITH_KNOTS('',3,(#8725,#8726,#8727,#8728,#8729,#8730,
#8731,#8732,#8733,#8734),.UNSPECIFIED.,.F.,.F.,(4,2,2,2,4),(-0.000431151799321179,
0.,0.0325062383401724,0.0683867426704126,0.103204304621706),
 .UNSPECIFIED.);
#90=B_SPLINE_CURVE_WITH_KNOTS('',3,(#8735,#8736,#8737,#8738,#8739,#8740),
 .UNSPECIFIED.,.F.,.F.,(4,2,4),(0.0209565546501693,0.0301748647966435,0.0671871147691857),
 .UNSPECIFIED.);
#91=B_SPLINE_CURVE_WITH_KNOTS('',3,(#8758,#8759,#8760,#8761,#8762,#8763,
#8764,#8765,#8766,#8767,#8768,#8769,#8770,#8771,#8772,#8773,#8774,#8775,
#8776),.UNSPECIFIED.,.F.,.F.,(4,3,3,3,3,3,4),(0.,0.012928613049025,0.0282228510347296,
0.0429183394437363,0.058644228587869,0.0609720400035703,0.0612999946776071),
 .UNSPECIFIED.);
#92=B_SPLINE_CURVE_WITH_KNOTS('',3,(#8777,#8778,#8779,#8780),
 .UNSPECIFIED.,.F.,.F.,(4,4),(-0.64455160012067,-0.356069129164325),
 .UNSPECIFIED.);
#93=B_SPLINE_CURVE_WITH_KNOTS('',3,(#8817,#8818,#8819,#8820,#8821,#8822),
 .UNSPECIFIED.,.F.,.F.,(4,2,4),(0.0489014787208305,0.071428587339446,0.0794002744072559),
 .UNSPECIFIED.);
#94=B_SPLINE_CURVE_WITH_KNOTS('',3,(#8823,#8824,#8825,#8826,#8827,#8828,
#8829,#8830,#8831,#8832,#8833,#8834,#8835,#8836,#8837,#8838),
 .UNSPECIFIED.,.F.,.F.,(4,3,3,3,3,4),(0.0701455313215658,0.0954154463302875,
0.0980096995958542,0.121197296200791,0.143663512162287,0.144871485380868),
 .UNSPECIFIED.);
#95=B_SPLINE_CURVE_WITH_KNOTS('',3,(#8848,#8849,#8850,#8851,#8852,#8853,
#8854,#8855,#8856,#8857,#8858,#8859,#8860,#8861,#8862,#8863,#8864,#8865,
#8866,#8867,#8868),.UNSPECIFIED.,.F.,.F.,(4,2,3,2,2,2,2,2,2,4),(-0.150800654243859,
-0.113800118045307,0.,0.00260734175198578,0.00635135317113146,0.0158923146073094,
0.0366922268182984,0.0888464029151212,0.127100413595709,0.157715179583689),
 .UNSPECIFIED.);
#96=B_SPLINE_CURVE_WITH_KNOTS('',3,(#8877,#8878,#8879,#8880),
 .UNSPECIFIED.,.F.,.F.,(4,4),(0.326500132662979,0.330040151111417),
 .UNSPECIFIED.);
#97=B_SPLINE_CURVE_WITH_KNOTS('',3,(#8882,#8883,#8884,#8885,#8886,#8887,
#8888,#8889,#8890,#8891,#8892,#8893,#8894,#8895,#8896,#8897),
 .UNSPECIFIED.,.F.,.F.,(4,2,2,2,2,2,2,4),(0.330040151111417,0.339793099398017,
0.377463491140451,0.415192495152928,0.452921499165406,0.490887076697563,
0.52885265422972,0.554143633056134),.UNSPECIFIED.);
#98=B_SPLINE_CURVE_WITH_KNOTS('',3,(#8954,#8955,#8956,#8957,#8958,#8959),
 .UNSPECIFIED.,.F.,.F.,(4,2,4),(0.,0.0424991395243995,0.0693753813859067),
 .UNSPECIFIED.);
#99=B_SPLINE_CURVE_WITH_KNOTS('',3,(#8960,#8961,#8962,#8963,#8964,#8965,
#8966,#8967,#8968,#8969,#8970,#8971,#8972,#8973,#8974,#8975,#8976,#8977,
#8978,#8979,#8980,#8981),.UNSPECIFIED.,.F.,.F.,(4,3,3,3,3,3,3,4),(-0.000325853067916777,
0.,0.0146404601092377,0.0284152271356529,0.0321382708058374,0.0448421982000965,
0.0565105215120354,0.0595175118702861),.UNSPECIFIED.);
#100=B_SPLINE_CURVE_WITH_KNOTS('',3,(#9042,#9043,#9044,#9045,#9046,#9047,
#9048,#9049,#9050,#9051),.UNSPECIFIED.,.F.,.F.,(4,1,1,1,1,1,1,4),(-3.02179741703606,
-2.76729119225755,-2.61458745739045,-2.41098247756765,-2.20737749774484,
-2.00377251792204,-1.80016753809923,-1.59656255827643),.UNSPECIFIED.);
#101=B_SPLINE_CURVE_WITH_KNOTS('',3,(#9076,#9077,#9078,#9079,#9080,#9081),
 .UNSPECIFIED.,.F.,.F.,(4,2,4),(1.47848165143013,2.03242816816336,2.03417857192802),
 .UNSPECIFIED.);
#102=B_SPLINE_CURVE_WITH_KNOTS('',3,(#9141,#9142,#9143,#9144,#9145,#9146),
 .UNSPECIFIED.,.F.,.F.,(4,2,4),(0.,0.230208578650673,0.290927146728573),
 .UNSPECIFIED.);
#103=B_SPLINE_CURVE_WITH_KNOTS('',3,(#9153,#9154,#9155,#9156,#9157,#9158),
 .UNSPECIFIED.,.F.,.F.,(4,2,4),(0.583875679722862,0.624425090496154,0.641105604422663),
 .UNSPECIFIED.);
#104=B_SPLINE_CURVE_WITH_KNOTS('',3,(#9166,#9167,#9168,#9169,#9170,#9171,
#9172,#9173,#9174,#9175),.UNSPECIFIED.,.F.,.F.,(4,2,2,2,4),(1.07878661426522,
1.15082432783073,1.23104983319888,1.31127533856703,1.38331305213253),
 .UNSPECIFIED.);
#105=B_SPLINE_CURVE_WITH_KNOTS('',3,(#9183,#9184,#9185,#9186,#9187,#9188,
#9189,#9190,#9191,#9192,#9193,#9194),.UNSPECIFIED.,.F.,.F.,(4,2,2,2,2,4),
(0.743830123721561,0.76051063764807,0.842514604245471,0.924518570842871,
1.15472714949355,1.38493572814423),.UNSPECIFIED.);
#106=B_SPLINE_CURVE_WITH_KNOTS('',3,(#9200,#9201,#9202,#9203,#9204,#9205,
#9206,#9207,#9208,#9209,#9210,#9211),.UNSPECIFIED.,.F.,.F.,(4,2,2,2,2,4),
(0.,0.124059333564411,0.248118667128822,0.455758334316359,0.600651576161146,
0.63432864100962),.UNSPECIFIED.);
#107=B_SPLINE_CURVE_WITH_KNOTS('',3,(#9219,#9220,#9221,#9222,#9223,#9224,
#9225,#9226,#9227,#9228),.UNSPECIFIED.,.F.,.F.,(4,2,2,2,4),(3.54088628066297,
3.61292399422848,3.69314949959662,3.77337500496477,3.84541271853028),
 .UNSPECIFIED.);
#108=B_SPLINE_CURVE_WITH_KNOTS('',3,(#9236,#9237,#9238,#9239,#9240,#9241,
#9242,#9243,#9244,#9245,#9246,#9247),.UNSPECIFIED.,.F.,.F.,(4,2,2,2,2,4),
(0.750607087134603,0.784284151983075,0.929177393827861,1.1368170610154,
1.26087639457981,1.38493572814422),.UNSPECIFIED.);
#109=B_SPLINE_CURVE_WITH_KNOTS('',3,(#9253,#9254,#9255,#9256,#9257,#9258,
#9259,#9260,#9261,#9262,#9263,#9264),.UNSPECIFIED.,.F.,.F.,(4,2,2,2,2,4),
(0.,0.230208578650674,0.460417157301347,0.542421123898751,0.624425090496154,
0.641105604422661),.UNSPECIFIED.);
#110=B_SPLINE_CURVE_WITH_KNOTS('',3,(#9272,#9273,#9274,#9275,#9276,#9277,
#9278,#9279,#9280,#9281),.UNSPECIFIED.,.F.,.F.,(4,2,2,2,4),(3.54088628066299,
3.61292399422849,3.69314949959664,3.77337500496479,3.84541271853029),
 .UNSPECIFIED.);
#111=B_SPLINE_CURVE_WITH_KNOTS('',3,(#9289,#9290,#9291,#9292,#9293,#9294,
#9295,#9296,#9297,#9298,#9299,#9300),.UNSPECIFIED.,.F.,.F.,(4,2,2,2,2,4),
(0.748488946706548,0.765169460633053,0.847173427230456,0.929177393827859,
1.15938597247853,1.38959455112921),.UNSPECIFIED.);
#112=B_SPLINE_CURVE_WITH_KNOTS('',3,(#9353,#9354,#9355,#9356,#9357,#9358,
#9359,#9360),.UNSPECIFIED.,.F.,.F.,(4,2,1,1,4),(-0.506879922837177,-0.50593123912861,
-0.303558743477166,-0.202372495651444,0.),.UNSPECIFIED.);
#113=B_SPLINE_CURVE_WITH_KNOTS('',3,(#9392,#9393,#9394,#9395,#9396),
 .UNSPECIFIED.,.F.,.F.,(4,1,4),(0.,0.199965163930575,0.239015721793515),
 .UNSPECIFIED.);
#114=B_SPLINE_CURVE_WITH_KNOTS('',3,(#9397,#9398,#9399,#9400),
 .UNSPECIFIED.,.F.,.F.,(4,4),(0.,0.0570023296244047),.UNSPECIFIED.);
#115=B_SPLINE_CURVE_WITH_KNOTS('',3,(#9409,#9410,#9411,#9412,#9413,#9414,
#9415,#9416,#9417,#9418,#9419,#9420,#9421,#9422),.UNSPECIFIED.,.F.,.F.,
(4,2,2,2,2,2,4),(0.846856613093976,0.883261037734311,0.947370001205122,
1.01147896467593,1.07018034014449,1.12888171561305,1.17463403169595),
 .UNSPECIFIED.);
#116=B_SPLINE_CURVE_WITH_KNOTS('',3,(#9441,#9442,#9443,#9444,#9445,#9446,
#9447,#9448,#9449,#9450,#9451,#9452,#9453,#9454),.UNSPECIFIED.,.F.,.F.,
(4,2,2,2,2,2,4),(0.846856613093978,0.883261037734312,0.947370001205123,
1.01147896467593,1.07018034014449,1.12888171561305,1.17463403169593),
 .UNSPECIFIED.);
#117=B_SPLINE_CURVE_WITH_KNOTS('',3,(#9468,#9469,#9470,#9471,#9472,#9473,
#9474,#9475,#9476,#9477,#9478,#9479,#9480,#9481,#9482),.UNSPECIFIED.,.F.,
 .F.,(4,2,2,3,2,2,4),(1.85889104783786,1.90464336392076,1.96334473938932,
2.02204611485788,2.08615507832869,2.1502640417995,2.18666846643972),
 .UNSPECIFIED.);
#118=B_SPLINE_CURVE_WITH_KNOTS('',3,(#9492,#9493,#9494,#9495,#9496,#9497,
#9498,#9499),.UNSPECIFIED.,.F.,.F.,(4,2,2,4),(0.452907448168315,0.568051621737889,
0.683195795307464,0.760776790892267),.UNSPECIFIED.);
#119=B_SPLINE_CURVE_WITH_KNOTS('',3,(#9503,#9504,#9505,#9506,#9507,#9508,
#9509,#9510,#9511,#9512,#9513,#9514),.UNSPECIFIED.,.F.,.F.,(4,2,2,2,2,4),
(0.861442679697428,0.910602242680315,1.02480352776502,1.13900481284972,
1.25356854897286,1.368132285096),.UNSPECIFIED.);
#120=B_SPLINE_CURVE_WITH_KNOTS('',3,(#9520,#9521,#9522,#9523,#9524,#9525,
#9526,#9527),.UNSPECIFIED.,.F.,.F.,(4,2,2,4),(-0.459295313104103,-0.34415113953453,
-0.229006965964957,-0.151425970380169),.UNSPECIFIED.);
#121=B_SPLINE_CURVE_WITH_KNOTS('',3,(#9552,#9553,#9554,#9555,#9556,#9557,
#9558,#9559,#9560,#9561),.UNSPECIFIED.,.F.,.F.,(4,2,2,2,4),(-0.00082523567358532,
0.,0.150174366838789,0.245302287799682,0.296691896344972),.UNSPECIFIED.);
#122=B_SPLINE_CURVE_WITH_KNOTS('',3,(#9563,#9564,#9565,#9566,#9567,#9568,
#9569,#9570,#9571,#9572),.UNSPECIFIED.,.F.,.F.,(4,2,2,2,4),(0.814633286241523,
0.889786472639575,0.985940247918939,1.08779525047513,1.08858653257478),
 .UNSPECIFIED.);
#123=B_SPLINE_CURVE_WITH_KNOTS('',3,(#9584,#9585,#9586,#9587,#9588,#9589,
#9590,#9591),.UNSPECIFIED.,.F.,.F.,(4,2,2,4),(0.704690527195058,0.755411274859287,
0.830823880381124,0.848910812114976),.UNSPECIFIED.);
#124=B_SPLINE_CURVE_WITH_KNOTS('',3,(#9592,#9593,#9594,#9595),
 .UNSPECIFIED.,.F.,.F.,(4,4),(0.848910812114976,0.849898374962545),
 .UNSPECIFIED.);
#125=B_SPLINE_CURVE_WITH_KNOTS('',3,(#9601,#9602,#9603,#9604),
 .UNSPECIFIED.,.F.,.F.,(4,4),(0.359255457619363,0.360242948949023),
 .UNSPECIFIED.);
#126=B_SPLINE_CURVE_WITH_KNOTS('',3,(#9605,#9606,#9607,#9608,#9609,#9610,
#9611,#9612),.UNSPECIFIED.,.F.,.F.,(4,2,2,4),(0.360242948949023,0.378265801276463,
0.453611321238756,0.504460954134283),.UNSPECIFIED.);
#127=B_SPLINE_CURVE_WITH_KNOTS('',3,(#9615,#9616,#9617,#9618),
 .UNSPECIFIED.,.F.,.F.,(4,4),(0.848910812114981,0.849898374962564),
 .UNSPECIFIED.);
#128=B_SPLINE_CURVE_WITH_KNOTS('',3,(#9619,#9620,#9621,#9622,#9623,#9624,
#9625,#9626),.UNSPECIFIED.,.F.,.F.,(4,2,2,4),(0.704690527195057,0.755411274859293,
0.83082388038113,0.848910812114981),.UNSPECIFIED.);
#129=B_SPLINE_CURVE_WITH_KNOTS('',3,(#9645,#9646,#9647,#9648),
 .UNSPECIFIED.,.F.,.F.,(4,4),(0.640330486380377,0.641509085116735),
 .UNSPECIFIED.);
#130=B_SPLINE_CURVE_WITH_KNOTS('',3,(#9649,#9650,#9651,#9652,#9653,#9654),
 .UNSPECIFIED.,.F.,.F.,(4,2,4),(0.641509085116735,0.689347675159006,0.76536755706925),
 .UNSPECIFIED.);
#131=B_SPLINE_CURVE_WITH_KNOTS('',3,(#9668,#9669,#9670,#9671,#9672,#9673,
#9674,#9675,#9676,#9677,#9678,#9679,#9680,#9681),.UNSPECIFIED.,.F.,.F.,
(4,2,2,2,2,2,4),(1.07444193149446,1.15007326874099,1.26987779994701,1.38968233115304,
1.50356501224143,1.61744769332982,1.66349279872918),.UNSPECIFIED.);
#132=B_SPLINE_CURVE_WITH_KNOTS('',3,(#9685,#9686,#9687,#9688,#9689,#9690,
#9691,#9692,#9693,#9694,#9695,#9696,#9697,#9698),.UNSPECIFIED.,.F.,.F.,
(4,2,2,2,2,2,4),(0.180347091531723,0.22606064470184,0.340115643900377,0.454170643098913,
0.572161607659799,0.690152572220686,0.769271416817874),.UNSPECIFIED.);
#133=B_SPLINE_CURVE_WITH_KNOTS('',3,(#9701,#9702,#9703,#9704,#9705,#9706,
#9707,#9708,#9709,#9710,#9711,#9712,#9713,#9714),.UNSPECIFIED.,.F.,.F.,
(4,2,2,2,2,2,4),(1.07444193149446,1.15007326874099,1.26987779994701,1.38968233115304,
1.50356501224143,1.61744769332982,1.66349279872919),.UNSPECIFIED.);
#134=B_SPLINE_CURVE_WITH_KNOTS('',3,(#9718,#9719,#9720,#9721,#9722,#9723,
#9724,#9725,#9726,#9727,#9728,#9729,#9730,#9731),.UNSPECIFIED.,.F.,.F.,
(4,2,2,2,2,2,4),(0.180359693990809,0.226404799390157,0.340287480478549,
0.45417016156694,0.573974692772969,0.693779223978997,0.769410561225525),
 .UNSPECIFIED.);
#135=B_SPLINE_SURFACE_WITH_KNOTS('',3,3,((#7343,#7344,#7345,#7346,#7347,
#7348),(#7349,#7350,#7351,#7352,#7353,#7354),(#7355,#7356,#7357,#7358,#7359,
#7360),(#7361,#7362,#7363,#7364,#7365,#7366),(#7367,#7368,#7369,#7370,#7371,
#7372),(#7373,#7374,#7375,#7376,#7377,#7378)),.UNSPECIFIED.,.F.,.F.,.F.,
(4,1,1,4),(4,1,1,4),(0.,0.285714285714286,0.571428571428571,1.),(-1.61330608864029,
-1.5504353688069,-1.4875646489735,-1.31990939608444),.UNSPECIFIED.);
#136=B_SPLINE_SURFACE_WITH_KNOTS('',3,3,((#7675,#7676,#7677,#7678,#7679,
#7680),(#7681,#7682,#7683,#7684,#7685,#7686),(#7687,#7688,#7689,#7690,#7691,
#7692),(#7693,#7694,#7695,#7696,#7697,#7698)),.UNSPECIFIED.,.F.,.F.,.F.,
(4,4),(4,2,4),(0.,1.),(-0.00102632031290127,0.,0.147222052248664),
 .UNSPECIFIED.);
#137=B_SPLINE_SURFACE_WITH_KNOTS('',3,3,((#7711,#7712,#7713,#7714,#7715,
#7716,#7717),(#7718,#7719,#7720,#7721,#7722,#7723,#7724),(#7725,#7726,#7727,
#7728,#7729,#7730,#7731),(#7732,#7733,#7734,#7735,#7736,#7737,#7738),(#7739,
#7740,#7741,#7742,#7743,#7744,#7745),(#7746,#7747,#7748,#7749,#7750,#7751,
#7752)),.UNSPECIFIED.,.F.,.F.,.F.,(4,1,1,4),(4,1,1,1,4),(0.,0.285714285714286,
0.571428571428571,1.),(4.39782530400639E-12,0.100960459960038,0.302881379871318,
0.504802299782598,0.706723219693878),.UNSPECIFIED.);
#138=B_SPLINE_SURFACE_WITH_KNOTS('',3,3,((#7888,#7889,#7890,#7891,#7892,
#7893,#7894,#7895,#7896),(#7897,#7898,#7899,#7900,#7901,#7902,#7903,#7904,
#7905),(#7906,#7907,#7908,#7909,#7910,#7911,#7912,#7913,#7914),(#7915,#7916,
#7917,#7918,#7919,#7920,#7921,#7922,#7923),(#7924,#7925,#7926,#7927,#7928,
#7929,#7930,#7931,#7932),(#7933,#7934,#7935,#7936,#7937,#7938,#7939,#7940,
#7941)),.UNSPECIFIED.,.F.,.F.,.F.,(4,1,1,4),(4,1,1,1,1,1,4),(0.,0.285714285714286,
0.571428571428571,1.),(-1.87400048293776,-1.77675432458476,-1.72813124540826,
-1.67950816623176,-1.63088508705526,-1.58226200787876,-1.53363892870226),
 .UNSPECIFIED.);
#139=B_SPLINE_SURFACE_WITH_KNOTS('',3,3,((#8008,#8009,#8010,#8011),(#8012,
#8013,#8014,#8015),(#8016,#8017,#8018,#8019),(#8020,#8021,#8022,#8023),
(#8024,#8025,#8026,#8027),(#8028,#8029,#8030,#8031)),.UNSPECIFIED.,.F.,
 .F.,.F.,(4,1,1,4),(4,4),(0.,0.285714285714286,0.571428571428571,1.),(0.,
0.0961568421305053),.UNSPECIFIED.);
#140=B_SPLINE_SURFACE_WITH_KNOTS('',3,3,((#8069,#8070,#8071,#8072,#8073,
#8074,#8075,#8076,#8077),(#8078,#8079,#8080,#8081,#8082,#8083,#8084,#8085,
#8086),(#8087,#8088,#8089,#8090,#8091,#8092,#8093,#8094,#8095),(#8096,#8097,
#8098,#8099,#8100,#8101,#8102,#8103,#8104),(#8105,#8106,#8107,#8108,#8109,
#8110,#8111,#8112,#8113),(#8114,#8115,#8116,#8117,#8118,#8119,#8120,#8121,
#8122)),.UNSPECIFIED.,.F.,.F.,.F.,(4,1,1,4),(4,1,1,1,1,1,4),(0.,0.285714285714286,
0.571428571428571,1.),(2.66214246461943,2.7716014753319,2.99051949675684,
3.09997850746931,3.20943751818178,3.31889652889425,3.42835553960672),
 .UNSPECIFIED.);
#141=B_SPLINE_SURFACE_WITH_KNOTS('',3,3,((#8466,#8467,#8468,#8469,#8470,
#8471),(#8472,#8473,#8474,#8475,#8476,#8477),(#8478,#8479,#8480,#8481,#8482,
#8483),(#8484,#8485,#8486,#8487,#8488,#8489),(#8490,#8491,#8492,#8493,#8494,
#8495),(#8496,#8497,#8498,#8499,#8500,#8501)),.UNSPECIFIED.,.F.,.F.,.F.,
(4,1,1,4),(4,1,1,4),(0.,0.285714285714286,0.571428571428571,1.),(8.4554152444725E-17,
0.484448319331768,0.807413865552947,1.13037941177413),.UNSPECIFIED.);
#142=B_SPLINE_SURFACE_WITH_KNOTS('',3,3,((#8512,#8513,#8514,#8515,#8516,
#8517,#8518),(#8519,#8520,#8521,#8522,#8523,#8524,#8525),(#8526,#8527,#8528,
#8529,#8530,#8531,#8532),(#8533,#8534,#8535,#8536,#8537,#8538,#8539),(#8540,
#8541,#8542,#8543,#8544,#8545,#8546),(#8547,#8548,#8549,#8550,#8551,#8552,
#8553)),.UNSPECIFIED.,.F.,.F.,.F.,(4,1,1,4),(4,1,1,1,4),(0.,0.285714285714286,
0.571428571428571,1.),(0.,0.210954080189116,0.316431120283675,0.527385200472791,
0.738339280661907),.UNSPECIFIED.);
#143=B_SPLINE_SURFACE_WITH_KNOTS('',3,3,((#8700,#8701,#8702,#8703),(#8704,
#8705,#8706,#8707),(#8708,#8709,#8710,#8711),(#8712,#8713,#8714,#8715),
(#8716,#8717,#8718,#8719),(#8720,#8721,#8722,#8723)),.UNSPECIFIED.,.F.,
 .F.,.F.,(4,1,1,4),(4,4),(0.,0.285714285714286,0.571428571428571,1.),(2.69317177205435,
2.86825594645446),.UNSPECIFIED.);
#144=B_SPLINE_SURFACE_WITH_KNOTS('',3,3,((#8741,#8742,#8743,#8744),(#8745,
#8746,#8747,#8748),(#8749,#8750,#8751,#8752),(#8753,#8754,#8755,#8756)),
 .UNSPECIFIED.,.F.,.F.,.F.,(4,4),(4,4),(0.,1.),(0.356069129164325,0.64455160012067),
 .UNSPECIFIED.);
#145=B_SPLINE_SURFACE_WITH_KNOTS('',3,3,((#8781,#8782,#8783,#8784,#8785,
#8786,#8787),(#8788,#8789,#8790,#8791,#8792,#8793,#8794),(#8795,#8796,#8797,
#8798,#8799,#8800,#8801),(#8802,#8803,#8804,#8805,#8806,#8807,#8808),(#8809,
#8810,#8811,#8812,#8813,#8814,#8815)),.UNSPECIFIED.,.F.,.F.,.F.,(4,1,4),
(4,1,1,1,4),(0.,0.571428571428571,1.),(-0.52359877559832,-0.171864748845224,
0.179869277907871,0.443669797972693,0.707470318037514),.UNSPECIFIED.);
#146=B_SPLINE_SURFACE_WITH_KNOTS('',3,3,((#8933,#8934,#8935,#8936),(#8937,
#8938,#8939,#8940),(#8941,#8942,#8943,#8944),(#8945,#8946,#8947,#8948),
(#8949,#8950,#8951,#8952)),.UNSPECIFIED.,.F.,.F.,.F.,(4,1,4),(4,4),(0.,
0.5,1.),(0.811022883809576,1.0471975511965),.UNSPECIFIED.);
#147=B_SPLINE_SURFACE_WITH_KNOTS('',3,3,((#8982,#8983,#8984,#8985,#8986,
#8987,#8988,#8989,#8990,#8991),(#8992,#8993,#8994,#8995,#8996,#8997,#8998,
#8999,#9000,#9001),(#9002,#9003,#9004,#9005,#9006,#9007,#9008,#9009,#9010,
#9011),(#9012,#9013,#9014,#9015,#9016,#9017,#9018,#9019,#9020,#9021),(#9022,
#9023,#9024,#9025,#9026,#9027,#9028,#9029,#9030,#9031),(#9032,#9033,#9034,
#9035,#9036,#9037,#9038,#9039,#9040,#9041)),.UNSPECIFIED.,.F.,.F.,.F.,(4,
1,1,4),(4,1,1,1,1,1,1,4),(0.,0.285714285714286,0.571428571428571,1.),(1.59656255827643,
1.80016753809923,2.00377251792204,2.20737749774484,2.41098247756765,2.61458745739045,
2.76729119225755,3.02179741703606),.UNSPECIFIED.);
#148=B_SPLINE_SURFACE_WITH_KNOTS('',3,3,((#9052,#9053,#9054,#9055,#9056,
#9057),(#9058,#9059,#9060,#9061,#9062,#9063),(#9064,#9065,#9066,#9067,#9068,
#9069),(#9070,#9071,#9072,#9073,#9074,#9075)),.UNSPECIFIED.,.F.,.F.,.F.,
(4,4),(4,2,4),(0.,1.),(1.47848165143013,2.03242816816336,2.03417857192802),
 .UNSPECIFIED.);
#149=B_SPLINE_SURFACE_WITH_KNOTS('',3,3,((#9311,#9312,#9313,#9314,#9315,
#9316,#9317,#9318),(#9319,#9320,#9321,#9322,#9323,#9324,#9325,#9326),(#9327,
#9328,#9329,#9330,#9331,#9332,#9333,#9334),(#9335,#9336,#9337,#9338,#9339,
#9340,#9341,#9342),(#9343,#9344,#9345,#9346,#9347,#9348,#9349,#9350)),
 .UNSPECIFIED.,.F.,.F.,.F.,(4,1,4),(4,2,1,1,4),(0.,0.5,1.),(-0.506879922837177,
-0.50593123912861,-0.303558743477166,-0.202372495651444,0.),
 .UNSPECIFIED.);
#150=B_SPLINE_SURFACE_WITH_KNOTS('',3,3,((#9361,#9362,#9363,#9364,#9365),
(#9366,#9367,#9368,#9369,#9370),(#9371,#9372,#9373,#9374,#9375),(#9376,
#9377,#9378,#9379,#9380),(#9381,#9382,#9383,#9384,#9385),(#9386,#9387,#9388,
#9389,#9390)),.UNSPECIFIED.,.F.,.F.,.F.,(4,1,1,4),(4,1,4),(0.,0.285714285714286,
0.571428571428571,1.),(0.,0.199965163930575,0.466585382504674),
 .UNSPECIFIED.);
#151=ELLIPSE('',#5119,1.41421356237323,1.);
#152=ELLIPSE('',#5120,1.13137084989858,0.8);
#153=ELLIPSE('',#5122,1.13137084989842,0.8);
#154=ELLIPSE('',#5124,1.41421356237303,1.);
#155=ELLIPSE('',#5156,2.82842712474625,2.);
#156=ELLIPSE('',#5200,2.8284271247463,2.);
#157=ELLIPSE('',#5206,3.48689359124217,2.);
#158=ELLIPSE('',#5209,3.48689359124216,2.);
#159=ELLIPSE('',#5291,4.80234317807392,2.99999999999999);
#160=ELLIPSE('',#5294,4.80234317807386,3.00000000000006);
#161=ELLIPSE('',#5295,3.69966214673719,2.99999999999997);
#162=ELLIPSE('',#5308,3.48689359124217,2.);
#163=ELLIPSE('',#5320,3.48689359124216,2.);
#164=ELLIPSE('',#5380,22.,11.);
#165=ELLIPSE('',#5392,22.,11.);
#166=ELLIPSE('',#5395,22.,11.);
#167=ELLIPSE('',#5405,22.,11.);
#168=ELLIPSE('',#5408,22.,11.);
#169=ELLIPSE('',#5411,22.,11.);
#170=ELLIPSE('',#5414,22.,11.);
#171=ELLIPSE('',#5417,22.,11.);
#172=ELLIPSE('',#5419,22.,11.);
#173=ELLIPSE('',#5427,4.3301270189222,3.75000000000001);
#174=ELLIPSE('',#5428,22.0000000000001,11.);
#175=ELLIPSE('',#5455,22.0000000000001,11.);
#176=ELLIPSE('',#5458,21.9999999999999,11.);
#177=ELLIPSE('',#5462,21.9999999999999,11.);
#178=ELLIPSE('',#5465,22.,11.);
#179=ELLIPSE('',#5469,21.9999999999999,11.);
#180=ELLIPSE('',#5472,22.,11.);
#181=ELLIPSE('',#5480,22.,11.);
#182=ELLIPSE('',#5484,22.,11.);
#183=ELLIPSE('',#5486,22.,11.);
#184=ELLIPSE('',#5489,22.,11.);
#185=ELLIPSE('',#5491,21.9999999999998,11.);
#186=ELLIPSE('',#5494,22.,11.);
#187=FACE_BOUND('',#816,.T.);
#188=FACE_BOUND('',#817,.T.);
#189=FACE_BOUND('',#836,.T.);
#190=FACE_BOUND('',#839,.T.);
#191=FACE_BOUND('',#842,.T.);
#192=FACE_BOUND('',#847,.T.);
#193=FACE_BOUND('',#848,.T.);
#194=FACE_BOUND('',#849,.T.);
#195=FACE_BOUND('',#875,.T.);
#196=FACE_BOUND('',#938,.T.);
#197=FACE_BOUND('',#939,.T.);
#198=FACE_BOUND('',#940,.T.);
#199=FACE_BOUND('',#941,.T.);
#200=FACE_BOUND('',#942,.T.);
#201=FACE_BOUND('',#952,.T.);
#202=FACE_BOUND('',#953,.T.);
#203=FACE_BOUND('',#963,.T.);
#204=FACE_BOUND('',#1005,.T.);
#205=CYLINDRICAL_SURFACE('',#5065,2.99999999999994);
#206=CYLINDRICAL_SURFACE('',#5075,1.5);
#207=CYLINDRICAL_SURFACE('',#5112,1.6);
#208=CYLINDRICAL_SURFACE('',#5115,1.6);
#209=CYLINDRICAL_SURFACE('',#5121,0.8);
#210=CYLINDRICAL_SURFACE('',#5125,1.);
#211=CYLINDRICAL_SURFACE('',#5126,2.35);
#212=CYLINDRICAL_SURFACE('',#5131,11.9999985694873);
#213=CYLINDRICAL_SURFACE('',#5136,0.750000000000026);
#214=CYLINDRICAL_SURFACE('',#5144,2.);
#215=CYLINDRICAL_SURFACE('',#5203,2.);
#216=CYLINDRICAL_SURFACE('',#5205,2.);
#217=CYLINDRICAL_SURFACE('',#5208,2.);
#218=CYLINDRICAL_SURFACE('',#5214,1.);
#219=CYLINDRICAL_SURFACE('',#5223,2.35);
#220=CYLINDRICAL_SURFACE('',#5225,2.35);
#221=CYLINDRICAL_SURFACE('',#5227,1.);
#222=CYLINDRICAL_SURFACE('',#5234,1.);
#223=CYLINDRICAL_SURFACE('',#5236,5.);
#224=CYLINDRICAL_SURFACE('',#5238,0.999999999999996);
#225=CYLINDRICAL_SURFACE('',#5240,0.999999999999996);
#226=CYLINDRICAL_SURFACE('',#5242,0.999999999999996);
#227=CYLINDRICAL_SURFACE('',#5244,0.999999999999996);
#228=CYLINDRICAL_SURFACE('',#5249,4.00000000000603);
#229=CYLINDRICAL_SURFACE('',#5253,3.);
#230=CYLINDRICAL_SURFACE('',#5287,3.00000000000001);
#231=CYLINDRICAL_SURFACE('',#5290,2.99999999999998);
#232=CYLINDRICAL_SURFACE('',#5293,3.00000000000001);
#233=CYLINDRICAL_SURFACE('',#5298,3.00000000000001);
#234=CYLINDRICAL_SURFACE('',#5301,1.);
#235=CYLINDRICAL_SURFACE('',#5304,2.);
#236=CYLINDRICAL_SURFACE('',#5305,2.);
#237=CYLINDRICAL_SURFACE('',#5307,2.);
#238=CYLINDRICAL_SURFACE('',#5310,1.);
#239=CYLINDRICAL_SURFACE('',#5315,2.);
#240=CYLINDRICAL_SURFACE('',#5319,2.);
#241=CYLINDRICAL_SURFACE('',#5341,1.);
#242=CYLINDRICAL_SURFACE('',#5350,1.);
#243=CYLINDRICAL_SURFACE('',#5351,1.);
#244=CYLINDRICAL_SURFACE('',#5353,2.99999999999996);
#245=CYLINDRICAL_SURFACE('',#5356,2.);
#246=CYLINDRICAL_SURFACE('',#5361,1.5);
#247=CYLINDRICAL_SURFACE('',#5363,19.9999985694873);
#248=CYLINDRICAL_SURFACE('',#5378,2.99999999999997);
#249=CYLINDRICAL_SURFACE('',#5381,2.);
#250=CYLINDRICAL_SURFACE('',#5382,1.);
#251=CYLINDRICAL_SURFACE('',#5387,2.);
#252=CYLINDRICAL_SURFACE('',#5390,3.00000000000002);
#253=CYLINDRICAL_SURFACE('',#5393,3.);
#254=CYLINDRICAL_SURFACE('',#5396,3.00000000000002);
#255=CYLINDRICAL_SURFACE('',#5399,2.);
#256=CYLINDRICAL_SURFACE('',#5400,2.);
#257=CYLINDRICAL_SURFACE('',#5403,3.00000000000002);
#258=CYLINDRICAL_SURFACE('',#5406,3.);
#259=CYLINDRICAL_SURFACE('',#5412,3.);
#260=CYLINDRICAL_SURFACE('',#5415,0.999999999999999);
#261=CYLINDRICAL_SURFACE('',#5450,0.999999999999979);
#262=CYLINDRICAL_SURFACE('',#5453,0.999999999999979);
#263=CYLINDRICAL_SURFACE('',#5456,2.99999999999999);
#264=CYLINDRICAL_SURFACE('',#5459,0.999999999999991);
#265=CYLINDRICAL_SURFACE('',#5460,1.);
#266=CYLINDRICAL_SURFACE('',#5463,3.);
#267=CYLINDRICAL_SURFACE('',#5466,1.);
#268=CYLINDRICAL_SURFACE('',#5467,1.);
#269=CYLINDRICAL_SURFACE('',#5470,3.00000000000001);
#270=CYLINDRICAL_SURFACE('',#5473,1.);
#271=CYLINDRICAL_SURFACE('',#5477,5.);
#272=CYLINDRICAL_SURFACE('',#5481,3.);
#273=CYLINDRICAL_SURFACE('',#5487,3.);
#274=CYLINDRICAL_SURFACE('',#5492,3.);
#275=CYLINDRICAL_SURFACE('',#5495,2.99999999999996);
#276=CYLINDRICAL_SURFACE('',#5496,3.);
#277=CYLINDRICAL_SURFACE('',#5500,2.99999999999997);
#278=CYLINDRICAL_SURFACE('',#5505,6.00000008940697);
#279=CYLINDRICAL_SURFACE('',#5507,2.99999999999999);
#280=CYLINDRICAL_SURFACE('',#5511,3.);
#281=CYLINDRICAL_SURFACE('',#5513,3.);
#282=CYLINDRICAL_SURFACE('',#5515,2.00000000000001);
#283=CYLINDRICAL_SURFACE('',#5517,3.00000000000002);
#284=CYLINDRICAL_SURFACE('',#5518,2.);
#285=CYLINDRICAL_SURFACE('',#5520,2.);
#286=CYLINDRICAL_SURFACE('',#5521,11.);
#287=CYLINDRICAL_SURFACE('',#5522,2.);
#288=CYLINDRICAL_SURFACE('',#5524,3.);
#289=CYLINDRICAL_SURFACE('',#5526,2.);
#290=CYLINDRICAL_SURFACE('',#5528,3.);
#291=CYLINDRICAL_SURFACE('',#5530,3.);
#292=CYLINDRICAL_SURFACE('',#5531,11.);
#293=CYLINDRICAL_SURFACE('',#5532,1.);
#294=CYLINDRICAL_SURFACE('',#5535,2.99999999999999);
#295=CYLINDRICAL_SURFACE('',#5536,3.);
#296=CYLINDRICAL_SURFACE('',#5539,3.);
#297=CYLINDRICAL_SURFACE('',#5541,3.00000000000001);
#298=CYLINDRICAL_SURFACE('',#5542,3.);
#299=CYLINDRICAL_SURFACE('',#5544,3.00000000000001);
#300=CYLINDRICAL_SURFACE('',#5545,11.);
#301=CYLINDRICAL_SURFACE('',#5548,3.);
#302=(
BOUNDED_CURVE()
B_SPLINE_CURVE(2,(#7081,#7082,#7083),.UNSPECIFIED.,.F.,.F.)
B_SPLINE_CURVE_WITH_KNOTS((3,3),(0.111803398875176,0.223606797750352),
 .UNSPECIFIED.)
CURVE()
GEOMETRIC_REPRESENTATION_ITEM()
RATIONAL_B_SPLINE_CURVE((1.05555555555566,1.05555555555566,1.))
REPRESENTATION_ITEM('')
);
#303=(
BOUNDED_CURVE()
B_SPLINE_CURVE(2,(#7085,#7086,#7087),.UNSPECIFIED.,.F.,.F.)
B_SPLINE_CURVE_WITH_KNOTS((3,3),(0.,0.111803398875176),.UNSPECIFIED.)
CURVE()
GEOMETRIC_REPRESENTATION_ITEM()
RATIONAL_B_SPLINE_CURVE((1.,1.05555555555566,1.05555555555566))
REPRESENTATION_ITEM('')
);
#304=(
BOUNDED_CURVE()
B_SPLINE_CURVE(2,(#7111,#7112,#7113),.UNSPECIFIED.,.F.,.F.)
B_SPLINE_CURVE_WITH_KNOTS((3,3),(0.,0.223606797751113),.UNSPECIFIED.)
CURVE()
GEOMETRIC_REPRESENTATION_ITEM()
RATIONAL_B_SPLINE_CURVE((1.,1.11111111111195,1.))
REPRESENTATION_ITEM('')
);
#305=CIRCLE('',#5043,1.5);
#306=CIRCLE('',#5046,1.5);
#307=CIRCLE('',#5048,1.5);
#308=CIRCLE('',#5050,1.5);
#309=CIRCLE('',#5051,1.5);
#310=CIRCLE('',#5053,1.5);
#311=CIRCLE('',#5055,1.5);
#312=CIRCLE('',#5059,2.99999999999999);
#313=CIRCLE('',#5061,2.99999999999994);
#314=CIRCLE('',#5066,2.99999999999994);
#315=CIRCLE('',#5070,0.999999999999996);
#316=CIRCLE('',#5071,0.999999999999996);
#317=CIRCLE('',#5073,0.999999999999996);
#318=CIRCLE('',#5074,0.999999999999996);
#319=CIRCLE('',#5076,1.5);
#320=CIRCLE('',#5078,3.);
#321=CIRCLE('',#5079,3.00000000000001);
#322=CIRCLE('',#5080,3.);
#323=CIRCLE('',#5081,3.00000000000001);
#324=CIRCLE('',#5082,3.);
#325=CIRCLE('',#5083,3.);
#326=CIRCLE('',#5084,2.99999999999999);
#327=CIRCLE('',#5085,3.);
#328=CIRCLE('',#5086,3.);
#329=CIRCLE('',#5087,2.);
#330=CIRCLE('',#5088,3.);
#331=CIRCLE('',#5089,2.);
#332=CIRCLE('',#5090,2.);
#333=CIRCLE('',#5091,2.);
#334=CIRCLE('',#5092,3.00000000000002);
#335=CIRCLE('',#5093,2.00000000000001);
#336=CIRCLE('',#5094,3.);
#337=CIRCLE('',#5095,20.9999985694873);
#338=CIRCLE('',#5096,3.);
#339=CIRCLE('',#5097,2.5);
#340=CIRCLE('',#5098,2.99999999999999);
#341=CIRCLE('',#5099,2.5);
#342=CIRCLE('',#5100,2.5);
#343=CIRCLE('',#5101,6.00000008940697);
#344=CIRCLE('',#5105,2.35);
#345=CIRCLE('',#5113,1.6);
#346=CIRCLE('',#5114,1.6);
#347=CIRCLE('',#5116,1.6);
#348=CIRCLE('',#5117,1.6);
#349=CIRCLE('',#5127,2.35);
#350=CIRCLE('',#5130,5.);
#351=CIRCLE('',#5132,11.9999985694873);
#352=CIRCLE('',#5133,11.9999985694873);
#353=CIRCLE('',#5135,3.00000000000001);
#354=CIRCLE('',#5137,0.750000000000026);
#355=CIRCLE('',#5138,0.749999999999981);
#356=CIRCLE('',#5140,3.00000000000001);
#357=CIRCLE('',#5141,0.750000000000012);
#358=CIRCLE('',#5142,2.);
#359=CIRCLE('',#5145,2.);
#360=CIRCLE('',#5146,2.);
#361=CIRCLE('',#5149,2.40000000000015);
#362=CIRCLE('',#5150,2.);
#363=CIRCLE('',#5153,3.40000000000012);
#364=CIRCLE('',#5154,3.00000000000001);
#365=CIRCLE('',#5158,1.60000000000001);
#366=CIRCLE('',#5161,3.40000000000003);
#367=CIRCLE('',#5162,3.);
#368=CIRCLE('',#5165,3.60000000000604);
#369=CIRCLE('',#5166,4.00000000000603);
#370=CIRCLE('',#5168,12.3999985694873);
#371=CIRCLE('',#5171,1.60000000000003);
#372=CIRCLE('',#5172,2.);
#373=CIRCLE('',#5174,2.);
#374=CIRCLE('',#5175,1.59999999999998);
#375=CIRCLE('',#5177,2.54999999999999);
#376=CIRCLE('',#5178,2.35);
#377=CIRCLE('',#5180,2.55000000000001);
#378=CIRCLE('',#5181,2.35);
#379=CIRCLE('',#5182,2.35);
#380=CIRCLE('',#5184,1.4);
#381=CIRCLE('',#5185,0.999999999999996);
#382=CIRCLE('',#5188,1.39999999999998);
#383=CIRCLE('',#5189,0.999999999999996);
#384=CIRCLE('',#5192,1.39999999999998);
#385=CIRCLE('',#5193,0.999999999999996);
#386=CIRCLE('',#5196,1.39999999999999);
#387=CIRCLE('',#5197,0.999999999999996);
#388=CIRCLE('',#5204,2.);
#389=CIRCLE('',#5207,2.);
#390=CIRCLE('',#5211,1.);
#391=CIRCLE('',#5212,1.);
#392=CIRCLE('',#5213,1.00000000000001);
#393=CIRCLE('',#5215,0.999999999999989);
#394=CIRCLE('',#5217,12.9999985694873);
#395=CIRCLE('',#5218,0.999999999999997);
#396=CIRCLE('',#5220,3.00000000000603);
#397=CIRCLE('',#5221,1.00000000001204);
#398=CIRCLE('',#5222,4.00000000000603);
#399=CIRCLE('',#5224,2.35);
#400=CIRCLE('',#5226,2.35);
#401=CIRCLE('',#5228,1.00000000000001);
#402=CIRCLE('',#5230,0.999999999999988);
#403=CIRCLE('',#5231,3.);
#404=CIRCLE('',#5232,1.);
#405=CIRCLE('',#5233,2.);
#406=CIRCLE('',#5235,0.999999999999991);
#407=CIRCLE('',#5237,5.);
#408=CIRCLE('',#5247,19.9999985694873);
#409=CIRCLE('',#5248,18.9999985694873);
#410=CIRCLE('',#5250,1.);
#411=CIRCLE('',#5252,1.00000000000001);
#412=CIRCLE('',#5255,12.);
#413=CIRCLE('',#5257,2.39999999999872);
#414=CIRCLE('',#5258,2.);
#415=CIRCLE('',#5261,3.39999999999988);
#416=CIRCLE('',#5262,3.00000000000002);
#417=CIRCLE('',#5265,3.39999999999998);
#418=CIRCLE('',#5266,3.);
#419=CIRCLE('',#5269,3.40000000000017);
#420=CIRCLE('',#5270,3.00000000000002);
#421=CIRCLE('',#5273,2.39999999999893);
#422=CIRCLE('',#5274,2.);
#423=CIRCLE('',#5276,2.3999999999987);
#424=CIRCLE('',#5277,2.);
#425=CIRCLE('',#5280,3.39999999999986);
#426=CIRCLE('',#5281,3.00000000000002);
#427=CIRCLE('',#5284,3.39999999999998);
#428=CIRCLE('',#5285,3.);
#429=CIRCLE('',#5288,3.00000000000001);
#430=CIRCLE('',#5289,0.749999999999926);
#431=CIRCLE('',#5292,2.99999999999995);
#432=CIRCLE('',#5296,0.749999999999944);
#433=CIRCLE('',#5297,0.74999999999999);
#434=CIRCLE('',#5299,3.00000000000001);
#435=CIRCLE('',#5302,1.);
#436=CIRCLE('',#5303,1.00000000000001);
#437=CIRCLE('',#5309,2.);
#438=CIRCLE('',#5311,1.);
#439=CIRCLE('',#5312,0.999999999999988);
#440=CIRCLE('',#5314,2.);
#441=CIRCLE('',#5316,2.);
#442=CIRCLE('',#5318,2.);
#443=CIRCLE('',#5323,1.);
#444=CIRCLE('',#5324,1.);
#445=CIRCLE('',#5326,1.);
#446=CIRCLE('',#5327,3.00000000000001);
#447=CIRCLE('',#5328,1.);
#448=CIRCLE('',#5330,1.);
#449=CIRCLE('',#5331,3.);
#450=CIRCLE('',#5332,1.);
#451=CIRCLE('',#5334,0.999999999999979);
#452=CIRCLE('',#5335,2.99999999999999);
#453=CIRCLE('',#5336,0.999999999999991);
#454=CIRCLE('',#5337,0.999999999999979);
#455=CIRCLE('',#5339,12.);
#456=CIRCLE('',#5340,6.);
#457=CIRCLE('',#5342,1.00000000000006);
#458=CIRCLE('',#5345,1.00000000000004);
#459=CIRCLE('',#5346,5.);
#460=CIRCLE('',#5348,0.999999999999948);
#461=CIRCLE('',#5349,5.);
#462=CIRCLE('',#5352,1.00000000000003);
#463=CIRCLE('',#5354,3.00000000000001);
#464=CIRCLE('',#5357,2.00000000000002);
#465=CIRCLE('',#5360,6.00000008940697);
#466=CIRCLE('',#5362,1.5);
#467=CIRCLE('',#5364,19.9999985694873);
#468=CIRCLE('',#5365,19.9999985694873);
#469=CIRCLE('',#5366,19.9999985694869);
#470=CIRCLE('',#5368,0.999999999999999);
#471=CIRCLE('',#5369,2.99999999999994);
#472=CIRCLE('',#5370,2.);
#473=CIRCLE('',#5371,3.);
#474=CIRCLE('',#5372,2.00000000000001);
#475=CIRCLE('',#5373,3.00000000000002);
#476=CIRCLE('',#5375,2.);
#477=CIRCLE('',#5376,2.99999999999999);
#478=CIRCLE('',#5377,2.);
#479=CIRCLE('',#5383,0.999999999999998);
#480=CIRCLE('',#5384,1.00000000000001);
#481=CIRCLE('',#5386,11.);
#482=CIRCLE('',#5389,11.);
#483=CIRCLE('',#5398,11.);
#484=CIRCLE('',#5402,11.);
#485=CIRCLE('',#5409,0.750000000000036);
#486=CIRCLE('',#5421,3.);
#487=CIRCLE('',#5422,3.);
#488=CIRCLE('',#5423,2.);
#489=CIRCLE('',#5424,3.);
#490=CIRCLE('',#5425,2.);
#491=CIRCLE('',#5431,0.99999999999973);
#492=CIRCLE('',#5432,12.);
#493=CIRCLE('',#5433,11.);
#494=CIRCLE('',#5434,11.);
#495=CIRCLE('',#5436,12.);
#496=CIRCLE('',#5438,2.99999999999999);
#497=CIRCLE('',#5439,3.);
#498=CIRCLE('',#5440,2.99999999999997);
#499=CIRCLE('',#5441,3.);
#500=CIRCLE('',#5443,3.);
#501=CIRCLE('',#5444,3.00000000000001);
#502=CIRCLE('',#5445,2.99999999999998);
#503=CIRCLE('',#5447,3.00000000000001);
#504=CIRCLE('',#5448,3.00000000000001);
#505=CIRCLE('',#5449,3.);
#506=CIRCLE('',#5452,11.);
#507=CIRCLE('',#5476,11.);
#508=CIRCLE('',#5478,2.);
#509=CIRCLE('',#5482,3.00000000000003);
#510=CIRCLE('',#5498,1.00000000000009);
#511=CIRCLE('',#5499,11.);
#512=CIRCLE('',#5501,3.00000000000013);
#513=CIRCLE('',#5503,3.);
#514=CIRCLE('',#5504,3.);
#515=CIRCLE('',#5534,11.);
#516=CIRCLE('',#5538,11.);
#517=CIRCLE('',#5546,11.);
#518=FACE_OUTER_BOUND('',#794,.T.);
#519=FACE_OUTER_BOUND('',#795,.T.);
#520=FACE_OUTER_BOUND('',#796,.T.);
#521=FACE_OUTER_BOUND('',#797,.T.);
#522=FACE_OUTER_BOUND('',#798,.T.);
#523=FACE_OUTER_BOUND('',#799,.T.);
#524=FACE_OUTER_BOUND('',#800,.T.);
#525=FACE_OUTER_BOUND('',#801,.T.);
#526=FACE_OUTER_BOUND('',#802,.T.);
#527=FACE_OUTER_BOUND('',#803,.T.);
#528=FACE_OUTER_BOUND('',#804,.T.);
#529=FACE_OUTER_BOUND('',#805,.T.);
#530=FACE_OUTER_BOUND('',#806,.T.);
#531=FACE_OUTER_BOUND('',#807,.T.);
#532=FACE_OUTER_BOUND('',#808,.T.);
#533=FACE_OUTER_BOUND('',#809,.T.);
#534=FACE_OUTER_BOUND('',#810,.T.);
#535=FACE_OUTER_BOUND('',#811,.T.);
#536=FACE_OUTER_BOUND('',#812,.T.);
#537=FACE_OUTER_BOUND('',#813,.T.);
#538=FACE_OUTER_BOUND('',#814,.T.);
#539=FACE_OUTER_BOUND('',#815,.T.);
#540=FACE_OUTER_BOUND('',#818,.T.);
#541=FACE_OUTER_BOUND('',#819,.T.);
#542=FACE_OUTER_BOUND('',#820,.T.);
#543=FACE_OUTER_BOUND('',#821,.T.);
#544=FACE_OUTER_BOUND('',#822,.T.);
#545=FACE_OUTER_BOUND('',#823,.T.);
#546=FACE_OUTER_BOUND('',#824,.T.);
#547=FACE_OUTER_BOUND('',#825,.T.);
#548=FACE_OUTER_BOUND('',#826,.T.);
#549=FACE_OUTER_BOUND('',#827,.T.);
#550=FACE_OUTER_BOUND('',#828,.T.);
#551=FACE_OUTER_BOUND('',#829,.T.);
#552=FACE_OUTER_BOUND('',#830,.T.);
#553=FACE_OUTER_BOUND('',#831,.T.);
#554=FACE_OUTER_BOUND('',#832,.T.);
#555=FACE_OUTER_BOUND('',#833,.T.);
#556=FACE_OUTER_BOUND('',#834,.T.);
#557=FACE_OUTER_BOUND('',#835,.T.);
#558=FACE_OUTER_BOUND('',#837,.T.);
#559=FACE_OUTER_BOUND('',#838,.T.);
#560=FACE_OUTER_BOUND('',#840,.T.);
#561=FACE_OUTER_BOUND('',#841,.T.);
#562=FACE_OUTER_BOUND('',#843,.T.);
#563=FACE_OUTER_BOUND('',#844,.T.);
#564=FACE_OUTER_BOUND('',#845,.T.);
#565=FACE_OUTER_BOUND('',#846,.T.);
#566=FACE_OUTER_BOUND('',#850,.T.);
#567=FACE_OUTER_BOUND('',#851,.T.);
#568=FACE_OUTER_BOUND('',#852,.T.);
#569=FACE_OUTER_BOUND('',#853,.T.);
#570=FACE_OUTER_BOUND('',#854,.T.);
#571=FACE_OUTER_BOUND('',#855,.T.);
#572=FACE_OUTER_BOUND('',#856,.T.);
#573=FACE_OUTER_BOUND('',#857,.T.);
#574=FACE_OUTER_BOUND('',#858,.T.);
#575=FACE_OUTER_BOUND('',#859,.T.);
#576=FACE_OUTER_BOUND('',#860,.T.);
#577=FACE_OUTER_BOUND('',#861,.T.);
#578=FACE_OUTER_BOUND('',#862,.T.);
#579=FACE_OUTER_BOUND('',#863,.T.);
#580=FACE_OUTER_BOUND('',#864,.T.);
#581=FACE_OUTER_BOUND('',#865,.T.);
#582=FACE_OUTER_BOUND('',#866,.T.);
#583=FACE_OUTER_BOUND('',#867,.T.);
#584=FACE_OUTER_BOUND('',#868,.T.);
#585=FACE_OUTER_BOUND('',#869,.T.);
#586=FACE_OUTER_BOUND('',#870,.T.);
#587=FACE_OUTER_BOUND('',#871,.T.);
#588=FACE_OUTER_BOUND('',#872,.T.);
#589=FACE_OUTER_BOUND('',#873,.T.);
#590=FACE_OUTER_BOUND('',#874,.T.);
#591=FACE_OUTER_BOUND('',#876,.T.);
#592=FACE_OUTER_BOUND('',#877,.T.);
#593=FACE_OUTER_BOUND('',#878,.T.);
#594=FACE_OUTER_BOUND('',#879,.T.);
#595=FACE_OUTER_BOUND('',#880,.T.);
#596=FACE_OUTER_BOUND('',#881,.T.);
#597=FACE_OUTER_BOUND('',#882,.T.);
#598=FACE_OUTER_BOUND('',#883,.T.);
#599=FACE_OUTER_BOUND('',#884,.T.);
#600=FACE_OUTER_BOUND('',#885,.T.);
#601=FACE_OUTER_BOUND('',#886,.T.);
#602=FACE_OUTER_BOUND('',#887,.T.);
#603=FACE_OUTER_BOUND('',#888,.T.);
#604=FACE_OUTER_BOUND('',#889,.T.);
#605=FACE_OUTER_BOUND('',#890,.T.);
#606=FACE_OUTER_BOUND('',#891,.T.);
#607=FACE_OUTER_BOUND('',#892,.T.);
#608=FACE_OUTER_BOUND('',#893,.T.);
#609=FACE_OUTER_BOUND('',#894,.T.);
#610=FACE_OUTER_BOUND('',#895,.T.);
#611=FACE_OUTER_BOUND('',#896,.T.);
#612=FACE_OUTER_BOUND('',#897,.T.);
#613=FACE_OUTER_BOUND('',#898,.T.);
#614=FACE_OUTER_BOUND('',#899,.T.);
#615=FACE_OUTER_BOUND('',#900,.T.);
#616=FACE_OUTER_BOUND('',#901,.T.);
#617=FACE_OUTER_BOUND('',#902,.T.);
#618=FACE_OUTER_BOUND('',#903,.T.);
#619=FACE_OUTER_BOUND('',#904,.T.);
#620=FACE_OUTER_BOUND('',#905,.T.);
#621=FACE_OUTER_BOUND('',#906,.T.);
#622=FACE_OUTER_BOUND('',#907,.T.);
#623=FACE_OUTER_BOUND('',#908,.T.);
#624=FACE_OUTER_BOUND('',#909,.T.);
#625=FACE_OUTER_BOUND('',#910,.T.);
#626=FACE_OUTER_BOUND('',#911,.T.);
#627=FACE_OUTER_BOUND('',#912,.T.);
#628=FACE_OUTER_BOUND('',#913,.T.);
#629=FACE_OUTER_BOUND('',#914,.T.);
#630=FACE_OUTER_BOUND('',#915,.T.);
#631=FACE_OUTER_BOUND('',#916,.T.);
#632=FACE_OUTER_BOUND('',#917,.T.);
#633=FACE_OUTER_BOUND('',#918,.T.);
#634=FACE_OUTER_BOUND('',#919,.T.);
#635=FACE_OUTER_BOUND('',#920,.T.);
#636=FACE_OUTER_BOUND('',#921,.T.);
#637=FACE_OUTER_BOUND('',#922,.T.);
#638=FACE_OUTER_BOUND('',#923,.T.);
#639=FACE_OUTER_BOUND('',#924,.T.);
#640=FACE_OUTER_BOUND('',#925,.T.);
#641=FACE_OUTER_BOUND('',#926,.T.);
#642=FACE_OUTER_BOUND('',#927,.T.);
#643=FACE_OUTER_BOUND('',#928,.T.);
#644=FACE_OUTER_BOUND('',#929,.T.);
#645=FACE_OUTER_BOUND('',#930,.T.);
#646=FACE_OUTER_BOUND('',#931,.T.);
#647=FACE_OUTER_BOUND('',#932,.T.);
#648=FACE_OUTER_BOUND('',#933,.T.);
#649=FACE_OUTER_BOUND('',#934,.T.);
#650=FACE_OUTER_BOUND('',#935,.T.);
#651=FACE_OUTER_BOUND('',#936,.T.);
#652=FACE_OUTER_BOUND('',#937,.T.);
#653=FACE_OUTER_BOUND('',#943,.T.);
#654=FACE_OUTER_BOUND('',#944,.T.);
#655=FACE_OUTER_BOUND('',#945,.T.);
#656=FACE_OUTER_BOUND('',#946,.T.);
#657=FACE_OUTER_BOUND('',#947,.T.);
#658=FACE_OUTER_BOUND('',#948,.T.);
#659=FACE_OUTER_BOUND('',#949,.T.);
#660=FACE_OUTER_BOUND('',#950,.T.);
#661=FACE_OUTER_BOUND('',#951,.T.);
#662=FACE_OUTER_BOUND('',#954,.T.);
#663=FACE_OUTER_BOUND('',#955,.T.);
#664=FACE_OUTER_BOUND('',#956,.T.);
#665=FACE_OUTER_BOUND('',#957,.T.);
#666=FACE_OUTER_BOUND('',#958,.T.);
#667=FACE_OUTER_BOUND('',#959,.T.);
#668=FACE_OUTER_BOUND('',#960,.T.);
#669=FACE_OUTER_BOUND('',#961,.T.);
#670=FACE_OUTER_BOUND('',#962,.T.);
#671=FACE_OUTER_BOUND('',#964,.T.);
#672=FACE_OUTER_BOUND('',#965,.T.);
#673=FACE_OUTER_BOUND('',#966,.T.);
#674=FACE_OUTER_BOUND('',#967,.T.);
#675=FACE_OUTER_BOUND('',#968,.T.);
#676=FACE_OUTER_BOUND('',#969,.T.);
#677=FACE_OUTER_BOUND('',#970,.T.);
#678=FACE_OUTER_BOUND('',#971,.T.);
#679=FACE_OUTER_BOUND('',#972,.T.);
#680=FACE_OUTER_BOUND('',#973,.T.);
#681=FACE_OUTER_BOUND('',#974,.T.);
#682=FACE_OUTER_BOUND('',#975,.T.);
#683=FACE_OUTER_BOUND('',#976,.T.);
#684=FACE_OUTER_BOUND('',#977,.T.);
#685=FACE_OUTER_BOUND('',#978,.T.);
#686=FACE_OUTER_BOUND('',#979,.T.);
#687=FACE_OUTER_BOUND('',#980,.T.);
#688=FACE_OUTER_BOUND('',#981,.T.);
#689=FACE_OUTER_BOUND('',#982,.T.);
#690=FACE_OUTER_BOUND('',#983,.T.);
#691=FACE_OUTER_BOUND('',#984,.T.);
#692=FACE_OUTER_BOUND('',#985,.T.);
#693=FACE_OUTER_BOUND('',#986,.T.);
#694=FACE_OUTER_BOUND('',#987,.T.);
#695=FACE_OUTER_BOUND('',#988,.T.);
#696=FACE_OUTER_BOUND('',#989,.T.);
#697=FACE_OUTER_BOUND('',#990,.T.);
#698=FACE_OUTER_BOUND('',#991,.T.);
#699=FACE_OUTER_BOUND('',#992,.T.);
#700=FACE_OUTER_BOUND('',#993,.T.);
#701=FACE_OUTER_BOUND('',#994,.T.);
#702=FACE_OUTER_BOUND('',#995,.T.);
#703=FACE_OUTER_BOUND('',#996,.T.);
#704=FACE_OUTER_BOUND('',#997,.T.);
#705=FACE_OUTER_BOUND('',#998,.T.);
#706=FACE_OUTER_BOUND('',#999,.T.);
#707=FACE_OUTER_BOUND('',#1000,.T.);
#708=FACE_OUTER_BOUND('',#1001,.T.);
#709=FACE_OUTER_BOUND('',#1002,.T.);
#710=FACE_OUTER_BOUND('',#1003,.T.);
#711=FACE_OUTER_BOUND('',#1004,.T.);
#712=FACE_OUTER_BOUND('',#1006,.T.);
#713=FACE_OUTER_BOUND('',#1007,.T.);
#714=FACE_OUTER_BOUND('',#1008,.T.);
#715=FACE_OUTER_BOUND('',#1009,.T.);
#716=FACE_OUTER_BOUND('',#1010,.T.);
#717=FACE_OUTER_BOUND('',#1011,.T.);
#718=FACE_OUTER_BOUND('',#1012,.T.);
#719=FACE_OUTER_BOUND('',#1013,.T.);
#720=FACE_OUTER_BOUND('',#1014,.T.);
#721=FACE_OUTER_BOUND('',#1015,.T.);
#722=FACE_OUTER_BOUND('',#1016,.T.);
#723=FACE_OUTER_BOUND('',#1017,.T.);
#724=FACE_OUTER_BOUND('',#1018,.T.);
#725=FACE_OUTER_BOUND('',#1019,.T.);
#726=FACE_OUTER_BOUND('',#1020,.T.);
#727=FACE_OUTER_BOUND('',#1021,.T.);
#728=FACE_OUTER_BOUND('',#1022,.T.);
#729=FACE_OUTER_BOUND('',#1023,.T.);
#730=FACE_OUTER_BOUND('',#1024,.T.);
#731=FACE_OUTER_BOUND('',#1025,.T.);
#732=FACE_OUTER_BOUND('',#1026,.T.);
#733=FACE_OUTER_BOUND('',#1027,.T.);
#734=FACE_OUTER_BOUND('',#1028,.T.);
#735=FACE_OUTER_BOUND('',#1029,.T.);
#736=FACE_OUTER_BOUND('',#1030,.T.);
#737=FACE_OUTER_BOUND('',#1031,.T.);
#738=FACE_OUTER_BOUND('',#1032,.T.);
#739=FACE_OUTER_BOUND('',#1033,.T.);
#740=FACE_OUTER_BOUND('',#1034,.T.);
#741=FACE_OUTER_BOUND('',#1035,.T.);
#742=FACE_OUTER_BOUND('',#1036,.T.);
#743=FACE_OUTER_BOUND('',#1037,.T.);
#744=FACE_OUTER_BOUND('',#1038,.T.);
#745=FACE_OUTER_BOUND('',#1039,.T.);
#746=FACE_OUTER_BOUND('',#1040,.T.);
#747=FACE_OUTER_BOUND('',#1041,.T.);
#748=FACE_OUTER_BOUND('',#1042,.T.);
#749=FACE_OUTER_BOUND('',#1043,.T.);
#750=FACE_OUTER_BOUND('',#1044,.T.);
#751=FACE_OUTER_BOUND('',#1045,.T.);
#752=FACE_OUTER_BOUND('',#1046,.T.);
#753=FACE_OUTER_BOUND('',#1047,.T.);
#754=FACE_OUTER_BOUND('',#1048,.T.);
#755=FACE_OUTER_BOUND('',#1049,.T.);
#756=FACE_OUTER_BOUND('',#1050,.T.);
#757=FACE_OUTER_BOUND('',#1051,.T.);
#758=FACE_OUTER_BOUND('',#1052,.T.);
#759=FACE_OUTER_BOUND('',#1053,.T.);
#760=FACE_OUTER_BOUND('',#1054,.T.);
#761=FACE_OUTER_BOUND('',#1055,.T.);
#762=FACE_OUTER_BOUND('',#1056,.T.);
#763=FACE_OUTER_BOUND('',#1057,.T.);
#764=FACE_OUTER_BOUND('',#1058,.T.);
#765=FACE_OUTER_BOUND('',#1059,.T.);
#766=FACE_OUTER_BOUND('',#1060,.T.);
#767=FACE_OUTER_BOUND('',#1061,.T.);
#768=FACE_OUTER_BOUND('',#1062,.T.);
#769=FACE_OUTER_BOUND('',#1063,.T.);
#770=FACE_OUTER_BOUND('',#1064,.T.);
#771=FACE_OUTER_BOUND('',#1065,.T.);
#772=FACE_OUTER_BOUND('',#1066,.T.);
#773=FACE_OUTER_BOUND('',#1067,.T.);
#774=FACE_OUTER_BOUND('',#1068,.T.);
#775=FACE_OUTER_BOUND('',#1069,.T.);
#776=FACE_OUTER_BOUND('',#1070,.T.);
#777=FACE_OUTER_BOUND('',#1071,.T.);
#778=FACE_OUTER_BOUND('',#1072,.T.);
#779=FACE_OUTER_BOUND('',#1073,.T.);
#780=FACE_OUTER_BOUND('',#1074,.T.);
#781=FACE_OUTER_BOUND('',#1075,.T.);
#782=FACE_OUTER_BOUND('',#1076,.T.);
#783=FACE_OUTER_BOUND('',#1077,.T.);
#784=FACE_OUTER_BOUND('',#1078,.T.);
#785=FACE_OUTER_BOUND('',#1079,.T.);
#786=FACE_OUTER_BOUND('',#1080,.T.);
#787=FACE_OUTER_BOUND('',#1081,.T.);
#788=FACE_OUTER_BOUND('',#1082,.T.);
#789=FACE_OUTER_BOUND('',#1083,.T.);
#790=FACE_OUTER_BOUND('',#1084,.T.);
#791=FACE_OUTER_BOUND('',#1085,.T.);
#792=FACE_OUTER_BOUND('',#1086,.T.);
#793=FACE_OUTER_BOUND('',#1087,.T.);
#794=EDGE_LOOP('',(#3130,#3131,#3132,#3133,#3134));
#795=EDGE_LOOP('',(#3135,#3136,#3137,#3138));
#796=EDGE_LOOP('',(#3139,#3140,#3141,#3142,#3143,#3144));
#797=EDGE_LOOP('',(#3145,#3146,#3147));
#798=EDGE_LOOP('',(#3148,#3149,#3150));
#799=EDGE_LOOP('',(#3151,#3152,#3153,#3154,#3155));
#800=EDGE_LOOP('',(#3156,#3157,#3158));
#801=EDGE_LOOP('',(#3159,#3160,#3161));
#802=EDGE_LOOP('',(#3162,#3163,#3164,#3165,#3166));
#803=EDGE_LOOP('',(#3167,#3168,#3169,#3170,#3171));
#804=EDGE_LOOP('',(#3172,#3173,#3174,#3175,#3176,#3177,#3178,#3179,#3180));
#805=EDGE_LOOP('',(#3181,#3182,#3183,#3184,#3185,#3186,#3187,#3188));
#806=EDGE_LOOP('',(#3189,#3190,#3191,#3192,#3193,#3194,#3195,#3196,#3197));
#807=EDGE_LOOP('',(#3198,#3199,#3200,#3201,#3202,#3203,#3204));
#808=EDGE_LOOP('',(#3205,#3206,#3207,#3208,#3209,#3210,#3211,#3212,#3213));
#809=EDGE_LOOP('',(#3214,#3215,#3216,#3217,#3218));
#810=EDGE_LOOP('',(#3219,#3220,#3221,#3222));
#811=EDGE_LOOP('',(#3223,#3224,#3225,#3226,#3227,#3228,#3229,#3230,#3231,
#3232));
#812=EDGE_LOOP('',(#3233,#3234,#3235,#3236,#3237,#3238));
#813=EDGE_LOOP('',(#3239,#3240,#3241,#3242,#3243,#3244));
#814=EDGE_LOOP('',(#3245,#3246,#3247,#3248,#3249,#3250,#3251));
#815=EDGE_LOOP('',(#3252,#3253,#3254,#3255,#3256,#3257,#3258,#3259,#3260,
#3261,#3262,#3263,#3264,#3265,#3266,#3267,#3268,#3269,#3270,#3271,#3272,
#3273,#3274,#3275,#3276,#3277,#3278,#3279,#3280,#3281,#3282,#3283,#3284,
#3285,#3286,#3287,#3288,#3289,#3290,#3291));
#816=EDGE_LOOP('',(#3292,#3293,#3294,#3295,#3296,#3297,#3298,#3299,#3300,
#3301,#3302));
#817=EDGE_LOOP('',(#3303));
#818=EDGE_LOOP('',(#3304,#3305,#3306,#3307,#3308,#3309));
#819=EDGE_LOOP('',(#3310,#3311,#3312,#3313));
#820=EDGE_LOOP('',(#3314));
#821=EDGE_LOOP('',(#3315,#3316,#3317,#3318));
#822=EDGE_LOOP('',(#3319,#3320,#3321,#3322));
#823=EDGE_LOOP('',(#3323,#3324,#3325,#3326));
#824=EDGE_LOOP('',(#3327,#3328,#3329,#3330));
#825=EDGE_LOOP('',(#3331,#3332,#3333,#3334));
#826=EDGE_LOOP('',(#3335,#3336,#3337,#3338));
#827=EDGE_LOOP('',(#3339,#3340,#3341,#3342));
#828=EDGE_LOOP('',(#3343,#3344,#3345,#3346));
#829=EDGE_LOOP('',(#3347,#3348,#3349,#3350));
#830=EDGE_LOOP('',(#3351,#3352,#3353,#3354));
#831=EDGE_LOOP('',(#3355,#3356,#3357,#3358));
#832=EDGE_LOOP('',(#3359,#3360,#3361,#3362));
#833=EDGE_LOOP('',(#3363,#3364,#3365,#3366));
#834=EDGE_LOOP('',(#3367,#3368,#3369,#3370));
#835=EDGE_LOOP('',(#3371));
#836=EDGE_LOOP('',(#3372,#3373,#3374,#3375,#3376,#3377));
#837=EDGE_LOOP('',(#3378,#3379,#3380,#3381));
#838=EDGE_LOOP('',(#3382));
#839=EDGE_LOOP('',(#3383));
#840=EDGE_LOOP('',(#3384,#3385,#3386,#3387));
#841=EDGE_LOOP('',(#3388));
#842=EDGE_LOOP('',(#3389));
#843=EDGE_LOOP('',(#3390,#3391,#3392,#3393));
#844=EDGE_LOOP('',(#3394,#3395,#3396,#3397));
#845=EDGE_LOOP('',(#3398,#3399,#3400,#3401));
#846=EDGE_LOOP('',(#3402,#3403,#3404,#3405));
#847=EDGE_LOOP('',(#3406,#3407,#3408,#3409));
#848=EDGE_LOOP('',(#3410));
#849=EDGE_LOOP('',(#3411));
#850=EDGE_LOOP('',(#3412,#3413,#3414,#3415));
#851=EDGE_LOOP('',(#3416,#3417,#3418,#3419));
#852=EDGE_LOOP('',(#3420,#3421,#3422,#3423));
#853=EDGE_LOOP('',(#3424,#3425,#3426,#3427));
#854=EDGE_LOOP('',(#3428,#3429,#3430,#3431));
#855=EDGE_LOOP('',(#3432,#3433,#3434,#3435));
#856=EDGE_LOOP('',(#3436,#3437,#3438,#3439));
#857=EDGE_LOOP('',(#3440,#3441,#3442,#3443));
#858=EDGE_LOOP('',(#3444,#3445,#3446,#3447));
#859=EDGE_LOOP('',(#3448,#3449,#3450,#3451));
#860=EDGE_LOOP('',(#3452,#3453,#3454,#3455));
#861=EDGE_LOOP('',(#3456,#3457,#3458,#3459));
#862=EDGE_LOOP('',(#3460,#3461,#3462,#3463));
#863=EDGE_LOOP('',(#3464,#3465,#3466,#3467));
#864=EDGE_LOOP('',(#3468,#3469,#3470,#3471,#3472));
#865=EDGE_LOOP('',(#3473,#3474,#3475,#3476));
#866=EDGE_LOOP('',(#3477,#3478,#3479,#3480));
#867=EDGE_LOOP('',(#3481,#3482,#3483,#3484));
#868=EDGE_LOOP('',(#3485,#3486,#3487,#3488));
#869=EDGE_LOOP('',(#3489,#3490,#3491,#3492));
#870=EDGE_LOOP('',(#3493,#3494,#3495,#3496));
#871=EDGE_LOOP('',(#3497,#3498,#3499,#3500));
#872=EDGE_LOOP('',(#3501,#3502,#3503,#3504));
#873=EDGE_LOOP('',(#3505,#3506,#3507,#3508));
#874=EDGE_LOOP('',(#3509,#3510,#3511,#3512));
#875=EDGE_LOOP('',(#3513));
#876=EDGE_LOOP('',(#3514,#3515,#3516,#3517));
#877=EDGE_LOOP('',(#3518,#3519,#3520,#3521));
#878=EDGE_LOOP('',(#3522,#3523,#3524,#3525));
#879=EDGE_LOOP('',(#3526,#3527,#3528,#3529));
#880=EDGE_LOOP('',(#3530,#3531,#3532,#3533));
#881=EDGE_LOOP('',(#3534,#3535,#3536,#3537));
#882=EDGE_LOOP('',(#3538,#3539,#3540,#3541));
#883=EDGE_LOOP('',(#3542,#3543,#3544,#3545));
#884=EDGE_LOOP('',(#3546,#3547,#3548,#3549));
#885=EDGE_LOOP('',(#3550,#3551,#3552,#3553,#3554));
#886=EDGE_LOOP('',(#3555,#3556,#3557,#3558));
#887=EDGE_LOOP('',(#3559,#3560,#3561,#3562));
#888=EDGE_LOOP('',(#3563,#3564,#3565,#3566));
#889=EDGE_LOOP('',(#3567,#3568,#3569,#3570));
#890=EDGE_LOOP('',(#3571,#3572,#3573,#3574));
#891=EDGE_LOOP('',(#3575,#3576,#3577,#3578));
#892=EDGE_LOOP('',(#3579,#3580,#3581,#3582,#3583,#3584,#3585,#3586));
#893=EDGE_LOOP('',(#3587,#3588,#3589,#3590));
#894=EDGE_LOOP('',(#3591,#3592,#3593,#3594));
#895=EDGE_LOOP('',(#3595,#3596,#3597,#3598));
#896=EDGE_LOOP('',(#3599,#3600,#3601,#3602,#3603,#3604,#3605,#3606));
#897=EDGE_LOOP('',(#3607,#3608,#3609,#3610));
#898=EDGE_LOOP('',(#3611,#3612,#3613,#3614));
#899=EDGE_LOOP('',(#3615,#3616,#3617,#3618));
#900=EDGE_LOOP('',(#3619,#3620,#3621,#3622,#3623,#3624));
#901=EDGE_LOOP('',(#3625,#3626,#3627));
#902=EDGE_LOOP('',(#3628,#3629,#3630,#3631));
#903=EDGE_LOOP('',(#3632,#3633,#3634,#3635));
#904=EDGE_LOOP('',(#3636,#3637,#3638,#3639));
#905=EDGE_LOOP('',(#3640,#3641,#3642,#3643,#3644,#3645));
#906=EDGE_LOOP('',(#3646,#3647,#3648,#3649));
#907=EDGE_LOOP('',(#3650,#3651,#3652,#3653));
#908=EDGE_LOOP('',(#3654,#3655,#3656,#3657));
#909=EDGE_LOOP('',(#3658,#3659,#3660,#3661));
#910=EDGE_LOOP('',(#3662,#3663,#3664,#3665));
#911=EDGE_LOOP('',(#3666,#3667,#3668,#3669));
#912=EDGE_LOOP('',(#3670,#3671,#3672,#3673));
#913=EDGE_LOOP('',(#3674,#3675,#3676,#3677));
#914=EDGE_LOOP('',(#3678,#3679,#3680,#3681));
#915=EDGE_LOOP('',(#3682,#3683,#3684,#3685));
#916=EDGE_LOOP('',(#3686,#3687,#3688,#3689));
#917=EDGE_LOOP('',(#3690,#3691,#3692,#3693));
#918=EDGE_LOOP('',(#3694,#3695,#3696,#3697));
#919=EDGE_LOOP('',(#3698,#3699,#3700,#3701));
#920=EDGE_LOOP('',(#3702,#3703,#3704,#3705));
#921=EDGE_LOOP('',(#3706,#3707,#3708,#3709,#3710));
#922=EDGE_LOOP('',(#3711,#3712,#3713,#3714));
#923=EDGE_LOOP('',(#3715,#3716,#3717,#3718));
#924=EDGE_LOOP('',(#3719,#3720,#3721,#3722,#3723,#3724,#3725,#3726,#3727,
#3728,#3729,#3730,#3731,#3732));
#925=EDGE_LOOP('',(#3733,#3734,#3735,#3736));
#926=EDGE_LOOP('',(#3737,#3738,#3739,#3740));
#927=EDGE_LOOP('',(#3741,#3742,#3743,#3744));
#928=EDGE_LOOP('',(#3745,#3746,#3747,#3748));
#929=EDGE_LOOP('',(#3749,#3750,#3751));
#930=EDGE_LOOP('',(#3752,#3753,#3754,#3755,#3756,#3757));
#931=EDGE_LOOP('',(#3758,#3759,#3760,#3761,#3762));
#932=EDGE_LOOP('',(#3763,#3764,#3765,#3766));
#933=EDGE_LOOP('',(#3767,#3768,#3769,#3770));
#934=EDGE_LOOP('',(#3771,#3772,#3773,#3774));
#935=EDGE_LOOP('',(#3775,#3776,#3777,#3778,#3779,#3780,#3781,#3782));
#936=EDGE_LOOP('',(#3783,#3784,#3785,#3786,#3787));
#937=EDGE_LOOP('',(#3788,#3789,#3790,#3791,#3792,#3793,#3794,#3795,#3796,
#3797,#3798,#3799,#3800,#3801,#3802));
#938=EDGE_LOOP('',(#3803,#3804,#3805,#3806,#3807,#3808,#3809,#3810));
#939=EDGE_LOOP('',(#3811,#3812,#3813,#3814,#3815,#3816,#3817,#3818,#3819,
#3820));
#940=EDGE_LOOP('',(#3821));
#941=EDGE_LOOP('',(#3822));
#942=EDGE_LOOP('',(#3823,#3824,#3825,#3826,#3827,#3828,#3829,#3830,#3831,
#3832));
#943=EDGE_LOOP('',(#3833,#3834,#3835,#3836,#3837));
#944=EDGE_LOOP('',(#3838,#3839,#3840,#3841,#3842,#3843,#3844,#3845));
#945=EDGE_LOOP('',(#3846,#3847,#3848,#3849,#3850,#3851,#3852,#3853));
#946=EDGE_LOOP('',(#3854,#3855,#3856,#3857,#3858,#3859));
#947=EDGE_LOOP('',(#3860,#3861,#3862,#3863,#3864,#3865));
#948=EDGE_LOOP('',(#3866,#3867,#3868,#3869,#3870,#3871,#3872,#3873));
#949=EDGE_LOOP('',(#3874,#3875,#3876,#3877,#3878,#3879,#3880,#3881,#3882,
#3883));
#950=EDGE_LOOP('',(#3884,#3885,#3886,#3887));
#951=EDGE_LOOP('',(#3888,#3889,#3890,#3891,#3892,#3893,#3894,#3895,#3896,
#3897));
#952=EDGE_LOOP('',(#3898));
#953=EDGE_LOOP('',(#3899));
#954=EDGE_LOOP('',(#3900,#3901,#3902,#3903));
#955=EDGE_LOOP('',(#3904,#3905,#3906));
#956=EDGE_LOOP('',(#3907,#3908,#3909,#3910,#3911));
#957=EDGE_LOOP('',(#3912,#3913,#3914,#3915));
#958=EDGE_LOOP('',(#3916,#3917,#3918,#3919));
#959=EDGE_LOOP('',(#3920,#3921,#3922,#3923,#3924));
#960=EDGE_LOOP('',(#3925,#3926,#3927,#3928));
#961=EDGE_LOOP('',(#3929,#3930,#3931,#3932));
#962=EDGE_LOOP('',(#3933));
#963=EDGE_LOOP('',(#3934));
#964=EDGE_LOOP('',(#3935,#3936,#3937,#3938,#3939,#3940));
#965=EDGE_LOOP('',(#3941,#3942,#3943,#3944,#3945,#3946,#3947,#3948,#3949,
#3950,#3951));
#966=EDGE_LOOP('',(#3952,#3953,#3954,#3955,#3956,#3957,#3958,#3959,#3960,
#3961,#3962));
#967=EDGE_LOOP('',(#3963,#3964,#3965,#3966,#3967,#3968));
#968=EDGE_LOOP('',(#3969,#3970,#3971,#3972));
#969=EDGE_LOOP('',(#3973,#3974,#3975,#3976));
#970=EDGE_LOOP('',(#3977,#3978,#3979,#3980,#3981));
#971=EDGE_LOOP('',(#3982,#3983,#3984,#3985));
#972=EDGE_LOOP('',(#3986,#3987,#3988,#3989,#3990));
#973=EDGE_LOOP('',(#3991,#3992,#3993,#3994));
#974=EDGE_LOOP('',(#3995,#3996,#3997,#3998));
#975=EDGE_LOOP('',(#3999,#4000,#4001,#4002));
#976=EDGE_LOOP('',(#4003,#4004,#4005,#4006));
#977=EDGE_LOOP('',(#4007,#4008,#4009,#4010));
#978=EDGE_LOOP('',(#4011,#4012,#4013,#4014));
#979=EDGE_LOOP('',(#4015,#4016,#4017,#4018));
#980=EDGE_LOOP('',(#4019,#4020,#4021,#4022));
#981=EDGE_LOOP('',(#4023,#4024,#4025,#4026));
#982=EDGE_LOOP('',(#4027,#4028,#4029,#4030));
#983=EDGE_LOOP('',(#4031,#4032,#4033,#4034));
#984=EDGE_LOOP('',(#4035,#4036,#4037,#4038));
#985=EDGE_LOOP('',(#4039,#4040,#4041,#4042));
#986=EDGE_LOOP('',(#4043,#4044,#4045,#4046));
#987=EDGE_LOOP('',(#4047,#4048,#4049,#4050));
#988=EDGE_LOOP('',(#4051,#4052,#4053,#4054));
#989=EDGE_LOOP('',(#4055,#4056,#4057,#4058,#4059));
#990=EDGE_LOOP('',(#4060,#4061,#4062,#4063,#4064,#4065));
#991=EDGE_LOOP('',(#4066,#4067,#4068,#4069));
#992=EDGE_LOOP('',(#4070,#4071,#4072,#4073,#4074,#4075));
#993=EDGE_LOOP('',(#4076,#4077,#4078,#4079));
#994=EDGE_LOOP('',(#4080,#4081,#4082,#4083));
#995=EDGE_LOOP('',(#4084,#4085,#4086,#4087));
#996=EDGE_LOOP('',(#4088,#4089,#4090,#4091,#4092));
#997=EDGE_LOOP('',(#4093,#4094,#4095,#4096));
#998=EDGE_LOOP('',(#4097,#4098,#4099,#4100,#4101));
#999=EDGE_LOOP('',(#4102,#4103,#4104,#4105,#4106,#4107,#4108,#4109,#4110,
#4111,#4112,#4113));
#1000=EDGE_LOOP('',(#4114,#4115,#4116,#4117,#4118));
#1001=EDGE_LOOP('',(#4119,#4120,#4121,#4122,#4123));
#1002=EDGE_LOOP('',(#4124,#4125,#4126,#4127,#4128));
#1003=EDGE_LOOP('',(#4129,#4130,#4131));
#1004=EDGE_LOOP('',(#4132,#4133,#4134,#4135,#4136,#4137,#4138,#4139,#4140,
#4141,#4142,#4143,#4144,#4145));
#1005=EDGE_LOOP('',(#4146));
#1006=EDGE_LOOP('',(#4147,#4148,#4149,#4150,#4151));
#1007=EDGE_LOOP('',(#4152,#4153,#4154,#4155,#4156,#4157,#4158,#4159,#4160,
#4161,#4162,#4163));
#1008=EDGE_LOOP('',(#4164,#4165,#4166,#4167,#4168,#4169));
#1009=EDGE_LOOP('',(#4170,#4171,#4172,#4173,#4174,#4175));
#1010=EDGE_LOOP('',(#4176,#4177,#4178,#4179,#4180,#4181));
#1011=EDGE_LOOP('',(#4182,#4183,#4184,#4185));
#1012=EDGE_LOOP('',(#4186,#4187,#4188,#4189));
#1013=EDGE_LOOP('',(#4190,#4191,#4192,#4193));
#1014=EDGE_LOOP('',(#4194,#4195,#4196,#4197));
#1015=EDGE_LOOP('',(#4198,#4199,#4200,#4201));
#1016=EDGE_LOOP('',(#4202,#4203,#4204,#4205));
#1017=EDGE_LOOP('',(#4206,#4207,#4208,#4209));
#1018=EDGE_LOOP('',(#4210,#4211,#4212,#4213));
#1019=EDGE_LOOP('',(#4214,#4215,#4216,#4217));
#1020=EDGE_LOOP('',(#4218,#4219,#4220,#4221));
#1021=EDGE_LOOP('',(#4222,#4223,#4224,#4225));
#1022=EDGE_LOOP('',(#4226,#4227,#4228,#4229));
#1023=EDGE_LOOP('',(#4230,#4231,#4232,#4233));
#1024=EDGE_LOOP('',(#4234,#4235,#4236,#4237));
#1025=EDGE_LOOP('',(#4238,#4239,#4240,#4241));
#1026=EDGE_LOOP('',(#4242,#4243,#4244,#4245));
#1027=EDGE_LOOP('',(#4246,#4247,#4248,#4249));
#1028=EDGE_LOOP('',(#4250,#4251,#4252,#4253,#4254,#4255,#4256,#4257,#4258,
#4259,#4260,#4261,#4262,#4263,#4264,#4265));
#1029=EDGE_LOOP('',(#4266,#4267,#4268,#4269));
#1030=EDGE_LOOP('',(#4270,#4271,#4272,#4273));
#1031=EDGE_LOOP('',(#4274,#4275,#4276));
#1032=EDGE_LOOP('',(#4277,#4278,#4279,#4280,#4281,#4282));
#1033=EDGE_LOOP('',(#4283,#4284,#4285,#4286,#4287));
#1034=EDGE_LOOP('',(#4288,#4289,#4290,#4291));
#1035=EDGE_LOOP('',(#4292,#4293,#4294,#4295));
#1036=EDGE_LOOP('',(#4296,#4297,#4298,#4299));
#1037=EDGE_LOOP('',(#4300,#4301,#4302,#4303));
#1038=EDGE_LOOP('',(#4304,#4305,#4306,#4307));
#1039=EDGE_LOOP('',(#4308,#4309,#4310,#4311));
#1040=EDGE_LOOP('',(#4312,#4313,#4314,#4315));
#1041=EDGE_LOOP('',(#4316,#4317,#4318,#4319));
#1042=EDGE_LOOP('',(#4320,#4321,#4322,#4323));
#1043=EDGE_LOOP('',(#4324,#4325,#4326,#4327));
#1044=EDGE_LOOP('',(#4328,#4329,#4330,#4331));
#1045=EDGE_LOOP('',(#4332,#4333,#4334,#4335));
#1046=EDGE_LOOP('',(#4336,#4337,#4338,#4339,#4340,#4341,#4342,#4343,#4344,
#4345,#4346,#4347,#4348));
#1047=EDGE_LOOP('',(#4349,#4350,#4351,#4352));
#1048=EDGE_LOOP('',(#4353,#4354,#4355,#4356,#4357,#4358));
#1049=EDGE_LOOP('',(#4359,#4360,#4361,#4362,#4363));
#1050=EDGE_LOOP('',(#4364,#4365,#4366,#4367));
#1051=EDGE_LOOP('',(#4368,#4369,#4370,#4371,#4372,#4373));
#1052=EDGE_LOOP('',(#4374,#4375,#4376,#4377));
#1053=EDGE_LOOP('',(#4378,#4379,#4380,#4381,#4382));
#1054=EDGE_LOOP('',(#4383,#4384,#4385,#4386));
#1055=EDGE_LOOP('',(#4387,#4388,#4389,#4390,#4391));
#1056=EDGE_LOOP('',(#4392,#4393,#4394,#4395));
#1057=EDGE_LOOP('',(#4396,#4397,#4398,#4399));
#1058=EDGE_LOOP('',(#4400,#4401,#4402,#4403));
#1059=EDGE_LOOP('',(#4404,#4405,#4406,#4407));
#1060=EDGE_LOOP('',(#4408,#4409,#4410,#4411,#4412,#4413));
#1061=EDGE_LOOP('',(#4414,#4415,#4416,#4417));
#1062=EDGE_LOOP('',(#4418,#4419,#4420,#4421,#4422,#4423));
#1063=EDGE_LOOP('',(#4424,#4425,#4426,#4427,#4428,#4429,#4430,#4431,#4432,
#4433,#4434,#4435,#4436,#4437,#4438,#4439,#4440,#4441,#4442,#4443,#4444,
#4445,#4446,#4447,#4448,#4449,#4450,#4451,#4452,#4453,#4454,#4455,#4456,
#4457,#4458,#4459,#4460,#4461,#4462,#4463,#4464,#4465));
#1064=EDGE_LOOP('',(#4466,#4467,#4468,#4469,#4470,#4471));
#1065=EDGE_LOOP('',(#4472,#4473,#4474,#4475));
#1066=EDGE_LOOP('',(#4476,#4477,#4478,#4479));
#1067=EDGE_LOOP('',(#4480,#4481,#4482,#4483));
#1068=EDGE_LOOP('',(#4484,#4485,#4486,#4487));
#1069=EDGE_LOOP('',(#4488,#4489,#4490,#4491));
#1070=EDGE_LOOP('',(#4492,#4493,#4494,#4495));
#1071=EDGE_LOOP('',(#4496,#4497,#4498,#4499));
#1072=EDGE_LOOP('',(#4500,#4501,#4502,#4503,#4504,#4505));
#1073=EDGE_LOOP('',(#4506,#4507,#4508,#4509,#4510,#4511,#4512,#4513,#4514,
#4515));
#1074=EDGE_LOOP('',(#4516,#4517,#4518,#4519));
#1075=EDGE_LOOP('',(#4520,#4521,#4522,#4523,#4524));
#1076=EDGE_LOOP('',(#4525,#4526,#4527,#4528));
#1077=EDGE_LOOP('',(#4529,#4530,#4531,#4532));
#1078=EDGE_LOOP('',(#4533,#4534,#4535,#4536,#4537));
#1079=EDGE_LOOP('',(#4538,#4539,#4540,#4541,#4542));
#1080=EDGE_LOOP('',(#4543,#4544,#4545,#4546));
#1081=EDGE_LOOP('',(#4547,#4548,#4549,#4550,#4551));
#1082=EDGE_LOOP('',(#4552,#4553,#4554,#4555,#4556));
#1083=EDGE_LOOP('',(#4557,#4558,#4559,#4560));
#1084=EDGE_LOOP('',(#4561,#4562,#4563,#4564,#4565));
#1085=EDGE_LOOP('',(#4566,#4567,#4568,#4569,#4570,#4571,#4572,#4573,#4574,
#4575,#4576,#4577,#4578,#4579,#4580,#4581,#4582,#4583,#4584,#4585,#4586,
#4587,#4588,#4589,#4590,#4591,#4592,#4593,#4594,#4595,#4596,#4597,#4598,
#4599,#4600,#4601,#4602,#4603,#4604,#4605,#4606,#4607,#4608,#4609,#4610,
#4611,#4612,#4613,#4614));
#1086=EDGE_LOOP('',(#4615,#4616,#4617,#4618,#4619));
#1087=EDGE_LOOP('',(#4620,#4621,#4622,#4623));
#1088=LINE('',#6982,#1499);
#1089=LINE('',#6984,#1500);
#1090=LINE('',#6986,#1501);
#1091=LINE('',#6988,#1502);
#1092=LINE('',#6989,#1503);
#1093=LINE('',#6993,#1504);
#1094=LINE('',#6994,#1505);
#1095=LINE('',#6999,#1506);
#1096=LINE('',#7001,#1507);
#1097=LINE('',#7002,#1508);
#1098=LINE('',#7004,#1509);
#1099=LINE('',#7005,#1510);
#1100=LINE('',#7009,#1511);
#1101=LINE('',#7011,#1512);
#1102=LINE('',#7018,#1513);
#1103=LINE('',#7020,#1514);
#1104=LINE('',#7022,#1515);
#1105=LINE('',#7028,#1516);
#1106=LINE('',#7029,#1517);
#1107=LINE('',#7033,#1518);
#1108=LINE('',#7034,#1519);
#1109=LINE('',#7038,#1520);
#1110=LINE('',#7039,#1521);
#1111=LINE('',#7040,#1522);
#1112=LINE('',#7044,#1523);
#1113=LINE('',#7045,#1524);
#1114=LINE('',#7046,#1525);
#1115=LINE('',#7049,#1526);
#1116=LINE('',#7051,#1527);
#1117=LINE('',#7052,#1528);
#1118=LINE('',#7056,#1529);
#1119=LINE('',#7057,#1530);
#1120=LINE('',#7060,#1531);
#1121=LINE('',#7062,#1532);
#1122=LINE('',#7065,#1533);
#1123=LINE('',#7067,#1534);
#1124=LINE('',#7068,#1535);
#1125=LINE('',#7071,#1536);
#1126=LINE('',#7073,#1537);
#1127=LINE('',#7074,#1538);
#1128=LINE('',#7077,#1539);
#1129=LINE('',#7079,#1540);
#1130=LINE('',#7089,#1541);
#1131=LINE('',#7090,#1542);
#1132=LINE('',#7093,#1543);
#1133=LINE('',#7095,#1544);
#1134=LINE('',#7096,#1545);
#1135=LINE('',#7099,#1546);
#1136=LINE('',#7103,#1547);
#1137=LINE('',#7104,#1548);
#1138=LINE('',#7107,#1549);
#1139=LINE('',#7109,#1550);
#1140=LINE('',#7114,#1551);
#1141=LINE('',#7117,#1552);
#1142=LINE('',#7121,#1553);
#1143=LINE('',#7124,#1554);
#1144=LINE('',#7127,#1555);
#1145=LINE('',#7131,#1556);
#1146=LINE('',#7134,#1557);
#1147=LINE('',#7138,#1558);
#1148=LINE('',#7144,#1559);
#1149=LINE('',#7146,#1560);
#1150=LINE('',#7150,#1561);
#1151=LINE('',#7154,#1562);
#1152=LINE('',#7158,#1563);
#1153=LINE('',#7162,#1564);
#1154=LINE('',#7164,#1565);
#1155=LINE('',#7170,#1566);
#1156=LINE('',#7172,#1567);
#1157=LINE('',#7174,#1568);
#1158=LINE('',#7176,#1569);
#1159=LINE('',#7180,#1570);
#1160=LINE('',#7184,#1571);
#1161=LINE('',#7188,#1572);
#1162=LINE('',#7192,#1573);
#1163=LINE('',#7196,#1574);
#1164=LINE('',#7200,#1575);
#1165=LINE('',#7204,#1576);
#1166=LINE('',#7208,#1577);
#1167=LINE('',#7212,#1578);
#1168=LINE('',#7219,#1579);
#1169=LINE('',#7223,#1580);
#1170=LINE('',#7232,#1581);
#1171=LINE('',#7234,#1582);
#1172=LINE('',#7236,#1583);
#1173=LINE('',#7238,#1584);
#1174=LINE('',#7240,#1585);
#1175=LINE('',#7241,#1586);
#1176=LINE('',#7245,#1587);
#1177=LINE('',#7247,#1588);
#1178=LINE('',#7249,#1589);
#1179=LINE('',#7250,#1590);
#1180=LINE('',#7257,#1591);
#1181=LINE('',#7258,#1592);
#1182=LINE('',#7259,#1593);
#1183=LINE('',#7262,#1594);
#1184=LINE('',#7263,#1595);
#1185=LINE('',#7266,#1596);
#1186=LINE('',#7267,#1597);
#1187=LINE('',#7270,#1598);
#1188=LINE('',#7271,#1599);
#1189=LINE('',#7274,#1600);
#1190=LINE('',#7275,#1601);
#1191=LINE('',#7277,#1602);
#1192=LINE('',#7282,#1603);
#1193=LINE('',#7288,#1604);
#1194=LINE('',#7294,#1605);
#1195=LINE('',#7299,#1606);
#1196=LINE('',#7303,#1607);
#1197=LINE('',#7305,#1608);
#1198=LINE('',#7309,#1609);
#1199=LINE('',#7313,#1610);
#1200=LINE('',#7315,#1611);
#1201=LINE('',#7317,#1612);
#1202=LINE('',#7318,#1613);
#1203=LINE('',#7326,#1614);
#1204=LINE('',#7336,#1615);
#1205=LINE('',#7339,#1616);
#1206=LINE('',#7392,#1617);
#1207=LINE('',#7393,#1618);
#1208=LINE('',#7394,#1619);
#1209=LINE('',#7400,#1620);
#1210=LINE('',#7403,#1621);
#1211=LINE('',#7407,#1622);
#1212=LINE('',#7408,#1623);
#1213=LINE('',#7409,#1624);
#1214=LINE('',#7413,#1625);
#1215=LINE('',#7416,#1626);
#1216=LINE('',#7420,#1627);
#1217=LINE('',#7421,#1628);
#1218=LINE('',#7426,#1629);
#1219=LINE('',#7432,#1630);
#1220=LINE('',#7433,#1631);
#1221=LINE('',#7437,#1632);
#1222=LINE('',#7440,#1633);
#1223=LINE('',#7442,#1634);
#1224=LINE('',#7443,#1635);
#1225=LINE('',#7448,#1636);
#1226=LINE('',#7452,#1637);
#1227=LINE('',#7454,#1638);
#1228=LINE('',#7455,#1639);
#1229=LINE('',#7459,#1640);
#1230=LINE('',#7464,#1641);
#1231=LINE('',#7467,#1642);
#1232=LINE('',#7468,#1643);
#1233=LINE('',#7473,#1644);
#1234=LINE('',#7478,#1645);
#1235=LINE('',#7482,#1646);
#1236=LINE('',#7488,#1647);
#1237=LINE('',#7494,#1648);
#1238=LINE('',#7501,#1649);
#1239=LINE('',#7505,#1650);
#1240=LINE('',#7509,#1651);
#1241=LINE('',#7511,#1652);
#1242=LINE('',#7512,#1653);
#1243=LINE('',#7517,#1654);
#1244=LINE('',#7521,#1655);
#1245=LINE('',#7523,#1656);
#1246=LINE('',#7524,#1657);
#1247=LINE('',#7529,#1658);
#1248=LINE('',#7533,#1659);
#1249=LINE('',#7535,#1660);
#1250=LINE('',#7536,#1661);
#1251=LINE('',#7541,#1662);
#1252=LINE('',#7544,#1663);
#1253=LINE('',#7545,#1664);
#1254=LINE('',#7550,#1665);
#1255=LINE('',#7551,#1666);
#1256=LINE('',#7554,#1667);
#1257=LINE('',#7556,#1668);
#1258=LINE('',#7557,#1669);
#1259=LINE('',#7561,#1670);
#1260=LINE('',#7563,#1671);
#1261=LINE('',#7565,#1672);
#1262=LINE('',#7566,#1673);
#1263=LINE('',#7569,#1674);
#1264=LINE('',#7576,#1675);
#1265=LINE('',#7580,#1676);
#1266=LINE('',#7582,#1677);
#1267=LINE('',#7583,#1678);
#1268=LINE('',#7600,#1679);
#1269=LINE('',#7615,#1680);
#1270=LINE('',#7619,#1681);
#1271=LINE('',#7624,#1682);
#1272=LINE('',#7625,#1683);
#1273=LINE('',#7639,#1684);
#1274=LINE('',#7640,#1685);
#1275=LINE('',#7643,#1686);
#1276=LINE('',#7646,#1687);
#1277=LINE('',#7647,#1688);
#1278=LINE('',#7649,#1689);
#1279=LINE('',#7651,#1690);
#1280=LINE('',#7653,#1691);
#1281=LINE('',#7655,#1692);
#1282=LINE('',#7657,#1693);
#1283=LINE('',#7659,#1694);
#1284=LINE('',#7666,#1695);
#1285=LINE('',#7674,#1696);
#1286=LINE('',#7709,#1697);
#1287=LINE('',#7710,#1698);
#1288=LINE('',#7779,#1699);
#1289=LINE('',#7784,#1700);
#1290=LINE('',#7785,#1701);
#1291=LINE('',#7789,#1702);
#1292=LINE('',#7793,#1703);
#1293=LINE('',#7798,#1704);
#1294=LINE('',#7799,#1705);
#1295=LINE('',#7800,#1706);
#1296=LINE('',#7804,#1707);
#1297=LINE('',#7810,#1708);
#1298=LINE('',#7811,#1709);
#1299=LINE('',#7812,#1710);
#1300=LINE('',#7816,#1711);
#1301=LINE('',#7822,#1712);
#1302=LINE('',#7823,#1713);
#1303=LINE('',#7824,#1714);
#1304=LINE('',#7828,#1715);
#1305=LINE('',#7834,#1716);
#1306=LINE('',#7835,#1717);
#1307=LINE('',#7836,#1718);
#1308=LINE('',#7840,#1719);
#1309=LINE('',#7846,#1720);
#1310=LINE('',#7850,#1721);
#1311=LINE('',#7855,#1722);
#1312=LINE('',#7856,#1723);
#1313=LINE('',#7857,#1724);
#1314=LINE('',#7861,#1725);
#1315=LINE('',#7867,#1726);
#1316=LINE('',#7868,#1727);
#1317=LINE('',#7869,#1728);
#1318=LINE('',#7873,#1729);
#1319=LINE('',#7877,#1730);
#1320=LINE('',#7878,#1731);
#1321=LINE('',#7881,#1732);
#1322=LINE('',#7958,#1733);
#1323=LINE('',#7961,#1734);
#1324=LINE('',#8000,#1735);
#1325=LINE('',#8043,#1736);
#1326=LINE('',#8045,#1737);
#1327=LINE('',#8046,#1738);
#1328=LINE('',#8052,#1739);
#1329=LINE('',#8062,#1740);
#1330=LINE('',#8176,#1741);
#1331=LINE('',#8178,#1742);
#1332=LINE('',#8179,#1743);
#1333=LINE('',#8184,#1744);
#1334=LINE('',#8191,#1745);
#1335=LINE('',#8194,#1746);
#1336=LINE('',#8197,#1747);
#1337=LINE('',#8199,#1748);
#1338=LINE('',#8202,#1749);
#1339=LINE('',#8207,#1750);
#1340=LINE('',#8210,#1751);
#1341=LINE('',#8213,#1752);
#1342=LINE('',#8214,#1753);
#1343=LINE('',#8217,#1754);
#1344=LINE('',#8221,#1755);
#1345=LINE('',#8224,#1756);
#1346=LINE('',#8230,#1757);
#1347=LINE('',#8234,#1758);
#1348=LINE('',#8237,#1759);
#1349=LINE('',#8243,#1760);
#1350=LINE('',#8247,#1761);
#1351=LINE('',#8250,#1762);
#1352=LINE('',#8254,#1763);
#1353=LINE('',#8258,#1764);
#1354=LINE('',#8262,#1765);
#1355=LINE('',#8266,#1766);
#1356=LINE('',#8270,#1767);
#1357=LINE('',#8276,#1768);
#1358=LINE('',#8280,#1769);
#1359=LINE('',#8281,#1770);
#1360=LINE('',#8306,#1771);
#1361=LINE('',#8309,#1772);
#1362=LINE('',#8312,#1773);
#1363=LINE('',#8316,#1774);
#1364=LINE('',#8337,#1775);
#1365=LINE('',#8341,#1776);
#1366=LINE('',#8350,#1777);
#1367=LINE('',#8353,#1778);
#1368=LINE('',#8357,#1779);
#1369=LINE('',#8358,#1780);
#1370=LINE('',#8365,#1781);
#1371=LINE('',#8369,#1782);
#1372=LINE('',#8379,#1783);
#1373=LINE('',#8383,#1784);
#1374=LINE('',#8390,#1785);
#1375=LINE('',#8394,#1786);
#1376=LINE('',#8399,#1787);
#1377=LINE('',#8403,#1788);
#1378=LINE('',#8410,#1789);
#1379=LINE('',#8414,#1790);
#1380=LINE('',#8417,#1791);
#1381=LINE('',#8420,#1792);
#1382=LINE('',#8422,#1793);
#1383=LINE('',#8447,#1794);
#1384=LINE('',#8510,#1795);
#1385=LINE('',#8567,#1796);
#1386=LINE('',#8575,#1797);
#1387=LINE('',#8579,#1798);
#1388=LINE('',#8582,#1799);
#1389=LINE('',#8596,#1800);
#1390=LINE('',#8609,#1801);
#1391=LINE('',#8613,#1802);
#1392=LINE('',#8626,#1803);
#1393=LINE('',#8630,#1804);
#1394=LINE('',#8643,#1805);
#1395=LINE('',#8646,#1806);
#1396=LINE('',#8654,#1807);
#1397=LINE('',#8658,#1808);
#1398=LINE('',#8671,#1809);
#1399=LINE('',#8675,#1810);
#1400=LINE('',#8688,#1811);
#1401=LINE('',#8842,#1812);
#1402=LINE('',#8845,#1813);
#1403=LINE('',#8869,#1814);
#1404=LINE('',#8872,#1815);
#1405=LINE('',#8875,#1816);
#1406=LINE('',#8898,#1817);
#1407=LINE('',#8905,#1818);
#1408=LINE('',#8906,#1819);
#1409=LINE('',#8912,#1820);
#1410=LINE('',#8915,#1821);
#1411=LINE('',#8919,#1822);
#1412=LINE('',#8923,#1823);
#1413=LINE('',#8926,#1824);
#1414=LINE('',#8931,#1825);
#1415=LINE('',#9083,#1826);
#1416=LINE('',#9084,#1827);
#1417=LINE('',#9085,#1828);
#1418=LINE('',#9095,#1829);
#1419=LINE('',#9104,#1830);
#1420=LINE('',#9109,#1831);
#1421=LINE('',#9115,#1832);
#1422=LINE('',#9119,#1833);
#1423=LINE('',#9122,#1834);
#1424=LINE('',#9128,#1835);
#1425=LINE('',#9132,#1836);
#1426=LINE('',#9135,#1837);
#1427=LINE('',#9138,#1838);
#1428=LINE('',#9140,#1839);
#1429=LINE('',#9150,#1840);
#1430=LINE('',#9159,#1841);
#1431=LINE('',#9163,#1842);
#1432=LINE('',#9176,#1843);
#1433=LINE('',#9180,#1844);
#1434=LINE('',#9195,#1845);
#1435=LINE('',#9198,#1846);
#1436=LINE('',#9212,#1847);
#1437=LINE('',#9216,#1848);
#1438=LINE('',#9229,#1849);
#1439=LINE('',#9233,#1850);
#1440=LINE('',#9248,#1851);
#1441=LINE('',#9251,#1852);
#1442=LINE('',#9265,#1853);
#1443=LINE('',#9269,#1854);
#1444=LINE('',#9282,#1855);
#1445=LINE('',#9286,#1856);
#1446=LINE('',#9301,#1857);
#1447=LINE('',#9303,#1858);
#1448=LINE('',#9304,#1859);
#1449=LINE('',#9305,#1860);
#1450=LINE('',#9306,#1861);
#1451=LINE('',#9310,#1862);
#1452=LINE('',#9405,#1863);
#1453=LINE('',#9406,#1864);
#1454=LINE('',#9424,#1865);
#1455=LINE('',#9430,#1866);
#1456=LINE('',#9431,#1867);
#1457=LINE('',#9434,#1868);
#1458=LINE('',#9436,#1869);
#1459=LINE('',#9440,#1870);
#1460=LINE('',#9457,#1871);
#1461=LINE('',#9461,#1872);
#1462=LINE('',#9463,#1873);
#1463=LINE('',#9467,#1874);
#1464=LINE('',#9485,#1875);
#1465=LINE('',#9489,#1876);
#1466=LINE('',#9491,#1877);
#1467=LINE('',#9502,#1878);
#1468=LINE('',#9529,#1879);
#1469=LINE('',#9536,#1880);
#1470=LINE('',#9538,#1881);
#1471=LINE('',#9540,#1882);
#1472=LINE('',#9542,#1883);
#1473=LINE('',#9544,#1884);
#1474=LINE('',#9547,#1885);
#1475=LINE('',#9549,#1886);
#1476=LINE('',#9550,#1887);
#1477=LINE('',#9574,#1888);
#1478=LINE('',#9576,#1889);
#1479=LINE('',#9578,#1890);
#1480=LINE('',#9580,#1891);
#1481=LINE('',#9596,#1892);
#1482=LINE('',#9598,#1893);
#1483=LINE('',#9628,#1894);
#1484=LINE('',#9630,#1895);
#1485=LINE('',#9632,#1896);
#1486=LINE('',#9634,#1897);
#1487=LINE('',#9636,#1898);
#1488=LINE('',#9638,#1899);
#1489=LINE('',#9640,#1900);
#1490=LINE('',#9642,#1901);
#1491=LINE('',#9658,#1902);
#1492=LINE('',#9661,#1903);
#1493=LINE('',#9663,#1904);
#1494=LINE('',#9667,#1905);
#1495=LINE('',#9683,#1906);
#1496=LINE('',#9700,#1907);
#1497=LINE('',#9716,#1908);
#1498=LINE('',#9735,#1909);
#1499=VECTOR('',#5553,10.);
#1500=VECTOR('',#5554,10.);
#1501=VECTOR('',#5555,10.);
#1502=VECTOR('',#5556,10.);
#1503=VECTOR('',#5557,10.);
#1504=VECTOR('',#5560,10.);
#1505=VECTOR('',#5561,10.);
#1506=VECTOR('',#5566,10.);
#1507=VECTOR('',#5567,10.);
#1508=VECTOR('',#5568,10.);
#1509=VECTOR('',#5569,10.);
#1510=VECTOR('',#5570,10.);
#1511=VECTOR('',#5575,10.);
#1512=VECTOR('',#5578,10.);
#1513=VECTOR('',#5585,10.);
#1514=VECTOR('',#5586,10.);
#1515=VECTOR('',#5587,10.);
#1516=VECTOR('',#5594,10.);
#1517=VECTOR('',#5595,10.);
#1518=VECTOR('',#5600,10.);
#1519=VECTOR('',#5601,10.);
#1520=VECTOR('',#5604,10.);
#1521=VECTOR('',#5605,10.);
#1522=VECTOR('',#5606,10.);
#1523=VECTOR('',#5609,10.);
#1524=VECTOR('',#5610,10.);
#1525=VECTOR('',#5611,10.);
#1526=VECTOR('',#5614,10.);
#1527=VECTOR('',#5615,10.);
#1528=VECTOR('',#5616,10.);
#1529=VECTOR('',#5619,10.);
#1530=VECTOR('',#5620,10.);
#1531=VECTOR('',#5623,10.);
#1532=VECTOR('',#5624,10.);
#1533=VECTOR('',#5627,10.);
#1534=VECTOR('',#5628,10.);
#1535=VECTOR('',#5629,10.);
#1536=VECTOR('',#5632,10.);
#1537=VECTOR('',#5633,10.);
#1538=VECTOR('',#5634,10.);
#1539=VECTOR('',#5637,10.);
#1540=VECTOR('',#5638,10.);
#1541=VECTOR('',#5639,10.);
#1542=VECTOR('',#5640,10.);
#1543=VECTOR('',#5643,10.);
#1544=VECTOR('',#5644,10.);
#1545=VECTOR('',#5645,10.);
#1546=VECTOR('',#5648,10.);
#1547=VECTOR('',#5653,10.);
#1548=VECTOR('',#5654,10.);
#1549=VECTOR('',#5657,10.);
#1550=VECTOR('',#5658,10.);
#1551=VECTOR('',#5659,10.);
#1552=VECTOR('',#5662,10.);
#1553=VECTOR('',#5665,10.);
#1554=VECTOR('',#5668,10.);
#1555=VECTOR('',#5671,10.);
#1556=VECTOR('',#5674,10.);
#1557=VECTOR('',#5677,10.);
#1558=VECTOR('',#5682,1.5);
#1559=VECTOR('',#5687,10.);
#1560=VECTOR('',#5688,10.);
#1561=VECTOR('',#5691,10.);
#1562=VECTOR('',#5694,10.);
#1563=VECTOR('',#5697,10.);
#1564=VECTOR('',#5700,10.);
#1565=VECTOR('',#5701,10.);
#1566=VECTOR('',#5706,10.);
#1567=VECTOR('',#5707,10.);
#1568=VECTOR('',#5708,10.);
#1569=VECTOR('',#5709,10.);
#1570=VECTOR('',#5712,10.);
#1571=VECTOR('',#5715,10.);
#1572=VECTOR('',#5718,10.);
#1573=VECTOR('',#5721,10.);
#1574=VECTOR('',#5724,10.);
#1575=VECTOR('',#5727,10.);
#1576=VECTOR('',#5730,10.);
#1577=VECTOR('',#5733,10.);
#1578=VECTOR('',#5736,10.);
#1579=VECTOR('',#5743,10.);
#1580=VECTOR('',#5746,10.);
#1581=VECTOR('',#5757,10.);
#1582=VECTOR('',#5758,10.);
#1583=VECTOR('',#5759,10.);
#1584=VECTOR('',#5760,10.);
#1585=VECTOR('',#5761,10.);
#1586=VECTOR('',#5762,10.);
#1587=VECTOR('',#5765,1.);
#1588=VECTOR('',#5766,10.);
#1589=VECTOR('',#5767,10.);
#1590=VECTOR('',#5768,10.);
#1591=VECTOR('',#5775,10.);
#1592=VECTOR('',#5776,10.);
#1593=VECTOR('',#5777,10.);
#1594=VECTOR('',#5780,10.);
#1595=VECTOR('',#5781,10.);
#1596=VECTOR('',#5784,10.);
#1597=VECTOR('',#5785,10.);
#1598=VECTOR('',#5788,10.);
#1599=VECTOR('',#5789,10.);
#1600=VECTOR('',#5792,10.);
#1601=VECTOR('',#5793,10.);
#1602=VECTOR('',#5796,10.);
#1603=VECTOR('',#5801,1.6);
#1604=VECTOR('',#5808,1.6);
#1605=VECTOR('',#5815,10.);
#1606=VECTOR('',#5822,10.);
#1607=VECTOR('',#5827,10.);
#1608=VECTOR('',#5830,10.);
#1609=VECTOR('',#5835,2.35);
#1610=VECTOR('',#5838,10.);
#1611=VECTOR('',#5839,2.);
#1612=VECTOR('',#5840,10.);
#1613=VECTOR('',#5841,11.9999985694873);
#1614=VECTOR('',#5850,10.);
#1615=VECTOR('',#5861,10.);
#1616=VECTOR('',#5864,0.75);
#1617=VECTOR('',#5875,10.);
#1618=VECTOR('',#5876,10.);
#1619=VECTOR('',#5877,10.);
#1620=VECTOR('',#5882,10.);
#1621=VECTOR('',#5885,10.);
#1622=VECTOR('',#5888,10.);
#1623=VECTOR('',#5889,10.);
#1624=VECTOR('',#5890,10.);
#1625=VECTOR('',#5893,10.);
#1626=VECTOR('',#5896,10.);
#1627=VECTOR('',#5901,10.);
#1628=VECTOR('',#5902,10.);
#1629=VECTOR('',#5907,10.);
#1630=VECTOR('',#5914,10.);
#1631=VECTOR('',#5915,10.);
#1632=VECTOR('',#5920,10.);
#1633=VECTOR('',#5923,10.);
#1634=VECTOR('',#5924,10.);
#1635=VECTOR('',#5925,10.);
#1636=VECTOR('',#5930,10.);
#1637=VECTOR('',#5935,10.);
#1638=VECTOR('',#5936,10.);
#1639=VECTOR('',#5937,10.);
#1640=VECTOR('',#5942,10.);
#1641=VECTOR('',#5949,10.);
#1642=VECTOR('',#5952,10.);
#1643=VECTOR('',#5953,10.);
#1644=VECTOR('',#5958,10.);
#1645=VECTOR('',#5963,10.);
#1646=VECTOR('',#5966,10.);
#1647=VECTOR('',#5973,2.44999999999999);
#1648=VECTOR('',#5980,2.45000000000001);
#1649=VECTOR('',#5987,10.);
#1650=VECTOR('',#5990,10.);
#1651=VECTOR('',#5995,10.);
#1652=VECTOR('',#5996,10.);
#1653=VECTOR('',#5997,10.);
#1654=VECTOR('',#6002,10.);
#1655=VECTOR('',#6007,10.);
#1656=VECTOR('',#6008,10.);
#1657=VECTOR('',#6009,10.);
#1658=VECTOR('',#6014,10.);
#1659=VECTOR('',#6019,10.);
#1660=VECTOR('',#6020,10.);
#1661=VECTOR('',#6021,10.);
#1662=VECTOR('',#6026,10.);
#1663=VECTOR('',#6031,10.);
#1664=VECTOR('',#6032,10.);
#1665=VECTOR('',#6037,10.);
#1666=VECTOR('',#6038,10.);
#1667=VECTOR('',#6041,10.);
#1668=VECTOR('',#6042,10.);
#1669=VECTOR('',#6043,10.);
#1670=VECTOR('',#6046,10.);
#1671=VECTOR('',#6047,10.);
#1672=VECTOR('',#6048,10.);
#1673=VECTOR('',#6049,10.);
#1674=VECTOR('',#6052,10.);
#1675=VECTOR('',#6061,10.);
#1676=VECTOR('',#6066,10.);
#1677=VECTOR('',#6069,10.);
#1678=VECTOR('',#6070,10.);
#1679=VECTOR('',#6079,10.);
#1680=VECTOR('',#6100,2.35);
#1681=VECTOR('',#6105,2.35);
#1682=VECTOR('',#6110,10.);
#1683=VECTOR('',#6111,10.);
#1684=VECTOR('',#6126,10.);
#1685=VECTOR('',#6127,10.);
#1686=VECTOR('',#6130,5.);
#1687=VECTOR('',#6135,10.);
#1688=VECTOR('',#6136,10.);
#1689=VECTOR('',#6139,10.);
#1690=VECTOR('',#6142,10.);
#1691=VECTOR('',#6145,10.);
#1692=VECTOR('',#6148,10.);
#1693=VECTOR('',#6151,10.);
#1694=VECTOR('',#6154,10.);
#1695=VECTOR('',#6165,10.);
#1696=VECTOR('',#6166,10.);
#1697=VECTOR('',#6171,10.);
#1698=VECTOR('',#6172,10.);
#1699=VECTOR('',#6177,3.);
#1700=VECTOR('',#6182,10.);
#1701=VECTOR('',#6183,10.);
#1702=VECTOR('',#6186,10.);
#1703=VECTOR('',#6189,10.);
#1704=VECTOR('',#6194,10.);
#1705=VECTOR('',#6195,10.);
#1706=VECTOR('',#6196,10.);
#1707=VECTOR('',#6199,10.);
#1708=VECTOR('',#6206,10.);
#1709=VECTOR('',#6207,10.);
#1710=VECTOR('',#6208,10.);
#1711=VECTOR('',#6211,10.);
#1712=VECTOR('',#6218,10.);
#1713=VECTOR('',#6219,10.);
#1714=VECTOR('',#6220,10.);
#1715=VECTOR('',#6223,10.);
#1716=VECTOR('',#6230,10.);
#1717=VECTOR('',#6231,10.);
#1718=VECTOR('',#6232,10.);
#1719=VECTOR('',#6235,10.);
#1720=VECTOR('',#6242,10.);
#1721=VECTOR('',#6245,10.);
#1722=VECTOR('',#6250,10.);
#1723=VECTOR('',#6251,10.);
#1724=VECTOR('',#6252,10.);
#1725=VECTOR('',#6255,10.);
#1726=VECTOR('',#6262,10.);
#1727=VECTOR('',#6263,10.);
#1728=VECTOR('',#6264,10.);
#1729=VECTOR('',#6267,10.);
#1730=VECTOR('',#6274,10.);
#1731=VECTOR('',#6275,10.);
#1732=VECTOR('',#6278,10.);
#1733=VECTOR('',#6287,10.);
#1734=VECTOR('',#6290,10.);
#1735=VECTOR('',#6297,3.00000000000001);
#1736=VECTOR('',#6306,3.00000000000001);
#1737=VECTOR('',#6309,10.);
#1738=VECTOR('',#6310,10.);
#1739=VECTOR('',#6317,10.);
#1740=VECTOR('',#6320,10.);
#1741=VECTOR('',#6323,10.);
#1742=VECTOR('',#6326,10.);
#1743=VECTOR('',#6327,10.);
#1744=VECTOR('',#6332,10.);
#1745=VECTOR('',#6339,10.);
#1746=VECTOR('',#6342,10.);
#1747=VECTOR('',#6345,10.);
#1748=VECTOR('',#6348,10.);
#1749=VECTOR('',#6351,10.);
#1750=VECTOR('',#6358,10.);
#1751=VECTOR('',#6361,10.);
#1752=VECTOR('',#6366,10.);
#1753=VECTOR('',#6367,10.);
#1754=VECTOR('',#6370,10.);
#1755=VECTOR('',#6373,10.);
#1756=VECTOR('',#6376,10.);
#1757=VECTOR('',#6381,10.);
#1758=VECTOR('',#6384,10.);
#1759=VECTOR('',#6387,10.);
#1760=VECTOR('',#6392,10.);
#1761=VECTOR('',#6395,10.);
#1762=VECTOR('',#6398,10.);
#1763=VECTOR('',#6401,10.);
#1764=VECTOR('',#6404,10.);
#1765=VECTOR('',#6407,10.);
#1766=VECTOR('',#6410,10.);
#1767=VECTOR('',#6415,10.);
#1768=VECTOR('',#6422,10.);
#1769=VECTOR('',#6427,10.);
#1770=VECTOR('',#6428,10.);
#1771=VECTOR('',#6443,10.);
#1772=VECTOR('',#6446,10.);
#1773=VECTOR('',#6449,10.);
#1774=VECTOR('',#6452,10.);
#1775=VECTOR('',#6453,10.);
#1776=VECTOR('',#6458,10.);
#1777=VECTOR('',#6459,10.);
#1778=VECTOR('',#6462,10.);
#1779=VECTOR('',#6467,10.);
#1780=VECTOR('',#6468,10.);
#1781=VECTOR('',#6477,1.5);
#1782=VECTOR('',#6480,10.);
#1783=VECTOR('',#6483,10.);
#1784=VECTOR('',#6486,10.);
#1785=VECTOR('',#6493,10.);
#1786=VECTOR('',#6496,10.);
#1787=VECTOR('',#6501,10.);
#1788=VECTOR('',#6504,10.);
#1789=VECTOR('',#6511,10.);
#1790=VECTOR('',#6514,10.);
#1791=VECTOR('',#6517,10.);
#1792=VECTOR('',#6520,10.);
#1793=VECTOR('',#6521,10.);
#1794=VECTOR('',#6526,10.);
#1795=VECTOR('',#6531,10.);
#1796=VECTOR('',#6542,10.);
#1797=VECTOR('',#6543,10.);
#1798=VECTOR('',#6548,10.);
#1799=VECTOR('',#6551,10.);
#1800=VECTOR('',#6556,10.);
#1801=VECTOR('',#6559,10.);
#1802=VECTOR('',#6564,10.);
#1803=VECTOR('',#6567,10.);
#1804=VECTOR('',#6572,10.);
#1805=VECTOR('',#6575,10.);
#1806=VECTOR('',#6578,10.);
#1807=VECTOR('',#6579,10.);
#1808=VECTOR('',#6584,10.);
#1809=VECTOR('',#6587,10.);
#1810=VECTOR('',#6592,10.);
#1811=VECTOR('',#6595,10.);
#1812=VECTOR('',#6604,10.);
#1813=VECTOR('',#6607,10.);
#1814=VECTOR('',#6610,10.);
#1815=VECTOR('',#6613,10.);
#1816=VECTOR('',#6618,10.);
#1817=VECTOR('',#6619,1.);
#1818=VECTOR('',#6628,10.);
#1819=VECTOR('',#6629,10.);
#1820=VECTOR('',#6634,10.);
#1821=VECTOR('',#6637,10.);
#1822=VECTOR('',#6640,10.);
#1823=VECTOR('',#6643,10.);
#1824=VECTOR('',#6646,10.);
#1825=VECTOR('',#6651,10.);
#1826=VECTOR('',#6656,10.);
#1827=VECTOR('',#6657,10.);
#1828=VECTOR('',#6658,10.);
#1829=VECTOR('',#6671,10.);
#1830=VECTOR('',#6680,10.);
#1831=VECTOR('',#6685,10.);
#1832=VECTOR('',#6690,10.);
#1833=VECTOR('',#6693,10.);
#1834=VECTOR('',#6696,10.);
#1835=VECTOR('',#6701,10.);
#1836=VECTOR('',#6704,10.);
#1837=VECTOR('',#6707,10.);
#1838=VECTOR('',#6710,10.);
#1839=VECTOR('',#6711,10.);
#1840=VECTOR('',#6716,10.);
#1841=VECTOR('',#6719,10.);
#1842=VECTOR('',#6724,10.);
#1843=VECTOR('',#6727,10.);
#1844=VECTOR('',#6732,10.);
#1845=VECTOR('',#6735,10.);
#1846=VECTOR('',#6738,10.);
#1847=VECTOR('',#6739,10.);
#1848=VECTOR('',#6744,10.);
#1849=VECTOR('',#6747,10.);
#1850=VECTOR('',#6752,10.);
#1851=VECTOR('',#6755,10.);
#1852=VECTOR('',#6758,10.);
#1853=VECTOR('',#6759,10.);
#1854=VECTOR('',#6764,10.);
#1855=VECTOR('',#6767,10.);
#1856=VECTOR('',#6772,10.);
#1857=VECTOR('',#6775,10.);
#1858=VECTOR('',#6778,10.);
#1859=VECTOR('',#6779,10.);
#1860=VECTOR('',#6780,10.);
#1861=VECTOR('',#6781,10.);
#1862=VECTOR('',#6788,10.);
#1863=VECTOR('',#6795,10.);
#1864=VECTOR('',#6796,10.);
#1865=VECTOR('',#6799,10.);
#1866=VECTOR('',#6806,10.);
#1867=VECTOR('',#6807,10.);
#1868=VECTOR('',#6810,10.);
#1869=VECTOR('',#6811,3.);
#1870=VECTOR('',#6816,10.);
#1871=VECTOR('',#6819,3.);
#1872=VECTOR('',#6824,10.);
#1873=VECTOR('',#6825,3.);
#1874=VECTOR('',#6830,10.);
#1875=VECTOR('',#6833,3.);
#1876=VECTOR('',#6838,10.);
#1877=VECTOR('',#6839,10.);
#1878=VECTOR('',#6842,3.);
#1879=VECTOR('',#6851,10.);
#1880=VECTOR('',#6858,10.);
#1881=VECTOR('',#6861,10.);
#1882=VECTOR('',#6864,6.00000008940697);
#1883=VECTOR('',#6867,2.);
#1884=VECTOR('',#6870,10.);
#1885=VECTOR('',#6875,2.);
#1886=VECTOR('',#6878,10.);
#1887=VECTOR('',#6879,10.);
#1888=VECTOR('',#6886,10.);
#1889=VECTOR('',#6889,2.);
#1890=VECTOR('',#6892,2.);
#1891=VECTOR('',#6895,10.);
#1892=VECTOR('',#6900,10.);
#1893=VECTOR('',#6903,10.);
#1894=VECTOR('',#6910,10.);
#1895=VECTOR('',#6913,10.);
#1896=VECTOR('',#6916,10.);
#1897=VECTOR('',#6919,10.);
#1898=VECTOR('',#6922,10.);
#1899=VECTOR('',#6925,10.);
#1900=VECTOR('',#6928,10.);
#1901=VECTOR('',#6931,10.);
#1902=VECTOR('',#6940,3.);
#1903=VECTOR('',#6945,10.);
#1904=VECTOR('',#6948,10.);
#1905=VECTOR('',#6955,3.);
#1906=VECTOR('',#6958,3.);
#1907=VECTOR('',#6963,3.);
#1908=VECTOR('',#6966,3.);
#1909=VECTOR('',#6975,10.);
#1910=VERTEX_POINT('',#6980);
#1911=VERTEX_POINT('',#6981);
#1912=VERTEX_POINT('',#6983);
#1913=VERTEX_POINT('',#6985);
#1914=VERTEX_POINT('',#6987);
#1915=VERTEX_POINT('',#6991);
#1916=VERTEX_POINT('',#6992);
#1917=VERTEX_POINT('',#6997);
#1918=VERTEX_POINT('',#6998);
#1919=VERTEX_POINT('',#7000);
#1920=VERTEX_POINT('',#7003);
#1921=VERTEX_POINT('',#7007);
#1922=VERTEX_POINT('',#7014);
#1923=VERTEX_POINT('',#7015);
#1924=VERTEX_POINT('',#7017);
#1925=VERTEX_POINT('',#7019);
#1926=VERTEX_POINT('',#7021);
#1927=VERTEX_POINT('',#7025);
#1928=VERTEX_POINT('',#7027);
#1929=VERTEX_POINT('',#7032);
#1930=VERTEX_POINT('',#7036);
#1931=VERTEX_POINT('',#7037);
#1932=VERTEX_POINT('',#7042);
#1933=VERTEX_POINT('',#7043);
#1934=VERTEX_POINT('',#7048);
#1935=VERTEX_POINT('',#7050);
#1936=VERTEX_POINT('',#7053);
#1937=VERTEX_POINT('',#7055);
#1938=VERTEX_POINT('',#7059);
#1939=VERTEX_POINT('',#7061);
#1940=VERTEX_POINT('',#7064);
#1941=VERTEX_POINT('',#7066);
#1942=VERTEX_POINT('',#7070);
#1943=VERTEX_POINT('',#7072);
#1944=VERTEX_POINT('',#7076);
#1945=VERTEX_POINT('',#7078);
#1946=VERTEX_POINT('',#7080);
#1947=VERTEX_POINT('',#7084);
#1948=VERTEX_POINT('',#7088);
#1949=VERTEX_POINT('',#7092);
#1950=VERTEX_POINT('',#7094);
#1951=VERTEX_POINT('',#7098);
#1952=VERTEX_POINT('',#7102);
#1953=VERTEX_POINT('',#7106);
#1954=VERTEX_POINT('',#7108);
#1955=VERTEX_POINT('',#7110);
#1956=VERTEX_POINT('',#7116);
#1957=VERTEX_POINT('',#7118);
#1958=VERTEX_POINT('',#7120);
#1959=VERTEX_POINT('',#7122);
#1960=VERTEX_POINT('',#7126);
#1961=VERTEX_POINT('',#7128);
#1962=VERTEX_POINT('',#7130);
#1963=VERTEX_POINT('',#7132);
#1964=VERTEX_POINT('',#7136);
#1965=VERTEX_POINT('',#7140);
#1966=VERTEX_POINT('',#7141);
#1967=VERTEX_POINT('',#7143);
#1968=VERTEX_POINT('',#7145);
#1969=VERTEX_POINT('',#7147);
#1970=VERTEX_POINT('',#7149);
#1971=VERTEX_POINT('',#7151);
#1972=VERTEX_POINT('',#7153);
#1973=VERTEX_POINT('',#7155);
#1974=VERTEX_POINT('',#7157);
#1975=VERTEX_POINT('',#7159);
#1976=VERTEX_POINT('',#7161);
#1977=VERTEX_POINT('',#7163);
#1978=VERTEX_POINT('',#7165);
#1979=VERTEX_POINT('',#7167);
#1980=VERTEX_POINT('',#7169);
#1981=VERTEX_POINT('',#7171);
#1982=VERTEX_POINT('',#7173);
#1983=VERTEX_POINT('',#7175);
#1984=VERTEX_POINT('',#7177);
#1985=VERTEX_POINT('',#7179);
#1986=VERTEX_POINT('',#7181);
#1987=VERTEX_POINT('',#7183);
#1988=VERTEX_POINT('',#7185);
#1989=VERTEX_POINT('',#7187);
#1990=VERTEX_POINT('',#7189);
#1991=VERTEX_POINT('',#7191);
#1992=VERTEX_POINT('',#7193);
#1993=VERTEX_POINT('',#7195);
#1994=VERTEX_POINT('',#7197);
#1995=VERTEX_POINT('',#7199);
#1996=VERTEX_POINT('',#7201);
#1997=VERTEX_POINT('',#7203);
#1998=VERTEX_POINT('',#7205);
#1999=VERTEX_POINT('',#7207);
#2000=VERTEX_POINT('',#7209);
#2001=VERTEX_POINT('',#7211);
#2002=VERTEX_POINT('',#7213);
#2003=VERTEX_POINT('',#7215);
#2004=VERTEX_POINT('',#7217);
#2005=VERTEX_POINT('',#7220);
#2006=VERTEX_POINT('',#7222);
#2007=VERTEX_POINT('',#7227);
#2008=VERTEX_POINT('',#7230);
#2009=VERTEX_POINT('',#7231);
#2010=VERTEX_POINT('',#7233);
#2011=VERTEX_POINT('',#7235);
#2012=VERTEX_POINT('',#7237);
#2013=VERTEX_POINT('',#7239);
#2014=VERTEX_POINT('',#7243);
#2015=VERTEX_POINT('',#7244);
#2016=VERTEX_POINT('',#7246);
#2017=VERTEX_POINT('',#7248);
#2018=VERTEX_POINT('',#7252);
#2019=VERTEX_POINT('',#7255);
#2020=VERTEX_POINT('',#7256);
#2021=VERTEX_POINT('',#7261);
#2022=VERTEX_POINT('',#7265);
#2023=VERTEX_POINT('',#7269);
#2024=VERTEX_POINT('',#7273);
#2025=VERTEX_POINT('',#7279);
#2026=VERTEX_POINT('',#7281);
#2027=VERTEX_POINT('',#7285);
#2028=VERTEX_POINT('',#7287);
#2029=VERTEX_POINT('',#7291);
#2030=VERTEX_POINT('',#7293);
#2031=VERTEX_POINT('',#7297);
#2032=VERTEX_POINT('',#7301);
#2033=VERTEX_POINT('',#7307);
#2034=VERTEX_POINT('',#7311);
#2035=VERTEX_POINT('',#7312);
#2036=VERTEX_POINT('',#7314);
#2037=VERTEX_POINT('',#7316);
#2038=VERTEX_POINT('',#7320);
#2039=VERTEX_POINT('',#7323);
#2040=VERTEX_POINT('',#7325);
#2041=VERTEX_POINT('',#7329);
#2042=VERTEX_POINT('',#7332);
#2043=VERTEX_POINT('',#7333);
#2044=VERTEX_POINT('',#7335);
#2045=VERTEX_POINT('',#7337);
#2046=VERTEX_POINT('',#7341);
#2047=VERTEX_POINT('',#7379);
#2048=VERTEX_POINT('',#7380);
#2049=VERTEX_POINT('',#7390);
#2050=VERTEX_POINT('',#7391);
#2051=VERTEX_POINT('',#7396);
#2052=VERTEX_POINT('',#7397);
#2053=VERTEX_POINT('',#7399);
#2054=VERTEX_POINT('',#7401);
#2055=VERTEX_POINT('',#7405);
#2056=VERTEX_POINT('',#7406);
#2057=VERTEX_POINT('',#7411);
#2058=VERTEX_POINT('',#7412);
#2059=VERTEX_POINT('',#7414);
#2060=VERTEX_POINT('',#7419);
#2061=VERTEX_POINT('',#7423);
#2062=VERTEX_POINT('',#7425);
#2063=VERTEX_POINT('',#7429);
#2064=VERTEX_POINT('',#7431);
#2065=VERTEX_POINT('',#7435);
#2066=VERTEX_POINT('',#7439);
#2067=VERTEX_POINT('',#7441);
#2068=VERTEX_POINT('',#7445);
#2069=VERTEX_POINT('',#7447);
#2070=VERTEX_POINT('',#7451);
#2071=VERTEX_POINT('',#7453);
#2072=VERTEX_POINT('',#7457);
#2073=VERTEX_POINT('',#7462);
#2074=VERTEX_POINT('',#7466);
#2075=VERTEX_POINT('',#7470);
#2076=VERTEX_POINT('',#7472);
#2077=VERTEX_POINT('',#7476);
#2078=VERTEX_POINT('',#7477);
#2079=VERTEX_POINT('',#7479);
#2080=VERTEX_POINT('',#7481);
#2081=VERTEX_POINT('',#7485);
#2082=VERTEX_POINT('',#7487);
#2083=VERTEX_POINT('',#7491);
#2084=VERTEX_POINT('',#7493);
#2085=VERTEX_POINT('',#7495);
#2086=VERTEX_POINT('',#7499);
#2087=VERTEX_POINT('',#7500);
#2088=VERTEX_POINT('',#7502);
#2089=VERTEX_POINT('',#7504);
#2090=VERTEX_POINT('',#7508);
#2091=VERTEX_POINT('',#7510);
#2092=VERTEX_POINT('',#7514);
#2093=VERTEX_POINT('',#7516);
#2094=VERTEX_POINT('',#7520);
#2095=VERTEX_POINT('',#7522);
#2096=VERTEX_POINT('',#7526);
#2097=VERTEX_POINT('',#7528);
#2098=VERTEX_POINT('',#7532);
#2099=VERTEX_POINT('',#7534);
#2100=VERTEX_POINT('',#7538);
#2101=VERTEX_POINT('',#7540);
#2102=VERTEX_POINT('',#7547);
#2103=VERTEX_POINT('',#7548);
#2104=VERTEX_POINT('',#7553);
#2105=VERTEX_POINT('',#7555);
#2106=VERTEX_POINT('',#7559);
#2107=VERTEX_POINT('',#7560);
#2108=VERTEX_POINT('',#7562);
#2109=VERTEX_POINT('',#7564);
#2110=VERTEX_POINT('',#7568);
#2111=VERTEX_POINT('',#7572);
#2112=VERTEX_POINT('',#7574);
#2113=VERTEX_POINT('',#7578);
#2114=VERTEX_POINT('',#7593);
#2115=VERTEX_POINT('',#7595);
#2116=VERTEX_POINT('',#7599);
#2117=VERTEX_POINT('',#7603);
#2118=VERTEX_POINT('',#7607);
#2119=VERTEX_POINT('',#7609);
#2120=VERTEX_POINT('',#7613);
#2121=VERTEX_POINT('',#7617);
#2122=VERTEX_POINT('',#7621);
#2123=VERTEX_POINT('',#7622);
#2124=VERTEX_POINT('',#7627);
#2125=VERTEX_POINT('',#7628);
#2126=VERTEX_POINT('',#7630);
#2127=VERTEX_POINT('',#7632);
#2128=VERTEX_POINT('',#7636);
#2129=VERTEX_POINT('',#7637);
#2130=VERTEX_POINT('',#7642);
#2131=VERTEX_POINT('',#7665);
#2132=VERTEX_POINT('',#7667);
#2133=VERTEX_POINT('',#7699);
#2134=VERTEX_POINT('',#7708);
#2135=VERTEX_POINT('',#7753);
#2136=VERTEX_POINT('',#7761);
#2137=VERTEX_POINT('',#7771);
#2138=VERTEX_POINT('',#7781);
#2139=VERTEX_POINT('',#7783);
#2140=VERTEX_POINT('',#7787);
#2141=VERTEX_POINT('',#7788);
#2142=VERTEX_POINT('',#7790);
#2143=VERTEX_POINT('',#7792);
#2144=VERTEX_POINT('',#7796);
#2145=VERTEX_POINT('',#7797);
#2146=VERTEX_POINT('',#7802);
#2147=VERTEX_POINT('',#7803);
#2148=VERTEX_POINT('',#7808);
#2149=VERTEX_POINT('',#7809);
#2150=VERTEX_POINT('',#7814);
#2151=VERTEX_POINT('',#7815);
#2152=VERTEX_POINT('',#7820);
#2153=VERTEX_POINT('',#7821);
#2154=VERTEX_POINT('',#7826);
#2155=VERTEX_POINT('',#7827);
#2156=VERTEX_POINT('',#7832);
#2157=VERTEX_POINT('',#7833);
#2158=VERTEX_POINT('',#7838);
#2159=VERTEX_POINT('',#7839);
#2160=VERTEX_POINT('',#7844);
#2161=VERTEX_POINT('',#7845);
#2162=VERTEX_POINT('',#7847);
#2163=VERTEX_POINT('',#7849);
#2164=VERTEX_POINT('',#7853);
#2165=VERTEX_POINT('',#7854);
#2166=VERTEX_POINT('',#7859);
#2167=VERTEX_POINT('',#7860);
#2168=VERTEX_POINT('',#7865);
#2169=VERTEX_POINT('',#7866);
#2170=VERTEX_POINT('',#7871);
#2171=VERTEX_POINT('',#7872);
#2172=VERTEX_POINT('',#7880);
#2173=VERTEX_POINT('',#7882);
#2174=VERTEX_POINT('',#7942);
#2175=VERTEX_POINT('',#7954);
#2176=VERTEX_POINT('',#7955);
#2177=VERTEX_POINT('',#7957);
#2178=VERTEX_POINT('',#7959);
#2179=VERTEX_POINT('',#7963);
#2180=VERTEX_POINT('',#7964);
#2181=VERTEX_POINT('',#7978);
#2182=VERTEX_POINT('',#7983);
#2183=VERTEX_POINT('',#7988);
#2184=VERTEX_POINT('',#7990);
#2185=VERTEX_POINT('',#7992);
#2186=VERTEX_POINT('',#8032);
#2187=VERTEX_POINT('',#8034);
#2188=VERTEX_POINT('',#8041);
#2189=VERTEX_POINT('',#8048);
#2190=VERTEX_POINT('',#8050);
#2191=VERTEX_POINT('',#8054);
#2192=VERTEX_POINT('',#8061);
#2193=VERTEX_POINT('',#8123);
#2194=VERTEX_POINT('',#8181);
#2195=VERTEX_POINT('',#8183);
#2196=VERTEX_POINT('',#8187);
#2197=VERTEX_POINT('',#8188);
#2198=VERTEX_POINT('',#8190);
#2199=VERTEX_POINT('',#8192);
#2200=VERTEX_POINT('',#8196);
#2201=VERTEX_POINT('',#8201);
#2202=VERTEX_POINT('',#8205);
#2203=VERTEX_POINT('',#8209);
#2204=VERTEX_POINT('',#8216);
#2205=VERTEX_POINT('',#8218);
#2206=VERTEX_POINT('',#8220);
#2207=VERTEX_POINT('',#8222);
#2208=VERTEX_POINT('',#8226);
#2209=VERTEX_POINT('',#8227);
#2210=VERTEX_POINT('',#8229);
#2211=VERTEX_POINT('',#8231);
#2212=VERTEX_POINT('',#8233);
#2213=VERTEX_POINT('',#8235);
#2214=VERTEX_POINT('',#8239);
#2215=VERTEX_POINT('',#8240);
#2216=VERTEX_POINT('',#8242);
#2217=VERTEX_POINT('',#8244);
#2218=VERTEX_POINT('',#8246);
#2219=VERTEX_POINT('',#8248);
#2220=VERTEX_POINT('',#8252);
#2221=VERTEX_POINT('',#8253);
#2222=VERTEX_POINT('',#8255);
#2223=VERTEX_POINT('',#8257);
#2224=VERTEX_POINT('',#8259);
#2225=VERTEX_POINT('',#8261);
#2226=VERTEX_POINT('',#8263);
#2227=VERTEX_POINT('',#8265);
#2228=VERTEX_POINT('',#8269);
#2229=VERTEX_POINT('',#8271);
#2230=VERTEX_POINT('',#8275);
#2231=VERTEX_POINT('',#8279);
#2232=VERTEX_POINT('',#8283);
#2233=VERTEX_POINT('',#8287);
#2234=VERTEX_POINT('',#8288);
#2235=VERTEX_POINT('',#8300);
#2236=VERTEX_POINT('',#8308);
#2237=VERTEX_POINT('',#8310);
#2238=VERTEX_POINT('',#8314);
#2239=VERTEX_POINT('',#8315);
#2240=VERTEX_POINT('',#8317);
#2241=VERTEX_POINT('',#8336);
#2242=VERTEX_POINT('',#8340);
#2243=VERTEX_POINT('',#8352);
#2244=VERTEX_POINT('',#8356);
#2245=VERTEX_POINT('',#8360);
#2246=VERTEX_POINT('',#8363);
#2247=VERTEX_POINT('',#8367);
#2248=VERTEX_POINT('',#8368);
#2249=VERTEX_POINT('',#8376);
#2250=VERTEX_POINT('',#8378);
#2251=VERTEX_POINT('',#8380);
#2252=VERTEX_POINT('',#8382);
#2253=VERTEX_POINT('',#8386);
#2254=VERTEX_POINT('',#8387);
#2255=VERTEX_POINT('',#8389);
#2256=VERTEX_POINT('',#8391);
#2257=VERTEX_POINT('',#8393);
#2258=VERTEX_POINT('',#8396);
#2259=VERTEX_POINT('',#8398);
#2260=VERTEX_POINT('',#8400);
#2261=VERTEX_POINT('',#8402);
#2262=VERTEX_POINT('',#8406);
#2263=VERTEX_POINT('',#8407);
#2264=VERTEX_POINT('',#8409);
#2265=VERTEX_POINT('',#8411);
#2266=VERTEX_POINT('',#8413);
#2267=VERTEX_POINT('',#8415);
#2268=VERTEX_POINT('',#8419);
#2269=VERTEX_POINT('',#8421);
#2270=VERTEX_POINT('',#8445);
#2271=VERTEX_POINT('',#8449);
#2272=VERTEX_POINT('',#8509);
#2273=VERTEX_POINT('',#8554);
#2274=VERTEX_POINT('',#8566);
#2275=VERTEX_POINT('',#8568);
#2276=VERTEX_POINT('',#8577);
#2277=VERTEX_POINT('',#8581);
#2278=VERTEX_POINT('',#8594);
#2279=VERTEX_POINT('',#8598);
#2280=VERTEX_POINT('',#8611);
#2281=VERTEX_POINT('',#8615);
#2282=VERTEX_POINT('',#8628);
#2283=VERTEX_POINT('',#8632);
#2284=VERTEX_POINT('',#8645);
#2285=VERTEX_POINT('',#8647);
#2286=VERTEX_POINT('',#8656);
#2287=VERTEX_POINT('',#8660);
#2288=VERTEX_POINT('',#8673);
#2289=VERTEX_POINT('',#8677);
#2290=VERTEX_POINT('',#8690);
#2291=VERTEX_POINT('',#8724);
#2292=VERTEX_POINT('',#8757);
#2293=VERTEX_POINT('',#8816);
#2294=VERTEX_POINT('',#8841);
#2295=VERTEX_POINT('',#8843);
#2296=VERTEX_POINT('',#8847);
#2297=VERTEX_POINT('',#8871);
#2298=VERTEX_POINT('',#8876);
#2299=VERTEX_POINT('',#8881);
#2300=VERTEX_POINT('',#8902);
#2301=VERTEX_POINT('',#8904);
#2302=VERTEX_POINT('',#8908);
#2303=VERTEX_POINT('',#8909);
#2304=VERTEX_POINT('',#8911);
#2305=VERTEX_POINT('',#8913);
#2306=VERTEX_POINT('',#8916);
#2307=VERTEX_POINT('',#8918);
#2308=VERTEX_POINT('',#8920);
#2309=VERTEX_POINT('',#8922);
#2310=VERTEX_POINT('',#8924);
#2311=VERTEX_POINT('',#8928);
#2312=VERTEX_POINT('',#8930);
#2313=VERTEX_POINT('',#8953);
#2314=VERTEX_POINT('',#9087);
#2315=VERTEX_POINT('',#9090);
#2316=VERTEX_POINT('',#9094);
#2317=VERTEX_POINT('',#9098);
#2318=VERTEX_POINT('',#9099);
#2319=VERTEX_POINT('',#9101);
#2320=VERTEX_POINT('',#9103);
#2321=VERTEX_POINT('',#9105);
#2322=VERTEX_POINT('',#9107);
#2323=VERTEX_POINT('',#9111);
#2324=VERTEX_POINT('',#9112);
#2325=VERTEX_POINT('',#9114);
#2326=VERTEX_POINT('',#9116);
#2327=VERTEX_POINT('',#9118);
#2328=VERTEX_POINT('',#9120);
#2329=VERTEX_POINT('',#9124);
#2330=VERTEX_POINT('',#9125);
#2331=VERTEX_POINT('',#9127);
#2332=VERTEX_POINT('',#9129);
#2333=VERTEX_POINT('',#9131);
#2334=VERTEX_POINT('',#9133);
#2335=VERTEX_POINT('',#9137);
#2336=VERTEX_POINT('',#9139);
#2337=VERTEX_POINT('',#9148);
#2338=VERTEX_POINT('',#9152);
#2339=VERTEX_POINT('',#9161);
#2340=VERTEX_POINT('',#9165);
#2341=VERTEX_POINT('',#9178);
#2342=VERTEX_POINT('',#9182);
#2343=VERTEX_POINT('',#9197);
#2344=VERTEX_POINT('',#9199);
#2345=VERTEX_POINT('',#9214);
#2346=VERTEX_POINT('',#9218);
#2347=VERTEX_POINT('',#9231);
#2348=VERTEX_POINT('',#9235);
#2349=VERTEX_POINT('',#9250);
#2350=VERTEX_POINT('',#9252);
#2351=VERTEX_POINT('',#9267);
#2352=VERTEX_POINT('',#9271);
#2353=VERTEX_POINT('',#9284);
#2354=VERTEX_POINT('',#9288);
#2355=VERTEX_POINT('',#9351);
#2356=VERTEX_POINT('',#9391);
#2357=VERTEX_POINT('',#9402);
#2358=VERTEX_POINT('',#9404);
#2359=VERTEX_POINT('',#9408);
#2360=VERTEX_POINT('',#9423);
#2361=VERTEX_POINT('',#9427);
#2362=VERTEX_POINT('',#9429);
#2363=VERTEX_POINT('',#9433);
#2364=VERTEX_POINT('',#9435);
#2365=VERTEX_POINT('',#9439);
#2366=VERTEX_POINT('',#9456);
#2367=VERTEX_POINT('',#9460);
#2368=VERTEX_POINT('',#9462);
#2369=VERTEX_POINT('',#9466);
#2370=VERTEX_POINT('',#9484);
#2371=VERTEX_POINT('',#9488);
#2372=VERTEX_POINT('',#9490);
#2373=VERTEX_POINT('',#9501);
#2374=VERTEX_POINT('',#9519);
#2375=VERTEX_POINT('',#9528);
#2376=VERTEX_POINT('',#9532);
#2377=VERTEX_POINT('',#9533);
#2378=VERTEX_POINT('',#9535);
#2379=VERTEX_POINT('',#9583);
#2380=VERTEX_POINT('',#9600);
#2381=VERTEX_POINT('',#9614);
#2382=VERTEX_POINT('',#9644);
#2383=EDGE_CURVE('',#1910,#1911,#1088,.T.);
#2384=EDGE_CURVE('',#1910,#1912,#1089,.T.);
#2385=EDGE_CURVE('',#1912,#1913,#1090,.T.);
#2386=EDGE_CURVE('',#1913,#1914,#1091,.T.);
#2387=EDGE_CURVE('',#1911,#1914,#1092,.T.);
#2388=EDGE_CURVE('',#1915,#1916,#1093,.T.);
#2389=EDGE_CURVE('',#1914,#1915,#1094,.T.);
#2390=EDGE_CURVE('',#1916,#1913,#305,.T.);
#2391=EDGE_CURVE('',#1917,#1918,#1095,.T.);
#2392=EDGE_CURVE('',#1919,#1917,#1096,.T.);
#2393=EDGE_CURVE('',#1919,#1915,#1097,.T.);
#2394=EDGE_CURVE('',#1916,#1920,#1098,.T.);
#2395=EDGE_CURVE('',#1918,#1920,#1099,.T.);
#2396=EDGE_CURVE('',#1921,#1916,#306,.T.);
#2397=EDGE_CURVE('',#1920,#1921,#1100,.T.);
#2398=EDGE_CURVE('',#1921,#1912,#1101,.T.);
#2399=EDGE_CURVE('',#1913,#1921,#307,.T.);
#2400=EDGE_CURVE('',#1922,#1923,#308,.T.);
#2401=EDGE_CURVE('',#1924,#1922,#1102,.T.);
#2402=EDGE_CURVE('',#1925,#1924,#1103,.T.);
#2403=EDGE_CURVE('',#1926,#1925,#1104,.T.);
#2404=EDGE_CURVE('',#1923,#1926,#309,.T.);
#2405=EDGE_CURVE('',#1926,#1927,#310,.T.);
#2406=EDGE_CURVE('',#1928,#1926,#1105,.T.);
#2407=EDGE_CURVE('',#1927,#1928,#1106,.T.);
#2408=EDGE_CURVE('',#1927,#1922,#311,.T.);
#2409=EDGE_CURVE('',#1929,#1927,#1107,.T.);
#2410=EDGE_CURVE('',#1922,#1929,#1108,.T.);
#2411=EDGE_CURVE('',#1930,#1931,#1109,.T.);
#2412=EDGE_CURVE('',#1930,#1928,#1110,.T.);
#2413=EDGE_CURVE('',#1925,#1931,#1111,.T.);
#2414=EDGE_CURVE('',#1932,#1933,#1112,.T.);
#2415=EDGE_CURVE('',#1924,#1932,#1113,.T.);
#2416=EDGE_CURVE('',#1933,#1929,#1114,.T.);
#2417=EDGE_CURVE('',#1934,#1918,#1115,.T.);
#2418=EDGE_CURVE('',#1935,#1934,#1116,.T.);
#2419=EDGE_CURVE('',#1930,#1935,#1117,.T.);
#2420=EDGE_CURVE('',#1936,#1931,#312,.T.);
#2421=EDGE_CURVE('',#1937,#1936,#1118,.T.);
#2422=EDGE_CURVE('',#1919,#1937,#1119,.T.);
#2423=EDGE_CURVE('',#1938,#1911,#1120,.T.);
#2424=EDGE_CURVE('',#1939,#1938,#1121,.T.);
#2425=EDGE_CURVE('',#1932,#1939,#313,.T.);
#2426=EDGE_CURVE('',#1940,#1933,#1122,.T.);
#2427=EDGE_CURVE('',#1941,#1940,#1123,.T.);
#2428=EDGE_CURVE('',#1910,#1941,#1124,.T.);
#2429=EDGE_CURVE('',#1942,#1935,#1125,.T.);
#2430=EDGE_CURVE('',#1943,#1942,#1126,.T.);
#2431=EDGE_CURVE('',#1943,#1940,#1127,.T.);
#2432=EDGE_CURVE('',#1944,#1924,#1128,.T.);
#2433=EDGE_CURVE('',#1945,#1944,#1129,.T.);
#2434=EDGE_CURVE('',#1946,#1945,#302,.T.);
#2435=EDGE_CURVE('',#1947,#1946,#303,.T.);
#2436=EDGE_CURVE('',#1948,#1947,#1130,.T.);
#2437=EDGE_CURVE('',#1948,#1925,#1131,.T.);
#2438=EDGE_CURVE('',#1949,#1941,#1132,.T.);
#2439=EDGE_CURVE('',#1949,#1950,#1133,.T.);
#2440=EDGE_CURVE('',#1950,#1934,#1134,.T.);
#2441=EDGE_CURVE('',#1951,#1939,#1135,.T.);
#2442=EDGE_CURVE('',#1944,#1951,#314,.T.);
#2443=EDGE_CURVE('',#1952,#1938,#1136,.T.);
#2444=EDGE_CURVE('',#1951,#1952,#1137,.T.);
#2445=EDGE_CURVE('',#1953,#1937,#1138,.T.);
#2446=EDGE_CURVE('',#1954,#1953,#1139,.T.);
#2447=EDGE_CURVE('',#1955,#1954,#304,.T.);
#2448=EDGE_CURVE('',#1952,#1955,#1140,.T.);
#2449=EDGE_CURVE('',#1942,#1956,#1141,.T.);
#2450=EDGE_CURVE('',#1957,#1956,#315,.T.);
#2451=EDGE_CURVE('',#1957,#1958,#1142,.T.);
#2452=EDGE_CURVE('',#1959,#1958,#316,.T.);
#2453=EDGE_CURVE('',#1959,#1943,#1143,.T.);
#2454=EDGE_CURVE('',#1949,#1960,#1144,.T.);
#2455=EDGE_CURVE('',#1961,#1960,#317,.T.);
#2456=EDGE_CURVE('',#1961,#1962,#1145,.T.);
#2457=EDGE_CURVE('',#1963,#1962,#318,.T.);
#2458=EDGE_CURVE('',#1963,#1950,#1146,.T.);
#2459=EDGE_CURVE('',#1964,#1964,#319,.T.);
#2460=EDGE_CURVE('',#1964,#1923,#1147,.T.);
#2461=EDGE_CURVE('',#1965,#1966,#320,.T.);
#2462=EDGE_CURVE('',#1966,#1967,#1148,.T.);
#2463=EDGE_CURVE('',#1968,#1967,#1149,.T.);
#2464=EDGE_CURVE('',#1968,#1969,#321,.F.);
#2465=EDGE_CURVE('',#1969,#1970,#1150,.T.);
#2466=EDGE_CURVE('',#1971,#1970,#322,.T.);
#2467=EDGE_CURVE('',#1971,#1972,#1151,.T.);
#2468=EDGE_CURVE('',#1972,#1973,#323,.F.);
#2469=EDGE_CURVE('',#1973,#1974,#1152,.T.);
#2470=EDGE_CURVE('',#1975,#1974,#324,.T.);
#2471=EDGE_CURVE('',#1975,#1976,#1153,.T.);
#2472=EDGE_CURVE('',#1976,#1977,#1154,.T.);
#2473=EDGE_CURVE('',#1978,#1977,#325,.T.);
#2474=EDGE_CURVE('',#1978,#1979,#326,.F.);
#2475=EDGE_CURVE('',#1980,#1979,#1155,.T.);
#2476=EDGE_CURVE('',#1981,#1980,#1156,.T.);
#2477=EDGE_CURVE('',#1982,#1981,#1157,.T.);
#2478=EDGE_CURVE('',#1982,#1983,#1158,.T.);
#2479=EDGE_CURVE('',#1983,#1984,#327,.F.);
#2480=EDGE_CURVE('',#1985,#1984,#1159,.T.);
#2481=EDGE_CURVE('',#1986,#1985,#328,.T.);
#2482=EDGE_CURVE('',#1986,#1987,#1160,.T.);
#2483=EDGE_CURVE('',#1988,#1987,#329,.T.);
#2484=EDGE_CURVE('',#1988,#1989,#1161,.T.);
#2485=EDGE_CURVE('',#1990,#1989,#330,.T.);
#2486=EDGE_CURVE('',#1990,#1991,#1162,.T.);
#2487=EDGE_CURVE('',#1992,#1991,#331,.T.);
#2488=EDGE_CURVE('',#1992,#1993,#1163,.T.);
#2489=EDGE_CURVE('',#1993,#1994,#332,.F.);
#2490=EDGE_CURVE('',#1994,#1995,#1164,.T.);
#2491=EDGE_CURVE('',#1996,#1995,#333,.T.);
#2492=EDGE_CURVE('',#1996,#1997,#1165,.T.);
#2493=EDGE_CURVE('',#1997,#1998,#334,.T.);
#2494=EDGE_CURVE('',#1999,#1998,#1166,.T.);
#2495=EDGE_CURVE('',#1999,#2000,#335,.F.);
#2496=EDGE_CURVE('',#2000,#2001,#1167,.T.);
#2497=EDGE_CURVE('',#2002,#2001,#336,.T.);
#2498=EDGE_CURVE('',#2003,#2002,#337,.T.);
#2499=EDGE_CURVE('',#2004,#2003,#338,.T.);
#2500=EDGE_CURVE('',#2004,#1965,#1168,.T.);
#2501=EDGE_CURVE('',#1954,#2005,#339,.T.);
#2502=EDGE_CURVE('',#1953,#2006,#1169,.T.);
#2503=EDGE_CURVE('',#2006,#1948,#340,.T.);
#2504=EDGE_CURVE('',#1945,#1947,#341,.T.);
#2505=EDGE_CURVE('',#2005,#1955,#342,.T.);
#2506=EDGE_CURVE('',#2007,#2007,#343,.T.);
#2507=EDGE_CURVE('',#2008,#2009,#1170,.T.);
#2508=EDGE_CURVE('',#2010,#2008,#1171,.T.);
#2509=EDGE_CURVE('',#2011,#2010,#1172,.T.);
#2510=EDGE_CURVE('',#2012,#2011,#1173,.T.);
#2511=EDGE_CURVE('',#2013,#2012,#1174,.T.);
#2512=EDGE_CURVE('',#2009,#2013,#1175,.T.);
#2513=EDGE_CURVE('',#2014,#2015,#1176,.T.);
#2514=EDGE_CURVE('',#2016,#2014,#1177,.T.);
#2515=EDGE_CURVE('',#2017,#2016,#1178,.T.);
#2516=EDGE_CURVE('',#2015,#2017,#1179,.T.);
#2517=EDGE_CURVE('',#2018,#2018,#344,.T.);
#2518=EDGE_CURVE('',#2019,#2020,#1180,.T.);
#2519=EDGE_CURVE('',#2019,#2011,#1181,.T.);
#2520=EDGE_CURVE('',#2020,#2010,#1182,.T.);
#2521=EDGE_CURVE('',#2021,#2019,#1183,.T.);
#2522=EDGE_CURVE('',#2021,#2012,#1184,.T.);
#2523=EDGE_CURVE('',#2022,#2021,#1185,.T.);
#2524=EDGE_CURVE('',#2022,#2013,#1186,.T.);
#2525=EDGE_CURVE('',#2023,#2022,#1187,.T.);
#2526=EDGE_CURVE('',#2023,#2009,#1188,.T.);
#2527=EDGE_CURVE('',#2024,#2023,#1189,.T.);
#2528=EDGE_CURVE('',#2024,#2008,#1190,.T.);
#2529=EDGE_CURVE('',#2020,#2024,#1191,.T.);
#2530=EDGE_CURVE('',#2025,#2025,#345,.T.);
#2531=EDGE_CURVE('',#2025,#2026,#1192,.T.);
#2532=EDGE_CURVE('',#2026,#2026,#346,.T.);
#2533=EDGE_CURVE('',#2027,#2027,#347,.T.);
#2534=EDGE_CURVE('',#2027,#2028,#1193,.T.);
#2535=EDGE_CURVE('',#2028,#2028,#348,.T.);
#2536=EDGE_CURVE('',#2029,#2014,#151,.T.);
#2537=EDGE_CURVE('',#2030,#2029,#1194,.T.);
#2538=EDGE_CURVE('',#2016,#2030,#152,.T.);
#2539=EDGE_CURVE('',#2031,#2017,#153,.T.);
#2540=EDGE_CURVE('',#2031,#2030,#1195,.T.);
#2541=EDGE_CURVE('',#2015,#2032,#154,.T.);
#2542=EDGE_CURVE('',#2032,#2031,#1196,.T.);
#2543=EDGE_CURVE('',#2032,#2029,#1197,.T.);
#2544=EDGE_CURVE('',#2033,#2033,#349,.T.);
#2545=EDGE_CURVE('',#2033,#2018,#1198,.T.);
#2546=EDGE_CURVE('',#2034,#2035,#1199,.T.);
#2547=EDGE_CURVE('',#2034,#2036,#1200,.T.);
#2548=EDGE_CURVE('',#2037,#2036,#1201,.T.);
#2549=EDGE_CURVE('',#2037,#2035,#1202,.T.);
#2550=EDGE_CURVE('',#2038,#2038,#350,.T.);
#2551=EDGE_CURVE('',#2039,#2037,#351,.T.);
#2552=EDGE_CURVE('',#2039,#2040,#1203,.T.);
#2553=EDGE_CURVE('',#2035,#2040,#352,.T.);
#2554=EDGE_CURVE('',#2041,#2041,#353,.T.);
#2555=EDGE_CURVE('',#2042,#2043,#354,.T.);
#2556=EDGE_CURVE('',#2044,#2043,#1204,.T.);
#2557=EDGE_CURVE('',#2045,#2044,#355,.T.);
#2558=EDGE_CURVE('',#2045,#2042,#1205,.T.);
#2559=EDGE_CURVE('',#2046,#2046,#356,.T.);
#2560=EDGE_CURVE('',#2047,#2048,#357,.T.);
#2561=EDGE_CURVE('',#2043,#2047,#358,.T.);
#2562=EDGE_CURVE('',#2042,#2048,#51,.T.);
#2563=EDGE_CURVE('',#2049,#2050,#1206,.T.);
#2564=EDGE_CURVE('',#2044,#2049,#1207,.T.);
#2565=EDGE_CURVE('',#2043,#2050,#1208,.T.);
#2566=EDGE_CURVE('',#2051,#2052,#359,.T.);
#2567=EDGE_CURVE('',#2051,#2053,#1209,.T.);
#2568=EDGE_CURVE('',#2053,#2054,#360,.T.);
#2569=EDGE_CURVE('',#2054,#2052,#1210,.T.);
#2570=EDGE_CURVE('',#2055,#2056,#1211,.T.);
#2571=EDGE_CURVE('',#2052,#2055,#1212,.T.);
#2572=EDGE_CURVE('',#2056,#2054,#1213,.T.);
#2573=EDGE_CURVE('',#2057,#2058,#1214,.T.);
#2574=EDGE_CURVE('',#2058,#2059,#361,.T.);
#2575=EDGE_CURVE('',#2050,#2059,#1215,.T.);
#2576=EDGE_CURVE('',#2050,#2057,#362,.T.);
#2577=EDGE_CURVE('',#2059,#2060,#1216,.T.);
#2578=EDGE_CURVE('',#2049,#2060,#1217,.T.);
#2579=EDGE_CURVE('',#2060,#2061,#363,.T.);
#2580=EDGE_CURVE('',#2062,#2061,#1218,.T.);
#2581=EDGE_CURVE('',#2062,#2049,#364,.T.);
#2582=EDGE_CURVE('',#2063,#2055,#155,.T.);
#2583=EDGE_CURVE('',#2063,#2064,#1219,.T.);
#2584=EDGE_CURVE('',#2064,#2052,#1220,.T.);
#2585=EDGE_CURVE('',#2064,#2065,#365,.T.);
#2586=EDGE_CURVE('',#2051,#2065,#1221,.T.);
#2587=EDGE_CURVE('',#2065,#2066,#1222,.T.);
#2588=EDGE_CURVE('',#2067,#2066,#1223,.T.);
#2589=EDGE_CURVE('',#2067,#2051,#1224,.T.);
#2590=EDGE_CURVE('',#2066,#2068,#366,.T.);
#2591=EDGE_CURVE('',#2069,#2068,#1225,.T.);
#2592=EDGE_CURVE('',#2069,#2067,#367,.T.);
#2593=EDGE_CURVE('',#2068,#2070,#1226,.T.);
#2594=EDGE_CURVE('',#2071,#2070,#1227,.T.);
#2595=EDGE_CURVE('',#2071,#2069,#1228,.T.);
#2596=EDGE_CURVE('',#2070,#2072,#368,.T.);
#2597=EDGE_CURVE('',#2040,#2072,#1229,.T.);
#2598=EDGE_CURVE('',#2040,#2071,#369,.T.);
#2599=EDGE_CURVE('',#2072,#2073,#370,.T.);
#2600=EDGE_CURVE('',#2035,#2073,#1230,.T.);
#2601=EDGE_CURVE('',#2073,#2074,#1231,.T.);
#2602=EDGE_CURVE('',#2034,#2074,#1232,.T.);
#2603=EDGE_CURVE('',#2074,#2075,#371,.T.);
#2604=EDGE_CURVE('',#2076,#2075,#1233,.T.);
#2605=EDGE_CURVE('',#2076,#2034,#372,.T.);
#2606=EDGE_CURVE('',#2077,#2078,#1234,.T.);
#2607=EDGE_CURVE('',#2077,#2079,#373,.T.);
#2608=EDGE_CURVE('',#2079,#2080,#1235,.T.);
#2609=EDGE_CURVE('',#2080,#2078,#374,.T.);
#2610=EDGE_CURVE('',#2081,#2081,#375,.T.);
#2611=EDGE_CURVE('',#2081,#2082,#1236,.T.);
#2612=EDGE_CURVE('',#2082,#2082,#376,.T.);
#2613=EDGE_CURVE('',#2083,#2083,#377,.T.);
#2614=EDGE_CURVE('',#2083,#2084,#1237,.T.);
#2615=EDGE_CURVE('',#2084,#2085,#378,.T.);
#2616=EDGE_CURVE('',#2085,#2084,#379,.T.);
#2617=EDGE_CURVE('',#2086,#2087,#1238,.T.);
#2618=EDGE_CURVE('',#2086,#2088,#380,.T.);
#2619=EDGE_CURVE('',#2088,#2089,#1239,.T.);
#2620=EDGE_CURVE('',#2089,#2087,#381,.T.);
#2621=EDGE_CURVE('',#2088,#2090,#1240,.T.);
#2622=EDGE_CURVE('',#2090,#2091,#1241,.T.);
#2623=EDGE_CURVE('',#2091,#2089,#1242,.T.);
#2624=EDGE_CURVE('',#2090,#2092,#382,.T.);
#2625=EDGE_CURVE('',#2092,#2093,#1243,.T.);
#2626=EDGE_CURVE('',#2093,#2091,#383,.T.);
#2627=EDGE_CURVE('',#2092,#2094,#1244,.T.);
#2628=EDGE_CURVE('',#2095,#2094,#1245,.T.);
#2629=EDGE_CURVE('',#2095,#2093,#1246,.T.);
#2630=EDGE_CURVE('',#2094,#2096,#384,.T.);
#2631=EDGE_CURVE('',#2097,#2096,#1247,.T.);
#2632=EDGE_CURVE('',#2097,#2095,#385,.T.);
#2633=EDGE_CURVE('',#2096,#2098,#1248,.T.);
#2634=EDGE_CURVE('',#2099,#2098,#1249,.T.);
#2635=EDGE_CURVE('',#2099,#2097,#1250,.T.);
#2636=EDGE_CURVE('',#2098,#2100,#386,.T.);
#2637=EDGE_CURVE('',#2101,#2100,#1251,.T.);
#2638=EDGE_CURVE('',#2101,#2099,#387,.T.);
#2639=EDGE_CURVE('',#2100,#2086,#1252,.T.);
#2640=EDGE_CURVE('',#2087,#2101,#1253,.T.);
#2641=EDGE_CURVE('',#2102,#2103,#156,.T.);
#2642=EDGE_CURVE('',#2102,#2077,#1254,.T.);
#2643=EDGE_CURVE('',#2078,#2103,#1255,.T.);
#2644=EDGE_CURVE('',#2104,#2102,#1256,.T.);
#2645=EDGE_CURVE('',#2105,#2104,#1257,.T.);
#2646=EDGE_CURVE('',#2077,#2105,#1258,.T.);
#2647=EDGE_CURVE('',#2106,#2107,#1259,.T.);
#2648=EDGE_CURVE('',#2108,#2106,#1260,.T.);
#2649=EDGE_CURVE('',#2109,#2108,#1261,.T.);
#2650=EDGE_CURVE('',#2109,#2107,#1262,.T.);
#2651=EDGE_CURVE('',#2076,#2110,#1263,.T.);
#2652=EDGE_CURVE('',#2036,#2110,#388,.T.);
#2653=EDGE_CURVE('',#2111,#2109,#157,.T.);
#2654=EDGE_CURVE('',#2108,#2112,#389,.T.);
#2655=EDGE_CURVE('',#2112,#2111,#1264,.T.);
#2656=EDGE_CURVE('',#2105,#2113,#158,.F.);
#2657=EDGE_CURVE('',#2113,#2079,#1265,.T.);
#2658=EDGE_CURVE('',#2075,#2080,#1266,.T.);
#2659=EDGE_CURVE('',#2079,#2076,#1267,.T.);
#2660=EDGE_CURVE('',#2110,#2114,#390,.T.);
#2661=EDGE_CURVE('',#2114,#2115,#391,.T.);
#2662=EDGE_CURVE('',#2036,#2115,#392,.T.);
#2663=EDGE_CURVE('',#2115,#2116,#1268,.T.);
#2664=EDGE_CURVE('',#2037,#2116,#393,.T.);
#2665=EDGE_CURVE('',#2116,#2117,#394,.T.);
#2666=EDGE_CURVE('',#2039,#2117,#395,.T.);
#2667=EDGE_CURVE('',#2117,#2118,#396,.T.);
#2668=EDGE_CURVE('',#2119,#2118,#397,.T.);
#2669=EDGE_CURVE('',#2119,#2039,#398,.T.);
#2670=EDGE_CURVE('',#2120,#2120,#399,.T.);
#2671=EDGE_CURVE('',#2120,#2085,#1269,.T.);
#2672=EDGE_CURVE('',#2121,#2121,#400,.T.);
#2673=EDGE_CURVE('',#2121,#2082,#1270,.T.);
#2674=EDGE_CURVE('',#2122,#2123,#401,.T.);
#2675=EDGE_CURVE('',#2123,#2114,#1271,.T.);
#2676=EDGE_CURVE('',#2110,#2122,#1272,.T.);
#2677=EDGE_CURVE('',#2124,#2125,#402,.T.);
#2678=EDGE_CURVE('',#2125,#2126,#403,.T.);
#2679=EDGE_CURVE('',#2127,#2126,#404,.T.);
#2680=EDGE_CURVE('',#2127,#2124,#405,.T.);
#2681=EDGE_CURVE('',#2128,#2129,#406,.T.);
#2682=EDGE_CURVE('',#2129,#2125,#1273,.T.);
#2683=EDGE_CURVE('',#2124,#2128,#1274,.T.);
#2684=EDGE_CURVE('',#2038,#2130,#1275,.T.);
#2685=EDGE_CURVE('',#2130,#2130,#407,.T.);
#2686=EDGE_CURVE('',#1961,#2093,#1276,.T.);
#2687=EDGE_CURVE('',#1960,#2091,#1277,.T.);
#2688=EDGE_CURVE('',#1959,#2089,#1278,.T.);
#2689=EDGE_CURVE('',#1958,#2087,#1279,.T.);
#2690=EDGE_CURVE('',#1957,#2101,#1280,.T.);
#2691=EDGE_CURVE('',#1956,#2099,#1281,.T.);
#2692=EDGE_CURVE('',#1963,#2097,#1282,.T.);
#2693=EDGE_CURVE('',#1962,#2095,#1283,.T.);
#2694=EDGE_CURVE('',#2128,#2119,#408,.T.);
#2695=EDGE_CURVE('',#2118,#2129,#409,.T.);
#2696=EDGE_CURVE('',#2119,#2131,#1284,.T.);
#2697=EDGE_CURVE('',#2132,#2131,#52,.T.);
#2698=EDGE_CURVE('',#2132,#2071,#1285,.T.);
#2699=EDGE_CURVE('',#2131,#2133,#410,.T.);
#2700=EDGE_CURVE('',#2133,#2132,#53,.T.);
#2701=EDGE_CURVE('',#2134,#2132,#1286,.T.);
#2702=EDGE_CURVE('',#2069,#2134,#1287,.T.);
#2703=EDGE_CURVE('',#2131,#2135,#54,.T.);
#2704=EDGE_CURVE('',#2135,#2136,#411,.T.);
#2705=EDGE_CURVE('',#2136,#2133,#55,.T.);
#2706=EDGE_CURVE('',#2137,#2134,#56,.T.);
#2707=EDGE_CURVE('',#2067,#2137,#1288,.T.);
#2708=EDGE_CURVE('',#2138,#2137,#412,.T.);
#2709=EDGE_CURVE('',#2139,#2138,#1289,.T.);
#2710=EDGE_CURVE('',#2053,#2139,#1290,.T.);
#2711=EDGE_CURVE('',#2140,#2141,#1291,.T.);
#2712=EDGE_CURVE('',#2141,#2142,#413,.T.);
#2713=EDGE_CURVE('',#2143,#2142,#1292,.T.);
#2714=EDGE_CURVE('',#2143,#2140,#414,.T.);
#2715=EDGE_CURVE('',#2144,#2145,#1293,.T.);
#2716=EDGE_CURVE('',#2145,#2141,#1294,.T.);
#2717=EDGE_CURVE('',#2140,#2144,#1295,.T.);
#2718=EDGE_CURVE('',#2146,#2147,#1296,.T.);
#2719=EDGE_CURVE('',#2147,#2145,#415,.T.);
#2720=EDGE_CURVE('',#2144,#2146,#416,.T.);
#2721=EDGE_CURVE('',#2148,#2149,#1297,.T.);
#2722=EDGE_CURVE('',#2149,#2147,#1298,.T.);
#2723=EDGE_CURVE('',#2146,#2148,#1299,.T.);
#2724=EDGE_CURVE('',#2150,#2151,#1300,.T.);
#2725=EDGE_CURVE('',#2150,#2149,#417,.T.);
#2726=EDGE_CURVE('',#2148,#2151,#418,.T.);
#2727=EDGE_CURVE('',#2152,#2153,#1301,.T.);
#2728=EDGE_CURVE('',#2153,#2150,#1302,.T.);
#2729=EDGE_CURVE('',#2151,#2152,#1303,.T.);
#2730=EDGE_CURVE('',#2154,#2155,#1304,.T.);
#2731=EDGE_CURVE('',#2155,#2153,#419,.T.);
#2732=EDGE_CURVE('',#2152,#2154,#420,.T.);
#2733=EDGE_CURVE('',#2156,#2157,#1305,.T.);
#2734=EDGE_CURVE('',#2157,#2155,#1306,.T.);
#2735=EDGE_CURVE('',#2154,#2156,#1307,.T.);
#2736=EDGE_CURVE('',#2158,#2159,#1308,.T.);
#2737=EDGE_CURVE('',#2159,#2157,#421,.T.);
#2738=EDGE_CURVE('',#2156,#2158,#422,.T.);
#2739=EDGE_CURVE('',#2160,#2161,#1309,.T.);
#2740=EDGE_CURVE('',#2161,#2162,#423,.T.);
#2741=EDGE_CURVE('',#2163,#2162,#1310,.T.);
#2742=EDGE_CURVE('',#2163,#2160,#424,.T.);
#2743=EDGE_CURVE('',#2164,#2165,#1311,.T.);
#2744=EDGE_CURVE('',#2165,#2161,#1312,.T.);
#2745=EDGE_CURVE('',#2160,#2164,#1313,.T.);
#2746=EDGE_CURVE('',#2166,#2167,#1314,.T.);
#2747=EDGE_CURVE('',#2166,#2165,#425,.T.);
#2748=EDGE_CURVE('',#2164,#2167,#426,.T.);
#2749=EDGE_CURVE('',#2168,#2169,#1315,.T.);
#2750=EDGE_CURVE('',#2169,#2166,#1316,.T.);
#2751=EDGE_CURVE('',#2167,#2168,#1317,.T.);
#2752=EDGE_CURVE('',#2170,#2171,#1318,.T.);
#2753=EDGE_CURVE('',#2171,#2169,#427,.T.);
#2754=EDGE_CURVE('',#2168,#2170,#428,.T.);
#2755=EDGE_CURVE('',#2061,#2171,#1319,.T.);
#2756=EDGE_CURVE('',#2170,#2062,#1320,.T.);
#2757=EDGE_CURVE('',#2172,#2062,#1321,.T.);
#2758=EDGE_CURVE('',#2173,#2172,#57,.T.);
#2759=EDGE_CURVE('',#2173,#2044,#429,.T.);
#2760=EDGE_CURVE('',#2174,#2173,#430,.T.);
#2761=EDGE_CURVE('',#2174,#2045,#58,.T.);
#2762=EDGE_CURVE('',#2175,#2176,#159,.T.);
#2763=EDGE_CURVE('',#2177,#2175,#1322,.T.);
#2764=EDGE_CURVE('',#2177,#2178,#431,.T.);
#2765=EDGE_CURVE('',#2178,#2176,#1323,.T.);
#2766=EDGE_CURVE('',#2179,#2180,#59,.T.);
#2767=EDGE_CURVE('',#2048,#2179,#60,.T.);
#2768=EDGE_CURVE('',#2181,#2174,#61,.T.);
#2769=EDGE_CURVE('',#2182,#2181,#62,.T.);
#2770=EDGE_CURVE('',#2183,#2182,#160,.T.);
#2771=EDGE_CURVE('',#2184,#2183,#161,.T.);
#2772=EDGE_CURVE('',#2185,#2184,#63,.T.);
#2773=EDGE_CURVE('',#2185,#2041,#1324,.T.);
#2774=EDGE_CURVE('',#2180,#2185,#64,.T.);
#2775=EDGE_CURVE('',#2180,#2186,#432,.T.);
#2776=EDGE_CURVE('',#2186,#2187,#65,.T.);
#2777=EDGE_CURVE('',#2187,#2179,#433,.T.);
#2778=EDGE_CURVE('',#2188,#2188,#434,.T.);
#2779=EDGE_CURVE('',#2188,#2046,#1325,.T.);
#2780=EDGE_CURVE('',#2142,#2159,#1326,.T.);
#2781=EDGE_CURVE('',#2158,#2143,#1327,.T.);
#2782=EDGE_CURVE('',#2189,#2139,#435,.T.);
#2783=EDGE_CURVE('',#2190,#2138,#436,.T.);
#2784=EDGE_CURVE('',#2190,#2189,#1328,.T.);
#2785=EDGE_CURVE('',#2191,#2187,#66,.T.);
#2786=EDGE_CURVE('',#2192,#2191,#1329,.T.);
#2787=EDGE_CURVE('',#2187,#2192,#67,.T.);
#2788=EDGE_CURVE('',#2192,#2193,#68,.T.);
#2789=EDGE_CURVE('',#2193,#2047,#69,.T.);
#2790=EDGE_CURVE('',#2057,#2193,#1330,.T.);
#2791=EDGE_CURVE('',#2162,#2058,#1331,.T.);
#2792=EDGE_CURVE('',#2057,#2163,#1332,.T.);
#2793=EDGE_CURVE('',#2107,#2194,#162,.T.);
#2794=EDGE_CURVE('',#2194,#2195,#1333,.T.);
#2795=EDGE_CURVE('',#2195,#2106,#437,.T.);
#2796=EDGE_CURVE('',#2196,#2197,#438,.T.);
#2797=EDGE_CURVE('',#2197,#2198,#1334,.T.);
#2798=EDGE_CURVE('',#2198,#2199,#439,.T.);
#2799=EDGE_CURVE('',#2199,#2196,#1335,.T.);
#2800=EDGE_CURVE('',#2196,#2200,#1336,.T.);
#2801=EDGE_CURVE('',#2056,#2200,#440,.T.);
#2802=EDGE_CURVE('',#2189,#2197,#1337,.T.);
#2803=EDGE_CURVE('',#2200,#2201,#1338,.T.);
#2804=EDGE_CURVE('',#2201,#2063,#441,.T.);
#2805=EDGE_CURVE('',#2103,#2202,#442,.T.);
#2806=EDGE_CURVE('',#2202,#2201,#1339,.T.);
#2807=EDGE_CURVE('',#2202,#2203,#1340,.T.);
#2808=EDGE_CURVE('',#2203,#2104,#163,.F.);
#2809=EDGE_CURVE('',#2113,#2111,#1341,.T.);
#2810=EDGE_CURVE('',#2203,#2194,#1342,.T.);
#2811=EDGE_CURVE('',#2195,#2204,#1343,.T.);
#2812=EDGE_CURVE('',#2205,#2204,#443,.T.);
#2813=EDGE_CURVE('',#2205,#2206,#1344,.T.);
#2814=EDGE_CURVE('',#2207,#2206,#444,.T.);
#2815=EDGE_CURVE('',#2207,#2112,#1345,.T.);
#2816=EDGE_CURVE('',#2208,#2209,#445,.T.);
#2817=EDGE_CURVE('',#2210,#2208,#1346,.T.);
#2818=EDGE_CURVE('',#2211,#2210,#446,.T.);
#2819=EDGE_CURVE('',#2212,#2211,#1347,.T.);
#2820=EDGE_CURVE('',#2213,#2212,#447,.T.);
#2821=EDGE_CURVE('',#2209,#2213,#1348,.T.);
#2822=EDGE_CURVE('',#2214,#2215,#448,.T.);
#2823=EDGE_CURVE('',#2216,#2214,#1349,.T.);
#2824=EDGE_CURVE('',#2217,#2216,#449,.T.);
#2825=EDGE_CURVE('',#2218,#2217,#1350,.T.);
#2826=EDGE_CURVE('',#2219,#2218,#450,.T.);
#2827=EDGE_CURVE('',#2215,#2219,#1351,.T.);
#2828=EDGE_CURVE('',#2220,#2221,#1352,.T.);
#2829=EDGE_CURVE('',#2222,#2220,#451,.T.);
#2830=EDGE_CURVE('',#2223,#2222,#1353,.T.);
#2831=EDGE_CURVE('',#2224,#2223,#452,.T.);
#2832=EDGE_CURVE('',#2225,#2224,#1354,.T.);
#2833=EDGE_CURVE('',#2226,#2225,#453,.T.);
#2834=EDGE_CURVE('',#2227,#2226,#1355,.T.);
#2835=EDGE_CURVE('',#2221,#2227,#454,.T.);
#2836=EDGE_CURVE('',#2228,#2207,#1356,.T.);
#2837=EDGE_CURVE('',#2229,#2228,#455,.T.);
#2838=EDGE_CURVE('',#2122,#2229,#456,.T.);
#2839=EDGE_CURVE('',#2206,#2230,#1357,.T.);
#2840=EDGE_CURVE('',#2228,#2230,#457,.T.);
#2841=EDGE_CURVE('',#2231,#2123,#1358,.T.);
#2842=EDGE_CURVE('',#2126,#2231,#1359,.T.);
#2843=EDGE_CURVE('',#2229,#2232,#458,.T.);
#2844=EDGE_CURVE('',#2232,#2123,#459,.T.);
#2845=EDGE_CURVE('',#2233,#2234,#70,.T.);
#2846=EDGE_CURVE('',#2233,#2231,#460,.T.);
#2847=EDGE_CURVE('',#2231,#2234,#461,.T.);
#2848=EDGE_CURVE('',#2235,#2233,#71,.T.);
#2849=EDGE_CURVE('',#2235,#2127,#1360,.T.);
#2850=EDGE_CURVE('',#2204,#2236,#1361,.T.);
#2851=EDGE_CURVE('',#2237,#2236,#462,.T.);
#2852=EDGE_CURVE('',#2237,#2205,#1362,.T.);
#2853=EDGE_CURVE('',#2238,#2239,#1363,.T.);
#2854=EDGE_CURVE('',#2240,#2239,#72,.T.);
#2855=EDGE_CURVE('',#2241,#2240,#1364,.T.);
#2856=EDGE_CURVE('',#2241,#2238,#463,.T.);
#2857=EDGE_CURVE('',#2127,#2242,#1365,.T.);
#2858=EDGE_CURVE('',#2235,#2239,#73,.T.);
#2859=EDGE_CURVE('',#2238,#2242,#1366,.T.);
#2860=EDGE_CURVE('',#2243,#2124,#1367,.T.);
#2861=EDGE_CURVE('',#2242,#2243,#464,.T.);
#2862=EDGE_CURVE('',#2128,#2244,#1368,.T.);
#2863=EDGE_CURVE('',#2243,#2244,#1369,.T.);
#2864=EDGE_CURVE('',#2245,#2245,#465,.T.);
#2865=EDGE_CURVE('',#2246,#2246,#466,.T.);
#2866=EDGE_CURVE('',#2246,#1921,#1370,.T.);
#2867=EDGE_CURVE('',#2247,#2248,#1371,.T.);
#2868=EDGE_CURVE('',#2135,#2247,#74,.T.);
#2869=EDGE_CURVE('',#2244,#2249,#467,.T.);
#2870=EDGE_CURVE('',#2250,#2249,#1372,.T.);
#2871=EDGE_CURVE('',#2251,#2250,#468,.T.);
#2872=EDGE_CURVE('',#2252,#2251,#1373,.T.);
#2873=EDGE_CURVE('',#2252,#2248,#469,.T.);
#2874=EDGE_CURVE('',#2253,#2254,#470,.T.);
#2875=EDGE_CURVE('',#2255,#2254,#1374,.T.);
#2876=EDGE_CURVE('',#2256,#2255,#471,.T.);
#2877=EDGE_CURVE('',#2257,#2256,#1375,.T.);
#2878=EDGE_CURVE('',#2248,#2257,#472,.T.);
#2879=EDGE_CURVE('',#2252,#2258,#473,.T.);
#2880=EDGE_CURVE('',#2259,#2258,#1376,.T.);
#2881=EDGE_CURVE('',#2259,#2260,#474,.T.);
#2882=EDGE_CURVE('',#2260,#2261,#1377,.T.);
#2883=EDGE_CURVE('',#2261,#2253,#475,.T.);
#2884=EDGE_CURVE('',#2262,#2263,#476,.T.);
#2885=EDGE_CURVE('',#2264,#2263,#1378,.T.);
#2886=EDGE_CURVE('',#2265,#2264,#477,.T.);
#2887=EDGE_CURVE('',#2266,#2265,#1379,.T.);
#2888=EDGE_CURVE('',#2266,#2267,#478,.T.);
#2889=EDGE_CURVE('',#2262,#2267,#1380,.T.);
#2890=EDGE_CURVE('',#2256,#2268,#1381,.T.);
#2891=EDGE_CURVE('',#2255,#2269,#1382,.T.);
#2892=EDGE_CURVE('',#2268,#2269,#75,.T.);
#2893=EDGE_CURVE('',#2270,#2268,#164,.T.);
#2894=EDGE_CURVE('',#2257,#2270,#1383,.T.);
#2895=EDGE_CURVE('',#2247,#2271,#76,.T.);
#2896=EDGE_CURVE('',#2270,#2271,#77,.T.);
#2897=EDGE_CURVE('',#2271,#2136,#78,.T.);
#2898=EDGE_CURVE('',#2136,#2272,#1384,.T.);
#2899=EDGE_CURVE('',#2272,#2134,#479,.T.);
#2900=EDGE_CURVE('',#2273,#2137,#480,.T.);
#2901=EDGE_CURVE('',#2272,#2273,#79,.T.);
#2902=EDGE_CURVE('',#2273,#2190,#481,.T.);
#2903=EDGE_CURVE('',#2274,#2143,#1385,.T.);
#2904=EDGE_CURVE('',#2274,#2275,#80,.T.);
#2905=EDGE_CURVE('',#2275,#2140,#1386,.T.);
#2906=EDGE_CURVE('',#2276,#2275,#482,.T.);
#2907=EDGE_CURVE('',#2276,#2144,#1387,.T.);
#2908=EDGE_CURVE('',#2277,#2146,#1388,.T.);
#2909=EDGE_CURVE('',#2277,#2276,#81,.T.);
#2910=EDGE_CURVE('',#2278,#2277,#165,.T.);
#2911=EDGE_CURVE('',#2278,#2148,#1389,.T.);
#2912=EDGE_CURVE('',#2279,#2278,#82,.T.);
#2913=EDGE_CURVE('',#2279,#2151,#1390,.T.);
#2914=EDGE_CURVE('',#2280,#2279,#166,.T.);
#2915=EDGE_CURVE('',#2280,#2152,#1391,.T.);
#2916=EDGE_CURVE('',#2281,#2280,#83,.T.);
#2917=EDGE_CURVE('',#2281,#2154,#1392,.T.);
#2918=EDGE_CURVE('',#2282,#2281,#483,.T.);
#2919=EDGE_CURVE('',#2282,#2156,#1393,.T.);
#2920=EDGE_CURVE('',#2282,#2283,#84,.T.);
#2921=EDGE_CURVE('',#2283,#2158,#1394,.T.);
#2922=EDGE_CURVE('',#2284,#2163,#1395,.T.);
#2923=EDGE_CURVE('',#2284,#2285,#85,.T.);
#2924=EDGE_CURVE('',#2285,#2160,#1396,.T.);
#2925=EDGE_CURVE('',#2286,#2285,#484,.T.);
#2926=EDGE_CURVE('',#2286,#2164,#1397,.T.);
#2927=EDGE_CURVE('',#2287,#2286,#86,.T.);
#2928=EDGE_CURVE('',#2287,#2167,#1398,.T.);
#2929=EDGE_CURVE('',#2288,#2287,#167,.T.);
#2930=EDGE_CURVE('',#2288,#2168,#1399,.T.);
#2931=EDGE_CURVE('',#2289,#2288,#87,.T.);
#2932=EDGE_CURVE('',#2289,#2170,#1400,.T.);
#2933=EDGE_CURVE('',#2290,#2289,#168,.T.);
#2934=EDGE_CURVE('',#2172,#2290,#88,.T.);
#2935=EDGE_CURVE('',#2181,#2291,#89,.T.);
#2936=EDGE_CURVE('',#2290,#2291,#90,.T.);
#2937=EDGE_CURVE('',#2292,#2182,#91,.T.);
#2938=EDGE_CURVE('',#2291,#2292,#92,.T.);
#2939=EDGE_CURVE('',#2292,#2293,#93,.T.);
#2940=EDGE_CURVE('',#2293,#2175,#94,.T.);
#2941=EDGE_CURVE('',#2176,#2183,#485,.T.);
#2942=EDGE_CURVE('',#2294,#2263,#1401,.T.);
#2943=EDGE_CURVE('',#2295,#2294,#169,.T.);
#2944=EDGE_CURVE('',#2264,#2295,#1402,.T.);
#2945=EDGE_CURVE('',#2296,#2295,#95,.T.);
#2946=EDGE_CURVE('',#2265,#2296,#1403,.T.);
#2947=EDGE_CURVE('',#2266,#2297,#1404,.T.);
#2948=EDGE_CURVE('',#2297,#2296,#170,.T.);
#2949=EDGE_CURVE('',#1997,#2253,#1405,.T.);
#2950=EDGE_CURVE('',#2298,#1997,#96,.F.);
#2951=EDGE_CURVE('',#2299,#2298,#97,.F.);
#2952=EDGE_CURVE('',#2299,#2254,#1406,.T.);
#2953=EDGE_CURVE('',#2269,#2299,#171,.T.);
#2954=EDGE_CURVE('',#2293,#2300,#172,.T.);
#2955=EDGE_CURVE('',#2301,#2300,#1407,.T.);
#2956=EDGE_CURVE('',#2301,#2177,#1408,.T.);
#2957=EDGE_CURVE('',#2302,#2303,#486,.T.);
#2958=EDGE_CURVE('',#2304,#2303,#1409,.T.);
#2959=EDGE_CURVE('',#2304,#2305,#487,.T.);
#2960=EDGE_CURVE('',#2178,#2305,#1410,.T.);
#2961=EDGE_CURVE('',#2301,#2306,#488,.T.);
#2962=EDGE_CURVE('',#2307,#2306,#1411,.T.);
#2963=EDGE_CURVE('',#2308,#2307,#489,.F.);
#2964=EDGE_CURVE('',#2309,#2308,#1412,.T.);
#2965=EDGE_CURVE('',#2309,#2310,#490,.T.);
#2966=EDGE_CURVE('',#2302,#2310,#1413,.T.);
#2967=EDGE_CURVE('',#2176,#2311,#173,.T.);
#2968=EDGE_CURVE('',#2312,#2305,#1414,.T.);
#2969=EDGE_CURVE('',#2312,#2311,#174,.T.);
#2970=EDGE_CURVE('',#2311,#2313,#98,.T.);
#2971=EDGE_CURVE('',#2184,#2313,#99,.T.);
#2972=EDGE_CURVE('',#2313,#2186,#100,.T.);
#2973=EDGE_CURVE('',#2186,#2191,#101,.T.);
#2974=EDGE_CURVE('',#2198,#2191,#1415,.T.);
#2975=EDGE_CURVE('',#2274,#2190,#1416,.T.);
#2976=EDGE_CURVE('',#2284,#2283,#1417,.T.);
#2977=EDGE_CURVE('',#1982,#2314,#491,.T.);
#2978=EDGE_CURVE('',#2314,#2199,#492,.T.);
#2979=EDGE_CURVE('',#2198,#2315,#493,.T.);
#2980=EDGE_CURVE('',#2315,#1982,#494,.T.);
#2981=EDGE_CURVE('',#2316,#2314,#1418,.T.);
#2982=EDGE_CURVE('',#2236,#2316,#495,.T.);
#2983=EDGE_CURVE('',#2317,#2318,#496,.T.);
#2984=EDGE_CURVE('',#2318,#2319,#497,.T.);
#2985=EDGE_CURVE('',#2320,#2319,#1419,.T.);
#2986=EDGE_CURVE('',#2321,#2320,#498,.T.);
#2987=EDGE_CURVE('',#2321,#2322,#499,.T.);
#2988=EDGE_CURVE('',#2317,#2322,#1420,.T.);
#2989=EDGE_CURVE('',#2323,#2324,#500,.T.);
#2990=EDGE_CURVE('',#2325,#2324,#1421,.T.);
#2991=EDGE_CURVE('',#2325,#2326,#501,.T.);
#2992=EDGE_CURVE('',#2327,#2326,#1422,.T.);
#2993=EDGE_CURVE('',#2328,#2327,#502,.T.);
#2994=EDGE_CURVE('',#2323,#2328,#1423,.T.);
#2995=EDGE_CURVE('',#2329,#2330,#503,.T.);
#2996=EDGE_CURVE('',#2331,#2330,#1424,.T.);
#2997=EDGE_CURVE('',#2332,#2331,#504,.T.);
#2998=EDGE_CURVE('',#2333,#2332,#1425,.T.);
#2999=EDGE_CURVE('',#2333,#2334,#505,.T.);
#3000=EDGE_CURVE('',#2329,#2334,#1426,.T.);
#3001=EDGE_CURVE('',#2221,#2335,#1427,.T.);
#3002=EDGE_CURVE('',#2227,#2336,#1428,.T.);
#3003=EDGE_CURVE('',#2336,#2335,#102,.T.);
#3004=EDGE_CURVE('',#2335,#2337,#506,.T.);
#3005=EDGE_CURVE('',#2337,#2220,#1429,.T.);
#3006=EDGE_CURVE('',#2337,#2338,#103,.T.);
#3007=EDGE_CURVE('',#2222,#2338,#1430,.T.);
#3008=EDGE_CURVE('',#2338,#2339,#175,.T.);
#3009=EDGE_CURVE('',#2223,#2339,#1431,.T.);
#3010=EDGE_CURVE('',#2339,#2340,#104,.T.);
#3011=EDGE_CURVE('',#2224,#2340,#1432,.T.);
#3012=EDGE_CURVE('',#2340,#2341,#176,.T.);
#3013=EDGE_CURVE('',#2225,#2341,#1433,.T.);
#3014=EDGE_CURVE('',#2341,#2342,#105,.T.);
#3015=EDGE_CURVE('',#2226,#2342,#1434,.T.);
#3016=EDGE_CURVE('',#2215,#2343,#1435,.T.);
#3017=EDGE_CURVE('',#2343,#2344,#106,.T.);
#3018=EDGE_CURVE('',#2344,#2214,#1436,.T.);
#3019=EDGE_CURVE('',#2345,#2344,#177,.T.);
#3020=EDGE_CURVE('',#2345,#2216,#1437,.T.);
#3021=EDGE_CURVE('',#2346,#2345,#107,.T.);
#3022=EDGE_CURVE('',#2346,#2217,#1438,.T.);
#3023=EDGE_CURVE('',#2347,#2346,#178,.T.);
#3024=EDGE_CURVE('',#2218,#2347,#1439,.T.);
#3025=EDGE_CURVE('',#2347,#2348,#108,.T.);
#3026=EDGE_CURVE('',#2348,#2219,#1440,.T.);
#3027=EDGE_CURVE('',#2209,#2349,#1441,.T.);
#3028=EDGE_CURVE('',#2349,#2350,#109,.T.);
#3029=EDGE_CURVE('',#2350,#2208,#1442,.T.);
#3030=EDGE_CURVE('',#2351,#2350,#179,.T.);
#3031=EDGE_CURVE('',#2351,#2210,#1443,.T.);
#3032=EDGE_CURVE('',#2352,#2351,#110,.T.);
#3033=EDGE_CURVE('',#2352,#2211,#1444,.T.);
#3034=EDGE_CURVE('',#2353,#2352,#180,.T.);
#3035=EDGE_CURVE('',#2212,#2353,#1445,.T.);
#3036=EDGE_CURVE('',#2353,#2354,#111,.T.);
#3037=EDGE_CURVE('',#2354,#2213,#1446,.T.);
#3038=EDGE_CURVE('',#2336,#2237,#1447,.T.);
#3039=EDGE_CURVE('',#2343,#2342,#1448,.T.);
#3040=EDGE_CURVE('',#2348,#2349,#1449,.T.);
#3041=EDGE_CURVE('',#2354,#2230,#1450,.T.);
#3042=EDGE_CURVE('',#2230,#2232,#507,.T.);
#3043=EDGE_CURVE('',#2232,#2234,#1451,.T.);
#3044=EDGE_CURVE('',#2355,#2233,#508,.T.);
#3045=EDGE_CURVE('',#2234,#2355,#112,.T.);
#3046=EDGE_CURVE('',#2355,#2356,#113,.T.);
#3047=EDGE_CURVE('',#2240,#2356,#114,.F.);
#3048=EDGE_CURVE('',#2357,#2356,#181,.T.);
#3049=EDGE_CURVE('',#2358,#2357,#1452,.T.);
#3050=EDGE_CURVE('',#2358,#2241,#1453,.T.);
#3051=EDGE_CURVE('',#2359,#2357,#115,.T.);
#3052=EDGE_CURVE('',#2359,#2360,#1454,.T.);
#3053=EDGE_CURVE('',#2360,#2358,#509,.T.);
#3054=EDGE_CURVE('',#2361,#2359,#182,.T.);
#3055=EDGE_CURVE('',#2361,#2362,#1455,.T.);
#3056=EDGE_CURVE('',#2362,#2360,#1456,.T.);
#3057=EDGE_CURVE('',#2331,#2363,#1457,.T.);
#3058=EDGE_CURVE('',#2364,#2330,#1458,.T.);
#3059=EDGE_CURVE('',#2363,#2364,#183,.T.);
#3060=EDGE_CURVE('',#2332,#2365,#1459,.F.);
#3061=EDGE_CURVE('',#2365,#2363,#116,.T.);
#3062=EDGE_CURVE('',#2333,#2366,#1460,.T.);
#3063=EDGE_CURVE('',#2365,#2366,#184,.F.);
#3064=EDGE_CURVE('',#2327,#2367,#1461,.T.);
#3065=EDGE_CURVE('',#2368,#2326,#1462,.T.);
#3066=EDGE_CURVE('',#2367,#2368,#185,.T.);
#3067=EDGE_CURVE('',#2369,#2328,#1463,.T.);
#3068=EDGE_CURVE('',#2369,#2367,#117,.T.);
#3069=EDGE_CURVE('',#2323,#2370,#1464,.T.);
#3070=EDGE_CURVE('',#2369,#2370,#186,.F.);
#3071=EDGE_CURVE('',#2321,#2371,#1465,.T.);
#3072=EDGE_CURVE('',#2320,#2372,#1466,.T.);
#3073=EDGE_CURVE('',#2372,#2371,#118,.T.);
#3074=EDGE_CURVE('',#2373,#2322,#1467,.T.);
#3075=EDGE_CURVE('',#2371,#2373,#119,.T.);
#3076=EDGE_CURVE('',#1981,#2316,#510,.T.);
#3077=EDGE_CURVE('',#1981,#2237,#511,.T.);
#3078=EDGE_CURVE('',#2374,#2361,#120,.T.);
#3079=EDGE_CURVE('',#2374,#2375,#1468,.T.);
#3080=EDGE_CURVE('',#2375,#2362,#512,.T.);
#3081=EDGE_CURVE('',#2376,#2377,#513,.T.);
#3082=EDGE_CURVE('',#2378,#2377,#1469,.T.);
#3083=EDGE_CURVE('',#2378,#2249,#514,.T.);
#3084=EDGE_CURVE('',#2376,#2375,#1470,.T.);
#3085=EDGE_CURVE('',#2007,#2245,#1471,.T.);
#3086=EDGE_CURVE('',#1946,#1964,#1472,.T.);
#3087=EDGE_CURVE('',#2006,#1936,#1473,.T.);
#3088=EDGE_CURVE('',#2005,#2246,#1474,.T.);
#3089=EDGE_CURVE('',#1965,#2377,#1475,.T.);
#3090=EDGE_CURVE('',#2378,#2004,#1476,.T.);
#3091=EDGE_CURVE('',#2250,#2003,#121,.T.);
#3092=EDGE_CURVE('',#2002,#2251,#122,.T.);
#3093=EDGE_CURVE('',#2001,#2258,#1477,.T.);
#3094=EDGE_CURVE('',#2259,#2000,#1478,.T.);
#3095=EDGE_CURVE('',#1999,#2260,#1479,.T.);
#3096=EDGE_CURVE('',#1998,#2261,#1480,.T.);
#3097=EDGE_CURVE('',#2297,#2379,#123,.T.);
#3098=EDGE_CURVE('',#2379,#1996,#124,.T.);
#3099=EDGE_CURVE('',#1995,#2267,#1481,.T.);
#3100=EDGE_CURVE('',#2262,#1994,#1482,.T.);
#3101=EDGE_CURVE('',#2380,#1993,#125,.F.);
#3102=EDGE_CURVE('',#2294,#2380,#126,.F.);
#3103=EDGE_CURVE('',#2381,#1992,#127,.T.);
#3104=EDGE_CURVE('',#2300,#2381,#128,.T.);
#3105=EDGE_CURVE('',#1991,#2306,#1483,.T.);
#3106=EDGE_CURVE('',#2307,#1990,#1484,.T.);
#3107=EDGE_CURVE('',#1989,#2308,#1485,.T.);
#3108=EDGE_CURVE('',#2309,#1988,#1486,.T.);
#3109=EDGE_CURVE('',#1987,#2310,#1487,.T.);
#3110=EDGE_CURVE('',#2302,#1986,#1488,.T.);
#3111=EDGE_CURVE('',#1985,#2303,#1489,.T.);
#3112=EDGE_CURVE('',#2304,#1984,#1490,.T.);
#3113=EDGE_CURVE('',#2382,#1983,#129,.F.);
#3114=EDGE_CURVE('',#2312,#2382,#130,.F.);
#3115=EDGE_CURVE('',#2317,#1979,#1491,.T.);
#3116=EDGE_CURVE('',#2373,#1980,#515,.T.);
#3117=EDGE_CURVE('',#2318,#1978,#1492,.T.);
#3118=EDGE_CURVE('',#1977,#2319,#1493,.T.);
#3119=EDGE_CURVE('',#1976,#2372,#516,.T.);
#3120=EDGE_CURVE('',#1974,#2324,#1494,.T.);
#3121=EDGE_CURVE('',#2370,#1975,#131,.T.);
#3122=EDGE_CURVE('',#2325,#1973,#1495,.T.);
#3123=EDGE_CURVE('',#2368,#1972,#132,.F.);
#3124=EDGE_CURVE('',#1970,#2334,#1496,.T.);
#3125=EDGE_CURVE('',#2366,#1971,#133,.T.);
#3126=EDGE_CURVE('',#2329,#1969,#1497,.T.);
#3127=EDGE_CURVE('',#2364,#1968,#134,.F.);
#3128=EDGE_CURVE('',#1967,#2374,#517,.T.);
#3129=EDGE_CURVE('',#2376,#1966,#1498,.T.);
#3130=ORIENTED_EDGE('',*,*,#2383,.F.);
#3131=ORIENTED_EDGE('',*,*,#2384,.T.);
#3132=ORIENTED_EDGE('',*,*,#2385,.T.);
#3133=ORIENTED_EDGE('',*,*,#2386,.T.);
#3134=ORIENTED_EDGE('',*,*,#2387,.F.);
#3135=ORIENTED_EDGE('',*,*,#2388,.F.);
#3136=ORIENTED_EDGE('',*,*,#2389,.F.);
#3137=ORIENTED_EDGE('',*,*,#2386,.F.);
#3138=ORIENTED_EDGE('',*,*,#2390,.F.);
#3139=ORIENTED_EDGE('',*,*,#2391,.F.);
#3140=ORIENTED_EDGE('',*,*,#2392,.F.);
#3141=ORIENTED_EDGE('',*,*,#2393,.T.);
#3142=ORIENTED_EDGE('',*,*,#2388,.T.);
#3143=ORIENTED_EDGE('',*,*,#2394,.T.);
#3144=ORIENTED_EDGE('',*,*,#2395,.F.);
#3145=ORIENTED_EDGE('',*,*,#2394,.F.);
#3146=ORIENTED_EDGE('',*,*,#2396,.F.);
#3147=ORIENTED_EDGE('',*,*,#2397,.F.);
#3148=ORIENTED_EDGE('',*,*,#2385,.F.);
#3149=ORIENTED_EDGE('',*,*,#2398,.F.);
#3150=ORIENTED_EDGE('',*,*,#2399,.F.);
#3151=ORIENTED_EDGE('',*,*,#2400,.F.);
#3152=ORIENTED_EDGE('',*,*,#2401,.F.);
#3153=ORIENTED_EDGE('',*,*,#2402,.F.);
#3154=ORIENTED_EDGE('',*,*,#2403,.F.);
#3155=ORIENTED_EDGE('',*,*,#2404,.F.);
#3156=ORIENTED_EDGE('',*,*,#2405,.F.);
#3157=ORIENTED_EDGE('',*,*,#2406,.F.);
#3158=ORIENTED_EDGE('',*,*,#2407,.F.);
#3159=ORIENTED_EDGE('',*,*,#2408,.F.);
#3160=ORIENTED_EDGE('',*,*,#2409,.F.);
#3161=ORIENTED_EDGE('',*,*,#2410,.F.);
#3162=ORIENTED_EDGE('',*,*,#2411,.F.);
#3163=ORIENTED_EDGE('',*,*,#2412,.T.);
#3164=ORIENTED_EDGE('',*,*,#2406,.T.);
#3165=ORIENTED_EDGE('',*,*,#2403,.T.);
#3166=ORIENTED_EDGE('',*,*,#2413,.T.);
#3167=ORIENTED_EDGE('',*,*,#2414,.F.);
#3168=ORIENTED_EDGE('',*,*,#2415,.F.);
#3169=ORIENTED_EDGE('',*,*,#2401,.T.);
#3170=ORIENTED_EDGE('',*,*,#2410,.T.);
#3171=ORIENTED_EDGE('',*,*,#2416,.F.);
#3172=ORIENTED_EDGE('',*,*,#2391,.T.);
#3173=ORIENTED_EDGE('',*,*,#2417,.F.);
#3174=ORIENTED_EDGE('',*,*,#2418,.F.);
#3175=ORIENTED_EDGE('',*,*,#2419,.F.);
#3176=ORIENTED_EDGE('',*,*,#2411,.T.);
#3177=ORIENTED_EDGE('',*,*,#2420,.F.);
#3178=ORIENTED_EDGE('',*,*,#2421,.F.);
#3179=ORIENTED_EDGE('',*,*,#2422,.F.);
#3180=ORIENTED_EDGE('',*,*,#2392,.T.);
#3181=ORIENTED_EDGE('',*,*,#2383,.T.);
#3182=ORIENTED_EDGE('',*,*,#2423,.F.);
#3183=ORIENTED_EDGE('',*,*,#2424,.F.);
#3184=ORIENTED_EDGE('',*,*,#2425,.F.);
#3185=ORIENTED_EDGE('',*,*,#2414,.T.);
#3186=ORIENTED_EDGE('',*,*,#2426,.F.);
#3187=ORIENTED_EDGE('',*,*,#2427,.F.);
#3188=ORIENTED_EDGE('',*,*,#2428,.F.);
#3189=ORIENTED_EDGE('',*,*,#2419,.T.);
#3190=ORIENTED_EDGE('',*,*,#2429,.F.);
#3191=ORIENTED_EDGE('',*,*,#2430,.F.);
#3192=ORIENTED_EDGE('',*,*,#2431,.T.);
#3193=ORIENTED_EDGE('',*,*,#2426,.T.);
#3194=ORIENTED_EDGE('',*,*,#2416,.T.);
#3195=ORIENTED_EDGE('',*,*,#2409,.T.);
#3196=ORIENTED_EDGE('',*,*,#2407,.T.);
#3197=ORIENTED_EDGE('',*,*,#2412,.F.);
#3198=ORIENTED_EDGE('',*,*,#2402,.T.);
#3199=ORIENTED_EDGE('',*,*,#2432,.F.);
#3200=ORIENTED_EDGE('',*,*,#2433,.F.);
#3201=ORIENTED_EDGE('',*,*,#2434,.F.);
#3202=ORIENTED_EDGE('',*,*,#2435,.F.);
#3203=ORIENTED_EDGE('',*,*,#2436,.F.);
#3204=ORIENTED_EDGE('',*,*,#2437,.T.);
#3205=ORIENTED_EDGE('',*,*,#2428,.T.);
#3206=ORIENTED_EDGE('',*,*,#2438,.F.);
#3207=ORIENTED_EDGE('',*,*,#2439,.T.);
#3208=ORIENTED_EDGE('',*,*,#2440,.T.);
#3209=ORIENTED_EDGE('',*,*,#2417,.T.);
#3210=ORIENTED_EDGE('',*,*,#2395,.T.);
#3211=ORIENTED_EDGE('',*,*,#2397,.T.);
#3212=ORIENTED_EDGE('',*,*,#2398,.T.);
#3213=ORIENTED_EDGE('',*,*,#2384,.F.);
#3214=ORIENTED_EDGE('',*,*,#2425,.T.);
#3215=ORIENTED_EDGE('',*,*,#2441,.F.);
#3216=ORIENTED_EDGE('',*,*,#2442,.F.);
#3217=ORIENTED_EDGE('',*,*,#2432,.T.);
#3218=ORIENTED_EDGE('',*,*,#2415,.T.);
#3219=ORIENTED_EDGE('',*,*,#2424,.T.);
#3220=ORIENTED_EDGE('',*,*,#2443,.F.);
#3221=ORIENTED_EDGE('',*,*,#2444,.F.);
#3222=ORIENTED_EDGE('',*,*,#2441,.T.);
#3223=ORIENTED_EDGE('',*,*,#2393,.F.);
#3224=ORIENTED_EDGE('',*,*,#2422,.T.);
#3225=ORIENTED_EDGE('',*,*,#2445,.F.);
#3226=ORIENTED_EDGE('',*,*,#2446,.F.);
#3227=ORIENTED_EDGE('',*,*,#2447,.F.);
#3228=ORIENTED_EDGE('',*,*,#2448,.F.);
#3229=ORIENTED_EDGE('',*,*,#2443,.T.);
#3230=ORIENTED_EDGE('',*,*,#2423,.T.);
#3231=ORIENTED_EDGE('',*,*,#2387,.T.);
#3232=ORIENTED_EDGE('',*,*,#2389,.T.);
#3233=ORIENTED_EDGE('',*,*,#2430,.T.);
#3234=ORIENTED_EDGE('',*,*,#2449,.T.);
#3235=ORIENTED_EDGE('',*,*,#2450,.F.);
#3236=ORIENTED_EDGE('',*,*,#2451,.T.);
#3237=ORIENTED_EDGE('',*,*,#2452,.F.);
#3238=ORIENTED_EDGE('',*,*,#2453,.T.);
#3239=ORIENTED_EDGE('',*,*,#2439,.F.);
#3240=ORIENTED_EDGE('',*,*,#2454,.T.);
#3241=ORIENTED_EDGE('',*,*,#2455,.F.);
#3242=ORIENTED_EDGE('',*,*,#2456,.T.);
#3243=ORIENTED_EDGE('',*,*,#2457,.F.);
#3244=ORIENTED_EDGE('',*,*,#2458,.T.);
#3245=ORIENTED_EDGE('',*,*,#2459,.F.);
#3246=ORIENTED_EDGE('',*,*,#2460,.T.);
#3247=ORIENTED_EDGE('',*,*,#2404,.T.);
#3248=ORIENTED_EDGE('',*,*,#2405,.T.);
#3249=ORIENTED_EDGE('',*,*,#2408,.T.);
#3250=ORIENTED_EDGE('',*,*,#2400,.T.);
#3251=ORIENTED_EDGE('',*,*,#2460,.F.);
#3252=ORIENTED_EDGE('',*,*,#2461,.T.);
#3253=ORIENTED_EDGE('',*,*,#2462,.T.);
#3254=ORIENTED_EDGE('',*,*,#2463,.F.);
#3255=ORIENTED_EDGE('',*,*,#2464,.T.);
#3256=ORIENTED_EDGE('',*,*,#2465,.T.);
#3257=ORIENTED_EDGE('',*,*,#2466,.F.);
#3258=ORIENTED_EDGE('',*,*,#2467,.T.);
#3259=ORIENTED_EDGE('',*,*,#2468,.T.);
#3260=ORIENTED_EDGE('',*,*,#2469,.T.);
#3261=ORIENTED_EDGE('',*,*,#2470,.F.);
#3262=ORIENTED_EDGE('',*,*,#2471,.T.);
#3263=ORIENTED_EDGE('',*,*,#2472,.T.);
#3264=ORIENTED_EDGE('',*,*,#2473,.F.);
#3265=ORIENTED_EDGE('',*,*,#2474,.T.);
#3266=ORIENTED_EDGE('',*,*,#2475,.F.);
#3267=ORIENTED_EDGE('',*,*,#2476,.F.);
#3268=ORIENTED_EDGE('',*,*,#2477,.F.);
#3269=ORIENTED_EDGE('',*,*,#2478,.T.);
#3270=ORIENTED_EDGE('',*,*,#2479,.T.);
#3271=ORIENTED_EDGE('',*,*,#2480,.F.);
#3272=ORIENTED_EDGE('',*,*,#2481,.F.);
#3273=ORIENTED_EDGE('',*,*,#2482,.T.);
#3274=ORIENTED_EDGE('',*,*,#2483,.F.);
#3275=ORIENTED_EDGE('',*,*,#2484,.T.);
#3276=ORIENTED_EDGE('',*,*,#2485,.F.);
#3277=ORIENTED_EDGE('',*,*,#2486,.T.);
#3278=ORIENTED_EDGE('',*,*,#2487,.F.);
#3279=ORIENTED_EDGE('',*,*,#2488,.T.);
#3280=ORIENTED_EDGE('',*,*,#2489,.T.);
#3281=ORIENTED_EDGE('',*,*,#2490,.T.);
#3282=ORIENTED_EDGE('',*,*,#2491,.F.);
#3283=ORIENTED_EDGE('',*,*,#2492,.T.);
#3284=ORIENTED_EDGE('',*,*,#2493,.T.);
#3285=ORIENTED_EDGE('',*,*,#2494,.F.);
#3286=ORIENTED_EDGE('',*,*,#2495,.T.);
#3287=ORIENTED_EDGE('',*,*,#2496,.T.);
#3288=ORIENTED_EDGE('',*,*,#2497,.F.);
#3289=ORIENTED_EDGE('',*,*,#2498,.F.);
#3290=ORIENTED_EDGE('',*,*,#2499,.F.);
#3291=ORIENTED_EDGE('',*,*,#2500,.T.);
#3292=ORIENTED_EDGE('',*,*,#2501,.F.);
#3293=ORIENTED_EDGE('',*,*,#2446,.T.);
#3294=ORIENTED_EDGE('',*,*,#2502,.T.);
#3295=ORIENTED_EDGE('',*,*,#2503,.T.);
#3296=ORIENTED_EDGE('',*,*,#2436,.T.);
#3297=ORIENTED_EDGE('',*,*,#2504,.F.);
#3298=ORIENTED_EDGE('',*,*,#2433,.T.);
#3299=ORIENTED_EDGE('',*,*,#2442,.T.);
#3300=ORIENTED_EDGE('',*,*,#2444,.T.);
#3301=ORIENTED_EDGE('',*,*,#2448,.T.);
#3302=ORIENTED_EDGE('',*,*,#2505,.F.);
#3303=ORIENTED_EDGE('',*,*,#2506,.T.);
#3304=ORIENTED_EDGE('',*,*,#2507,.F.);
#3305=ORIENTED_EDGE('',*,*,#2508,.F.);
#3306=ORIENTED_EDGE('',*,*,#2509,.F.);
#3307=ORIENTED_EDGE('',*,*,#2510,.F.);
#3308=ORIENTED_EDGE('',*,*,#2511,.F.);
#3309=ORIENTED_EDGE('',*,*,#2512,.F.);
#3310=ORIENTED_EDGE('',*,*,#2513,.F.);
#3311=ORIENTED_EDGE('',*,*,#2514,.F.);
#3312=ORIENTED_EDGE('',*,*,#2515,.F.);
#3313=ORIENTED_EDGE('',*,*,#2516,.F.);
#3314=ORIENTED_EDGE('',*,*,#2517,.F.);
#3315=ORIENTED_EDGE('',*,*,#2518,.F.);
#3316=ORIENTED_EDGE('',*,*,#2519,.T.);
#3317=ORIENTED_EDGE('',*,*,#2509,.T.);
#3318=ORIENTED_EDGE('',*,*,#2520,.F.);
#3319=ORIENTED_EDGE('',*,*,#2521,.F.);
#3320=ORIENTED_EDGE('',*,*,#2522,.T.);
#3321=ORIENTED_EDGE('',*,*,#2510,.T.);
#3322=ORIENTED_EDGE('',*,*,#2519,.F.);
#3323=ORIENTED_EDGE('',*,*,#2523,.F.);
#3324=ORIENTED_EDGE('',*,*,#2524,.T.);
#3325=ORIENTED_EDGE('',*,*,#2511,.T.);
#3326=ORIENTED_EDGE('',*,*,#2522,.F.);
#3327=ORIENTED_EDGE('',*,*,#2525,.F.);
#3328=ORIENTED_EDGE('',*,*,#2526,.T.);
#3329=ORIENTED_EDGE('',*,*,#2512,.T.);
#3330=ORIENTED_EDGE('',*,*,#2524,.F.);
#3331=ORIENTED_EDGE('',*,*,#2527,.F.);
#3332=ORIENTED_EDGE('',*,*,#2528,.T.);
#3333=ORIENTED_EDGE('',*,*,#2507,.T.);
#3334=ORIENTED_EDGE('',*,*,#2526,.F.);
#3335=ORIENTED_EDGE('',*,*,#2529,.F.);
#3336=ORIENTED_EDGE('',*,*,#2520,.T.);
#3337=ORIENTED_EDGE('',*,*,#2508,.T.);
#3338=ORIENTED_EDGE('',*,*,#2528,.F.);
#3339=ORIENTED_EDGE('',*,*,#2530,.F.);
#3340=ORIENTED_EDGE('',*,*,#2531,.T.);
#3341=ORIENTED_EDGE('',*,*,#2532,.F.);
#3342=ORIENTED_EDGE('',*,*,#2531,.F.);
#3343=ORIENTED_EDGE('',*,*,#2533,.F.);
#3344=ORIENTED_EDGE('',*,*,#2534,.T.);
#3345=ORIENTED_EDGE('',*,*,#2535,.F.);
#3346=ORIENTED_EDGE('',*,*,#2534,.F.);
#3347=ORIENTED_EDGE('',*,*,#2536,.F.);
#3348=ORIENTED_EDGE('',*,*,#2537,.F.);
#3349=ORIENTED_EDGE('',*,*,#2538,.F.);
#3350=ORIENTED_EDGE('',*,*,#2514,.T.);
#3351=ORIENTED_EDGE('',*,*,#2539,.T.);
#3352=ORIENTED_EDGE('',*,*,#2515,.T.);
#3353=ORIENTED_EDGE('',*,*,#2538,.T.);
#3354=ORIENTED_EDGE('',*,*,#2540,.F.);
#3355=ORIENTED_EDGE('',*,*,#2541,.F.);
#3356=ORIENTED_EDGE('',*,*,#2516,.T.);
#3357=ORIENTED_EDGE('',*,*,#2539,.F.);
#3358=ORIENTED_EDGE('',*,*,#2542,.F.);
#3359=ORIENTED_EDGE('',*,*,#2536,.T.);
#3360=ORIENTED_EDGE('',*,*,#2513,.T.);
#3361=ORIENTED_EDGE('',*,*,#2541,.T.);
#3362=ORIENTED_EDGE('',*,*,#2543,.T.);
#3363=ORIENTED_EDGE('',*,*,#2544,.F.);
#3364=ORIENTED_EDGE('',*,*,#2545,.T.);
#3365=ORIENTED_EDGE('',*,*,#2517,.T.);
#3366=ORIENTED_EDGE('',*,*,#2545,.F.);
#3367=ORIENTED_EDGE('',*,*,#2546,.F.);
#3368=ORIENTED_EDGE('',*,*,#2547,.T.);
#3369=ORIENTED_EDGE('',*,*,#2548,.F.);
#3370=ORIENTED_EDGE('',*,*,#2549,.T.);
#3371=ORIENTED_EDGE('',*,*,#2550,.T.);
#3372=ORIENTED_EDGE('',*,*,#2529,.T.);
#3373=ORIENTED_EDGE('',*,*,#2527,.T.);
#3374=ORIENTED_EDGE('',*,*,#2525,.T.);
#3375=ORIENTED_EDGE('',*,*,#2523,.T.);
#3376=ORIENTED_EDGE('',*,*,#2521,.T.);
#3377=ORIENTED_EDGE('',*,*,#2518,.T.);
#3378=ORIENTED_EDGE('',*,*,#2551,.F.);
#3379=ORIENTED_EDGE('',*,*,#2552,.T.);
#3380=ORIENTED_EDGE('',*,*,#2553,.F.);
#3381=ORIENTED_EDGE('',*,*,#2549,.F.);
#3382=ORIENTED_EDGE('',*,*,#2554,.T.);
#3383=ORIENTED_EDGE('',*,*,#2532,.T.);
#3384=ORIENTED_EDGE('',*,*,#2555,.T.);
#3385=ORIENTED_EDGE('',*,*,#2556,.F.);
#3386=ORIENTED_EDGE('',*,*,#2557,.F.);
#3387=ORIENTED_EDGE('',*,*,#2558,.T.);
#3388=ORIENTED_EDGE('',*,*,#2559,.T.);
#3389=ORIENTED_EDGE('',*,*,#2535,.T.);
#3390=ORIENTED_EDGE('',*,*,#2560,.F.);
#3391=ORIENTED_EDGE('',*,*,#2561,.F.);
#3392=ORIENTED_EDGE('',*,*,#2555,.F.);
#3393=ORIENTED_EDGE('',*,*,#2562,.T.);
#3394=ORIENTED_EDGE('',*,*,#2563,.F.);
#3395=ORIENTED_EDGE('',*,*,#2564,.F.);
#3396=ORIENTED_EDGE('',*,*,#2556,.T.);
#3397=ORIENTED_EDGE('',*,*,#2565,.T.);
#3398=ORIENTED_EDGE('',*,*,#2566,.F.);
#3399=ORIENTED_EDGE('',*,*,#2567,.T.);
#3400=ORIENTED_EDGE('',*,*,#2568,.T.);
#3401=ORIENTED_EDGE('',*,*,#2569,.T.);
#3402=ORIENTED_EDGE('',*,*,#2570,.F.);
#3403=ORIENTED_EDGE('',*,*,#2571,.F.);
#3404=ORIENTED_EDGE('',*,*,#2569,.F.);
#3405=ORIENTED_EDGE('',*,*,#2572,.F.);
#3406=ORIENTED_EDGE('',*,*,#2543,.F.);
#3407=ORIENTED_EDGE('',*,*,#2542,.T.);
#3408=ORIENTED_EDGE('',*,*,#2540,.T.);
#3409=ORIENTED_EDGE('',*,*,#2537,.T.);
#3410=ORIENTED_EDGE('',*,*,#2533,.T.);
#3411=ORIENTED_EDGE('',*,*,#2530,.T.);
#3412=ORIENTED_EDGE('',*,*,#2573,.T.);
#3413=ORIENTED_EDGE('',*,*,#2574,.T.);
#3414=ORIENTED_EDGE('',*,*,#2575,.F.);
#3415=ORIENTED_EDGE('',*,*,#2576,.T.);
#3416=ORIENTED_EDGE('',*,*,#2575,.T.);
#3417=ORIENTED_EDGE('',*,*,#2577,.T.);
#3418=ORIENTED_EDGE('',*,*,#2578,.F.);
#3419=ORIENTED_EDGE('',*,*,#2563,.T.);
#3420=ORIENTED_EDGE('',*,*,#2578,.T.);
#3421=ORIENTED_EDGE('',*,*,#2579,.T.);
#3422=ORIENTED_EDGE('',*,*,#2580,.F.);
#3423=ORIENTED_EDGE('',*,*,#2581,.T.);
#3424=ORIENTED_EDGE('',*,*,#2582,.F.);
#3425=ORIENTED_EDGE('',*,*,#2583,.T.);
#3426=ORIENTED_EDGE('',*,*,#2584,.T.);
#3427=ORIENTED_EDGE('',*,*,#2571,.T.);
#3428=ORIENTED_EDGE('',*,*,#2584,.F.);
#3429=ORIENTED_EDGE('',*,*,#2585,.T.);
#3430=ORIENTED_EDGE('',*,*,#2586,.F.);
#3431=ORIENTED_EDGE('',*,*,#2566,.T.);
#3432=ORIENTED_EDGE('',*,*,#2586,.T.);
#3433=ORIENTED_EDGE('',*,*,#2587,.T.);
#3434=ORIENTED_EDGE('',*,*,#2588,.F.);
#3435=ORIENTED_EDGE('',*,*,#2589,.T.);
#3436=ORIENTED_EDGE('',*,*,#2588,.T.);
#3437=ORIENTED_EDGE('',*,*,#2590,.T.);
#3438=ORIENTED_EDGE('',*,*,#2591,.F.);
#3439=ORIENTED_EDGE('',*,*,#2592,.T.);
#3440=ORIENTED_EDGE('',*,*,#2591,.T.);
#3441=ORIENTED_EDGE('',*,*,#2593,.T.);
#3442=ORIENTED_EDGE('',*,*,#2594,.F.);
#3443=ORIENTED_EDGE('',*,*,#2595,.T.);
#3444=ORIENTED_EDGE('',*,*,#2594,.T.);
#3445=ORIENTED_EDGE('',*,*,#2596,.T.);
#3446=ORIENTED_EDGE('',*,*,#2597,.F.);
#3447=ORIENTED_EDGE('',*,*,#2598,.T.);
#3448=ORIENTED_EDGE('',*,*,#2597,.T.);
#3449=ORIENTED_EDGE('',*,*,#2599,.T.);
#3450=ORIENTED_EDGE('',*,*,#2600,.F.);
#3451=ORIENTED_EDGE('',*,*,#2553,.T.);
#3452=ORIENTED_EDGE('',*,*,#2600,.T.);
#3453=ORIENTED_EDGE('',*,*,#2601,.T.);
#3454=ORIENTED_EDGE('',*,*,#2602,.F.);
#3455=ORIENTED_EDGE('',*,*,#2546,.T.);
#3456=ORIENTED_EDGE('',*,*,#2602,.T.);
#3457=ORIENTED_EDGE('',*,*,#2603,.T.);
#3458=ORIENTED_EDGE('',*,*,#2604,.F.);
#3459=ORIENTED_EDGE('',*,*,#2605,.T.);
#3460=ORIENTED_EDGE('',*,*,#2606,.F.);
#3461=ORIENTED_EDGE('',*,*,#2607,.T.);
#3462=ORIENTED_EDGE('',*,*,#2608,.T.);
#3463=ORIENTED_EDGE('',*,*,#2609,.T.);
#3464=ORIENTED_EDGE('',*,*,#2610,.T.);
#3465=ORIENTED_EDGE('',*,*,#2611,.T.);
#3466=ORIENTED_EDGE('',*,*,#2612,.T.);
#3467=ORIENTED_EDGE('',*,*,#2611,.F.);
#3468=ORIENTED_EDGE('',*,*,#2613,.T.);
#3469=ORIENTED_EDGE('',*,*,#2614,.T.);
#3470=ORIENTED_EDGE('',*,*,#2615,.T.);
#3471=ORIENTED_EDGE('',*,*,#2616,.T.);
#3472=ORIENTED_EDGE('',*,*,#2614,.F.);
#3473=ORIENTED_EDGE('',*,*,#2617,.F.);
#3474=ORIENTED_EDGE('',*,*,#2618,.T.);
#3475=ORIENTED_EDGE('',*,*,#2619,.T.);
#3476=ORIENTED_EDGE('',*,*,#2620,.T.);
#3477=ORIENTED_EDGE('',*,*,#2619,.F.);
#3478=ORIENTED_EDGE('',*,*,#2621,.T.);
#3479=ORIENTED_EDGE('',*,*,#2622,.T.);
#3480=ORIENTED_EDGE('',*,*,#2623,.T.);
#3481=ORIENTED_EDGE('',*,*,#2622,.F.);
#3482=ORIENTED_EDGE('',*,*,#2624,.T.);
#3483=ORIENTED_EDGE('',*,*,#2625,.T.);
#3484=ORIENTED_EDGE('',*,*,#2626,.T.);
#3485=ORIENTED_EDGE('',*,*,#2625,.F.);
#3486=ORIENTED_EDGE('',*,*,#2627,.T.);
#3487=ORIENTED_EDGE('',*,*,#2628,.F.);
#3488=ORIENTED_EDGE('',*,*,#2629,.T.);
#3489=ORIENTED_EDGE('',*,*,#2628,.T.);
#3490=ORIENTED_EDGE('',*,*,#2630,.T.);
#3491=ORIENTED_EDGE('',*,*,#2631,.F.);
#3492=ORIENTED_EDGE('',*,*,#2632,.T.);
#3493=ORIENTED_EDGE('',*,*,#2631,.T.);
#3494=ORIENTED_EDGE('',*,*,#2633,.T.);
#3495=ORIENTED_EDGE('',*,*,#2634,.F.);
#3496=ORIENTED_EDGE('',*,*,#2635,.T.);
#3497=ORIENTED_EDGE('',*,*,#2634,.T.);
#3498=ORIENTED_EDGE('',*,*,#2636,.T.);
#3499=ORIENTED_EDGE('',*,*,#2637,.F.);
#3500=ORIENTED_EDGE('',*,*,#2638,.T.);
#3501=ORIENTED_EDGE('',*,*,#2637,.T.);
#3502=ORIENTED_EDGE('',*,*,#2639,.T.);
#3503=ORIENTED_EDGE('',*,*,#2617,.T.);
#3504=ORIENTED_EDGE('',*,*,#2640,.T.);
#3505=ORIENTED_EDGE('',*,*,#2641,.F.);
#3506=ORIENTED_EDGE('',*,*,#2642,.T.);
#3507=ORIENTED_EDGE('',*,*,#2606,.T.);
#3508=ORIENTED_EDGE('',*,*,#2643,.T.);
#3509=ORIENTED_EDGE('',*,*,#2644,.F.);
#3510=ORIENTED_EDGE('',*,*,#2645,.F.);
#3511=ORIENTED_EDGE('',*,*,#2646,.F.);
#3512=ORIENTED_EDGE('',*,*,#2642,.F.);
#3513=ORIENTED_EDGE('',*,*,#2544,.T.);
#3514=ORIENTED_EDGE('',*,*,#2647,.F.);
#3515=ORIENTED_EDGE('',*,*,#2648,.F.);
#3516=ORIENTED_EDGE('',*,*,#2649,.F.);
#3517=ORIENTED_EDGE('',*,*,#2650,.T.);
#3518=ORIENTED_EDGE('',*,*,#2605,.F.);
#3519=ORIENTED_EDGE('',*,*,#2651,.T.);
#3520=ORIENTED_EDGE('',*,*,#2652,.F.);
#3521=ORIENTED_EDGE('',*,*,#2547,.F.);
#3522=ORIENTED_EDGE('',*,*,#2653,.T.);
#3523=ORIENTED_EDGE('',*,*,#2649,.T.);
#3524=ORIENTED_EDGE('',*,*,#2654,.T.);
#3525=ORIENTED_EDGE('',*,*,#2655,.T.);
#3526=ORIENTED_EDGE('',*,*,#2607,.F.);
#3527=ORIENTED_EDGE('',*,*,#2646,.T.);
#3528=ORIENTED_EDGE('',*,*,#2656,.T.);
#3529=ORIENTED_EDGE('',*,*,#2657,.T.);
#3530=ORIENTED_EDGE('',*,*,#2604,.T.);
#3531=ORIENTED_EDGE('',*,*,#2658,.T.);
#3532=ORIENTED_EDGE('',*,*,#2608,.F.);
#3533=ORIENTED_EDGE('',*,*,#2659,.T.);
#3534=ORIENTED_EDGE('',*,*,#2660,.T.);
#3535=ORIENTED_EDGE('',*,*,#2661,.T.);
#3536=ORIENTED_EDGE('',*,*,#2662,.F.);
#3537=ORIENTED_EDGE('',*,*,#2652,.T.);
#3538=ORIENTED_EDGE('',*,*,#2662,.T.);
#3539=ORIENTED_EDGE('',*,*,#2663,.T.);
#3540=ORIENTED_EDGE('',*,*,#2664,.F.);
#3541=ORIENTED_EDGE('',*,*,#2548,.T.);
#3542=ORIENTED_EDGE('',*,*,#2665,.T.);
#3543=ORIENTED_EDGE('',*,*,#2666,.F.);
#3544=ORIENTED_EDGE('',*,*,#2551,.T.);
#3545=ORIENTED_EDGE('',*,*,#2664,.T.);
#3546=ORIENTED_EDGE('',*,*,#2666,.T.);
#3547=ORIENTED_EDGE('',*,*,#2667,.T.);
#3548=ORIENTED_EDGE('',*,*,#2668,.F.);
#3549=ORIENTED_EDGE('',*,*,#2669,.T.);
#3550=ORIENTED_EDGE('',*,*,#2670,.F.);
#3551=ORIENTED_EDGE('',*,*,#2671,.T.);
#3552=ORIENTED_EDGE('',*,*,#2615,.F.);
#3553=ORIENTED_EDGE('',*,*,#2616,.F.);
#3554=ORIENTED_EDGE('',*,*,#2671,.F.);
#3555=ORIENTED_EDGE('',*,*,#2672,.F.);
#3556=ORIENTED_EDGE('',*,*,#2673,.T.);
#3557=ORIENTED_EDGE('',*,*,#2612,.F.);
#3558=ORIENTED_EDGE('',*,*,#2673,.F.);
#3559=ORIENTED_EDGE('',*,*,#2674,.T.);
#3560=ORIENTED_EDGE('',*,*,#2675,.T.);
#3561=ORIENTED_EDGE('',*,*,#2660,.F.);
#3562=ORIENTED_EDGE('',*,*,#2676,.T.);
#3563=ORIENTED_EDGE('',*,*,#2677,.T.);
#3564=ORIENTED_EDGE('',*,*,#2678,.T.);
#3565=ORIENTED_EDGE('',*,*,#2679,.F.);
#3566=ORIENTED_EDGE('',*,*,#2680,.T.);
#3567=ORIENTED_EDGE('',*,*,#2681,.T.);
#3568=ORIENTED_EDGE('',*,*,#2682,.T.);
#3569=ORIENTED_EDGE('',*,*,#2677,.F.);
#3570=ORIENTED_EDGE('',*,*,#2683,.T.);
#3571=ORIENTED_EDGE('',*,*,#2550,.F.);
#3572=ORIENTED_EDGE('',*,*,#2684,.T.);
#3573=ORIENTED_EDGE('',*,*,#2685,.T.);
#3574=ORIENTED_EDGE('',*,*,#2684,.F.);
#3575=ORIENTED_EDGE('',*,*,#2626,.F.);
#3576=ORIENTED_EDGE('',*,*,#2686,.F.);
#3577=ORIENTED_EDGE('',*,*,#2455,.T.);
#3578=ORIENTED_EDGE('',*,*,#2687,.T.);
#3579=ORIENTED_EDGE('',*,*,#2623,.F.);
#3580=ORIENTED_EDGE('',*,*,#2687,.F.);
#3581=ORIENTED_EDGE('',*,*,#2454,.F.);
#3582=ORIENTED_EDGE('',*,*,#2438,.T.);
#3583=ORIENTED_EDGE('',*,*,#2427,.T.);
#3584=ORIENTED_EDGE('',*,*,#2431,.F.);
#3585=ORIENTED_EDGE('',*,*,#2453,.F.);
#3586=ORIENTED_EDGE('',*,*,#2688,.T.);
#3587=ORIENTED_EDGE('',*,*,#2620,.F.);
#3588=ORIENTED_EDGE('',*,*,#2688,.F.);
#3589=ORIENTED_EDGE('',*,*,#2452,.T.);
#3590=ORIENTED_EDGE('',*,*,#2689,.T.);
#3591=ORIENTED_EDGE('',*,*,#2640,.F.);
#3592=ORIENTED_EDGE('',*,*,#2689,.F.);
#3593=ORIENTED_EDGE('',*,*,#2451,.F.);
#3594=ORIENTED_EDGE('',*,*,#2690,.T.);
#3595=ORIENTED_EDGE('',*,*,#2638,.F.);
#3596=ORIENTED_EDGE('',*,*,#2690,.F.);
#3597=ORIENTED_EDGE('',*,*,#2450,.T.);
#3598=ORIENTED_EDGE('',*,*,#2691,.T.);
#3599=ORIENTED_EDGE('',*,*,#2635,.F.);
#3600=ORIENTED_EDGE('',*,*,#2691,.F.);
#3601=ORIENTED_EDGE('',*,*,#2449,.F.);
#3602=ORIENTED_EDGE('',*,*,#2429,.T.);
#3603=ORIENTED_EDGE('',*,*,#2418,.T.);
#3604=ORIENTED_EDGE('',*,*,#2440,.F.);
#3605=ORIENTED_EDGE('',*,*,#2458,.F.);
#3606=ORIENTED_EDGE('',*,*,#2692,.T.);
#3607=ORIENTED_EDGE('',*,*,#2632,.F.);
#3608=ORIENTED_EDGE('',*,*,#2692,.F.);
#3609=ORIENTED_EDGE('',*,*,#2457,.T.);
#3610=ORIENTED_EDGE('',*,*,#2693,.T.);
#3611=ORIENTED_EDGE('',*,*,#2629,.F.);
#3612=ORIENTED_EDGE('',*,*,#2693,.F.);
#3613=ORIENTED_EDGE('',*,*,#2456,.F.);
#3614=ORIENTED_EDGE('',*,*,#2686,.T.);
#3615=ORIENTED_EDGE('',*,*,#2694,.T.);
#3616=ORIENTED_EDGE('',*,*,#2668,.T.);
#3617=ORIENTED_EDGE('',*,*,#2695,.T.);
#3618=ORIENTED_EDGE('',*,*,#2681,.F.);
#3619=ORIENTED_EDGE('',*,*,#2552,.F.);
#3620=ORIENTED_EDGE('',*,*,#2669,.F.);
#3621=ORIENTED_EDGE('',*,*,#2696,.T.);
#3622=ORIENTED_EDGE('',*,*,#2697,.F.);
#3623=ORIENTED_EDGE('',*,*,#2698,.T.);
#3624=ORIENTED_EDGE('',*,*,#2598,.F.);
#3625=ORIENTED_EDGE('',*,*,#2699,.T.);
#3626=ORIENTED_EDGE('',*,*,#2700,.T.);
#3627=ORIENTED_EDGE('',*,*,#2697,.T.);
#3628=ORIENTED_EDGE('',*,*,#2595,.F.);
#3629=ORIENTED_EDGE('',*,*,#2698,.F.);
#3630=ORIENTED_EDGE('',*,*,#2701,.F.);
#3631=ORIENTED_EDGE('',*,*,#2702,.F.);
#3632=ORIENTED_EDGE('',*,*,#2703,.T.);
#3633=ORIENTED_EDGE('',*,*,#2704,.T.);
#3634=ORIENTED_EDGE('',*,*,#2705,.T.);
#3635=ORIENTED_EDGE('',*,*,#2699,.F.);
#3636=ORIENTED_EDGE('',*,*,#2592,.F.);
#3637=ORIENTED_EDGE('',*,*,#2702,.T.);
#3638=ORIENTED_EDGE('',*,*,#2706,.F.);
#3639=ORIENTED_EDGE('',*,*,#2707,.F.);
#3640=ORIENTED_EDGE('',*,*,#2589,.F.);
#3641=ORIENTED_EDGE('',*,*,#2707,.T.);
#3642=ORIENTED_EDGE('',*,*,#2708,.F.);
#3643=ORIENTED_EDGE('',*,*,#2709,.F.);
#3644=ORIENTED_EDGE('',*,*,#2710,.F.);
#3645=ORIENTED_EDGE('',*,*,#2567,.F.);
#3646=ORIENTED_EDGE('',*,*,#2711,.T.);
#3647=ORIENTED_EDGE('',*,*,#2712,.T.);
#3648=ORIENTED_EDGE('',*,*,#2713,.F.);
#3649=ORIENTED_EDGE('',*,*,#2714,.T.);
#3650=ORIENTED_EDGE('',*,*,#2715,.T.);
#3651=ORIENTED_EDGE('',*,*,#2716,.T.);
#3652=ORIENTED_EDGE('',*,*,#2711,.F.);
#3653=ORIENTED_EDGE('',*,*,#2717,.T.);
#3654=ORIENTED_EDGE('',*,*,#2718,.T.);
#3655=ORIENTED_EDGE('',*,*,#2719,.T.);
#3656=ORIENTED_EDGE('',*,*,#2715,.F.);
#3657=ORIENTED_EDGE('',*,*,#2720,.T.);
#3658=ORIENTED_EDGE('',*,*,#2721,.T.);
#3659=ORIENTED_EDGE('',*,*,#2722,.T.);
#3660=ORIENTED_EDGE('',*,*,#2718,.F.);
#3661=ORIENTED_EDGE('',*,*,#2723,.T.);
#3662=ORIENTED_EDGE('',*,*,#2724,.F.);
#3663=ORIENTED_EDGE('',*,*,#2725,.T.);
#3664=ORIENTED_EDGE('',*,*,#2721,.F.);
#3665=ORIENTED_EDGE('',*,*,#2726,.T.);
#3666=ORIENTED_EDGE('',*,*,#2727,.T.);
#3667=ORIENTED_EDGE('',*,*,#2728,.T.);
#3668=ORIENTED_EDGE('',*,*,#2724,.T.);
#3669=ORIENTED_EDGE('',*,*,#2729,.T.);
#3670=ORIENTED_EDGE('',*,*,#2730,.T.);
#3671=ORIENTED_EDGE('',*,*,#2731,.T.);
#3672=ORIENTED_EDGE('',*,*,#2727,.F.);
#3673=ORIENTED_EDGE('',*,*,#2732,.T.);
#3674=ORIENTED_EDGE('',*,*,#2733,.T.);
#3675=ORIENTED_EDGE('',*,*,#2734,.T.);
#3676=ORIENTED_EDGE('',*,*,#2730,.F.);
#3677=ORIENTED_EDGE('',*,*,#2735,.T.);
#3678=ORIENTED_EDGE('',*,*,#2736,.T.);
#3679=ORIENTED_EDGE('',*,*,#2737,.T.);
#3680=ORIENTED_EDGE('',*,*,#2733,.F.);
#3681=ORIENTED_EDGE('',*,*,#2738,.T.);
#3682=ORIENTED_EDGE('',*,*,#2739,.T.);
#3683=ORIENTED_EDGE('',*,*,#2740,.T.);
#3684=ORIENTED_EDGE('',*,*,#2741,.F.);
#3685=ORIENTED_EDGE('',*,*,#2742,.T.);
#3686=ORIENTED_EDGE('',*,*,#2743,.T.);
#3687=ORIENTED_EDGE('',*,*,#2744,.T.);
#3688=ORIENTED_EDGE('',*,*,#2739,.F.);
#3689=ORIENTED_EDGE('',*,*,#2745,.T.);
#3690=ORIENTED_EDGE('',*,*,#2746,.F.);
#3691=ORIENTED_EDGE('',*,*,#2747,.T.);
#3692=ORIENTED_EDGE('',*,*,#2743,.F.);
#3693=ORIENTED_EDGE('',*,*,#2748,.T.);
#3694=ORIENTED_EDGE('',*,*,#2749,.T.);
#3695=ORIENTED_EDGE('',*,*,#2750,.T.);
#3696=ORIENTED_EDGE('',*,*,#2746,.T.);
#3697=ORIENTED_EDGE('',*,*,#2751,.T.);
#3698=ORIENTED_EDGE('',*,*,#2752,.T.);
#3699=ORIENTED_EDGE('',*,*,#2753,.T.);
#3700=ORIENTED_EDGE('',*,*,#2749,.F.);
#3701=ORIENTED_EDGE('',*,*,#2754,.T.);
#3702=ORIENTED_EDGE('',*,*,#2580,.T.);
#3703=ORIENTED_EDGE('',*,*,#2755,.T.);
#3704=ORIENTED_EDGE('',*,*,#2752,.F.);
#3705=ORIENTED_EDGE('',*,*,#2756,.T.);
#3706=ORIENTED_EDGE('',*,*,#2581,.F.);
#3707=ORIENTED_EDGE('',*,*,#2757,.F.);
#3708=ORIENTED_EDGE('',*,*,#2758,.F.);
#3709=ORIENTED_EDGE('',*,*,#2759,.T.);
#3710=ORIENTED_EDGE('',*,*,#2564,.T.);
#3711=ORIENTED_EDGE('',*,*,#2557,.T.);
#3712=ORIENTED_EDGE('',*,*,#2759,.F.);
#3713=ORIENTED_EDGE('',*,*,#2760,.F.);
#3714=ORIENTED_EDGE('',*,*,#2761,.T.);
#3715=ORIENTED_EDGE('',*,*,#2762,.F.);
#3716=ORIENTED_EDGE('',*,*,#2763,.F.);
#3717=ORIENTED_EDGE('',*,*,#2764,.T.);
#3718=ORIENTED_EDGE('',*,*,#2765,.T.);
#3719=ORIENTED_EDGE('',*,*,#2766,.F.);
#3720=ORIENTED_EDGE('',*,*,#2767,.F.);
#3721=ORIENTED_EDGE('',*,*,#2562,.F.);
#3722=ORIENTED_EDGE('',*,*,#2558,.F.);
#3723=ORIENTED_EDGE('',*,*,#2761,.F.);
#3724=ORIENTED_EDGE('',*,*,#2768,.F.);
#3725=ORIENTED_EDGE('',*,*,#2769,.F.);
#3726=ORIENTED_EDGE('',*,*,#2770,.F.);
#3727=ORIENTED_EDGE('',*,*,#2771,.F.);
#3728=ORIENTED_EDGE('',*,*,#2772,.F.);
#3729=ORIENTED_EDGE('',*,*,#2773,.T.);
#3730=ORIENTED_EDGE('',*,*,#2554,.F.);
#3731=ORIENTED_EDGE('',*,*,#2773,.F.);
#3732=ORIENTED_EDGE('',*,*,#2774,.F.);
#3733=ORIENTED_EDGE('',*,*,#2775,.T.);
#3734=ORIENTED_EDGE('',*,*,#2776,.T.);
#3735=ORIENTED_EDGE('',*,*,#2777,.T.);
#3736=ORIENTED_EDGE('',*,*,#2766,.T.);
#3737=ORIENTED_EDGE('',*,*,#2778,.T.);
#3738=ORIENTED_EDGE('',*,*,#2779,.T.);
#3739=ORIENTED_EDGE('',*,*,#2559,.F.);
#3740=ORIENTED_EDGE('',*,*,#2779,.F.);
#3741=ORIENTED_EDGE('',*,*,#2713,.T.);
#3742=ORIENTED_EDGE('',*,*,#2780,.T.);
#3743=ORIENTED_EDGE('',*,*,#2736,.F.);
#3744=ORIENTED_EDGE('',*,*,#2781,.T.);
#3745=ORIENTED_EDGE('',*,*,#2782,.T.);
#3746=ORIENTED_EDGE('',*,*,#2709,.T.);
#3747=ORIENTED_EDGE('',*,*,#2783,.F.);
#3748=ORIENTED_EDGE('',*,*,#2784,.T.);
#3749=ORIENTED_EDGE('',*,*,#2785,.F.);
#3750=ORIENTED_EDGE('',*,*,#2786,.F.);
#3751=ORIENTED_EDGE('',*,*,#2787,.F.);
#3752=ORIENTED_EDGE('',*,*,#2777,.F.);
#3753=ORIENTED_EDGE('',*,*,#2787,.T.);
#3754=ORIENTED_EDGE('',*,*,#2788,.T.);
#3755=ORIENTED_EDGE('',*,*,#2789,.T.);
#3756=ORIENTED_EDGE('',*,*,#2560,.T.);
#3757=ORIENTED_EDGE('',*,*,#2767,.T.);
#3758=ORIENTED_EDGE('',*,*,#2576,.F.);
#3759=ORIENTED_EDGE('',*,*,#2565,.F.);
#3760=ORIENTED_EDGE('',*,*,#2561,.T.);
#3761=ORIENTED_EDGE('',*,*,#2789,.F.);
#3762=ORIENTED_EDGE('',*,*,#2790,.F.);
#3763=ORIENTED_EDGE('',*,*,#2741,.T.);
#3764=ORIENTED_EDGE('',*,*,#2791,.T.);
#3765=ORIENTED_EDGE('',*,*,#2573,.F.);
#3766=ORIENTED_EDGE('',*,*,#2792,.T.);
#3767=ORIENTED_EDGE('',*,*,#2793,.T.);
#3768=ORIENTED_EDGE('',*,*,#2794,.T.);
#3769=ORIENTED_EDGE('',*,*,#2795,.T.);
#3770=ORIENTED_EDGE('',*,*,#2647,.T.);
#3771=ORIENTED_EDGE('',*,*,#2796,.T.);
#3772=ORIENTED_EDGE('',*,*,#2797,.T.);
#3773=ORIENTED_EDGE('',*,*,#2798,.T.);
#3774=ORIENTED_EDGE('',*,*,#2799,.T.);
#3775=ORIENTED_EDGE('',*,*,#2796,.F.);
#3776=ORIENTED_EDGE('',*,*,#2800,.T.);
#3777=ORIENTED_EDGE('',*,*,#2801,.F.);
#3778=ORIENTED_EDGE('',*,*,#2572,.T.);
#3779=ORIENTED_EDGE('',*,*,#2568,.F.);
#3780=ORIENTED_EDGE('',*,*,#2710,.T.);
#3781=ORIENTED_EDGE('',*,*,#2782,.F.);
#3782=ORIENTED_EDGE('',*,*,#2802,.T.);
#3783=ORIENTED_EDGE('',*,*,#2582,.T.);
#3784=ORIENTED_EDGE('',*,*,#2570,.T.);
#3785=ORIENTED_EDGE('',*,*,#2801,.T.);
#3786=ORIENTED_EDGE('',*,*,#2803,.T.);
#3787=ORIENTED_EDGE('',*,*,#2804,.T.);
#3788=ORIENTED_EDGE('',*,*,#2805,.F.);
#3789=ORIENTED_EDGE('',*,*,#2643,.F.);
#3790=ORIENTED_EDGE('',*,*,#2609,.F.);
#3791=ORIENTED_EDGE('',*,*,#2658,.F.);
#3792=ORIENTED_EDGE('',*,*,#2603,.F.);
#3793=ORIENTED_EDGE('',*,*,#2601,.F.);
#3794=ORIENTED_EDGE('',*,*,#2599,.F.);
#3795=ORIENTED_EDGE('',*,*,#2596,.F.);
#3796=ORIENTED_EDGE('',*,*,#2593,.F.);
#3797=ORIENTED_EDGE('',*,*,#2590,.F.);
#3798=ORIENTED_EDGE('',*,*,#2587,.F.);
#3799=ORIENTED_EDGE('',*,*,#2585,.F.);
#3800=ORIENTED_EDGE('',*,*,#2583,.F.);
#3801=ORIENTED_EDGE('',*,*,#2804,.F.);
#3802=ORIENTED_EDGE('',*,*,#2806,.F.);
#3803=ORIENTED_EDGE('',*,*,#2639,.F.);
#3804=ORIENTED_EDGE('',*,*,#2636,.F.);
#3805=ORIENTED_EDGE('',*,*,#2633,.F.);
#3806=ORIENTED_EDGE('',*,*,#2630,.F.);
#3807=ORIENTED_EDGE('',*,*,#2627,.F.);
#3808=ORIENTED_EDGE('',*,*,#2624,.F.);
#3809=ORIENTED_EDGE('',*,*,#2621,.F.);
#3810=ORIENTED_EDGE('',*,*,#2618,.F.);
#3811=ORIENTED_EDGE('',*,*,#2728,.F.);
#3812=ORIENTED_EDGE('',*,*,#2731,.F.);
#3813=ORIENTED_EDGE('',*,*,#2734,.F.);
#3814=ORIENTED_EDGE('',*,*,#2737,.F.);
#3815=ORIENTED_EDGE('',*,*,#2780,.F.);
#3816=ORIENTED_EDGE('',*,*,#2712,.F.);
#3817=ORIENTED_EDGE('',*,*,#2716,.F.);
#3818=ORIENTED_EDGE('',*,*,#2719,.F.);
#3819=ORIENTED_EDGE('',*,*,#2722,.F.);
#3820=ORIENTED_EDGE('',*,*,#2725,.F.);
#3821=ORIENTED_EDGE('',*,*,#2613,.F.);
#3822=ORIENTED_EDGE('',*,*,#2610,.F.);
#3823=ORIENTED_EDGE('',*,*,#2750,.F.);
#3824=ORIENTED_EDGE('',*,*,#2753,.F.);
#3825=ORIENTED_EDGE('',*,*,#2755,.F.);
#3826=ORIENTED_EDGE('',*,*,#2579,.F.);
#3827=ORIENTED_EDGE('',*,*,#2577,.F.);
#3828=ORIENTED_EDGE('',*,*,#2574,.F.);
#3829=ORIENTED_EDGE('',*,*,#2791,.F.);
#3830=ORIENTED_EDGE('',*,*,#2740,.F.);
#3831=ORIENTED_EDGE('',*,*,#2744,.F.);
#3832=ORIENTED_EDGE('',*,*,#2747,.F.);
#3833=ORIENTED_EDGE('',*,*,#2805,.T.);
#3834=ORIENTED_EDGE('',*,*,#2807,.T.);
#3835=ORIENTED_EDGE('',*,*,#2808,.T.);
#3836=ORIENTED_EDGE('',*,*,#2644,.T.);
#3837=ORIENTED_EDGE('',*,*,#2641,.T.);
#3838=ORIENTED_EDGE('',*,*,#2793,.F.);
#3839=ORIENTED_EDGE('',*,*,#2650,.F.);
#3840=ORIENTED_EDGE('',*,*,#2653,.F.);
#3841=ORIENTED_EDGE('',*,*,#2809,.F.);
#3842=ORIENTED_EDGE('',*,*,#2656,.F.);
#3843=ORIENTED_EDGE('',*,*,#2645,.T.);
#3844=ORIENTED_EDGE('',*,*,#2808,.F.);
#3845=ORIENTED_EDGE('',*,*,#2810,.T.);
#3846=ORIENTED_EDGE('',*,*,#2795,.F.);
#3847=ORIENTED_EDGE('',*,*,#2811,.T.);
#3848=ORIENTED_EDGE('',*,*,#2812,.F.);
#3849=ORIENTED_EDGE('',*,*,#2813,.T.);
#3850=ORIENTED_EDGE('',*,*,#2814,.F.);
#3851=ORIENTED_EDGE('',*,*,#2815,.T.);
#3852=ORIENTED_EDGE('',*,*,#2654,.F.);
#3853=ORIENTED_EDGE('',*,*,#2648,.T.);
#3854=ORIENTED_EDGE('',*,*,#2816,.F.);
#3855=ORIENTED_EDGE('',*,*,#2817,.F.);
#3856=ORIENTED_EDGE('',*,*,#2818,.F.);
#3857=ORIENTED_EDGE('',*,*,#2819,.F.);
#3858=ORIENTED_EDGE('',*,*,#2820,.F.);
#3859=ORIENTED_EDGE('',*,*,#2821,.F.);
#3860=ORIENTED_EDGE('',*,*,#2822,.F.);
#3861=ORIENTED_EDGE('',*,*,#2823,.F.);
#3862=ORIENTED_EDGE('',*,*,#2824,.F.);
#3863=ORIENTED_EDGE('',*,*,#2825,.F.);
#3864=ORIENTED_EDGE('',*,*,#2826,.F.);
#3865=ORIENTED_EDGE('',*,*,#2827,.F.);
#3866=ORIENTED_EDGE('',*,*,#2828,.F.);
#3867=ORIENTED_EDGE('',*,*,#2829,.F.);
#3868=ORIENTED_EDGE('',*,*,#2830,.F.);
#3869=ORIENTED_EDGE('',*,*,#2831,.F.);
#3870=ORIENTED_EDGE('',*,*,#2832,.F.);
#3871=ORIENTED_EDGE('',*,*,#2833,.F.);
#3872=ORIENTED_EDGE('',*,*,#2834,.F.);
#3873=ORIENTED_EDGE('',*,*,#2835,.F.);
#3874=ORIENTED_EDGE('',*,*,#2659,.F.);
#3875=ORIENTED_EDGE('',*,*,#2657,.F.);
#3876=ORIENTED_EDGE('',*,*,#2809,.T.);
#3877=ORIENTED_EDGE('',*,*,#2655,.F.);
#3878=ORIENTED_EDGE('',*,*,#2815,.F.);
#3879=ORIENTED_EDGE('',*,*,#2836,.F.);
#3880=ORIENTED_EDGE('',*,*,#2837,.F.);
#3881=ORIENTED_EDGE('',*,*,#2838,.F.);
#3882=ORIENTED_EDGE('',*,*,#2676,.F.);
#3883=ORIENTED_EDGE('',*,*,#2651,.F.);
#3884=ORIENTED_EDGE('',*,*,#2814,.T.);
#3885=ORIENTED_EDGE('',*,*,#2839,.T.);
#3886=ORIENTED_EDGE('',*,*,#2840,.F.);
#3887=ORIENTED_EDGE('',*,*,#2836,.T.);
#3888=ORIENTED_EDGE('',*,*,#2695,.F.);
#3889=ORIENTED_EDGE('',*,*,#2667,.F.);
#3890=ORIENTED_EDGE('',*,*,#2665,.F.);
#3891=ORIENTED_EDGE('',*,*,#2663,.F.);
#3892=ORIENTED_EDGE('',*,*,#2661,.F.);
#3893=ORIENTED_EDGE('',*,*,#2675,.F.);
#3894=ORIENTED_EDGE('',*,*,#2841,.F.);
#3895=ORIENTED_EDGE('',*,*,#2842,.F.);
#3896=ORIENTED_EDGE('',*,*,#2678,.F.);
#3897=ORIENTED_EDGE('',*,*,#2682,.F.);
#3898=ORIENTED_EDGE('',*,*,#2672,.T.);
#3899=ORIENTED_EDGE('',*,*,#2670,.T.);
#3900=ORIENTED_EDGE('',*,*,#2843,.T.);
#3901=ORIENTED_EDGE('',*,*,#2844,.T.);
#3902=ORIENTED_EDGE('',*,*,#2674,.F.);
#3903=ORIENTED_EDGE('',*,*,#2838,.T.);
#3904=ORIENTED_EDGE('',*,*,#2845,.F.);
#3905=ORIENTED_EDGE('',*,*,#2846,.T.);
#3906=ORIENTED_EDGE('',*,*,#2847,.T.);
#3907=ORIENTED_EDGE('',*,*,#2848,.F.);
#3908=ORIENTED_EDGE('',*,*,#2849,.T.);
#3909=ORIENTED_EDGE('',*,*,#2679,.T.);
#3910=ORIENTED_EDGE('',*,*,#2842,.T.);
#3911=ORIENTED_EDGE('',*,*,#2846,.F.);
#3912=ORIENTED_EDGE('',*,*,#2812,.T.);
#3913=ORIENTED_EDGE('',*,*,#2850,.T.);
#3914=ORIENTED_EDGE('',*,*,#2851,.F.);
#3915=ORIENTED_EDGE('',*,*,#2852,.T.);
#3916=ORIENTED_EDGE('',*,*,#2853,.T.);
#3917=ORIENTED_EDGE('',*,*,#2854,.F.);
#3918=ORIENTED_EDGE('',*,*,#2855,.F.);
#3919=ORIENTED_EDGE('',*,*,#2856,.T.);
#3920=ORIENTED_EDGE('',*,*,#2857,.F.);
#3921=ORIENTED_EDGE('',*,*,#2849,.F.);
#3922=ORIENTED_EDGE('',*,*,#2858,.T.);
#3923=ORIENTED_EDGE('',*,*,#2853,.F.);
#3924=ORIENTED_EDGE('',*,*,#2859,.T.);
#3925=ORIENTED_EDGE('',*,*,#2860,.T.);
#3926=ORIENTED_EDGE('',*,*,#2680,.F.);
#3927=ORIENTED_EDGE('',*,*,#2857,.T.);
#3928=ORIENTED_EDGE('',*,*,#2861,.T.);
#3929=ORIENTED_EDGE('',*,*,#2862,.F.);
#3930=ORIENTED_EDGE('',*,*,#2683,.F.);
#3931=ORIENTED_EDGE('',*,*,#2860,.F.);
#3932=ORIENTED_EDGE('',*,*,#2863,.T.);
#3933=ORIENTED_EDGE('',*,*,#2864,.F.);
#3934=ORIENTED_EDGE('',*,*,#2685,.F.);
#3935=ORIENTED_EDGE('',*,*,#2865,.F.);
#3936=ORIENTED_EDGE('',*,*,#2866,.T.);
#3937=ORIENTED_EDGE('',*,*,#2396,.T.);
#3938=ORIENTED_EDGE('',*,*,#2390,.T.);
#3939=ORIENTED_EDGE('',*,*,#2399,.T.);
#3940=ORIENTED_EDGE('',*,*,#2866,.F.);
#3941=ORIENTED_EDGE('',*,*,#2867,.F.);
#3942=ORIENTED_EDGE('',*,*,#2868,.F.);
#3943=ORIENTED_EDGE('',*,*,#2703,.F.);
#3944=ORIENTED_EDGE('',*,*,#2696,.F.);
#3945=ORIENTED_EDGE('',*,*,#2694,.F.);
#3946=ORIENTED_EDGE('',*,*,#2862,.T.);
#3947=ORIENTED_EDGE('',*,*,#2869,.T.);
#3948=ORIENTED_EDGE('',*,*,#2870,.F.);
#3949=ORIENTED_EDGE('',*,*,#2871,.F.);
#3950=ORIENTED_EDGE('',*,*,#2872,.F.);
#3951=ORIENTED_EDGE('',*,*,#2873,.T.);
#3952=ORIENTED_EDGE('',*,*,#2874,.T.);
#3953=ORIENTED_EDGE('',*,*,#2875,.F.);
#3954=ORIENTED_EDGE('',*,*,#2876,.F.);
#3955=ORIENTED_EDGE('',*,*,#2877,.F.);
#3956=ORIENTED_EDGE('',*,*,#2878,.F.);
#3957=ORIENTED_EDGE('',*,*,#2873,.F.);
#3958=ORIENTED_EDGE('',*,*,#2879,.T.);
#3959=ORIENTED_EDGE('',*,*,#2880,.F.);
#3960=ORIENTED_EDGE('',*,*,#2881,.T.);
#3961=ORIENTED_EDGE('',*,*,#2882,.T.);
#3962=ORIENTED_EDGE('',*,*,#2883,.T.);
#3963=ORIENTED_EDGE('',*,*,#2884,.T.);
#3964=ORIENTED_EDGE('',*,*,#2885,.F.);
#3965=ORIENTED_EDGE('',*,*,#2886,.F.);
#3966=ORIENTED_EDGE('',*,*,#2887,.F.);
#3967=ORIENTED_EDGE('',*,*,#2888,.T.);
#3968=ORIENTED_EDGE('',*,*,#2889,.F.);
#3969=ORIENTED_EDGE('',*,*,#2890,.F.);
#3970=ORIENTED_EDGE('',*,*,#2876,.T.);
#3971=ORIENTED_EDGE('',*,*,#2891,.T.);
#3972=ORIENTED_EDGE('',*,*,#2892,.F.);
#3973=ORIENTED_EDGE('',*,*,#2890,.T.);
#3974=ORIENTED_EDGE('',*,*,#2893,.F.);
#3975=ORIENTED_EDGE('',*,*,#2894,.F.);
#3976=ORIENTED_EDGE('',*,*,#2877,.T.);
#3977=ORIENTED_EDGE('',*,*,#2895,.F.);
#3978=ORIENTED_EDGE('',*,*,#2867,.T.);
#3979=ORIENTED_EDGE('',*,*,#2878,.T.);
#3980=ORIENTED_EDGE('',*,*,#2894,.T.);
#3981=ORIENTED_EDGE('',*,*,#2896,.T.);
#3982=ORIENTED_EDGE('',*,*,#2895,.T.);
#3983=ORIENTED_EDGE('',*,*,#2897,.T.);
#3984=ORIENTED_EDGE('',*,*,#2704,.F.);
#3985=ORIENTED_EDGE('',*,*,#2868,.T.);
#3986=ORIENTED_EDGE('',*,*,#2705,.F.);
#3987=ORIENTED_EDGE('',*,*,#2898,.T.);
#3988=ORIENTED_EDGE('',*,*,#2899,.T.);
#3989=ORIENTED_EDGE('',*,*,#2701,.T.);
#3990=ORIENTED_EDGE('',*,*,#2700,.F.);
#3991=ORIENTED_EDGE('',*,*,#2900,.T.);
#3992=ORIENTED_EDGE('',*,*,#2706,.T.);
#3993=ORIENTED_EDGE('',*,*,#2899,.F.);
#3994=ORIENTED_EDGE('',*,*,#2901,.T.);
#3995=ORIENTED_EDGE('',*,*,#2783,.T.);
#3996=ORIENTED_EDGE('',*,*,#2708,.T.);
#3997=ORIENTED_EDGE('',*,*,#2900,.F.);
#3998=ORIENTED_EDGE('',*,*,#2902,.T.);
#3999=ORIENTED_EDGE('',*,*,#2714,.F.);
#4000=ORIENTED_EDGE('',*,*,#2903,.F.);
#4001=ORIENTED_EDGE('',*,*,#2904,.T.);
#4002=ORIENTED_EDGE('',*,*,#2905,.T.);
#4003=ORIENTED_EDGE('',*,*,#2717,.F.);
#4004=ORIENTED_EDGE('',*,*,#2905,.F.);
#4005=ORIENTED_EDGE('',*,*,#2906,.F.);
#4006=ORIENTED_EDGE('',*,*,#2907,.T.);
#4007=ORIENTED_EDGE('',*,*,#2908,.T.);
#4008=ORIENTED_EDGE('',*,*,#2720,.F.);
#4009=ORIENTED_EDGE('',*,*,#2907,.F.);
#4010=ORIENTED_EDGE('',*,*,#2909,.F.);
#4011=ORIENTED_EDGE('',*,*,#2723,.F.);
#4012=ORIENTED_EDGE('',*,*,#2908,.F.);
#4013=ORIENTED_EDGE('',*,*,#2910,.F.);
#4014=ORIENTED_EDGE('',*,*,#2911,.T.);
#4015=ORIENTED_EDGE('',*,*,#2726,.F.);
#4016=ORIENTED_EDGE('',*,*,#2911,.F.);
#4017=ORIENTED_EDGE('',*,*,#2912,.F.);
#4018=ORIENTED_EDGE('',*,*,#2913,.T.);
#4019=ORIENTED_EDGE('',*,*,#2729,.F.);
#4020=ORIENTED_EDGE('',*,*,#2913,.F.);
#4021=ORIENTED_EDGE('',*,*,#2914,.F.);
#4022=ORIENTED_EDGE('',*,*,#2915,.T.);
#4023=ORIENTED_EDGE('',*,*,#2732,.F.);
#4024=ORIENTED_EDGE('',*,*,#2915,.F.);
#4025=ORIENTED_EDGE('',*,*,#2916,.F.);
#4026=ORIENTED_EDGE('',*,*,#2917,.T.);
#4027=ORIENTED_EDGE('',*,*,#2735,.F.);
#4028=ORIENTED_EDGE('',*,*,#2917,.F.);
#4029=ORIENTED_EDGE('',*,*,#2918,.F.);
#4030=ORIENTED_EDGE('',*,*,#2919,.T.);
#4031=ORIENTED_EDGE('',*,*,#2738,.F.);
#4032=ORIENTED_EDGE('',*,*,#2919,.F.);
#4033=ORIENTED_EDGE('',*,*,#2920,.T.);
#4034=ORIENTED_EDGE('',*,*,#2921,.T.);
#4035=ORIENTED_EDGE('',*,*,#2742,.F.);
#4036=ORIENTED_EDGE('',*,*,#2922,.F.);
#4037=ORIENTED_EDGE('',*,*,#2923,.T.);
#4038=ORIENTED_EDGE('',*,*,#2924,.T.);
#4039=ORIENTED_EDGE('',*,*,#2745,.F.);
#4040=ORIENTED_EDGE('',*,*,#2924,.F.);
#4041=ORIENTED_EDGE('',*,*,#2925,.F.);
#4042=ORIENTED_EDGE('',*,*,#2926,.T.);
#4043=ORIENTED_EDGE('',*,*,#2748,.F.);
#4044=ORIENTED_EDGE('',*,*,#2926,.F.);
#4045=ORIENTED_EDGE('',*,*,#2927,.F.);
#4046=ORIENTED_EDGE('',*,*,#2928,.T.);
#4047=ORIENTED_EDGE('',*,*,#2751,.F.);
#4048=ORIENTED_EDGE('',*,*,#2928,.F.);
#4049=ORIENTED_EDGE('',*,*,#2929,.F.);
#4050=ORIENTED_EDGE('',*,*,#2930,.T.);
#4051=ORIENTED_EDGE('',*,*,#2754,.F.);
#4052=ORIENTED_EDGE('',*,*,#2930,.F.);
#4053=ORIENTED_EDGE('',*,*,#2931,.F.);
#4054=ORIENTED_EDGE('',*,*,#2932,.T.);
#4055=ORIENTED_EDGE('',*,*,#2756,.F.);
#4056=ORIENTED_EDGE('',*,*,#2932,.F.);
#4057=ORIENTED_EDGE('',*,*,#2933,.F.);
#4058=ORIENTED_EDGE('',*,*,#2934,.F.);
#4059=ORIENTED_EDGE('',*,*,#2757,.T.);
#4060=ORIENTED_EDGE('',*,*,#2935,.F.);
#4061=ORIENTED_EDGE('',*,*,#2768,.T.);
#4062=ORIENTED_EDGE('',*,*,#2760,.T.);
#4063=ORIENTED_EDGE('',*,*,#2758,.T.);
#4064=ORIENTED_EDGE('',*,*,#2934,.T.);
#4065=ORIENTED_EDGE('',*,*,#2936,.T.);
#4066=ORIENTED_EDGE('',*,*,#2937,.T.);
#4067=ORIENTED_EDGE('',*,*,#2769,.T.);
#4068=ORIENTED_EDGE('',*,*,#2935,.T.);
#4069=ORIENTED_EDGE('',*,*,#2938,.T.);
#4070=ORIENTED_EDGE('',*,*,#2937,.F.);
#4071=ORIENTED_EDGE('',*,*,#2939,.T.);
#4072=ORIENTED_EDGE('',*,*,#2940,.T.);
#4073=ORIENTED_EDGE('',*,*,#2762,.T.);
#4074=ORIENTED_EDGE('',*,*,#2941,.T.);
#4075=ORIENTED_EDGE('',*,*,#2770,.T.);
#4076=ORIENTED_EDGE('',*,*,#2942,.F.);
#4077=ORIENTED_EDGE('',*,*,#2943,.F.);
#4078=ORIENTED_EDGE('',*,*,#2944,.F.);
#4079=ORIENTED_EDGE('',*,*,#2885,.T.);
#4080=ORIENTED_EDGE('',*,*,#2944,.T.);
#4081=ORIENTED_EDGE('',*,*,#2945,.F.);
#4082=ORIENTED_EDGE('',*,*,#2946,.F.);
#4083=ORIENTED_EDGE('',*,*,#2886,.T.);
#4084=ORIENTED_EDGE('',*,*,#2947,.F.);
#4085=ORIENTED_EDGE('',*,*,#2887,.T.);
#4086=ORIENTED_EDGE('',*,*,#2946,.T.);
#4087=ORIENTED_EDGE('',*,*,#2948,.F.);
#4088=ORIENTED_EDGE('',*,*,#2949,.F.);
#4089=ORIENTED_EDGE('',*,*,#2950,.F.);
#4090=ORIENTED_EDGE('',*,*,#2951,.F.);
#4091=ORIENTED_EDGE('',*,*,#2952,.T.);
#4092=ORIENTED_EDGE('',*,*,#2874,.F.);
#4093=ORIENTED_EDGE('',*,*,#2891,.F.);
#4094=ORIENTED_EDGE('',*,*,#2875,.T.);
#4095=ORIENTED_EDGE('',*,*,#2952,.F.);
#4096=ORIENTED_EDGE('',*,*,#2953,.F.);
#4097=ORIENTED_EDGE('',*,*,#2940,.F.);
#4098=ORIENTED_EDGE('',*,*,#2954,.T.);
#4099=ORIENTED_EDGE('',*,*,#2955,.F.);
#4100=ORIENTED_EDGE('',*,*,#2956,.T.);
#4101=ORIENTED_EDGE('',*,*,#2763,.T.);
#4102=ORIENTED_EDGE('',*,*,#2957,.T.);
#4103=ORIENTED_EDGE('',*,*,#2958,.F.);
#4104=ORIENTED_EDGE('',*,*,#2959,.T.);
#4105=ORIENTED_EDGE('',*,*,#2960,.F.);
#4106=ORIENTED_EDGE('',*,*,#2764,.F.);
#4107=ORIENTED_EDGE('',*,*,#2956,.F.);
#4108=ORIENTED_EDGE('',*,*,#2961,.T.);
#4109=ORIENTED_EDGE('',*,*,#2962,.F.);
#4110=ORIENTED_EDGE('',*,*,#2963,.F.);
#4111=ORIENTED_EDGE('',*,*,#2964,.F.);
#4112=ORIENTED_EDGE('',*,*,#2965,.T.);
#4113=ORIENTED_EDGE('',*,*,#2966,.F.);
#4114=ORIENTED_EDGE('',*,*,#2967,.F.);
#4115=ORIENTED_EDGE('',*,*,#2765,.F.);
#4116=ORIENTED_EDGE('',*,*,#2960,.T.);
#4117=ORIENTED_EDGE('',*,*,#2968,.F.);
#4118=ORIENTED_EDGE('',*,*,#2969,.T.);
#4119=ORIENTED_EDGE('',*,*,#2771,.T.);
#4120=ORIENTED_EDGE('',*,*,#2941,.F.);
#4121=ORIENTED_EDGE('',*,*,#2967,.T.);
#4122=ORIENTED_EDGE('',*,*,#2970,.T.);
#4123=ORIENTED_EDGE('',*,*,#2971,.F.);
#4124=ORIENTED_EDGE('',*,*,#2775,.F.);
#4125=ORIENTED_EDGE('',*,*,#2774,.T.);
#4126=ORIENTED_EDGE('',*,*,#2772,.T.);
#4127=ORIENTED_EDGE('',*,*,#2971,.T.);
#4128=ORIENTED_EDGE('',*,*,#2972,.T.);
#4129=ORIENTED_EDGE('',*,*,#2776,.F.);
#4130=ORIENTED_EDGE('',*,*,#2973,.T.);
#4131=ORIENTED_EDGE('',*,*,#2785,.T.);
#4132=ORIENTED_EDGE('',*,*,#2792,.F.);
#4133=ORIENTED_EDGE('',*,*,#2790,.T.);
#4134=ORIENTED_EDGE('',*,*,#2788,.F.);
#4135=ORIENTED_EDGE('',*,*,#2786,.T.);
#4136=ORIENTED_EDGE('',*,*,#2974,.F.);
#4137=ORIENTED_EDGE('',*,*,#2797,.F.);
#4138=ORIENTED_EDGE('',*,*,#2802,.F.);
#4139=ORIENTED_EDGE('',*,*,#2784,.F.);
#4140=ORIENTED_EDGE('',*,*,#2975,.F.);
#4141=ORIENTED_EDGE('',*,*,#2903,.T.);
#4142=ORIENTED_EDGE('',*,*,#2781,.F.);
#4143=ORIENTED_EDGE('',*,*,#2921,.F.);
#4144=ORIENTED_EDGE('',*,*,#2976,.F.);
#4145=ORIENTED_EDGE('',*,*,#2922,.T.);
#4146=ORIENTED_EDGE('',*,*,#2778,.F.);
#4147=ORIENTED_EDGE('',*,*,#2977,.T.);
#4148=ORIENTED_EDGE('',*,*,#2978,.T.);
#4149=ORIENTED_EDGE('',*,*,#2798,.F.);
#4150=ORIENTED_EDGE('',*,*,#2979,.T.);
#4151=ORIENTED_EDGE('',*,*,#2980,.T.);
#4152=ORIENTED_EDGE('',*,*,#2810,.F.);
#4153=ORIENTED_EDGE('',*,*,#2807,.F.);
#4154=ORIENTED_EDGE('',*,*,#2806,.T.);
#4155=ORIENTED_EDGE('',*,*,#2803,.F.);
#4156=ORIENTED_EDGE('',*,*,#2800,.F.);
#4157=ORIENTED_EDGE('',*,*,#2799,.F.);
#4158=ORIENTED_EDGE('',*,*,#2978,.F.);
#4159=ORIENTED_EDGE('',*,*,#2981,.F.);
#4160=ORIENTED_EDGE('',*,*,#2982,.F.);
#4161=ORIENTED_EDGE('',*,*,#2850,.F.);
#4162=ORIENTED_EDGE('',*,*,#2811,.F.);
#4163=ORIENTED_EDGE('',*,*,#2794,.F.);
#4164=ORIENTED_EDGE('',*,*,#2983,.T.);
#4165=ORIENTED_EDGE('',*,*,#2984,.T.);
#4166=ORIENTED_EDGE('',*,*,#2985,.F.);
#4167=ORIENTED_EDGE('',*,*,#2986,.F.);
#4168=ORIENTED_EDGE('',*,*,#2987,.T.);
#4169=ORIENTED_EDGE('',*,*,#2988,.F.);
#4170=ORIENTED_EDGE('',*,*,#2989,.T.);
#4171=ORIENTED_EDGE('',*,*,#2990,.F.);
#4172=ORIENTED_EDGE('',*,*,#2991,.T.);
#4173=ORIENTED_EDGE('',*,*,#2992,.F.);
#4174=ORIENTED_EDGE('',*,*,#2993,.F.);
#4175=ORIENTED_EDGE('',*,*,#2994,.F.);
#4176=ORIENTED_EDGE('',*,*,#2995,.T.);
#4177=ORIENTED_EDGE('',*,*,#2996,.F.);
#4178=ORIENTED_EDGE('',*,*,#2997,.F.);
#4179=ORIENTED_EDGE('',*,*,#2998,.F.);
#4180=ORIENTED_EDGE('',*,*,#2999,.T.);
#4181=ORIENTED_EDGE('',*,*,#3000,.F.);
#4182=ORIENTED_EDGE('',*,*,#3001,.F.);
#4183=ORIENTED_EDGE('',*,*,#2835,.T.);
#4184=ORIENTED_EDGE('',*,*,#3002,.T.);
#4185=ORIENTED_EDGE('',*,*,#3003,.T.);
#4186=ORIENTED_EDGE('',*,*,#3001,.T.);
#4187=ORIENTED_EDGE('',*,*,#3004,.T.);
#4188=ORIENTED_EDGE('',*,*,#3005,.T.);
#4189=ORIENTED_EDGE('',*,*,#2828,.T.);
#4190=ORIENTED_EDGE('',*,*,#3005,.F.);
#4191=ORIENTED_EDGE('',*,*,#3006,.T.);
#4192=ORIENTED_EDGE('',*,*,#3007,.F.);
#4193=ORIENTED_EDGE('',*,*,#2829,.T.);
#4194=ORIENTED_EDGE('',*,*,#2830,.T.);
#4195=ORIENTED_EDGE('',*,*,#3007,.T.);
#4196=ORIENTED_EDGE('',*,*,#3008,.T.);
#4197=ORIENTED_EDGE('',*,*,#3009,.F.);
#4198=ORIENTED_EDGE('',*,*,#2831,.T.);
#4199=ORIENTED_EDGE('',*,*,#3009,.T.);
#4200=ORIENTED_EDGE('',*,*,#3010,.T.);
#4201=ORIENTED_EDGE('',*,*,#3011,.F.);
#4202=ORIENTED_EDGE('',*,*,#2832,.T.);
#4203=ORIENTED_EDGE('',*,*,#3011,.T.);
#4204=ORIENTED_EDGE('',*,*,#3012,.T.);
#4205=ORIENTED_EDGE('',*,*,#3013,.F.);
#4206=ORIENTED_EDGE('',*,*,#2833,.T.);
#4207=ORIENTED_EDGE('',*,*,#3013,.T.);
#4208=ORIENTED_EDGE('',*,*,#3014,.T.);
#4209=ORIENTED_EDGE('',*,*,#3015,.F.);
#4210=ORIENTED_EDGE('',*,*,#2822,.T.);
#4211=ORIENTED_EDGE('',*,*,#3016,.T.);
#4212=ORIENTED_EDGE('',*,*,#3017,.T.);
#4213=ORIENTED_EDGE('',*,*,#3018,.T.);
#4214=ORIENTED_EDGE('',*,*,#2823,.T.);
#4215=ORIENTED_EDGE('',*,*,#3018,.F.);
#4216=ORIENTED_EDGE('',*,*,#3019,.F.);
#4217=ORIENTED_EDGE('',*,*,#3020,.T.);
#4218=ORIENTED_EDGE('',*,*,#2824,.T.);
#4219=ORIENTED_EDGE('',*,*,#3020,.F.);
#4220=ORIENTED_EDGE('',*,*,#3021,.F.);
#4221=ORIENTED_EDGE('',*,*,#3022,.T.);
#4222=ORIENTED_EDGE('',*,*,#2825,.T.);
#4223=ORIENTED_EDGE('',*,*,#3022,.F.);
#4224=ORIENTED_EDGE('',*,*,#3023,.F.);
#4225=ORIENTED_EDGE('',*,*,#3024,.F.);
#4226=ORIENTED_EDGE('',*,*,#2826,.T.);
#4227=ORIENTED_EDGE('',*,*,#3024,.T.);
#4228=ORIENTED_EDGE('',*,*,#3025,.T.);
#4229=ORIENTED_EDGE('',*,*,#3026,.T.);
#4230=ORIENTED_EDGE('',*,*,#2816,.T.);
#4231=ORIENTED_EDGE('',*,*,#3027,.T.);
#4232=ORIENTED_EDGE('',*,*,#3028,.T.);
#4233=ORIENTED_EDGE('',*,*,#3029,.T.);
#4234=ORIENTED_EDGE('',*,*,#2817,.T.);
#4235=ORIENTED_EDGE('',*,*,#3029,.F.);
#4236=ORIENTED_EDGE('',*,*,#3030,.F.);
#4237=ORIENTED_EDGE('',*,*,#3031,.T.);
#4238=ORIENTED_EDGE('',*,*,#2818,.T.);
#4239=ORIENTED_EDGE('',*,*,#3031,.F.);
#4240=ORIENTED_EDGE('',*,*,#3032,.F.);
#4241=ORIENTED_EDGE('',*,*,#3033,.T.);
#4242=ORIENTED_EDGE('',*,*,#2819,.T.);
#4243=ORIENTED_EDGE('',*,*,#3033,.F.);
#4244=ORIENTED_EDGE('',*,*,#3034,.F.);
#4245=ORIENTED_EDGE('',*,*,#3035,.F.);
#4246=ORIENTED_EDGE('',*,*,#2820,.T.);
#4247=ORIENTED_EDGE('',*,*,#3035,.T.);
#4248=ORIENTED_EDGE('',*,*,#3036,.T.);
#4249=ORIENTED_EDGE('',*,*,#3037,.T.);
#4250=ORIENTED_EDGE('',*,*,#2852,.F.);
#4251=ORIENTED_EDGE('',*,*,#3038,.F.);
#4252=ORIENTED_EDGE('',*,*,#3002,.F.);
#4253=ORIENTED_EDGE('',*,*,#2834,.T.);
#4254=ORIENTED_EDGE('',*,*,#3015,.T.);
#4255=ORIENTED_EDGE('',*,*,#3039,.F.);
#4256=ORIENTED_EDGE('',*,*,#3016,.F.);
#4257=ORIENTED_EDGE('',*,*,#2827,.T.);
#4258=ORIENTED_EDGE('',*,*,#3026,.F.);
#4259=ORIENTED_EDGE('',*,*,#3040,.T.);
#4260=ORIENTED_EDGE('',*,*,#3027,.F.);
#4261=ORIENTED_EDGE('',*,*,#2821,.T.);
#4262=ORIENTED_EDGE('',*,*,#3037,.F.);
#4263=ORIENTED_EDGE('',*,*,#3041,.T.);
#4264=ORIENTED_EDGE('',*,*,#2839,.F.);
#4265=ORIENTED_EDGE('',*,*,#2813,.F.);
#4266=ORIENTED_EDGE('',*,*,#2840,.T.);
#4267=ORIENTED_EDGE('',*,*,#3042,.T.);
#4268=ORIENTED_EDGE('',*,*,#2843,.F.);
#4269=ORIENTED_EDGE('',*,*,#2837,.T.);
#4270=ORIENTED_EDGE('',*,*,#2844,.F.);
#4271=ORIENTED_EDGE('',*,*,#3043,.T.);
#4272=ORIENTED_EDGE('',*,*,#2847,.F.);
#4273=ORIENTED_EDGE('',*,*,#2841,.T.);
#4274=ORIENTED_EDGE('',*,*,#3044,.T.);
#4275=ORIENTED_EDGE('',*,*,#2845,.T.);
#4276=ORIENTED_EDGE('',*,*,#3045,.T.);
#4277=ORIENTED_EDGE('',*,*,#2858,.F.);
#4278=ORIENTED_EDGE('',*,*,#2848,.T.);
#4279=ORIENTED_EDGE('',*,*,#3044,.F.);
#4280=ORIENTED_EDGE('',*,*,#3046,.T.);
#4281=ORIENTED_EDGE('',*,*,#3047,.F.);
#4282=ORIENTED_EDGE('',*,*,#2854,.T.);
#4283=ORIENTED_EDGE('',*,*,#2855,.T.);
#4284=ORIENTED_EDGE('',*,*,#3047,.T.);
#4285=ORIENTED_EDGE('',*,*,#3048,.F.);
#4286=ORIENTED_EDGE('',*,*,#3049,.F.);
#4287=ORIENTED_EDGE('',*,*,#3050,.T.);
#4288=ORIENTED_EDGE('',*,*,#3049,.T.);
#4289=ORIENTED_EDGE('',*,*,#3051,.F.);
#4290=ORIENTED_EDGE('',*,*,#3052,.T.);
#4291=ORIENTED_EDGE('',*,*,#3053,.T.);
#4292=ORIENTED_EDGE('',*,*,#3052,.F.);
#4293=ORIENTED_EDGE('',*,*,#3054,.F.);
#4294=ORIENTED_EDGE('',*,*,#3055,.T.);
#4295=ORIENTED_EDGE('',*,*,#3056,.T.);
#4296=ORIENTED_EDGE('',*,*,#3057,.F.);
#4297=ORIENTED_EDGE('',*,*,#2996,.T.);
#4298=ORIENTED_EDGE('',*,*,#3058,.F.);
#4299=ORIENTED_EDGE('',*,*,#3059,.F.);
#4300=ORIENTED_EDGE('',*,*,#3060,.F.);
#4301=ORIENTED_EDGE('',*,*,#2997,.T.);
#4302=ORIENTED_EDGE('',*,*,#3057,.T.);
#4303=ORIENTED_EDGE('',*,*,#3061,.F.);
#4304=ORIENTED_EDGE('',*,*,#3062,.F.);
#4305=ORIENTED_EDGE('',*,*,#2998,.T.);
#4306=ORIENTED_EDGE('',*,*,#3060,.T.);
#4307=ORIENTED_EDGE('',*,*,#3063,.T.);
#4308=ORIENTED_EDGE('',*,*,#3064,.F.);
#4309=ORIENTED_EDGE('',*,*,#2992,.T.);
#4310=ORIENTED_EDGE('',*,*,#3065,.F.);
#4311=ORIENTED_EDGE('',*,*,#3066,.F.);
#4312=ORIENTED_EDGE('',*,*,#3067,.T.);
#4313=ORIENTED_EDGE('',*,*,#2993,.T.);
#4314=ORIENTED_EDGE('',*,*,#3064,.T.);
#4315=ORIENTED_EDGE('',*,*,#3068,.F.);
#4316=ORIENTED_EDGE('',*,*,#3069,.F.);
#4317=ORIENTED_EDGE('',*,*,#2994,.T.);
#4318=ORIENTED_EDGE('',*,*,#3067,.F.);
#4319=ORIENTED_EDGE('',*,*,#3070,.T.);
#4320=ORIENTED_EDGE('',*,*,#3071,.F.);
#4321=ORIENTED_EDGE('',*,*,#2986,.T.);
#4322=ORIENTED_EDGE('',*,*,#3072,.T.);
#4323=ORIENTED_EDGE('',*,*,#3073,.T.);
#4324=ORIENTED_EDGE('',*,*,#3074,.T.);
#4325=ORIENTED_EDGE('',*,*,#2987,.F.);
#4326=ORIENTED_EDGE('',*,*,#3071,.T.);
#4327=ORIENTED_EDGE('',*,*,#3075,.T.);
#4328=ORIENTED_EDGE('',*,*,#2851,.T.);
#4329=ORIENTED_EDGE('',*,*,#2982,.T.);
#4330=ORIENTED_EDGE('',*,*,#3076,.F.);
#4331=ORIENTED_EDGE('',*,*,#3077,.T.);
#4332=ORIENTED_EDGE('',*,*,#3055,.F.);
#4333=ORIENTED_EDGE('',*,*,#3078,.F.);
#4334=ORIENTED_EDGE('',*,*,#3079,.T.);
#4335=ORIENTED_EDGE('',*,*,#3080,.T.);
#4336=ORIENTED_EDGE('',*,*,#3081,.T.);
#4337=ORIENTED_EDGE('',*,*,#3082,.F.);
#4338=ORIENTED_EDGE('',*,*,#3083,.T.);
#4339=ORIENTED_EDGE('',*,*,#2869,.F.);
#4340=ORIENTED_EDGE('',*,*,#2863,.F.);
#4341=ORIENTED_EDGE('',*,*,#2861,.F.);
#4342=ORIENTED_EDGE('',*,*,#2859,.F.);
#4343=ORIENTED_EDGE('',*,*,#2856,.F.);
#4344=ORIENTED_EDGE('',*,*,#3050,.F.);
#4345=ORIENTED_EDGE('',*,*,#3053,.F.);
#4346=ORIENTED_EDGE('',*,*,#3056,.F.);
#4347=ORIENTED_EDGE('',*,*,#3080,.F.);
#4348=ORIENTED_EDGE('',*,*,#3084,.F.);
#4349=ORIENTED_EDGE('',*,*,#2506,.F.);
#4350=ORIENTED_EDGE('',*,*,#3085,.T.);
#4351=ORIENTED_EDGE('',*,*,#2864,.T.);
#4352=ORIENTED_EDGE('',*,*,#3085,.F.);
#4353=ORIENTED_EDGE('',*,*,#2435,.T.);
#4354=ORIENTED_EDGE('',*,*,#3086,.T.);
#4355=ORIENTED_EDGE('',*,*,#2459,.T.);
#4356=ORIENTED_EDGE('',*,*,#3086,.F.);
#4357=ORIENTED_EDGE('',*,*,#2434,.T.);
#4358=ORIENTED_EDGE('',*,*,#2504,.T.);
#4359=ORIENTED_EDGE('',*,*,#2420,.T.);
#4360=ORIENTED_EDGE('',*,*,#2413,.F.);
#4361=ORIENTED_EDGE('',*,*,#2437,.F.);
#4362=ORIENTED_EDGE('',*,*,#2503,.F.);
#4363=ORIENTED_EDGE('',*,*,#3087,.T.);
#4364=ORIENTED_EDGE('',*,*,#2421,.T.);
#4365=ORIENTED_EDGE('',*,*,#3087,.F.);
#4366=ORIENTED_EDGE('',*,*,#2502,.F.);
#4367=ORIENTED_EDGE('',*,*,#2445,.T.);
#4368=ORIENTED_EDGE('',*,*,#2447,.T.);
#4369=ORIENTED_EDGE('',*,*,#2501,.T.);
#4370=ORIENTED_EDGE('',*,*,#3088,.T.);
#4371=ORIENTED_EDGE('',*,*,#2865,.T.);
#4372=ORIENTED_EDGE('',*,*,#3088,.F.);
#4373=ORIENTED_EDGE('',*,*,#2505,.T.);
#4374=ORIENTED_EDGE('',*,*,#3089,.F.);
#4375=ORIENTED_EDGE('',*,*,#2500,.F.);
#4376=ORIENTED_EDGE('',*,*,#3090,.F.);
#4377=ORIENTED_EDGE('',*,*,#3082,.T.);
#4378=ORIENTED_EDGE('',*,*,#3083,.F.);
#4379=ORIENTED_EDGE('',*,*,#3090,.T.);
#4380=ORIENTED_EDGE('',*,*,#2499,.T.);
#4381=ORIENTED_EDGE('',*,*,#3091,.F.);
#4382=ORIENTED_EDGE('',*,*,#2870,.T.);
#4383=ORIENTED_EDGE('',*,*,#3092,.T.);
#4384=ORIENTED_EDGE('',*,*,#2871,.T.);
#4385=ORIENTED_EDGE('',*,*,#3091,.T.);
#4386=ORIENTED_EDGE('',*,*,#2498,.T.);
#4387=ORIENTED_EDGE('',*,*,#2872,.T.);
#4388=ORIENTED_EDGE('',*,*,#3092,.F.);
#4389=ORIENTED_EDGE('',*,*,#2497,.T.);
#4390=ORIENTED_EDGE('',*,*,#3093,.T.);
#4391=ORIENTED_EDGE('',*,*,#2879,.F.);
#4392=ORIENTED_EDGE('',*,*,#3093,.F.);
#4393=ORIENTED_EDGE('',*,*,#2496,.F.);
#4394=ORIENTED_EDGE('',*,*,#3094,.F.);
#4395=ORIENTED_EDGE('',*,*,#2880,.T.);
#4396=ORIENTED_EDGE('',*,*,#3094,.T.);
#4397=ORIENTED_EDGE('',*,*,#2495,.F.);
#4398=ORIENTED_EDGE('',*,*,#3095,.T.);
#4399=ORIENTED_EDGE('',*,*,#2881,.F.);
#4400=ORIENTED_EDGE('',*,*,#3095,.F.);
#4401=ORIENTED_EDGE('',*,*,#2494,.T.);
#4402=ORIENTED_EDGE('',*,*,#3096,.T.);
#4403=ORIENTED_EDGE('',*,*,#2882,.F.);
#4404=ORIENTED_EDGE('',*,*,#3096,.F.);
#4405=ORIENTED_EDGE('',*,*,#2493,.F.);
#4406=ORIENTED_EDGE('',*,*,#2949,.T.);
#4407=ORIENTED_EDGE('',*,*,#2883,.F.);
#4408=ORIENTED_EDGE('',*,*,#2888,.F.);
#4409=ORIENTED_EDGE('',*,*,#2947,.T.);
#4410=ORIENTED_EDGE('',*,*,#3097,.T.);
#4411=ORIENTED_EDGE('',*,*,#3098,.T.);
#4412=ORIENTED_EDGE('',*,*,#2491,.T.);
#4413=ORIENTED_EDGE('',*,*,#3099,.T.);
#4414=ORIENTED_EDGE('',*,*,#3100,.F.);
#4415=ORIENTED_EDGE('',*,*,#2889,.T.);
#4416=ORIENTED_EDGE('',*,*,#3099,.F.);
#4417=ORIENTED_EDGE('',*,*,#2490,.F.);
#4418=ORIENTED_EDGE('',*,*,#2884,.F.);
#4419=ORIENTED_EDGE('',*,*,#3100,.T.);
#4420=ORIENTED_EDGE('',*,*,#2489,.F.);
#4421=ORIENTED_EDGE('',*,*,#3101,.F.);
#4422=ORIENTED_EDGE('',*,*,#3102,.F.);
#4423=ORIENTED_EDGE('',*,*,#2942,.T.);
#4424=ORIENTED_EDGE('',*,*,#2953,.T.);
#4425=ORIENTED_EDGE('',*,*,#2951,.T.);
#4426=ORIENTED_EDGE('',*,*,#2950,.T.);
#4427=ORIENTED_EDGE('',*,*,#2492,.F.);
#4428=ORIENTED_EDGE('',*,*,#3098,.F.);
#4429=ORIENTED_EDGE('',*,*,#3097,.F.);
#4430=ORIENTED_EDGE('',*,*,#2948,.T.);
#4431=ORIENTED_EDGE('',*,*,#2945,.T.);
#4432=ORIENTED_EDGE('',*,*,#2943,.T.);
#4433=ORIENTED_EDGE('',*,*,#3102,.T.);
#4434=ORIENTED_EDGE('',*,*,#3101,.T.);
#4435=ORIENTED_EDGE('',*,*,#2488,.F.);
#4436=ORIENTED_EDGE('',*,*,#3103,.F.);
#4437=ORIENTED_EDGE('',*,*,#3104,.F.);
#4438=ORIENTED_EDGE('',*,*,#2954,.F.);
#4439=ORIENTED_EDGE('',*,*,#2939,.F.);
#4440=ORIENTED_EDGE('',*,*,#2938,.F.);
#4441=ORIENTED_EDGE('',*,*,#2936,.F.);
#4442=ORIENTED_EDGE('',*,*,#2933,.T.);
#4443=ORIENTED_EDGE('',*,*,#2931,.T.);
#4444=ORIENTED_EDGE('',*,*,#2929,.T.);
#4445=ORIENTED_EDGE('',*,*,#2927,.T.);
#4446=ORIENTED_EDGE('',*,*,#2925,.T.);
#4447=ORIENTED_EDGE('',*,*,#2923,.F.);
#4448=ORIENTED_EDGE('',*,*,#2976,.T.);
#4449=ORIENTED_EDGE('',*,*,#2920,.F.);
#4450=ORIENTED_EDGE('',*,*,#2918,.T.);
#4451=ORIENTED_EDGE('',*,*,#2916,.T.);
#4452=ORIENTED_EDGE('',*,*,#2914,.T.);
#4453=ORIENTED_EDGE('',*,*,#2912,.T.);
#4454=ORIENTED_EDGE('',*,*,#2910,.T.);
#4455=ORIENTED_EDGE('',*,*,#2909,.T.);
#4456=ORIENTED_EDGE('',*,*,#2906,.T.);
#4457=ORIENTED_EDGE('',*,*,#2904,.F.);
#4458=ORIENTED_EDGE('',*,*,#2975,.T.);
#4459=ORIENTED_EDGE('',*,*,#2902,.F.);
#4460=ORIENTED_EDGE('',*,*,#2901,.F.);
#4461=ORIENTED_EDGE('',*,*,#2898,.F.);
#4462=ORIENTED_EDGE('',*,*,#2897,.F.);
#4463=ORIENTED_EDGE('',*,*,#2896,.F.);
#4464=ORIENTED_EDGE('',*,*,#2893,.T.);
#4465=ORIENTED_EDGE('',*,*,#2892,.T.);
#4466=ORIENTED_EDGE('',*,*,#2487,.T.);
#4467=ORIENTED_EDGE('',*,*,#3105,.T.);
#4468=ORIENTED_EDGE('',*,*,#2961,.F.);
#4469=ORIENTED_EDGE('',*,*,#2955,.T.);
#4470=ORIENTED_EDGE('',*,*,#3104,.T.);
#4471=ORIENTED_EDGE('',*,*,#3103,.T.);
#4472=ORIENTED_EDGE('',*,*,#3105,.F.);
#4473=ORIENTED_EDGE('',*,*,#2486,.F.);
#4474=ORIENTED_EDGE('',*,*,#3106,.F.);
#4475=ORIENTED_EDGE('',*,*,#2962,.T.);
#4476=ORIENTED_EDGE('',*,*,#2485,.T.);
#4477=ORIENTED_EDGE('',*,*,#3107,.T.);
#4478=ORIENTED_EDGE('',*,*,#2963,.T.);
#4479=ORIENTED_EDGE('',*,*,#3106,.T.);
#4480=ORIENTED_EDGE('',*,*,#3108,.F.);
#4481=ORIENTED_EDGE('',*,*,#2964,.T.);
#4482=ORIENTED_EDGE('',*,*,#3107,.F.);
#4483=ORIENTED_EDGE('',*,*,#2484,.F.);
#4484=ORIENTED_EDGE('',*,*,#2965,.F.);
#4485=ORIENTED_EDGE('',*,*,#3108,.T.);
#4486=ORIENTED_EDGE('',*,*,#2483,.T.);
#4487=ORIENTED_EDGE('',*,*,#3109,.T.);
#4488=ORIENTED_EDGE('',*,*,#3110,.F.);
#4489=ORIENTED_EDGE('',*,*,#2966,.T.);
#4490=ORIENTED_EDGE('',*,*,#3109,.F.);
#4491=ORIENTED_EDGE('',*,*,#2482,.F.);
#4492=ORIENTED_EDGE('',*,*,#2957,.F.);
#4493=ORIENTED_EDGE('',*,*,#3110,.T.);
#4494=ORIENTED_EDGE('',*,*,#2481,.T.);
#4495=ORIENTED_EDGE('',*,*,#3111,.T.);
#4496=ORIENTED_EDGE('',*,*,#3111,.F.);
#4497=ORIENTED_EDGE('',*,*,#2480,.T.);
#4498=ORIENTED_EDGE('',*,*,#3112,.F.);
#4499=ORIENTED_EDGE('',*,*,#2958,.T.);
#4500=ORIENTED_EDGE('',*,*,#2968,.T.);
#4501=ORIENTED_EDGE('',*,*,#2959,.F.);
#4502=ORIENTED_EDGE('',*,*,#3112,.T.);
#4503=ORIENTED_EDGE('',*,*,#2479,.F.);
#4504=ORIENTED_EDGE('',*,*,#3113,.F.);
#4505=ORIENTED_EDGE('',*,*,#3114,.F.);
#4506=ORIENTED_EDGE('',*,*,#2979,.F.);
#4507=ORIENTED_EDGE('',*,*,#2974,.T.);
#4508=ORIENTED_EDGE('',*,*,#2973,.F.);
#4509=ORIENTED_EDGE('',*,*,#2972,.F.);
#4510=ORIENTED_EDGE('',*,*,#2970,.F.);
#4511=ORIENTED_EDGE('',*,*,#2969,.F.);
#4512=ORIENTED_EDGE('',*,*,#3114,.T.);
#4513=ORIENTED_EDGE('',*,*,#3113,.T.);
#4514=ORIENTED_EDGE('',*,*,#2478,.F.);
#4515=ORIENTED_EDGE('',*,*,#2980,.F.);
#4516=ORIENTED_EDGE('',*,*,#3076,.T.);
#4517=ORIENTED_EDGE('',*,*,#2981,.T.);
#4518=ORIENTED_EDGE('',*,*,#2977,.F.);
#4519=ORIENTED_EDGE('',*,*,#2477,.T.);
#4520=ORIENTED_EDGE('',*,*,#2475,.T.);
#4521=ORIENTED_EDGE('',*,*,#3115,.F.);
#4522=ORIENTED_EDGE('',*,*,#2988,.T.);
#4523=ORIENTED_EDGE('',*,*,#3074,.F.);
#4524=ORIENTED_EDGE('',*,*,#3116,.T.);
#4525=ORIENTED_EDGE('',*,*,#2983,.F.);
#4526=ORIENTED_EDGE('',*,*,#3115,.T.);
#4527=ORIENTED_EDGE('',*,*,#2474,.F.);
#4528=ORIENTED_EDGE('',*,*,#3117,.F.);
#4529=ORIENTED_EDGE('',*,*,#2984,.F.);
#4530=ORIENTED_EDGE('',*,*,#3117,.T.);
#4531=ORIENTED_EDGE('',*,*,#2473,.T.);
#4532=ORIENTED_EDGE('',*,*,#3118,.T.);
#4533=ORIENTED_EDGE('',*,*,#3072,.F.);
#4534=ORIENTED_EDGE('',*,*,#2985,.T.);
#4535=ORIENTED_EDGE('',*,*,#3118,.F.);
#4536=ORIENTED_EDGE('',*,*,#2472,.F.);
#4537=ORIENTED_EDGE('',*,*,#3119,.T.);
#4538=ORIENTED_EDGE('',*,*,#2470,.T.);
#4539=ORIENTED_EDGE('',*,*,#3120,.T.);
#4540=ORIENTED_EDGE('',*,*,#2989,.F.);
#4541=ORIENTED_EDGE('',*,*,#3069,.T.);
#4542=ORIENTED_EDGE('',*,*,#3121,.T.);
#4543=ORIENTED_EDGE('',*,*,#3120,.F.);
#4544=ORIENTED_EDGE('',*,*,#2469,.F.);
#4545=ORIENTED_EDGE('',*,*,#3122,.F.);
#4546=ORIENTED_EDGE('',*,*,#2990,.T.);
#4547=ORIENTED_EDGE('',*,*,#3065,.T.);
#4548=ORIENTED_EDGE('',*,*,#2991,.F.);
#4549=ORIENTED_EDGE('',*,*,#3122,.T.);
#4550=ORIENTED_EDGE('',*,*,#2468,.F.);
#4551=ORIENTED_EDGE('',*,*,#3123,.F.);
#4552=ORIENTED_EDGE('',*,*,#2466,.T.);
#4553=ORIENTED_EDGE('',*,*,#3124,.T.);
#4554=ORIENTED_EDGE('',*,*,#2999,.F.);
#4555=ORIENTED_EDGE('',*,*,#3062,.T.);
#4556=ORIENTED_EDGE('',*,*,#3125,.T.);
#4557=ORIENTED_EDGE('',*,*,#3126,.F.);
#4558=ORIENTED_EDGE('',*,*,#3000,.T.);
#4559=ORIENTED_EDGE('',*,*,#3124,.F.);
#4560=ORIENTED_EDGE('',*,*,#2465,.F.);
#4561=ORIENTED_EDGE('',*,*,#3058,.T.);
#4562=ORIENTED_EDGE('',*,*,#2995,.F.);
#4563=ORIENTED_EDGE('',*,*,#3126,.T.);
#4564=ORIENTED_EDGE('',*,*,#2464,.F.);
#4565=ORIENTED_EDGE('',*,*,#3127,.F.);
#4566=ORIENTED_EDGE('',*,*,#3077,.F.);
#4567=ORIENTED_EDGE('',*,*,#2476,.T.);
#4568=ORIENTED_EDGE('',*,*,#3116,.F.);
#4569=ORIENTED_EDGE('',*,*,#3075,.F.);
#4570=ORIENTED_EDGE('',*,*,#3073,.F.);
#4571=ORIENTED_EDGE('',*,*,#3119,.F.);
#4572=ORIENTED_EDGE('',*,*,#2471,.F.);
#4573=ORIENTED_EDGE('',*,*,#3121,.F.);
#4574=ORIENTED_EDGE('',*,*,#3070,.F.);
#4575=ORIENTED_EDGE('',*,*,#3068,.T.);
#4576=ORIENTED_EDGE('',*,*,#3066,.T.);
#4577=ORIENTED_EDGE('',*,*,#3123,.T.);
#4578=ORIENTED_EDGE('',*,*,#2467,.F.);
#4579=ORIENTED_EDGE('',*,*,#3125,.F.);
#4580=ORIENTED_EDGE('',*,*,#3063,.F.);
#4581=ORIENTED_EDGE('',*,*,#3061,.T.);
#4582=ORIENTED_EDGE('',*,*,#3059,.T.);
#4583=ORIENTED_EDGE('',*,*,#3127,.T.);
#4584=ORIENTED_EDGE('',*,*,#2463,.T.);
#4585=ORIENTED_EDGE('',*,*,#3128,.T.);
#4586=ORIENTED_EDGE('',*,*,#3078,.T.);
#4587=ORIENTED_EDGE('',*,*,#3054,.T.);
#4588=ORIENTED_EDGE('',*,*,#3051,.T.);
#4589=ORIENTED_EDGE('',*,*,#3048,.T.);
#4590=ORIENTED_EDGE('',*,*,#3046,.F.);
#4591=ORIENTED_EDGE('',*,*,#3045,.F.);
#4592=ORIENTED_EDGE('',*,*,#3043,.F.);
#4593=ORIENTED_EDGE('',*,*,#3042,.F.);
#4594=ORIENTED_EDGE('',*,*,#3041,.F.);
#4595=ORIENTED_EDGE('',*,*,#3036,.F.);
#4596=ORIENTED_EDGE('',*,*,#3034,.T.);
#4597=ORIENTED_EDGE('',*,*,#3032,.T.);
#4598=ORIENTED_EDGE('',*,*,#3030,.T.);
#4599=ORIENTED_EDGE('',*,*,#3028,.F.);
#4600=ORIENTED_EDGE('',*,*,#3040,.F.);
#4601=ORIENTED_EDGE('',*,*,#3025,.F.);
#4602=ORIENTED_EDGE('',*,*,#3023,.T.);
#4603=ORIENTED_EDGE('',*,*,#3021,.T.);
#4604=ORIENTED_EDGE('',*,*,#3019,.T.);
#4605=ORIENTED_EDGE('',*,*,#3017,.F.);
#4606=ORIENTED_EDGE('',*,*,#3039,.T.);
#4607=ORIENTED_EDGE('',*,*,#3014,.F.);
#4608=ORIENTED_EDGE('',*,*,#3012,.F.);
#4609=ORIENTED_EDGE('',*,*,#3010,.F.);
#4610=ORIENTED_EDGE('',*,*,#3008,.F.);
#4611=ORIENTED_EDGE('',*,*,#3006,.F.);
#4612=ORIENTED_EDGE('',*,*,#3004,.F.);
#4613=ORIENTED_EDGE('',*,*,#3003,.F.);
#4614=ORIENTED_EDGE('',*,*,#3038,.T.);
#4615=ORIENTED_EDGE('',*,*,#2462,.F.);
#4616=ORIENTED_EDGE('',*,*,#3129,.F.);
#4617=ORIENTED_EDGE('',*,*,#3084,.T.);
#4618=ORIENTED_EDGE('',*,*,#3079,.F.);
#4619=ORIENTED_EDGE('',*,*,#3128,.F.);
#4620=ORIENTED_EDGE('',*,*,#2461,.F.);
#4621=ORIENTED_EDGE('',*,*,#3089,.T.);
#4622=ORIENTED_EDGE('',*,*,#3081,.F.);
#4623=ORIENTED_EDGE('',*,*,#3129,.T.);
#4624=PLANE('',#5041);
#4625=PLANE('',#5042);
#4626=PLANE('',#5044);
#4627=PLANE('',#5045);
#4628=PLANE('',#5047);
#4629=PLANE('',#5049);
#4630=PLANE('',#5052);
#4631=PLANE('',#5054);
#4632=PLANE('',#5056);
#4633=PLANE('',#5057);
#4634=PLANE('',#5058);
#4635=PLANE('',#5060);
#4636=PLANE('',#5062);
#4637=PLANE('',#5063);
#4638=PLANE('',#5064);
#4639=PLANE('',#5067);
#4640=PLANE('',#5068);
#4641=PLANE('',#5069);
#4642=PLANE('',#5072);
#4643=PLANE('',#5077);
#4644=PLANE('',#5102);
#4645=PLANE('',#5103);
#4646=PLANE('',#5104);
#4647=PLANE('',#5106);
#4648=PLANE('',#5107);
#4649=PLANE('',#5108);
#4650=PLANE('',#5109);
#4651=PLANE('',#5110);
#4652=PLANE('',#5111);
#4653=PLANE('',#5118);
#4654=PLANE('',#5123);
#4655=PLANE('',#5128);
#4656=PLANE('',#5129);
#4657=PLANE('',#5134);
#4658=PLANE('',#5139);
#4659=PLANE('',#5143);
#4660=PLANE('',#5147);
#4661=PLANE('',#5151);
#4662=PLANE('',#5155);
#4663=PLANE('',#5159);
#4664=PLANE('',#5163);
#4665=PLANE('',#5169);
#4666=PLANE('',#5186);
#4667=PLANE('',#5190);
#4668=PLANE('',#5194);
#4669=PLANE('',#5198);
#4670=PLANE('',#5199);
#4671=PLANE('',#5201);
#4672=PLANE('',#5202);
#4673=PLANE('',#5210);
#4674=PLANE('',#5239);
#4675=PLANE('',#5241);
#4676=PLANE('',#5243);
#4677=PLANE('',#5245);
#4678=PLANE('',#5251);
#4679=PLANE('',#5254);
#4680=PLANE('',#5259);
#4681=PLANE('',#5263);
#4682=PLANE('',#5267);
#4683=PLANE('',#5271);
#4684=PLANE('',#5278);
#4685=PLANE('',#5282);
#4686=PLANE('',#5286);
#4687=PLANE('',#5300);
#4688=PLANE('',#5306);
#4689=PLANE('',#5313);
#4690=PLANE('',#5317);
#4691=PLANE('',#5321);
#4692=PLANE('',#5322);
#4693=PLANE('',#5325);
#4694=PLANE('',#5329);
#4695=PLANE('',#5333);
#4696=PLANE('',#5338);
#4697=PLANE('',#5343);
#4698=PLANE('',#5355);
#4699=PLANE('',#5358);
#4700=PLANE('',#5359);
#4701=PLANE('',#5367);
#4702=PLANE('',#5374);
#4703=PLANE('',#5379);
#4704=PLANE('',#5388);
#4705=PLANE('',#5391);
#4706=PLANE('',#5394);
#4707=PLANE('',#5397);
#4708=PLANE('',#5401);
#4709=PLANE('',#5404);
#4710=PLANE('',#5407);
#4711=PLANE('',#5410);
#4712=PLANE('',#5413);
#4713=PLANE('',#5416);
#4714=PLANE('',#5418);
#4715=PLANE('',#5420);
#4716=PLANE('',#5426);
#4717=PLANE('',#5429);
#4718=PLANE('',#5435);
#4719=PLANE('',#5437);
#4720=PLANE('',#5442);
#4721=PLANE('',#5446);
#4722=PLANE('',#5451);
#4723=PLANE('',#5454);
#4724=PLANE('',#5457);
#4725=PLANE('',#5461);
#4726=PLANE('',#5464);
#4727=PLANE('',#5468);
#4728=PLANE('',#5471);
#4729=PLANE('',#5474);
#4730=PLANE('',#5479);
#4731=PLANE('',#5483);
#4732=PLANE('',#5485);
#4733=PLANE('',#5488);
#4734=PLANE('',#5490);
#4735=PLANE('',#5493);
#4736=PLANE('',#5502);
#4737=PLANE('',#5508);
#4738=PLANE('',#5510);
#4739=PLANE('',#5514);
#4740=PLANE('',#5516);
#4741=PLANE('',#5519);
#4742=PLANE('',#5523);
#4743=PLANE('',#5525);
#4744=PLANE('',#5527);
#4745=PLANE('',#5529);
#4746=PLANE('',#5533);
#4747=PLANE('',#5537);
#4748=PLANE('',#5540);
#4749=PLANE('',#5543);
#4750=PLANE('',#5547);
#4751=ADVANCED_FACE('',(#518),#4624,.F.);
#4752=ADVANCED_FACE('',(#519),#4625,.T.);
#4753=ADVANCED_FACE('',(#520),#4626,.F.);
#4754=ADVANCED_FACE('',(#521),#4627,.T.);
#4755=ADVANCED_FACE('',(#522),#4628,.T.);
#4756=ADVANCED_FACE('',(#523),#4629,.F.);
#4757=ADVANCED_FACE('',(#524),#4630,.F.);
#4758=ADVANCED_FACE('',(#525),#4631,.F.);
#4759=ADVANCED_FACE('',(#526),#4632,.F.);
#4760=ADVANCED_FACE('',(#527),#4633,.F.);
#4761=ADVANCED_FACE('',(#528),#4634,.T.);
#4762=ADVANCED_FACE('',(#529),#4635,.T.);
#4763=ADVANCED_FACE('',(#530),#4636,.F.);
#4764=ADVANCED_FACE('',(#531),#4637,.F.);
#4765=ADVANCED_FACE('',(#532),#4638,.F.);
#4766=ADVANCED_FACE('',(#533),#205,.F.);
#4767=ADVANCED_FACE('',(#534),#4639,.F.);
#4768=ADVANCED_FACE('',(#535),#4640,.F.);
#4769=ADVANCED_FACE('',(#536),#4641,.F.);
#4770=ADVANCED_FACE('',(#537),#4642,.F.);
#4771=ADVANCED_FACE('',(#538),#206,.F.);
#4772=ADVANCED_FACE('',(#539,#187,#188),#4643,.F.);
#4773=ADVANCED_FACE('',(#540),#4644,.F.);
#4774=ADVANCED_FACE('',(#541),#4645,.T.);
#4775=ADVANCED_FACE('',(#542),#4646,.T.);
#4776=ADVANCED_FACE('',(#543),#4647,.F.);
#4777=ADVANCED_FACE('',(#544),#4648,.F.);
#4778=ADVANCED_FACE('',(#545),#4649,.F.);
#4779=ADVANCED_FACE('',(#546),#4650,.F.);
#4780=ADVANCED_FACE('',(#547),#4651,.F.);
#4781=ADVANCED_FACE('',(#548),#4652,.F.);
#4782=ADVANCED_FACE('',(#549),#207,.F.);
#4783=ADVANCED_FACE('',(#550),#208,.F.);
#4784=ADVANCED_FACE('',(#551),#4653,.T.);
#4785=ADVANCED_FACE('',(#552),#209,.T.);
#4786=ADVANCED_FACE('',(#553),#4654,.T.);
#4787=ADVANCED_FACE('',(#554),#210,.T.);
#4788=ADVANCED_FACE('',(#555),#211,.F.);
#4789=ADVANCED_FACE('',(#556),#4655,.T.);
#4790=ADVANCED_FACE('',(#557,#189),#4656,.F.);
#4791=ADVANCED_FACE('',(#558),#212,.F.);
#4792=ADVANCED_FACE('',(#559,#190),#4657,.F.);
#4793=ADVANCED_FACE('',(#560),#213,.T.);
#4794=ADVANCED_FACE('',(#561,#191),#4658,.F.);
#4795=ADVANCED_FACE('',(#562),#135,.F.);
#4796=ADVANCED_FACE('',(#563),#4659,.F.);
#4797=ADVANCED_FACE('',(#564),#214,.T.);
#4798=ADVANCED_FACE('',(#565,#192,#193,#194),#4660,.T.);
#4799=ADVANCED_FACE('',(#566),#27,.F.);
#4800=ADVANCED_FACE('',(#567),#4661,.T.);
#4801=ADVANCED_FACE('',(#568),#28,.F.);
#4802=ADVANCED_FACE('',(#569),#4662,.T.);
#4803=ADVANCED_FACE('',(#570),#29,.T.);
#4804=ADVANCED_FACE('',(#571),#4663,.T.);
#4805=ADVANCED_FACE('',(#572),#30,.F.);
#4806=ADVANCED_FACE('',(#573),#4664,.T.);
#4807=ADVANCED_FACE('',(#574),#31,.T.);
#4808=ADVANCED_FACE('',(#575),#32,.F.);
#4809=ADVANCED_FACE('',(#576),#4665,.T.);
#4810=ADVANCED_FACE('',(#577),#33,.T.);
#4811=ADVANCED_FACE('',(#578),#34,.T.);
#4812=ADVANCED_FACE('',(#579),#35,.F.);
#4813=ADVANCED_FACE('',(#580),#36,.F.);
#4814=ADVANCED_FACE('',(#581),#37,.F.);
#4815=ADVANCED_FACE('',(#582),#4666,.T.);
#4816=ADVANCED_FACE('',(#583),#38,.F.);
#4817=ADVANCED_FACE('',(#584),#4667,.T.);
#4818=ADVANCED_FACE('',(#585),#39,.F.);
#4819=ADVANCED_FACE('',(#586),#4668,.T.);
#4820=ADVANCED_FACE('',(#587),#40,.F.);
#4821=ADVANCED_FACE('',(#588),#4669,.T.);
#4822=ADVANCED_FACE('',(#589),#4670,.T.);
#4823=ADVANCED_FACE('',(#590,#195),#4671,.F.);
#4824=ADVANCED_FACE('',(#591),#4672,.T.);
#4825=ADVANCED_FACE('',(#592),#215,.T.);
#4826=ADVANCED_FACE('',(#593),#216,.T.);
#4827=ADVANCED_FACE('',(#594),#217,.T.);
#4828=ADVANCED_FACE('',(#595),#4673,.T.);
#4829=ADVANCED_FACE('',(#596),#26,.F.);
#4830=ADVANCED_FACE('',(#597),#218,.T.);
#4831=ADVANCED_FACE('',(#598),#15,.T.);
#4832=ADVANCED_FACE('',(#599),#16,.T.);
#4833=ADVANCED_FACE('',(#600),#219,.F.);
#4834=ADVANCED_FACE('',(#601),#220,.F.);
#4835=ADVANCED_FACE('',(#602),#221,.T.);
#4836=ADVANCED_FACE('',(#603),#17,.T.);
#4837=ADVANCED_FACE('',(#604),#222,.T.);
#4838=ADVANCED_FACE('',(#605),#223,.T.);
#4839=ADVANCED_FACE('',(#606),#224,.F.);
#4840=ADVANCED_FACE('',(#607),#4674,.F.);
#4841=ADVANCED_FACE('',(#608),#225,.F.);
#4842=ADVANCED_FACE('',(#609),#4675,.F.);
#4843=ADVANCED_FACE('',(#610),#226,.F.);
#4844=ADVANCED_FACE('',(#611),#4676,.F.);
#4845=ADVANCED_FACE('',(#612),#227,.F.);
#4846=ADVANCED_FACE('',(#613),#4677,.F.);
#4847=ADVANCED_FACE('',(#614),#18,.T.);
#4848=ADVANCED_FACE('',(#615),#228,.T.);
#4849=ADVANCED_FACE('',(#616),#136,.T.);
#4850=ADVANCED_FACE('',(#617),#4678,.F.);
#4851=ADVANCED_FACE('',(#618),#137,.T.);
#4852=ADVANCED_FACE('',(#619),#229,.F.);
#4853=ADVANCED_FACE('',(#620),#4679,.T.);
#4854=ADVANCED_FACE('',(#621),#41,.F.);
#4855=ADVANCED_FACE('',(#622),#4680,.T.);
#4856=ADVANCED_FACE('',(#623),#42,.F.);
#4857=ADVANCED_FACE('',(#624),#4681,.T.);
#4858=ADVANCED_FACE('',(#625),#43,.F.);
#4859=ADVANCED_FACE('',(#626),#4682,.T.);
#4860=ADVANCED_FACE('',(#627),#44,.F.);
#4861=ADVANCED_FACE('',(#628),#4683,.T.);
#4862=ADVANCED_FACE('',(#629),#45,.F.);
#4863=ADVANCED_FACE('',(#630),#46,.F.);
#4864=ADVANCED_FACE('',(#631),#4684,.T.);
#4865=ADVANCED_FACE('',(#632),#47,.F.);
#4866=ADVANCED_FACE('',(#633),#4685,.T.);
#4867=ADVANCED_FACE('',(#634),#48,.F.);
#4868=ADVANCED_FACE('',(#635),#4686,.T.);
#4869=ADVANCED_FACE('',(#636),#230,.F.);
#4870=ADVANCED_FACE('',(#637),#138,.F.);
#4871=ADVANCED_FACE('',(#638),#231,.F.);
#4872=ADVANCED_FACE('',(#639),#232,.F.);
#4873=ADVANCED_FACE('',(#640),#139,.F.);
#4874=ADVANCED_FACE('',(#641),#233,.F.);
#4875=ADVANCED_FACE('',(#642),#4687,.T.);
#4876=ADVANCED_FACE('',(#643),#234,.T.);
#4877=ADVANCED_FACE('',(#644),#235,.F.);
#4878=ADVANCED_FACE('',(#645),#140,.F.);
#4879=ADVANCED_FACE('',(#646),#236,.F.);
#4880=ADVANCED_FACE('',(#647),#4688,.T.);
#4881=ADVANCED_FACE('',(#648),#237,.T.);
#4882=ADVANCED_FACE('',(#649),#238,.T.);
#4883=ADVANCED_FACE('',(#650),#4689,.T.);
#4884=ADVANCED_FACE('',(#651),#239,.T.);
#4885=ADVANCED_FACE('',(#652,#196,#197,#198,#199,#200),#4690,.F.);
#4886=ADVANCED_FACE('',(#653),#240,.T.);
#4887=ADVANCED_FACE('',(#654),#4691,.F.);
#4888=ADVANCED_FACE('',(#655),#4692,.T.);
#4889=ADVANCED_FACE('',(#656),#4693,.T.);
#4890=ADVANCED_FACE('',(#657),#4694,.T.);
#4891=ADVANCED_FACE('',(#658),#4695,.F.);
#4892=ADVANCED_FACE('',(#659),#4696,.T.);
#4893=ADVANCED_FACE('',(#660),#241,.T.);
#4894=ADVANCED_FACE('',(#661,#201,#202),#4697,.F.);
#4895=ADVANCED_FACE('',(#662),#19,.T.);
#4896=ADVANCED_FACE('',(#663),#20,.T.);
#4897=ADVANCED_FACE('',(#664),#242,.T.);
#4898=ADVANCED_FACE('',(#665),#243,.T.);
#4899=ADVANCED_FACE('',(#666),#244,.F.);
#4900=ADVANCED_FACE('',(#667),#4698,.T.);
#4901=ADVANCED_FACE('',(#668),#245,.F.);
#4902=ADVANCED_FACE('',(#669),#4699,.T.);
#4903=ADVANCED_FACE('',(#670,#203),#4700,.T.);
#4904=ADVANCED_FACE('',(#671),#246,.F.);
#4905=ADVANCED_FACE('',(#672),#247,.T.);
#4906=ADVANCED_FACE('',(#673),#4701,.T.);
#4907=ADVANCED_FACE('',(#674),#4702,.T.);
#4908=ADVANCED_FACE('',(#675),#248,.F.);
#4909=ADVANCED_FACE('',(#676),#4703,.F.);
#4910=ADVANCED_FACE('',(#677),#249,.F.);
#4911=ADVANCED_FACE('',(#678),#141,.T.);
#4912=ADVANCED_FACE('',(#679),#250,.T.);
#4913=ADVANCED_FACE('',(#680),#142,.F.);
#4914=ADVANCED_FACE('',(#681),#21,.T.);
#4915=ADVANCED_FACE('',(#682),#251,.F.);
#4916=ADVANCED_FACE('',(#683),#4704,.F.);
#4917=ADVANCED_FACE('',(#684),#252,.F.);
#4918=ADVANCED_FACE('',(#685),#4705,.F.);
#4919=ADVANCED_FACE('',(#686),#253,.F.);
#4920=ADVANCED_FACE('',(#687),#4706,.F.);
#4921=ADVANCED_FACE('',(#688),#254,.F.);
#4922=ADVANCED_FACE('',(#689),#4707,.F.);
#4923=ADVANCED_FACE('',(#690),#255,.F.);
#4924=ADVANCED_FACE('',(#691),#256,.F.);
#4925=ADVANCED_FACE('',(#692),#4708,.F.);
#4926=ADVANCED_FACE('',(#693),#257,.F.);
#4927=ADVANCED_FACE('',(#694),#4709,.F.);
#4928=ADVANCED_FACE('',(#695),#258,.F.);
#4929=ADVANCED_FACE('',(#696),#4710,.F.);
#4930=ADVANCED_FACE('',(#697),#143,.F.);
#4931=ADVANCED_FACE('',(#698),#144,.F.);
#4932=ADVANCED_FACE('',(#699),#145,.F.);
#4933=ADVANCED_FACE('',(#700),#4711,.F.);
#4934=ADVANCED_FACE('',(#701),#259,.F.);
#4935=ADVANCED_FACE('',(#702),#4712,.F.);
#4936=ADVANCED_FACE('',(#703),#260,.F.);
#4937=ADVANCED_FACE('',(#704),#4713,.F.);
#4938=ADVANCED_FACE('',(#705),#4714,.T.);
#4939=ADVANCED_FACE('',(#706),#4715,.T.);
#4940=ADVANCED_FACE('',(#707),#4716,.T.);
#4941=ADVANCED_FACE('',(#708),#146,.F.);
#4942=ADVANCED_FACE('',(#709),#147,.F.);
#4943=ADVANCED_FACE('',(#710),#148,.F.);
#4944=ADVANCED_FACE('',(#711,#204),#4717,.F.);
#4945=ADVANCED_FACE('',(#712),#22,.T.);
#4946=ADVANCED_FACE('',(#713),#4718,.T.);
#4947=ADVANCED_FACE('',(#714),#4719,.T.);
#4948=ADVANCED_FACE('',(#715),#4720,.T.);
#4949=ADVANCED_FACE('',(#716),#4721,.T.);
#4950=ADVANCED_FACE('',(#717),#261,.F.);
#4951=ADVANCED_FACE('',(#718),#4722,.T.);
#4952=ADVANCED_FACE('',(#719),#262,.F.);
#4953=ADVANCED_FACE('',(#720),#4723,.T.);
#4954=ADVANCED_FACE('',(#721),#263,.F.);
#4955=ADVANCED_FACE('',(#722),#4724,.T.);
#4956=ADVANCED_FACE('',(#723),#264,.F.);
#4957=ADVANCED_FACE('',(#724),#265,.F.);
#4958=ADVANCED_FACE('',(#725),#4725,.F.);
#4959=ADVANCED_FACE('',(#726),#266,.F.);
#4960=ADVANCED_FACE('',(#727),#4726,.F.);
#4961=ADVANCED_FACE('',(#728),#267,.F.);
#4962=ADVANCED_FACE('',(#729),#268,.F.);
#4963=ADVANCED_FACE('',(#730),#4727,.F.);
#4964=ADVANCED_FACE('',(#731),#269,.F.);
#4965=ADVANCED_FACE('',(#732),#4728,.F.);
#4966=ADVANCED_FACE('',(#733),#270,.F.);
#4967=ADVANCED_FACE('',(#734),#4729,.F.);
#4968=ADVANCED_FACE('',(#735),#23,.T.);
#4969=ADVANCED_FACE('',(#736),#271,.F.);
#4970=ADVANCED_FACE('',(#737),#149,.T.);
#4971=ADVANCED_FACE('',(#738),#150,.T.);
#4972=ADVANCED_FACE('',(#739),#4730,.T.);
#4973=ADVANCED_FACE('',(#740),#272,.F.);
#4974=ADVANCED_FACE('',(#741),#4731,.T.);
#4975=ADVANCED_FACE('',(#742),#4732,.T.);
#4976=ADVANCED_FACE('',(#743),#273,.F.);
#4977=ADVANCED_FACE('',(#744),#4733,.F.);
#4978=ADVANCED_FACE('',(#745),#4734,.F.);
#4979=ADVANCED_FACE('',(#746),#274,.F.);
#4980=ADVANCED_FACE('',(#747),#4735,.F.);
#4981=ADVANCED_FACE('',(#748),#275,.F.);
#4982=ADVANCED_FACE('',(#749),#276,.F.);
#4983=ADVANCED_FACE('',(#750),#24,.T.);
#4984=ADVANCED_FACE('',(#751),#277,.F.);
#4985=ADVANCED_FACE('',(#752),#4736,.T.);
#4986=ADVANCED_FACE('',(#753),#278,.F.);
#4987=ADVANCED_FACE('',(#754),#49,.F.);
#4988=ADVANCED_FACE('',(#755),#279,.F.);
#4989=ADVANCED_FACE('',(#756),#4737,.F.);
#4990=ADVANCED_FACE('',(#757),#50,.F.);
#4991=ADVANCED_FACE('',(#758),#4738,.F.);
#4992=ADVANCED_FACE('',(#759),#280,.F.);
#4993=ADVANCED_FACE('',(#760),#25,.F.);
#4994=ADVANCED_FACE('',(#761),#281,.F.);
#4995=ADVANCED_FACE('',(#762),#4739,.F.);
#4996=ADVANCED_FACE('',(#763),#282,.F.);
#4997=ADVANCED_FACE('',(#764),#4740,.T.);
#4998=ADVANCED_FACE('',(#765),#283,.T.);
#4999=ADVANCED_FACE('',(#766),#284,.F.);
#5000=ADVANCED_FACE('',(#767),#4741,.F.);
#5001=ADVANCED_FACE('',(#768),#285,.F.);
#5002=ADVANCED_FACE('',(#769),#286,.F.);
#5003=ADVANCED_FACE('',(#770),#287,.F.);
#5004=ADVANCED_FACE('',(#771),#4742,.F.);
#5005=ADVANCED_FACE('',(#772),#288,.T.);
#5006=ADVANCED_FACE('',(#773),#4743,.F.);
#5007=ADVANCED_FACE('',(#774),#289,.F.);
#5008=ADVANCED_FACE('',(#775),#4744,.F.);
#5009=ADVANCED_FACE('',(#776),#290,.F.);
#5010=ADVANCED_FACE('',(#777),#4745,.T.);
#5011=ADVANCED_FACE('',(#778),#291,.F.);
#5012=ADVANCED_FACE('',(#779),#292,.F.);
#5013=ADVANCED_FACE('',(#780),#293,.T.);
#5014=ADVANCED_FACE('',(#781),#4746,.T.);
#5015=ADVANCED_FACE('',(#782),#294,.F.);
#5016=ADVANCED_FACE('',(#783),#295,.F.);
#5017=ADVANCED_FACE('',(#784),#4747,.T.);
#5018=ADVANCED_FACE('',(#785),#296,.F.);
#5019=ADVANCED_FACE('',(#786),#4748,.F.);
#5020=ADVANCED_FACE('',(#787),#297,.F.);
#5021=ADVANCED_FACE('',(#788),#298,.F.);
#5022=ADVANCED_FACE('',(#789),#4749,.F.);
#5023=ADVANCED_FACE('',(#790),#299,.F.);
#5024=ADVANCED_FACE('',(#791),#300,.F.);
#5025=ADVANCED_FACE('',(#792),#4750,.T.);
#5026=ADVANCED_FACE('',(#793),#301,.F.);
#5027=CLOSED_SHELL('',(#4751,#4752,#4753,#4754,#4755,#4756,#4757,#4758,
#4759,#4760,#4761,#4762,#4763,#4764,#4765,#4766,#4767,#4768,#4769,#4770,
#4771,#4772,#4773,#4774,#4775,#4776,#4777,#4778,#4779,#4780,#4781,#4782,
#4783,#4784,#4785,#4786,#4787,#4788,#4789,#4790,#4791,#4792,#4793,#4794,
#4795,#4796,#4797,#4798,#4799,#4800,#4801,#4802,#4803,#4804,#4805,#4806,
#4807,#4808,#4809,#4810,#4811,#4812,#4813,#4814,#4815,#4816,#4817,#4818,
#4819,#4820,#4821,#4822,#4823,#4824,#4825,#4826,#4827,#4828,#4829,#4830,
#4831,#4832,#4833,#4834,#4835,#4836,#4837,#4838,#4839,#4840,#4841,#4842,
#4843,#4844,#4845,#4846,#4847,#4848,#4849,#4850,#4851,#4852,#4853,#4854,
#4855,#4856,#4857,#4858,#4859,#4860,#4861,#4862,#4863,#4864,#4865,#4866,
#4867,#4868,#4869,#4870,#4871,#4872,#4873,#4874,#4875,#4876,#4877,#4878,
#4879,#4880,#4881,#4882,#4883,#4884,#4885,#4886,#4887,#4888,#4889,#4890,
#4891,#4892,#4893,#4894,#4895,#4896,#4897,#4898,#4899,#4900,#4901,#4902,
#4903,#4904,#4905,#4906,#4907,#4908,#4909,#4910,#4911,#4912,#4913,#4914,
#4915,#4916,#4917,#4918,#4919,#4920,#4921,#4922,#4923,#4924,#4925,#4926,
#4927,#4928,#4929,#4930,#4931,#4932,#4933,#4934,#4935,#4936,#4937,#4938,
#4939,#4940,#4941,#4942,#4943,#4944,#4945,#4946,#4947,#4948,#4949,#4950,
#4951,#4952,#4953,#4954,#4955,#4956,#4957,#4958,#4959,#4960,#4961,#4962,
#4963,#4964,#4965,#4966,#4967,#4968,#4969,#4970,#4971,#4972,#4973,#4974,
#4975,#4976,#4977,#4978,#4979,#4980,#4981,#4982,#4983,#4984,#4985,#4986,
#4987,#4988,#4989,#4990,#4991,#4992,#4993,#4994,#4995,#4996,#4997,#4998,
#4999,#5000,#5001,#5002,#5003,#5004,#5005,#5006,#5007,#5008,#5009,#5010,
#5011,#5012,#5013,#5014,#5015,#5016,#5017,#5018,#5019,#5020,#5021,#5022,
#5023,#5024,#5025,#5026));
#5028=DERIVED_UNIT_ELEMENT(#5030,1.);
#5029=DERIVED_UNIT_ELEMENT(#9742,-3.);
#5030=(
MASS_UNIT()
NAMED_UNIT(*)
SI_UNIT(.KILO.,.GRAM.)
);
#5031=DERIVED_UNIT((#5028,#5029));
#5032=MEASURE_REPRESENTATION_ITEM('density measure',
POSITIVE_RATIO_MEASURE(7850.),#5031);
#5033=PROPERTY_DEFINITION_REPRESENTATION(#5038,#5035);
#5034=PROPERTY_DEFINITION_REPRESENTATION(#5039,#5036);
#5035=REPRESENTATION('material name',(#5037),#9739);
#5036=REPRESENTATION('density',(#5032),#9739);
#5037=DESCRIPTIVE_REPRESENTATION_ITEM('Steel','Steel');
#5038=PROPERTY_DEFINITION('material property','material name',#9749);
#5039=PROPERTY_DEFINITION('material property','density of part',#9749);
#5040=AXIS2_PLACEMENT_3D('',#6978,#5549,#5550);
#5041=AXIS2_PLACEMENT_3D('',#6979,#5551,#5552);
#5042=AXIS2_PLACEMENT_3D('',#6990,#5558,#5559);
#5043=AXIS2_PLACEMENT_3D('',#6995,#5562,#5563);
#5044=AXIS2_PLACEMENT_3D('',#6996,#5564,#5565);
#5045=AXIS2_PLACEMENT_3D('',#7006,#5571,#5572);
#5046=AXIS2_PLACEMENT_3D('',#7008,#5573,#5574);
#5047=AXIS2_PLACEMENT_3D('',#7010,#5576,#5577);
#5048=AXIS2_PLACEMENT_3D('',#7012,#5579,#5580);
#5049=AXIS2_PLACEMENT_3D('',#7013,#5581,#5582);
#5050=AXIS2_PLACEMENT_3D('',#7016,#5583,#5584);
#5051=AXIS2_PLACEMENT_3D('',#7023,#5588,#5589);
#5052=AXIS2_PLACEMENT_3D('',#7024,#5590,#5591);
#5053=AXIS2_PLACEMENT_3D('',#7026,#5592,#5593);
#5054=AXIS2_PLACEMENT_3D('',#7030,#5596,#5597);
#5055=AXIS2_PLACEMENT_3D('',#7031,#5598,#5599);
#5056=AXIS2_PLACEMENT_3D('',#7035,#5602,#5603);
#5057=AXIS2_PLACEMENT_3D('',#7041,#5607,#5608);
#5058=AXIS2_PLACEMENT_3D('',#7047,#5612,#5613);
#5059=AXIS2_PLACEMENT_3D('',#7054,#5617,#5618);
#5060=AXIS2_PLACEMENT_3D('',#7058,#5621,#5622);
#5061=AXIS2_PLACEMENT_3D('',#7063,#5625,#5626);
#5062=AXIS2_PLACEMENT_3D('',#7069,#5630,#5631);
#5063=AXIS2_PLACEMENT_3D('',#7075,#5635,#5636);
#5064=AXIS2_PLACEMENT_3D('',#7091,#5641,#5642);
#5065=AXIS2_PLACEMENT_3D('',#7097,#5646,#5647);
#5066=AXIS2_PLACEMENT_3D('',#7100,#5649,#5650);
#5067=AXIS2_PLACEMENT_3D('',#7101,#5651,#5652);
#5068=AXIS2_PLACEMENT_3D('',#7105,#5655,#5656);
#5069=AXIS2_PLACEMENT_3D('',#7115,#5660,#5661);
#5070=AXIS2_PLACEMENT_3D('',#7119,#5663,#5664);
#5071=AXIS2_PLACEMENT_3D('',#7123,#5666,#5667);
#5072=AXIS2_PLACEMENT_3D('',#7125,#5669,#5670);
#5073=AXIS2_PLACEMENT_3D('',#7129,#5672,#5673);
#5074=AXIS2_PLACEMENT_3D('',#7133,#5675,#5676);
#5075=AXIS2_PLACEMENT_3D('',#7135,#5678,#5679);
#5076=AXIS2_PLACEMENT_3D('',#7137,#5680,#5681);
#5077=AXIS2_PLACEMENT_3D('',#7139,#5683,#5684);
#5078=AXIS2_PLACEMENT_3D('',#7142,#5685,#5686);
#5079=AXIS2_PLACEMENT_3D('',#7148,#5689,#5690);
#5080=AXIS2_PLACEMENT_3D('',#7152,#5692,#5693);
#5081=AXIS2_PLACEMENT_3D('',#7156,#5695,#5696);
#5082=AXIS2_PLACEMENT_3D('',#7160,#5698,#5699);
#5083=AXIS2_PLACEMENT_3D('',#7166,#5702,#5703);
#5084=AXIS2_PLACEMENT_3D('',#7168,#5704,#5705);
#5085=AXIS2_PLACEMENT_3D('',#7178,#5710,#5711);
#5086=AXIS2_PLACEMENT_3D('',#7182,#5713,#5714);
#5087=AXIS2_PLACEMENT_3D('',#7186,#5716,#5717);
#5088=AXIS2_PLACEMENT_3D('',#7190,#5719,#5720);
#5089=AXIS2_PLACEMENT_3D('',#7194,#5722,#5723);
#5090=AXIS2_PLACEMENT_3D('',#7198,#5725,#5726);
#5091=AXIS2_PLACEMENT_3D('',#7202,#5728,#5729);
#5092=AXIS2_PLACEMENT_3D('',#7206,#5731,#5732);
#5093=AXIS2_PLACEMENT_3D('',#7210,#5734,#5735);
#5094=AXIS2_PLACEMENT_3D('',#7214,#5737,#5738);
#5095=AXIS2_PLACEMENT_3D('',#7216,#5739,#5740);
#5096=AXIS2_PLACEMENT_3D('',#7218,#5741,#5742);
#5097=AXIS2_PLACEMENT_3D('',#7221,#5744,#5745);
#5098=AXIS2_PLACEMENT_3D('',#7224,#5747,#5748);
#5099=AXIS2_PLACEMENT_3D('',#7225,#5749,#5750);
#5100=AXIS2_PLACEMENT_3D('',#7226,#5751,#5752);
#5101=AXIS2_PLACEMENT_3D('',#7228,#5753,#5754);
#5102=AXIS2_PLACEMENT_3D('',#7229,#5755,#5756);
#5103=AXIS2_PLACEMENT_3D('',#7242,#5763,#5764);
#5104=AXIS2_PLACEMENT_3D('',#7251,#5769,#5770);
#5105=AXIS2_PLACEMENT_3D('',#7253,#5771,#5772);
#5106=AXIS2_PLACEMENT_3D('',#7254,#5773,#5774);
#5107=AXIS2_PLACEMENT_3D('',#7260,#5778,#5779);
#5108=AXIS2_PLACEMENT_3D('',#7264,#5782,#5783);
#5109=AXIS2_PLACEMENT_3D('',#7268,#5786,#5787);
#5110=AXIS2_PLACEMENT_3D('',#7272,#5790,#5791);
#5111=AXIS2_PLACEMENT_3D('',#7276,#5794,#5795);
#5112=AXIS2_PLACEMENT_3D('',#7278,#5797,#5798);
#5113=AXIS2_PLACEMENT_3D('',#7280,#5799,#5800);
#5114=AXIS2_PLACEMENT_3D('',#7283,#5802,#5803);
#5115=AXIS2_PLACEMENT_3D('',#7284,#5804,#5805);
#5116=AXIS2_PLACEMENT_3D('',#7286,#5806,#5807);
#5117=AXIS2_PLACEMENT_3D('',#7289,#5809,#5810);
#5118=AXIS2_PLACEMENT_3D('',#7290,#5811,#5812);
#5119=AXIS2_PLACEMENT_3D('',#7292,#5813,#5814);
#5120=AXIS2_PLACEMENT_3D('',#7295,#5816,#5817);
#5121=AXIS2_PLACEMENT_3D('',#7296,#5818,#5819);
#5122=AXIS2_PLACEMENT_3D('',#7298,#5820,#5821);
#5123=AXIS2_PLACEMENT_3D('',#7300,#5823,#5824);
#5124=AXIS2_PLACEMENT_3D('',#7302,#5825,#5826);
#5125=AXIS2_PLACEMENT_3D('',#7304,#5828,#5829);
#5126=AXIS2_PLACEMENT_3D('',#7306,#5831,#5832);
#5127=AXIS2_PLACEMENT_3D('',#7308,#5833,#5834);
#5128=AXIS2_PLACEMENT_3D('',#7310,#5836,#5837);
#5129=AXIS2_PLACEMENT_3D('',#7319,#5842,#5843);
#5130=AXIS2_PLACEMENT_3D('',#7321,#5844,#5845);
#5131=AXIS2_PLACEMENT_3D('',#7322,#5846,#5847);
#5132=AXIS2_PLACEMENT_3D('',#7324,#5848,#5849);
#5133=AXIS2_PLACEMENT_3D('',#7327,#5851,#5852);
#5134=AXIS2_PLACEMENT_3D('',#7328,#5853,#5854);
#5135=AXIS2_PLACEMENT_3D('',#7330,#5855,#5856);
#5136=AXIS2_PLACEMENT_3D('',#7331,#5857,#5858);
#5137=AXIS2_PLACEMENT_3D('',#7334,#5859,#5860);
#5138=AXIS2_PLACEMENT_3D('',#7338,#5862,#5863);
#5139=AXIS2_PLACEMENT_3D('',#7340,#5865,#5866);
#5140=AXIS2_PLACEMENT_3D('',#7342,#5867,#5868);
#5141=AXIS2_PLACEMENT_3D('',#7381,#5869,#5870);
#5142=AXIS2_PLACEMENT_3D('',#7382,#5871,#5872);
#5143=AXIS2_PLACEMENT_3D('',#7389,#5873,#5874);
#5144=AXIS2_PLACEMENT_3D('',#7395,#5878,#5879);
#5145=AXIS2_PLACEMENT_3D('',#7398,#5880,#5881);
#5146=AXIS2_PLACEMENT_3D('',#7402,#5883,#5884);
#5147=AXIS2_PLACEMENT_3D('',#7404,#5886,#5887);
#5148=AXIS2_PLACEMENT_3D('',#7410,#5891,#5892);
#5149=AXIS2_PLACEMENT_3D('',#7415,#5894,#5895);
#5150=AXIS2_PLACEMENT_3D('',#7417,#5897,#5898);
#5151=AXIS2_PLACEMENT_3D('',#7418,#5899,#5900);
#5152=AXIS2_PLACEMENT_3D('',#7422,#5903,#5904);
#5153=AXIS2_PLACEMENT_3D('',#7424,#5905,#5906);
#5154=AXIS2_PLACEMENT_3D('',#7427,#5908,#5909);
#5155=AXIS2_PLACEMENT_3D('',#7428,#5910,#5911);
#5156=AXIS2_PLACEMENT_3D('',#7430,#5912,#5913);
#5157=AXIS2_PLACEMENT_3D('',#7434,#5916,#5917);
#5158=AXIS2_PLACEMENT_3D('',#7436,#5918,#5919);
#5159=AXIS2_PLACEMENT_3D('',#7438,#5921,#5922);
#5160=AXIS2_PLACEMENT_3D('',#7444,#5926,#5927);
#5161=AXIS2_PLACEMENT_3D('',#7446,#5928,#5929);
#5162=AXIS2_PLACEMENT_3D('',#7449,#5931,#5932);
#5163=AXIS2_PLACEMENT_3D('',#7450,#5933,#5934);
#5164=AXIS2_PLACEMENT_3D('',#7456,#5938,#5939);
#5165=AXIS2_PLACEMENT_3D('',#7458,#5940,#5941);
#5166=AXIS2_PLACEMENT_3D('',#7460,#5943,#5944);
#5167=AXIS2_PLACEMENT_3D('',#7461,#5945,#5946);
#5168=AXIS2_PLACEMENT_3D('',#7463,#5947,#5948);
#5169=AXIS2_PLACEMENT_3D('',#7465,#5950,#5951);
#5170=AXIS2_PLACEMENT_3D('',#7469,#5954,#5955);
#5171=AXIS2_PLACEMENT_3D('',#7471,#5956,#5957);
#5172=AXIS2_PLACEMENT_3D('',#7474,#5959,#5960);
#5173=AXIS2_PLACEMENT_3D('',#7475,#5961,#5962);
#5174=AXIS2_PLACEMENT_3D('',#7480,#5964,#5965);
#5175=AXIS2_PLACEMENT_3D('',#7483,#5967,#5968);
#5176=AXIS2_PLACEMENT_3D('',#7484,#5969,#5970);
#5177=AXIS2_PLACEMENT_3D('',#7486,#5971,#5972);
#5178=AXIS2_PLACEMENT_3D('',#7489,#5974,#5975);
#5179=AXIS2_PLACEMENT_3D('',#7490,#5976,#5977);
#5180=AXIS2_PLACEMENT_3D('',#7492,#5978,#5979);
#5181=AXIS2_PLACEMENT_3D('',#7496,#5981,#5982);
#5182=AXIS2_PLACEMENT_3D('',#7497,#5983,#5984);
#5183=AXIS2_PLACEMENT_3D('',#7498,#5985,#5986);
#5184=AXIS2_PLACEMENT_3D('',#7503,#5988,#5989);
#5185=AXIS2_PLACEMENT_3D('',#7506,#5991,#5992);
#5186=AXIS2_PLACEMENT_3D('',#7507,#5993,#5994);
#5187=AXIS2_PLACEMENT_3D('',#7513,#5998,#5999);
#5188=AXIS2_PLACEMENT_3D('',#7515,#6000,#6001);
#5189=AXIS2_PLACEMENT_3D('',#7518,#6003,#6004);
#5190=AXIS2_PLACEMENT_3D('',#7519,#6005,#6006);
#5191=AXIS2_PLACEMENT_3D('',#7525,#6010,#6011);
#5192=AXIS2_PLACEMENT_3D('',#7527,#6012,#6013);
#5193=AXIS2_PLACEMENT_3D('',#7530,#6015,#6016);
#5194=AXIS2_PLACEMENT_3D('',#7531,#6017,#6018);
#5195=AXIS2_PLACEMENT_3D('',#7537,#6022,#6023);
#5196=AXIS2_PLACEMENT_3D('',#7539,#6024,#6025);
#5197=AXIS2_PLACEMENT_3D('',#7542,#6027,#6028);
#5198=AXIS2_PLACEMENT_3D('',#7543,#6029,#6030);
#5199=AXIS2_PLACEMENT_3D('',#7546,#6033,#6034);
#5200=AXIS2_PLACEMENT_3D('',#7549,#6035,#6036);
#5201=AXIS2_PLACEMENT_3D('',#7552,#6039,#6040);
#5202=AXIS2_PLACEMENT_3D('',#7558,#6044,#6045);
#5203=AXIS2_PLACEMENT_3D('',#7567,#6050,#6051);
#5204=AXIS2_PLACEMENT_3D('',#7570,#6053,#6054);
#5205=AXIS2_PLACEMENT_3D('',#7571,#6055,#6056);
#5206=AXIS2_PLACEMENT_3D('',#7573,#6057,#6058);
#5207=AXIS2_PLACEMENT_3D('',#7575,#6059,#6060);
#5208=AXIS2_PLACEMENT_3D('',#7577,#6062,#6063);
#5209=AXIS2_PLACEMENT_3D('',#7579,#6064,#6065);
#5210=AXIS2_PLACEMENT_3D('',#7581,#6067,#6068);
#5211=AXIS2_PLACEMENT_3D('',#7594,#6071,#6072);
#5212=AXIS2_PLACEMENT_3D('',#7596,#6073,#6074);
#5213=AXIS2_PLACEMENT_3D('',#7597,#6075,#6076);
#5214=AXIS2_PLACEMENT_3D('',#7598,#6077,#6078);
#5215=AXIS2_PLACEMENT_3D('',#7601,#6080,#6081);
#5216=AXIS2_PLACEMENT_3D('',#7602,#6082,#6083);
#5217=AXIS2_PLACEMENT_3D('',#7604,#6084,#6085);
#5218=AXIS2_PLACEMENT_3D('',#7605,#6086,#6087);
#5219=AXIS2_PLACEMENT_3D('',#7606,#6088,#6089);
#5220=AXIS2_PLACEMENT_3D('',#7608,#6090,#6091);
#5221=AXIS2_PLACEMENT_3D('',#7610,#6092,#6093);
#5222=AXIS2_PLACEMENT_3D('',#7611,#6094,#6095);
#5223=AXIS2_PLACEMENT_3D('',#7612,#6096,#6097);
#5224=AXIS2_PLACEMENT_3D('',#7614,#6098,#6099);
#5225=AXIS2_PLACEMENT_3D('',#7616,#6101,#6102);
#5226=AXIS2_PLACEMENT_3D('',#7618,#6103,#6104);
#5227=AXIS2_PLACEMENT_3D('',#7620,#6106,#6107);
#5228=AXIS2_PLACEMENT_3D('',#7623,#6108,#6109);
#5229=AXIS2_PLACEMENT_3D('',#7626,#6112,#6113);
#5230=AXIS2_PLACEMENT_3D('',#7629,#6114,#6115);
#5231=AXIS2_PLACEMENT_3D('',#7631,#6116,#6117);
#5232=AXIS2_PLACEMENT_3D('',#7633,#6118,#6119);
#5233=AXIS2_PLACEMENT_3D('',#7634,#6120,#6121);
#5234=AXIS2_PLACEMENT_3D('',#7635,#6122,#6123);
#5235=AXIS2_PLACEMENT_3D('',#7638,#6124,#6125);
#5236=AXIS2_PLACEMENT_3D('',#7641,#6128,#6129);
#5237=AXIS2_PLACEMENT_3D('',#7644,#6131,#6132);
#5238=AXIS2_PLACEMENT_3D('',#7645,#6133,#6134);
#5239=AXIS2_PLACEMENT_3D('',#7648,#6137,#6138);
#5240=AXIS2_PLACEMENT_3D('',#7650,#6140,#6141);
#5241=AXIS2_PLACEMENT_3D('',#7652,#6143,#6144);
#5242=AXIS2_PLACEMENT_3D('',#7654,#6146,#6147);
#5243=AXIS2_PLACEMENT_3D('',#7656,#6149,#6150);
#5244=AXIS2_PLACEMENT_3D('',#7658,#6152,#6153);
#5245=AXIS2_PLACEMENT_3D('',#7660,#6155,#6156);
#5246=AXIS2_PLACEMENT_3D('',#7661,#6157,#6158);
#5247=AXIS2_PLACEMENT_3D('',#7662,#6159,#6160);
#5248=AXIS2_PLACEMENT_3D('',#7663,#6161,#6162);
#5249=AXIS2_PLACEMENT_3D('',#7664,#6163,#6164);
#5250=AXIS2_PLACEMENT_3D('',#7700,#6167,#6168);
#5251=AXIS2_PLACEMENT_3D('',#7707,#6169,#6170);
#5252=AXIS2_PLACEMENT_3D('',#7762,#6173,#6174);
#5253=AXIS2_PLACEMENT_3D('',#7770,#6175,#6176);
#5254=AXIS2_PLACEMENT_3D('',#7780,#6178,#6179);
#5255=AXIS2_PLACEMENT_3D('',#7782,#6180,#6181);
#5256=AXIS2_PLACEMENT_3D('',#7786,#6184,#6185);
#5257=AXIS2_PLACEMENT_3D('',#7791,#6187,#6188);
#5258=AXIS2_PLACEMENT_3D('',#7794,#6190,#6191);
#5259=AXIS2_PLACEMENT_3D('',#7795,#6192,#6193);
#5260=AXIS2_PLACEMENT_3D('',#7801,#6197,#6198);
#5261=AXIS2_PLACEMENT_3D('',#7805,#6200,#6201);
#5262=AXIS2_PLACEMENT_3D('',#7806,#6202,#6203);
#5263=AXIS2_PLACEMENT_3D('',#7807,#6204,#6205);
#5264=AXIS2_PLACEMENT_3D('',#7813,#6209,#6210);
#5265=AXIS2_PLACEMENT_3D('',#7817,#6212,#6213);
#5266=AXIS2_PLACEMENT_3D('',#7818,#6214,#6215);
#5267=AXIS2_PLACEMENT_3D('',#7819,#6216,#6217);
#5268=AXIS2_PLACEMENT_3D('',#7825,#6221,#6222);
#5269=AXIS2_PLACEMENT_3D('',#7829,#6224,#6225);
#5270=AXIS2_PLACEMENT_3D('',#7830,#6226,#6227);
#5271=AXIS2_PLACEMENT_3D('',#7831,#6228,#6229);
#5272=AXIS2_PLACEMENT_3D('',#7837,#6233,#6234);
#5273=AXIS2_PLACEMENT_3D('',#7841,#6236,#6237);
#5274=AXIS2_PLACEMENT_3D('',#7842,#6238,#6239);
#5275=AXIS2_PLACEMENT_3D('',#7843,#6240,#6241);
#5276=AXIS2_PLACEMENT_3D('',#7848,#6243,#6244);
#5277=AXIS2_PLACEMENT_3D('',#7851,#6246,#6247);
#5278=AXIS2_PLACEMENT_3D('',#7852,#6248,#6249);
#5279=AXIS2_PLACEMENT_3D('',#7858,#6253,#6254);
#5280=AXIS2_PLACEMENT_3D('',#7862,#6256,#6257);
#5281=AXIS2_PLACEMENT_3D('',#7863,#6258,#6259);
#5282=AXIS2_PLACEMENT_3D('',#7864,#6260,#6261);
#5283=AXIS2_PLACEMENT_3D('',#7870,#6265,#6266);
#5284=AXIS2_PLACEMENT_3D('',#7874,#6268,#6269);
#5285=AXIS2_PLACEMENT_3D('',#7875,#6270,#6271);
#5286=AXIS2_PLACEMENT_3D('',#7876,#6272,#6273);
#5287=AXIS2_PLACEMENT_3D('',#7879,#6276,#6277);
#5288=AXIS2_PLACEMENT_3D('',#7887,#6279,#6280);
#5289=AXIS2_PLACEMENT_3D('',#7943,#6281,#6282);
#5290=AXIS2_PLACEMENT_3D('',#7953,#6283,#6284);
#5291=AXIS2_PLACEMENT_3D('',#7956,#6285,#6286);
#5292=AXIS2_PLACEMENT_3D('',#7960,#6288,#6289);
#5293=AXIS2_PLACEMENT_3D('',#7962,#6291,#6292);
#5294=AXIS2_PLACEMENT_3D('',#7989,#6293,#6294);
#5295=AXIS2_PLACEMENT_3D('',#7991,#6295,#6296);
#5296=AXIS2_PLACEMENT_3D('',#8033,#6298,#6299);
#5297=AXIS2_PLACEMENT_3D('',#8039,#6300,#6301);
#5298=AXIS2_PLACEMENT_3D('',#8040,#6302,#6303);
#5299=AXIS2_PLACEMENT_3D('',#8042,#6304,#6305);
#5300=AXIS2_PLACEMENT_3D('',#8044,#6307,#6308);
#5301=AXIS2_PLACEMENT_3D('',#8047,#6311,#6312);
#5302=AXIS2_PLACEMENT_3D('',#8049,#6313,#6314);
#5303=AXIS2_PLACEMENT_3D('',#8051,#6315,#6316);
#5304=AXIS2_PLACEMENT_3D('',#8053,#6318,#6319);
#5305=AXIS2_PLACEMENT_3D('',#8175,#6321,#6322);
#5306=AXIS2_PLACEMENT_3D('',#8177,#6324,#6325);
#5307=AXIS2_PLACEMENT_3D('',#8180,#6328,#6329);
#5308=AXIS2_PLACEMENT_3D('',#8182,#6330,#6331);
#5309=AXIS2_PLACEMENT_3D('',#8185,#6333,#6334);
#5310=AXIS2_PLACEMENT_3D('',#8186,#6335,#6336);
#5311=AXIS2_PLACEMENT_3D('',#8189,#6337,#6338);
#5312=AXIS2_PLACEMENT_3D('',#8193,#6340,#6341);
#5313=AXIS2_PLACEMENT_3D('',#8195,#6343,#6344);
#5314=AXIS2_PLACEMENT_3D('',#8198,#6346,#6347);
#5315=AXIS2_PLACEMENT_3D('',#8200,#6349,#6350);
#5316=AXIS2_PLACEMENT_3D('',#8203,#6352,#6353);
#5317=AXIS2_PLACEMENT_3D('',#8204,#6354,#6355);
#5318=AXIS2_PLACEMENT_3D('',#8206,#6356,#6357);
#5319=AXIS2_PLACEMENT_3D('',#8208,#6359,#6360);
#5320=AXIS2_PLACEMENT_3D('',#8211,#6362,#6363);
#5321=AXIS2_PLACEMENT_3D('',#8212,#6364,#6365);
#5322=AXIS2_PLACEMENT_3D('',#8215,#6368,#6369);
#5323=AXIS2_PLACEMENT_3D('',#8219,#6371,#6372);
#5324=AXIS2_PLACEMENT_3D('',#8223,#6374,#6375);
#5325=AXIS2_PLACEMENT_3D('',#8225,#6377,#6378);
#5326=AXIS2_PLACEMENT_3D('',#8228,#6379,#6380);
#5327=AXIS2_PLACEMENT_3D('',#8232,#6382,#6383);
#5328=AXIS2_PLACEMENT_3D('',#8236,#6385,#6386);
#5329=AXIS2_PLACEMENT_3D('',#8238,#6388,#6389);
#5330=AXIS2_PLACEMENT_3D('',#8241,#6390,#6391);
#5331=AXIS2_PLACEMENT_3D('',#8245,#6393,#6394);
#5332=AXIS2_PLACEMENT_3D('',#8249,#6396,#6397);
#5333=AXIS2_PLACEMENT_3D('',#8251,#6399,#6400);
#5334=AXIS2_PLACEMENT_3D('',#8256,#6402,#6403);
#5335=AXIS2_PLACEMENT_3D('',#8260,#6405,#6406);
#5336=AXIS2_PLACEMENT_3D('',#8264,#6408,#6409);
#5337=AXIS2_PLACEMENT_3D('',#8267,#6411,#6412);
#5338=AXIS2_PLACEMENT_3D('',#8268,#6413,#6414);
#5339=AXIS2_PLACEMENT_3D('',#8272,#6416,#6417);
#5340=AXIS2_PLACEMENT_3D('',#8273,#6418,#6419);
#5341=AXIS2_PLACEMENT_3D('',#8274,#6420,#6421);
#5342=AXIS2_PLACEMENT_3D('',#8277,#6423,#6424);
#5343=AXIS2_PLACEMENT_3D('',#8278,#6425,#6426);
#5344=AXIS2_PLACEMENT_3D('',#8282,#6429,#6430);
#5345=AXIS2_PLACEMENT_3D('',#8284,#6431,#6432);
#5346=AXIS2_PLACEMENT_3D('',#8285,#6433,#6434);
#5347=AXIS2_PLACEMENT_3D('',#8286,#6435,#6436);
#5348=AXIS2_PLACEMENT_3D('',#8297,#6437,#6438);
#5349=AXIS2_PLACEMENT_3D('',#8298,#6439,#6440);
#5350=AXIS2_PLACEMENT_3D('',#8299,#6441,#6442);
#5351=AXIS2_PLACEMENT_3D('',#8307,#6444,#6445);
#5352=AXIS2_PLACEMENT_3D('',#8311,#6447,#6448);
#5353=AXIS2_PLACEMENT_3D('',#8313,#6450,#6451);
#5354=AXIS2_PLACEMENT_3D('',#8338,#6454,#6455);
#5355=AXIS2_PLACEMENT_3D('',#8339,#6456,#6457);
#5356=AXIS2_PLACEMENT_3D('',#8351,#6460,#6461);
#5357=AXIS2_PLACEMENT_3D('',#8354,#6463,#6464);
#5358=AXIS2_PLACEMENT_3D('',#8355,#6465,#6466);
#5359=AXIS2_PLACEMENT_3D('',#8359,#6469,#6470);
#5360=AXIS2_PLACEMENT_3D('',#8361,#6471,#6472);
#5361=AXIS2_PLACEMENT_3D('',#8362,#6473,#6474);
#5362=AXIS2_PLACEMENT_3D('',#8364,#6475,#6476);
#5363=AXIS2_PLACEMENT_3D('',#8366,#6478,#6479);
#5364=AXIS2_PLACEMENT_3D('',#8377,#6481,#6482);
#5365=AXIS2_PLACEMENT_3D('',#8381,#6484,#6485);
#5366=AXIS2_PLACEMENT_3D('',#8384,#6487,#6488);
#5367=AXIS2_PLACEMENT_3D('',#8385,#6489,#6490);
#5368=AXIS2_PLACEMENT_3D('',#8388,#6491,#6492);
#5369=AXIS2_PLACEMENT_3D('',#8392,#6494,#6495);
#5370=AXIS2_PLACEMENT_3D('',#8395,#6497,#6498);
#5371=AXIS2_PLACEMENT_3D('',#8397,#6499,#6500);
#5372=AXIS2_PLACEMENT_3D('',#8401,#6502,#6503);
#5373=AXIS2_PLACEMENT_3D('',#8404,#6505,#6506);
#5374=AXIS2_PLACEMENT_3D('',#8405,#6507,#6508);
#5375=AXIS2_PLACEMENT_3D('',#8408,#6509,#6510);
#5376=AXIS2_PLACEMENT_3D('',#8412,#6512,#6513);
#5377=AXIS2_PLACEMENT_3D('',#8416,#6515,#6516);
#5378=AXIS2_PLACEMENT_3D('',#8418,#6518,#6519);
#5379=AXIS2_PLACEMENT_3D('',#8444,#6522,#6523);
#5380=AXIS2_PLACEMENT_3D('',#8446,#6524,#6525);
#5381=AXIS2_PLACEMENT_3D('',#8448,#6527,#6528);
#5382=AXIS2_PLACEMENT_3D('',#8508,#6529,#6530);
#5383=AXIS2_PLACEMENT_3D('',#8511,#6532,#6533);
#5384=AXIS2_PLACEMENT_3D('',#8555,#6534,#6535);
#5385=AXIS2_PLACEMENT_3D('',#8563,#6536,#6537);
#5386=AXIS2_PLACEMENT_3D('',#8564,#6538,#6539);
#5387=AXIS2_PLACEMENT_3D('',#8565,#6540,#6541);
#5388=AXIS2_PLACEMENT_3D('',#8576,#6544,#6545);
#5389=AXIS2_PLACEMENT_3D('',#8578,#6546,#6547);
#5390=AXIS2_PLACEMENT_3D('',#8580,#6549,#6550);
#5391=AXIS2_PLACEMENT_3D('',#8593,#6552,#6553);
#5392=AXIS2_PLACEMENT_3D('',#8595,#6554,#6555);
#5393=AXIS2_PLACEMENT_3D('',#8597,#6557,#6558);
#5394=AXIS2_PLACEMENT_3D('',#8610,#6560,#6561);
#5395=AXIS2_PLACEMENT_3D('',#8612,#6562,#6563);
#5396=AXIS2_PLACEMENT_3D('',#8614,#6565,#6566);
#5397=AXIS2_PLACEMENT_3D('',#8627,#6568,#6569);
#5398=AXIS2_PLACEMENT_3D('',#8629,#6570,#6571);
#5399=AXIS2_PLACEMENT_3D('',#8631,#6573,#6574);
#5400=AXIS2_PLACEMENT_3D('',#8644,#6576,#6577);
#5401=AXIS2_PLACEMENT_3D('',#8655,#6580,#6581);
#5402=AXIS2_PLACEMENT_3D('',#8657,#6582,#6583);
#5403=AXIS2_PLACEMENT_3D('',#8659,#6585,#6586);
#5404=AXIS2_PLACEMENT_3D('',#8672,#6588,#6589);
#5405=AXIS2_PLACEMENT_3D('',#8674,#6590,#6591);
#5406=AXIS2_PLACEMENT_3D('',#8676,#6593,#6594);
#5407=AXIS2_PLACEMENT_3D('',#8689,#6596,#6597);
#5408=AXIS2_PLACEMENT_3D('',#8691,#6598,#6599);
#5409=AXIS2_PLACEMENT_3D('',#8839,#6600,#6601);
#5410=AXIS2_PLACEMENT_3D('',#8840,#6602,#6603);
#5411=AXIS2_PLACEMENT_3D('',#8844,#6605,#6606);
#5412=AXIS2_PLACEMENT_3D('',#8846,#6608,#6609);
#5413=AXIS2_PLACEMENT_3D('',#8870,#6611,#6612);
#5414=AXIS2_PLACEMENT_3D('',#8873,#6614,#6615);
#5415=AXIS2_PLACEMENT_3D('',#8874,#6616,#6617);
#5416=AXIS2_PLACEMENT_3D('',#8899,#6620,#6621);
#5417=AXIS2_PLACEMENT_3D('',#8900,#6622,#6623);
#5418=AXIS2_PLACEMENT_3D('',#8901,#6624,#6625);
#5419=AXIS2_PLACEMENT_3D('',#8903,#6626,#6627);
#5420=AXIS2_PLACEMENT_3D('',#8907,#6630,#6631);
#5421=AXIS2_PLACEMENT_3D('',#8910,#6632,#6633);
#5422=AXIS2_PLACEMENT_3D('',#8914,#6635,#6636);
#5423=AXIS2_PLACEMENT_3D('',#8917,#6638,#6639);
#5424=AXIS2_PLACEMENT_3D('',#8921,#6641,#6642);
#5425=AXIS2_PLACEMENT_3D('',#8925,#6644,#6645);
#5426=AXIS2_PLACEMENT_3D('',#8927,#6647,#6648);
#5427=AXIS2_PLACEMENT_3D('',#8929,#6649,#6650);
#5428=AXIS2_PLACEMENT_3D('',#8932,#6652,#6653);
#5429=AXIS2_PLACEMENT_3D('',#9082,#6654,#6655);
#5430=AXIS2_PLACEMENT_3D('',#9086,#6659,#6660);
#5431=AXIS2_PLACEMENT_3D('',#9088,#6661,#6662);
#5432=AXIS2_PLACEMENT_3D('',#9089,#6663,#6664);
#5433=AXIS2_PLACEMENT_3D('',#9091,#6665,#6666);
#5434=AXIS2_PLACEMENT_3D('',#9092,#6667,#6668);
#5435=AXIS2_PLACEMENT_3D('',#9093,#6669,#6670);
#5436=AXIS2_PLACEMENT_3D('',#9096,#6672,#6673);
#5437=AXIS2_PLACEMENT_3D('',#9097,#6674,#6675);
#5438=AXIS2_PLACEMENT_3D('',#9100,#6676,#6677);
#5439=AXIS2_PLACEMENT_3D('',#9102,#6678,#6679);
#5440=AXIS2_PLACEMENT_3D('',#9106,#6681,#6682);
#5441=AXIS2_PLACEMENT_3D('',#9108,#6683,#6684);
#5442=AXIS2_PLACEMENT_3D('',#9110,#6686,#6687);
#5443=AXIS2_PLACEMENT_3D('',#9113,#6688,#6689);
#5444=AXIS2_PLACEMENT_3D('',#9117,#6691,#6692);
#5445=AXIS2_PLACEMENT_3D('',#9121,#6694,#6695);
#5446=AXIS2_PLACEMENT_3D('',#9123,#6697,#6698);
#5447=AXIS2_PLACEMENT_3D('',#9126,#6699,#6700);
#5448=AXIS2_PLACEMENT_3D('',#9130,#6702,#6703);
#5449=AXIS2_PLACEMENT_3D('',#9134,#6705,#6706);
#5450=AXIS2_PLACEMENT_3D('',#9136,#6708,#6709);
#5451=AXIS2_PLACEMENT_3D('',#9147,#6712,#6713);
#5452=AXIS2_PLACEMENT_3D('',#9149,#6714,#6715);
#5453=AXIS2_PLACEMENT_3D('',#9151,#6717,#6718);
#5454=AXIS2_PLACEMENT_3D('',#9160,#6720,#6721);
#5455=AXIS2_PLACEMENT_3D('',#9162,#6722,#6723);
#5456=AXIS2_PLACEMENT_3D('',#9164,#6725,#6726);
#5457=AXIS2_PLACEMENT_3D('',#9177,#6728,#6729);
#5458=AXIS2_PLACEMENT_3D('',#9179,#6730,#6731);
#5459=AXIS2_PLACEMENT_3D('',#9181,#6733,#6734);
#5460=AXIS2_PLACEMENT_3D('',#9196,#6736,#6737);
#5461=AXIS2_PLACEMENT_3D('',#9213,#6740,#6741);
#5462=AXIS2_PLACEMENT_3D('',#9215,#6742,#6743);
#5463=AXIS2_PLACEMENT_3D('',#9217,#6745,#6746);
#5464=AXIS2_PLACEMENT_3D('',#9230,#6748,#6749);
#5465=AXIS2_PLACEMENT_3D('',#9232,#6750,#6751);
#5466=AXIS2_PLACEMENT_3D('',#9234,#6753,#6754);
#5467=AXIS2_PLACEMENT_3D('',#9249,#6756,#6757);
#5468=AXIS2_PLACEMENT_3D('',#9266,#6760,#6761);
#5469=AXIS2_PLACEMENT_3D('',#9268,#6762,#6763);
#5470=AXIS2_PLACEMENT_3D('',#9270,#6765,#6766);
#5471=AXIS2_PLACEMENT_3D('',#9283,#6768,#6769);
#5472=AXIS2_PLACEMENT_3D('',#9285,#6770,#6771);
#5473=AXIS2_PLACEMENT_3D('',#9287,#6773,#6774);
#5474=AXIS2_PLACEMENT_3D('',#9302,#6776,#6777);
#5475=AXIS2_PLACEMENT_3D('',#9307,#6782,#6783);
#5476=AXIS2_PLACEMENT_3D('',#9308,#6784,#6785);
#5477=AXIS2_PLACEMENT_3D('',#9309,#6786,#6787);
#5478=AXIS2_PLACEMENT_3D('',#9352,#6789,#6790);
#5479=AXIS2_PLACEMENT_3D('',#9401,#6791,#6792);
#5480=AXIS2_PLACEMENT_3D('',#9403,#6793,#6794);
#5481=AXIS2_PLACEMENT_3D('',#9407,#6797,#6798);
#5482=AXIS2_PLACEMENT_3D('',#9425,#6800,#6801);
#5483=AXIS2_PLACEMENT_3D('',#9426,#6802,#6803);
#5484=AXIS2_PLACEMENT_3D('',#9428,#6804,#6805);
#5485=AXIS2_PLACEMENT_3D('',#9432,#6808,#6809);
#5486=AXIS2_PLACEMENT_3D('',#9437,#6812,#6813);
#5487=AXIS2_PLACEMENT_3D('',#9438,#6814,#6815);
#5488=AXIS2_PLACEMENT_3D('',#9455,#6817,#6818);
#5489=AXIS2_PLACEMENT_3D('',#9458,#6820,#6821);
#5490=AXIS2_PLACEMENT_3D('',#9459,#6822,#6823);
#5491=AXIS2_PLACEMENT_3D('',#9464,#6826,#6827);
#5492=AXIS2_PLACEMENT_3D('',#9465,#6828,#6829);
#5493=AXIS2_PLACEMENT_3D('',#9483,#6831,#6832);
#5494=AXIS2_PLACEMENT_3D('',#9486,#6834,#6835);
#5495=AXIS2_PLACEMENT_3D('',#9487,#6836,#6837);
#5496=AXIS2_PLACEMENT_3D('',#9500,#6840,#6841);
#5497=AXIS2_PLACEMENT_3D('',#9515,#6843,#6844);
#5498=AXIS2_PLACEMENT_3D('',#9516,#6845,#6846);
#5499=AXIS2_PLACEMENT_3D('',#9517,#6847,#6848);
#5500=AXIS2_PLACEMENT_3D('',#9518,#6849,#6850);
#5501=AXIS2_PLACEMENT_3D('',#9530,#6852,#6853);
#5502=AXIS2_PLACEMENT_3D('',#9531,#6854,#6855);
#5503=AXIS2_PLACEMENT_3D('',#9534,#6856,#6857);
#5504=AXIS2_PLACEMENT_3D('',#9537,#6859,#6860);
#5505=AXIS2_PLACEMENT_3D('',#9539,#6862,#6863);
#5506=AXIS2_PLACEMENT_3D('',#9541,#6865,#6866);
#5507=AXIS2_PLACEMENT_3D('',#9543,#6868,#6869);
#5508=AXIS2_PLACEMENT_3D('',#9545,#6871,#6872);
#5509=AXIS2_PLACEMENT_3D('',#9546,#6873,#6874);
#5510=AXIS2_PLACEMENT_3D('',#9548,#6876,#6877);
#5511=AXIS2_PLACEMENT_3D('',#9551,#6880,#6881);
#5512=AXIS2_PLACEMENT_3D('',#9562,#6882,#6883);
#5513=AXIS2_PLACEMENT_3D('',#9573,#6884,#6885);
#5514=AXIS2_PLACEMENT_3D('',#9575,#6887,#6888);
#5515=AXIS2_PLACEMENT_3D('',#9577,#6890,#6891);
#5516=AXIS2_PLACEMENT_3D('',#9579,#6893,#6894);
#5517=AXIS2_PLACEMENT_3D('',#9581,#6896,#6897);
#5518=AXIS2_PLACEMENT_3D('',#9582,#6898,#6899);
#5519=AXIS2_PLACEMENT_3D('',#9597,#6901,#6902);
#5520=AXIS2_PLACEMENT_3D('',#9599,#6904,#6905);
#5521=AXIS2_PLACEMENT_3D('',#9613,#6906,#6907);
#5522=AXIS2_PLACEMENT_3D('',#9627,#6908,#6909);
#5523=AXIS2_PLACEMENT_3D('',#9629,#6911,#6912);
#5524=AXIS2_PLACEMENT_3D('',#9631,#6914,#6915);
#5525=AXIS2_PLACEMENT_3D('',#9633,#6917,#6918);
#5526=AXIS2_PLACEMENT_3D('',#9635,#6920,#6921);
#5527=AXIS2_PLACEMENT_3D('',#9637,#6923,#6924);
#5528=AXIS2_PLACEMENT_3D('',#9639,#6926,#6927);
#5529=AXIS2_PLACEMENT_3D('',#9641,#6929,#6930);
#5530=AXIS2_PLACEMENT_3D('',#9643,#6932,#6933);
#5531=AXIS2_PLACEMENT_3D('',#9655,#6934,#6935);
#5532=AXIS2_PLACEMENT_3D('',#9656,#6936,#6937);
#5533=AXIS2_PLACEMENT_3D('',#9657,#6938,#6939);
#5534=AXIS2_PLACEMENT_3D('',#9659,#6941,#6942);
#5535=AXIS2_PLACEMENT_3D('',#9660,#6943,#6944);
#5536=AXIS2_PLACEMENT_3D('',#9662,#6946,#6947);
#5537=AXIS2_PLACEMENT_3D('',#9664,#6949,#6950);
#5538=AXIS2_PLACEMENT_3D('',#9665,#6951,#6952);
#5539=AXIS2_PLACEMENT_3D('',#9666,#6953,#6954);
#5540=AXIS2_PLACEMENT_3D('',#9682,#6956,#6957);
#5541=AXIS2_PLACEMENT_3D('',#9684,#6959,#6960);
#5542=AXIS2_PLACEMENT_3D('',#9699,#6961,#6962);
#5543=AXIS2_PLACEMENT_3D('',#9715,#6964,#6965);
#5544=AXIS2_PLACEMENT_3D('',#9717,#6967,#6968);
#5545=AXIS2_PLACEMENT_3D('',#9732,#6969,#6970);
#5546=AXIS2_PLACEMENT_3D('',#9733,#6971,#6972);
#5547=AXIS2_PLACEMENT_3D('',#9734,#6973,#6974);
#5548=AXIS2_PLACEMENT_3D('',#9736,#6976,#6977);
#5549=DIRECTION('axis',(0.,0.,1.));
#5550=DIRECTION('refdir',(1.,0.,0.));
#5551=DIRECTION('center_axis',(1.11266612010128E-25,2.66453525910043E-13,
-1.));
#5552=DIRECTION('ref_axis',(-1.,2.37310171513632E-15,-1.10634290690787E-25));
#5553=DIRECTION('',(-1.,2.37310171513632E-15,-1.10634290690787E-25));
#5554=DIRECTION('',(0.,1.,2.66453525910043E-13));
#5555=DIRECTION('',(-1.,2.37310171513632E-15,-1.10634290690787E-25));
#5556=DIRECTION('',(-1.,2.37310171513632E-15,-1.10634290690787E-25));
#5557=DIRECTION('',(0.,1.,2.66453525910043E-13));
#5558=DIRECTION('center_axis',(-2.37310171513632E-15,-1.,-2.52487216873911E-13));
#5559=DIRECTION('ref_axis',(1.,-2.37310171513632E-15,1.10634290690787E-25));
#5560=DIRECTION('',(1.,-2.37310171513632E-15,1.10634290690787E-25));
#5561=DIRECTION('',(-1.112334685382E-25,-2.52487216873911E-13,1.));
#5562=DIRECTION('center_axis',(-2.37310171513632E-15,-1.,-2.52487216873911E-13));
#5563=DIRECTION('ref_axis',(1.,-2.37310171513632E-15,1.10634290690787E-25));
#5564=DIRECTION('center_axis',(-1.11266612010128E-25,-2.66453525910043E-13,
1.));
#5565=DIRECTION('ref_axis',(1.,-2.37310171513632E-15,1.10634290690787E-25));
#5566=DIRECTION('',(1.,-2.37310171513632E-15,1.10634290690787E-25));
#5567=DIRECTION('',(1.,-2.37310171513632E-15,1.10634290690787E-25));
#5568=DIRECTION('',(0.,1.,2.66453525910043E-13));
#5569=DIRECTION('',(1.,-2.37310171513632E-15,1.10634290690787E-25));
#5570=DIRECTION('',(0.,1.,2.66453525910043E-13));
#5571=DIRECTION('center_axis',(-2.37310171513632E-15,-1.,-2.52487216873911E-13));
#5572=DIRECTION('ref_axis',(1.,-2.37310171513632E-15,1.10634290690787E-25));
#5573=DIRECTION('center_axis',(-2.37310171513632E-15,-1.,-2.52487216873911E-13));
#5574=DIRECTION('ref_axis',(1.,-2.37310171513632E-15,1.10634290690787E-25));
#5575=DIRECTION('',(1.112334685382E-25,2.52487216873911E-13,-1.));
#5576=DIRECTION('center_axis',(-2.37310171513632E-15,-1.,-2.52487216873911E-13));
#5577=DIRECTION('ref_axis',(1.,-2.37310171513632E-15,1.10634290690787E-25));
#5578=DIRECTION('',(1.112334685382E-25,2.52487216873911E-13,-1.));
#5579=DIRECTION('center_axis',(-2.37310171513632E-15,-1.,-2.52487216873911E-13));
#5580=DIRECTION('ref_axis',(1.,-2.37310171513632E-15,1.10634290690787E-25));
#5581=DIRECTION('center_axis',(0.,1.,2.66453525910043E-13));
#5582=DIRECTION('ref_axis',(0.,-2.66453525910043E-13,1.));
#5583=DIRECTION('center_axis',(0.,-1.,-2.66453525910043E-13));
#5584=DIRECTION('ref_axis',(-1.,2.53765262771463E-15,-1.10593000262079E-25));
#5585=DIRECTION('',(-1.,2.37310171513632E-15,-1.10634290690787E-25));
#5586=DIRECTION('',(5.92118946477858E-15,2.52487216873911E-13,-1.));
#5587=DIRECTION('',(1.,-5.30317484148853E-15,1.09894484681877E-25));
#5588=DIRECTION('center_axis',(0.,-1.,-2.66453525910043E-13));
#5589=DIRECTION('ref_axis',(-1.,2.53765262771463E-15,-1.10593000262079E-25));
#5590=DIRECTION('center_axis',(0.,1.,2.66453525910043E-13));
#5591=DIRECTION('ref_axis',(0.,-2.66453525910043E-13,1.));
#5592=DIRECTION('center_axis',(0.,-1.,-2.66453525910043E-13));
#5593=DIRECTION('ref_axis',(-1.,2.53765262771463E-15,-1.10593000262079E-25));
#5594=DIRECTION('',(1.,-5.30317484148853E-15,1.09894484681877E-25));
#5595=DIRECTION('',(-1.11009984743461E-25,-1.58313506024018E-13,1.));
#5596=DIRECTION('center_axis',(0.,1.,2.66453525910043E-13));
#5597=DIRECTION('ref_axis',(0.,-2.66453525910043E-13,1.));
#5598=DIRECTION('center_axis',(0.,-1.,-2.66453525910043E-13));
#5599=DIRECTION('ref_axis',(-1.,2.53765262771463E-15,-1.10593000262079E-25));
#5600=DIRECTION('',(-1.11009984743461E-25,-1.58313506024018E-13,1.));
#5601=DIRECTION('',(-1.,2.37310171513632E-15,-1.10634290690787E-25));
#5602=DIRECTION('center_axis',(-1.11307534316909E-25,-2.66453525910043E-13,
1.));
#5603=DIRECTION('ref_axis',(1.,-5.30317484148853E-15,1.09894484681877E-25));
#5604=DIRECTION('',(1.,-2.37310171513632E-15,1.10675212997568E-25));
#5605=DIRECTION('',(0.,1.,2.66453525910043E-13));
#5606=DIRECTION('',(-2.53765262771463E-15,-1.,-2.51227610143749E-13));
#5607=DIRECTION('center_axis',(1.11266612010128E-25,2.66453525910043E-13,
-1.));
#5608=DIRECTION('ref_axis',(-1.,2.37310171513632E-15,-1.10634290690787E-25));
#5609=DIRECTION('',(-1.,2.37310171513632E-15,-1.10634290690787E-25));
#5610=DIRECTION('',(-2.53765262771463E-15,-1.,-2.51227610143749E-13));
#5611=DIRECTION('',(0.,1.,2.66453525910043E-13));
#5612=DIRECTION('center_axis',(-2.37310171513632E-15,-1.,-2.52487216873911E-13));
#5613=DIRECTION('ref_axis',(1.,-2.37310171513632E-15,1.10634290690787E-25));
#5614=DIRECTION('',(1.112334685382E-25,2.52487216873911E-13,-1.));
#5615=DIRECTION('',(1.,-5.10595834728145E-15,1.09944279325621E-25));
#5616=DIRECTION('',(-1.112334685382E-25,-2.52487216873911E-13,1.));
#5617=DIRECTION('center_axis',(-2.37310171513632E-15,-1.,-2.52487216873911E-13));
#5618=DIRECTION('ref_axis',(-5.92118946477876E-15,-2.52487216873911E-13,
1.));
#5619=DIRECTION('',(-1.,2.37310200454814E-15,-1.14624344204318E-9));
#5620=DIRECTION('',(-1.112334685382E-25,-2.52487216873911E-13,1.));
#5621=DIRECTION('center_axis',(-2.37310171513632E-15,-1.,-2.52487216873911E-13));
#5622=DIRECTION('ref_axis',(1.,-2.37310171513632E-15,1.10634290690787E-25));
#5623=DIRECTION('',(-1.112334685382E-25,-2.52487216873911E-13,1.));
#5624=DIRECTION('',(1.,-2.37310200454814E-15,1.14624344204318E-9));
#5625=DIRECTION('center_axis',(-2.37310171513632E-15,-1.,-2.52487216873911E-13));
#5626=DIRECTION('ref_axis',(-1.,2.37310171513483E-15,5.92118946455699E-15));
#5627=DIRECTION('',(-1.11009984743461E-25,-1.58313506024018E-13,1.));
#5628=DIRECTION('',(-1.,-3.59754917008806E-16,-1.11324302055952E-25));
#5629=DIRECTION('',(1.112334685382E-25,2.52487216873911E-13,-1.));
#5630=DIRECTION('center_axis',(-1.,2.95790018461101E-38,-1.11009984743461E-25));
#5631=DIRECTION('ref_axis',(-1.11009984743461E-25,-1.58313506024018E-13,
1.));
#5632=DIRECTION('',(0.,1.,2.66453525909996E-13));
#5633=DIRECTION('',(-1.11009984743461E-25,-1.58313506024018E-13,1.));
#5634=DIRECTION('',(0.,1.,2.66453525909996E-13));
#5635=DIRECTION('center_axis',(-1.,2.53765262771612E-15,-5.92118946477794E-15));
#5636=DIRECTION('ref_axis',(5.92118946477858E-15,2.52487216873912E-13,-1.));
#5637=DIRECTION('',(-2.53765262771463E-15,-1.,-2.51227610143749E-13));
#5638=DIRECTION('',(5.92118946477858E-15,2.52487216873912E-13,-1.));
#5639=DIRECTION('',(5.92118946477858E-15,2.52487216873912E-13,-1.));
#5640=DIRECTION('',(-2.53765262771463E-15,-1.,-2.51227610143749E-13));
#5641=DIRECTION('center_axis',(1.,-2.9638549891202E-38,1.112334685382E-25));
#5642=DIRECTION('ref_axis',(1.112334685382E-25,2.52487216873911E-13,-1.));
#5643=DIRECTION('',(0.,1.,2.66453525909996E-13));
#5644=DIRECTION('',(-1.112334685382E-25,-2.52487216873911E-13,1.));
#5645=DIRECTION('',(0.,1.,2.66453525909996E-13));
#5646=DIRECTION('center_axis',(-2.53765262771463E-15,-1.,-2.51227610143749E-13));
#5647=DIRECTION('ref_axis',(5.92118946477886E-15,2.51227610143749E-13,-1.));
#5648=DIRECTION('',(-2.53765262771463E-15,-1.,-2.51227610143749E-13));
#5649=DIRECTION('center_axis',(-2.37310171513617E-15,-1.,-2.52487216873912E-13));
#5650=DIRECTION('ref_axis',(5.92118946477886E-15,2.51227610143749E-13,-1.));
#5651=DIRECTION('center_axis',(1.11230528667115E-25,2.51227610143749E-13,
-1.));
#5652=DIRECTION('ref_axis',(1.,-2.37310171513624E-15,1.10634339994593E-25));
#5653=DIRECTION('',(-2.53765262771463E-15,-1.,-2.51227610143749E-13));
#5654=DIRECTION('',(1.,-2.37310171513617E-15,1.10634339994593E-25));
#5655=DIRECTION('center_axis',(1.,-2.53765262771463E-15,1.10592792992642E-25));
#5656=DIRECTION('ref_axis',(-1.11233517842007E-25,-2.52487216873912E-13,
1.));
#5657=DIRECTION('',(-2.53765262771463E-15,-1.,-2.51227610143749E-13));
#5658=DIRECTION('',(-1.11233517842007E-25,-2.52487216873912E-13,1.));
#5659=DIRECTION('',(-1.11233517842007E-25,-2.52487216873912E-13,1.));
#5660=DIRECTION('center_axis',(2.37310171513624E-15,1.,2.52487216873912E-13));
#5661=DIRECTION('ref_axis',(-1.,2.37310171513624E-15,-1.10634487906013E-25));
#5662=DIRECTION('',(-1.,2.37310171513624E-15,-1.10634487906013E-25));
#5663=DIRECTION('center_axis',(2.37310171513624E-15,1.,2.52487216873912E-13));
#5664=DIRECTION('ref_axis',(-1.,2.37310171513624E-15,-1.10634487906013E-25));
#5665=DIRECTION('',(1.11233665753426E-25,2.52487216873912E-13,-1.));
#5666=DIRECTION('center_axis',(2.37310171513624E-15,1.,2.52487216873912E-13));
#5667=DIRECTION('ref_axis',(1.11233665753426E-25,2.52487216873912E-13,-1.));
#5668=DIRECTION('',(1.,-2.37310171513624E-15,1.10634487906013E-25));
#5669=DIRECTION('center_axis',(2.37310171513624E-15,1.,2.52487216873912E-13));
#5670=DIRECTION('ref_axis',(-1.,2.37310171513624E-15,-1.10634487906013E-25));
#5671=DIRECTION('',(1.,-2.37310171513624E-15,1.10634487906013E-25));
#5672=DIRECTION('center_axis',(2.37310171513624E-15,1.,2.52487216873912E-13));
#5673=DIRECTION('ref_axis',(1.,-2.37310171513624E-15,1.10634487906013E-25));
#5674=DIRECTION('',(-1.11233665753426E-25,-2.52487216873912E-13,1.));
#5675=DIRECTION('center_axis',(2.37310171513624E-15,1.,2.52487216873912E-13));
#5676=DIRECTION('ref_axis',(-1.11233665753426E-25,-2.52487216873912E-13,
1.));
#5677=DIRECTION('',(-1.,2.37310171513624E-15,-1.10634487906013E-25));
#5678=DIRECTION('center_axis',(-2.53765262771463E-15,-1.,-2.51227610143749E-13));
#5679=DIRECTION('ref_axis',(-1.,2.53765262771463E-15,-1.10593000262079E-25));
#5680=DIRECTION('center_axis',(-2.37310171513617E-15,-1.,-2.52487216873912E-13));
#5681=DIRECTION('ref_axis',(-1.,2.53765262771463E-15,-1.10593000262079E-25));
#5682=DIRECTION('',(-2.53765262771463E-15,-1.,-2.51227610143749E-13));
#5683=DIRECTION('center_axis',(-2.37310171513617E-15,-1.,-2.52487216873912E-13));
#5684=DIRECTION('ref_axis',(5.35254444120942E-16,2.52487216873912E-13,-1.));
#5685=DIRECTION('center_axis',(-2.37310171513617E-15,-1.,-2.52487216873912E-13));
#5686=DIRECTION('ref_axis',(-0.866025403784441,-1.25956439109405E-13,0.499999999999995));
#5687=DIRECTION('',(5.72072067704962E-28,2.52487216873912E-13,-1.));
#5688=DIRECTION('',(1.,-2.3731017151363E-15,5.35254444113837E-16));
#5689=DIRECTION('center_axis',(2.37310171513617E-15,1.,2.52487216873912E-13));
#5690=DIRECTION('ref_axis',(-1.97215226305253E-31,-2.368475785867E-13,1.));
#5691=DIRECTION('',(-1.,2.37310171513627E-15,-4.05560922237441E-16));
#5692=DIRECTION('center_axis',(2.37310171513617E-15,1.,2.52487216873912E-13));
#5693=DIRECTION('ref_axis',(-0.499999999999996,2.09586479212716E-13,-0.866025403784441));
#5694=DIRECTION('',(-1.,2.3731017151363E-15,-5.35254444113837E-16));
#5695=DIRECTION('center_axis',(2.37310171513617E-15,1.,2.52487216873912E-13));
#5696=DIRECTION('ref_axis',(-5.35254444109126E-16,-2.30981900273263E-13,
1.));
#5697=DIRECTION('',(-1.,2.37310171513627E-15,-4.05560922237441E-16));
#5698=DIRECTION('center_axis',(2.37310171513617E-15,1.,2.52487216873912E-13));
#5699=DIRECTION('ref_axis',(-0.499999999999996,2.09586479212716E-13,-0.866025403784441));
#5700=DIRECTION('',(-1.,2.3731017151363E-15,-5.35254444113837E-16));
#5701=DIRECTION('',(-5.72072067704962E-28,-2.52487216873912E-13,1.));
#5702=DIRECTION('center_axis',(2.37310171513617E-15,1.,2.52487216873912E-13));
#5703=DIRECTION('ref_axis',(0.866025403784435,-1.04854594407853E-13,0.500000000000006));
#5704=DIRECTION('center_axis',(2.37310171513617E-15,1.,2.52487216873912E-13));
#5705=DIRECTION('ref_axis',(0.166666666665698,-2.36847578586701E-13,0.986013297183433));
#5706=DIRECTION('',(-2.83558575530719E-13,-2.52487216873911E-13,1.));
#5707=DIRECTION('',(1.,-2.3731017151363E-15,5.35254444113837E-16));
#5708=DIRECTION('',(5.3525444411451E-16,2.52487216873912E-13,-1.));
#5709=DIRECTION('',(1.,-2.3731017151363E-15,5.35254444120343E-16));
#5710=DIRECTION('center_axis',(2.37310171513617E-15,1.,2.52487216873912E-13));
#5711=DIRECTION('ref_axis',(-0.866025403784509,-1.36744013253954E-13,0.499999999999878));
#5712=DIRECTION('',(-2.83558575530719E-13,-2.52487216873911E-13,1.));
#5713=DIRECTION('center_axis',(2.37310171513617E-15,1.,2.52487216873912E-13));
#5714=DIRECTION('ref_axis',(-0.86602540378437,1.09395210603145E-13,-0.500000000000119));
#5715=DIRECTION('',(0.866025403784439,1.24188442065884E-13,-0.499999999999999));
#5716=DIRECTION('center_axis',(2.37310171513617E-15,1.,2.52487216873912E-13));
#5717=DIRECTION('ref_axis',(0.500000000000008,1.93150552518994E-13,-0.866025403784434));
#5718=DIRECTION('',(-5.72072067704962E-28,-2.52487216873912E-13,1.));
#5719=DIRECTION('center_axis',(-2.37310171513617E-15,-1.,-2.52487216873912E-13));
#5720=DIRECTION('ref_axis',(-0.707106781186552,-1.5589382601752E-13,0.707106781186543));
#5721=DIRECTION('',(1.,-2.37310171513617E-15,-2.47998147078856E-29));
#5722=DIRECTION('center_axis',(2.37310171513617E-15,1.,2.52487216873912E-13));
#5723=DIRECTION('ref_axis',(0.965925826289069,3.8473064620289E-14,-0.258819045102519));
#5724=DIRECTION('',(1.,-2.3731017151363E-15,5.35254444120343E-16));
#5725=DIRECTION('center_axis',(2.37310171513617E-15,1.,2.52487216873912E-13));
#5726=DIRECTION('ref_axis',(-0.965925826289064,-4.12775097633952E-15,-0.258819045102537));
#5727=DIRECTION('',(1.,-2.37310171513617E-15,-2.47998147078856E-29));
#5728=DIRECTION('center_axis',(2.37310171513617E-15,1.,2.52487216873912E-13));
#5729=DIRECTION('ref_axis',(0.965925826289069,4.70522093596985E-14,-0.258819045102519));
#5730=DIRECTION('',(1.,-2.3731017151363E-15,5.35254444120343E-16));
#5731=DIRECTION('center_axis',(2.37310171513617E-15,1.,2.52487216873912E-13));
#5732=DIRECTION('ref_axis',(5.92118946466685E-15,-2.52487216873912E-13,
1.));
#5733=DIRECTION('',(-5.99375062639744E-28,-2.52487216873912E-13,1.));
#5734=DIRECTION('center_axis',(2.37310171513617E-15,1.,2.52487216873912E-13));
#5735=DIRECTION('ref_axis',(0.499999999999997,1.77635683940025E-13,-0.86602540378444));
#5736=DIRECTION('',(0.866025403784438,-1.28298774808029E-13,0.500000000000001));
#5737=DIRECTION('center_axis',(2.37310171513617E-15,1.,2.52487216873912E-13));
#5738=DIRECTION('ref_axis',(0.891032286553313,1.36084596278083E-13,-0.453939934704555));
#5739=DIRECTION('center_axis',(2.37310171513617E-15,1.,2.52487216873912E-13));
#5740=DIRECTION('ref_axis',(-0.95337992278094,7.84562001038568E-14,-0.301772634342826));
#5741=DIRECTION('center_axis',(2.37310171513617E-15,1.,2.52487216873912E-13));
#5742=DIRECTION('ref_axis',(0.266214796702187,-2.40252202349371E-13,0.96391373162582));
#5743=DIRECTION('',(-0.866025403784439,1.28298774808028E-13,-0.5));
#5744=DIRECTION('center_axis',(2.37310171513617E-15,1.,2.52487216873912E-13));
#5745=DIRECTION('ref_axis',(-1.,2.37310171513617E-15,-1.1063454726403E-25));
#5746=DIRECTION('',(-1.,2.37310171513617E-15,-1.10634339994593E-25));
#5747=DIRECTION('center_axis',(-2.37310171513617E-15,-1.,-2.52487216873912E-13));
#5748=DIRECTION('ref_axis',(-1.,2.53765262771315E-15,5.92118946455693E-15));
#5749=DIRECTION('center_axis',(2.37310171513617E-15,1.,2.52487216873912E-13));
#5750=DIRECTION('ref_axis',(-1.,2.37310171513617E-15,-1.1063454726403E-25));
#5751=DIRECTION('center_axis',(2.37310171513617E-15,1.,2.52487216873912E-13));
#5752=DIRECTION('ref_axis',(-1.,2.37310171513617E-15,-1.1063454726403E-25));
#5753=DIRECTION('center_axis',(-2.37310171513617E-15,-1.,-2.52487216873912E-13));
#5754=DIRECTION('ref_axis',(-1.,0.,-1.11224506559312E-25));
#5755=DIRECTION('center_axis',(0.,-1.,-2.48689957516049E-13));
#5756=DIRECTION('ref_axis',(0.,2.48689957516049E-13,-1.));
#5757=DIRECTION('',(1.,-2.37310171513624E-15,1.10634339994593E-25));
#5758=DIRECTION('',(-1.11233517842007E-25,-2.52487216873912E-13,1.));
#5759=DIRECTION('',(0.46614734750234,2.22271018018984E-13,-0.884707098658382));
#5760=DIRECTION('',(-1.,2.37310171513624E-15,-1.10634339994593E-25));
#5761=DIRECTION('',(1.11233517842007E-25,2.52487216873912E-13,-1.));
#5762=DIRECTION('',(-0.46614734750234,-2.22271018018984E-13,0.884707098658382));
#5763=DIRECTION('center_axis',(-5.35254444107936E-16,-2.55406806815017E-13,
1.));
#5764=DIRECTION('ref_axis',(-1.,-4.86971574176209E-14,-5.35254444120374E-16));
#5765=DIRECTION('',(-1.36707628404816E-28,1.,2.55406806815017E-13));
#5766=DIRECTION('',(-1.,-2.00089944613069E-14,-5.35254444113047E-16));
#5767=DIRECTION('',(2.36847578586704E-14,-1.,-2.55406806815017E-13));
#5768=DIRECTION('',(1.,2.00089944613069E-14,5.35254444113047E-16));
#5769=DIRECTION('center_axis',(5.3525444411439E-16,2.57162886530806E-13,
-1.));
#5770=DIRECTION('ref_axis',(-1.,2.3731017151363E-15,-5.3525444411378E-16));
#5771=DIRECTION('center_axis',(-5.35254444114391E-16,-2.57162886530806E-13,
1.));
#5772=DIRECTION('ref_axis',(-1.,2.3731017151363E-15,-5.3525444411378E-16));
#5773=DIRECTION('center_axis',(-0.884707098658383,1.15926164046576E-13,
-0.46614734750234));
#5774=DIRECTION('ref_axis',(0.46614734750234,2.22271018018984E-13,-0.884707098658382));
#5775=DIRECTION('',(0.46614734750234,2.22271018018985E-13,-0.884707098658382));
#5776=DIRECTION('',(0.,-1.,-2.48689957516049E-13));
#5777=DIRECTION('',(0.,-1.,-2.48689957516049E-13));
#5778=DIRECTION('center_axis',(-1.11224506559312E-25,-2.48689957516049E-13,
1.));
#5779=DIRECTION('ref_axis',(-1.,2.37310171513624E-15,-1.10634339994593E-25));
#5780=DIRECTION('',(-1.,2.37310171513617E-15,-1.10634339994593E-25));
#5781=DIRECTION('',(0.,-1.,-2.48689957516049E-13));
#5782=DIRECTION('center_axis',(-1.,2.76626588264893E-38,-1.11233517842007E-25));
#5783=DIRECTION('ref_axis',(1.11233517842007E-25,2.52487216873912E-13,-1.));
#5784=DIRECTION('',(1.11233517842007E-25,2.52487216873912E-13,-1.));
#5785=DIRECTION('',(0.,-1.,-2.48689957516049E-13));
#5786=DIRECTION('center_axis',(0.884707098658383,-1.15926164046576E-13,
0.46614734750234));
#5787=DIRECTION('ref_axis',(-0.46614734750234,-2.22271018018984E-13,0.884707098658382));
#5788=DIRECTION('',(-0.46614734750234,-2.22271018018985E-13,0.884707098658382));
#5789=DIRECTION('',(0.,-1.,-2.48689957516049E-13));
#5790=DIRECTION('center_axis',(1.11224506559312E-25,2.48689957516049E-13,
-1.));
#5791=DIRECTION('ref_axis',(1.,-2.37310171513624E-15,1.10634339994593E-25));
#5792=DIRECTION('',(1.,-2.37310171513617E-15,1.10634339994593E-25));
#5793=DIRECTION('',(0.,-1.,-2.48689957516049E-13));
#5794=DIRECTION('center_axis',(1.,-2.76626588264893E-38,1.11233517842007E-25));
#5795=DIRECTION('ref_axis',(-1.11233517842007E-25,-2.52487216873912E-13,
1.));
#5796=DIRECTION('',(-1.11233517842007E-25,-2.52487216873912E-13,1.));
#5797=DIRECTION('center_axis',(5.35254444120948E-16,2.55089600236553E-13,
-1.));
#5798=DIRECTION('ref_axis',(1.,-2.3731017151363E-15,5.35254444120343E-16));
#5799=DIRECTION('center_axis',(5.35254444114453E-16,2.54962717605167E-13,
-1.));
#5800=DIRECTION('ref_axis',(1.,-2.3731017151363E-15,5.35254444120343E-16));
#5801=DIRECTION('',(5.35254444120948E-16,2.55089600236553E-13,-1.));
#5802=DIRECTION('center_axis',(-5.35254444120343E-16,-5.55111512312599E-17,
1.));
#5803=DIRECTION('ref_axis',(1.,-2.3731017151363E-15,5.35254444120343E-16));
#5804=DIRECTION('center_axis',(5.35254444120948E-16,2.55089600236553E-13,
-1.));
#5805=DIRECTION('ref_axis',(1.,-2.3731017151363E-15,5.35254444120343E-16));
#5806=DIRECTION('center_axis',(5.35254444114453E-16,2.54962717605167E-13,
-1.));
#5807=DIRECTION('ref_axis',(1.,-2.3731017151363E-15,5.35254444120343E-16));
#5808=DIRECTION('',(5.35254444120948E-16,2.55089600236553E-13,-1.));
#5809=DIRECTION('center_axis',(-5.35254444120343E-16,-5.55111512312599E-17,
1.));
#5810=DIRECTION('ref_axis',(1.,-2.3731017151363E-15,5.35254444120343E-16));
#5811=DIRECTION('center_axis',(1.3770013621224E-14,-0.707106781186663,0.707106781186432));
#5812=DIRECTION('ref_axis',(-1.,-4.86971574176209E-14,-2.92234174004365E-14));
#5813=DIRECTION('center_axis',(-1.3770013621224E-14,0.707106781186663,-0.707106781186432));
#5814=DIRECTION('ref_axis',(1.38609724868164E-14,0.707106781186432,0.707106781186663));
#5815=DIRECTION('',(-1.,1.19427448543961E-29,-5.35254444114453E-16));
#5816=DIRECTION('center_axis',(-1.3770013621224E-14,0.707106781186663,-0.707106781186432));
#5817=DIRECTION('ref_axis',(-1.97249650614377E-14,0.707106781186432,0.707106781186663));
#5818=DIRECTION('center_axis',(-2.36847578586704E-14,1.,2.55406806815017E-13));
#5819=DIRECTION('ref_axis',(0.707106781186539,-1.61866719412433E-13,0.707106781186556));
#5820=DIRECTION('center_axis',(1.45269777154039E-14,-0.707106781186402,
-0.707106781186693));
#5821=DIRECTION('ref_axis',(1.88453374939181E-14,-0.707106781186693,0.707106781186402));
#5822=DIRECTION('',(2.3230873101845E-14,-1.,-2.54962717605167E-13));
#5823=DIRECTION('center_axis',(-1.45269777154039E-14,0.707106781186402,
0.707106781186693));
#5824=DIRECTION('ref_axis',(-1.,-4.86971574176209E-14,2.81529085121892E-14));
#5825=DIRECTION('center_axis',(1.45269777154039E-14,-0.707106781186402,
-0.707106781186693));
#5826=DIRECTION('ref_axis',(-1.45233552428256E-14,-0.707106781186693,0.707106781186402));
#5827=DIRECTION('',(1.,2.00089944613069E-14,5.35254444119554E-16));
#5828=DIRECTION('center_axis',(-1.36707628404816E-28,1.,2.55406806815017E-13));
#5829=DIRECTION('ref_axis',(-0.979795897113272,-7.10542735760099E-14,0.199999999999995));
#5830=DIRECTION('',(1.36469927681664E-28,-1.,-2.54962717605167E-13));
#5831=DIRECTION('center_axis',(-5.35254444120953E-16,-2.56992839707339E-13,
1.));
#5832=DIRECTION('ref_axis',(-1.,2.3731017151363E-15,-5.35254444120343E-16));
#5833=DIRECTION('center_axis',(-5.35254444114391E-16,-2.57162886530806E-13,
1.));
#5834=DIRECTION('ref_axis',(-1.,2.3731017151363E-15,-5.35254444120343E-16));
#5835=DIRECTION('',(-5.35254444120953E-16,-2.56992839707339E-13,1.));
#5836=DIRECTION('center_axis',(0.409428082678585,-2.2279324247221E-13,0.912342394671068));
#5837=DIRECTION('ref_axis',(-0.912342394671067,-1.25548501736095E-13,0.409428082678585));
#5838=DIRECTION('',(-0.912342394671067,-1.25548501736095E-13,0.409428082678585));
#5839=DIRECTION('',(-2.31620278512424E-14,1.,2.54593482099487E-13));
#5840=DIRECTION('',(0.912342394671067,1.25548501736095E-13,-0.409428082678585));
#5841=DIRECTION('',(2.31439433357729E-14,-1.,-2.54585366387077E-13));
#5842=DIRECTION('center_axis',(-2.37310171513617E-15,-1.,-2.52487216873912E-13));
#5843=DIRECTION('ref_axis',(5.35254444120942E-16,2.52487216873912E-13,-1.));
#5844=DIRECTION('center_axis',(2.37310171513617E-15,1.,2.52487216873912E-13));
#5845=DIRECTION('ref_axis',(-1.,0.,-1.11224506559312E-25));
#5846=DIRECTION('center_axis',(2.31439433357729E-14,-1.,-2.54585366387077E-13));
#5847=DIRECTION('ref_axis',(-1.,-2.31439433357727E-14,-5.35254444120353E-16));
#5848=DIRECTION('center_axis',(2.31065167000131E-14,-1.,-2.55154571406155E-13));
#5849=DIRECTION('ref_axis',(-0.996425799973544,-4.45701274292547E-14,0.0844726295736223));
#5850=DIRECTION('',(2.31035950604727E-14,-1.,-2.55289941233478E-13));
#5851=DIRECTION('center_axis',(-2.31065167000131E-14,1.,2.55154571406155E-13));
#5852=DIRECTION('ref_axis',(-1.,-2.31439433357727E-14,-5.35254444120353E-16));
#5853=DIRECTION('center_axis',(-5.35254444120343E-16,-5.55111512312599E-17,
1.));
#5854=DIRECTION('ref_axis',(1.,4.7039834954558E-14,5.35254444120345E-16));
#5855=DIRECTION('center_axis',(5.35254444120343E-16,5.55111512312599E-17,
-1.));
#5856=DIRECTION('ref_axis',(1.,4.7039834954558E-14,5.35254444120345E-16));
#5857=DIRECTION('center_axis',(7.37441980853166E-16,5.55111512312644E-17,
-1.));
#5858=DIRECTION('ref_axis',(-0.279999988557895,0.960000003337281,-5.52202611092578E-32));
#5859=DIRECTION('center_axis',(1.42108508830079E-13,-5.50670631170747E-13,
-1.));
#5860=DIRECTION('ref_axis',(-0.279999988557895,0.960000003337281,-5.68434188608061E-13));
#5861=DIRECTION('',(-1.06877247842701E-14,-2.52487216873912E-13,1.));
#5862=DIRECTION('center_axis',(2.41584520200184E-13,7.04621486006379E-14,
-1.));
#5863=DIRECTION('ref_axis',(-0.279999988557698,0.960000003337338,-5.5220261109219E-32));
#5864=DIRECTION('',(-7.37441980853166E-16,-5.55111512312644E-17,1.));
#5865=DIRECTION('center_axis',(-5.35254444120343E-16,-5.55111512312599E-17,
1.));
#5866=DIRECTION('ref_axis',(1.,4.7039834954558E-14,5.35254444120345E-16));
#5867=DIRECTION('center_axis',(5.35254444120343E-16,5.55111512312599E-17,
-1.));
#5868=DIRECTION('ref_axis',(1.,4.7039834954558E-14,5.35254444120345E-16));
#5869=DIRECTION('center_axis',(0.740656082918373,0.555492039198859,0.377964497304583));
#5870=DIRECTION('ref_axis',(0.454545476216943,1.89478062869357E-13,-0.890723531771061));
#5871=DIRECTION('center_axis',(2.37310171513617E-15,1.,2.52487216873912E-13));
#5872=DIRECTION('ref_axis',(-1.,-2.30610984853429E-14,3.37038321025989E-15));
#5873=DIRECTION('center_axis',(-1.,2.53765262771733E-15,-1.06877247842695E-14));
#5874=DIRECTION('ref_axis',(1.06877247842701E-14,2.52487216873912E-13,-1.));
#5875=DIRECTION('',(-1.06877247842701E-14,-2.55154571406156E-13,1.));
#5876=DIRECTION('',(-2.53765262771463E-15,-1.,-2.52496436457606E-13));
#5877=DIRECTION('',(-2.53765262771463E-15,-1.,-2.52496436457606E-13));
#5878=DIRECTION('center_axis',(-2.31620278512424E-14,1.,2.54962717605167E-13));
#5879=DIRECTION('ref_axis',(0.707106781186548,-1.65006904329798E-13,0.707106781186547));
#5880=DIRECTION('center_axis',(2.31065167000131E-14,-1.,-2.55154571406155E-13));
#5881=DIRECTION('ref_axis',(0.707106781186548,-1.65006904329798E-13,0.707106781186547));
#5882=DIRECTION('',(-2.31620278512424E-14,1.,2.54962717605167E-13));
#5883=DIRECTION('center_axis',(2.31065167000131E-14,-1.,-2.55154571406155E-13));
#5884=DIRECTION('ref_axis',(0.707106781186548,-1.65006904329798E-13,0.707106781186547));
#5885=DIRECTION('',(2.31620278512424E-14,-1.,-2.54962717605167E-13));
#5886=DIRECTION('center_axis',(-5.35254444114453E-16,-2.54962717605167E-13,
1.));
#5887=DIRECTION('ref_axis',(-1.,-2.3106516700013E-14,-5.35254444120344E-16));
#5888=DIRECTION('',(-2.31620278512424E-14,1.,2.54962717605167E-13));
#5889=DIRECTION('',(-1.,-2.3106516700013E-14,-5.35254444120344E-16));
#5890=DIRECTION('',(1.,2.3106516700013E-14,5.35254444120344E-16));
#5891=DIRECTION('center_axis',(4.44089209848652E-14,-1.,-2.44249065416759E-13));
#5892=DIRECTION('ref_axis',(-1.,-2.30858720569817E-14,3.37038321025988E-15));
#5893=DIRECTION('',(3.14018491736183E-14,-0.707106781187756,0.707106781185339));
#5894=DIRECTION('center_axis',(2.31065167000131E-14,-1.,-2.55154571406155E-13));
#5895=DIRECTION('ref_axis',(-1.,-2.3106516700014E-14,3.37038321025988E-15));
#5896=DIRECTION('',(-0.707106781186595,-0.7071067811865,-1.72710170455238E-13));
#5897=DIRECTION('center_axis',(-2.31065167000131E-14,1.,2.55154571406155E-13));
#5898=DIRECTION('ref_axis',(-1.,-2.30610984853429E-14,3.37038321025989E-15));
#5899=DIRECTION('center_axis',(0.707106781186485,-0.70710678118661,-1.72864165021643E-13));
#5900=DIRECTION('ref_axis',(-2.44466846621931E-13,-3.58732406867156E-43,
-1.));
#5901=DIRECTION('',(1.06877247842701E-14,2.55154571406156E-13,-1.));
#5902=DIRECTION('',(-0.707106781185417,-0.707106781187678,-1.57009245868158E-13));
#5903=DIRECTION('center_axis',(4.44089209848731E-14,-1.,-2.44249065416802E-13));
#5904=DIRECTION('ref_axis',(-0.500000000000011,2.09448177655664E-13,-0.866025403784432));
#5905=DIRECTION('center_axis',(2.31065167000131E-14,-1.,-2.55154571406155E-13));
#5906=DIRECTION('ref_axis',(-0.500000000000011,2.09417082379453E-13,-0.866025403784432));
#5907=DIRECTION('',(-0.35355339059324,-0.707106781186418,-0.612372435695964));
#5908=DIRECTION('center_axis',(-2.31065167000131E-14,1.,2.55154571406155E-13));
#5909=DIRECTION('ref_axis',(-0.500000000000011,2.09483418968705E-13,-0.866025403784432));
#5910=DIRECTION('center_axis',(1.59602926010856E-14,-0.707106781186712,
0.707106781186383));
#5911=DIRECTION('ref_axis',(-1.,-4.86971574176209E-14,-2.61258951617402E-14));
#5912=DIRECTION('center_axis',(-1.59602926010856E-14,0.707106781186712,
-0.707106781186383));
#5913=DIRECTION('ref_axis',(-1.67803631521825E-14,0.707106781186383,0.707106781186712));
#5914=DIRECTION('',(1.,2.3106516700013E-14,5.35254444120344E-16));
#5915=DIRECTION('',(-3.48125722815983E-14,0.707106781186383,0.707106781186712));
#5916=DIRECTION('center_axis',(-4.8697157417621E-14,1.,2.44304576568759E-13));
#5917=DIRECTION('ref_axis',(0.707106781186548,-1.64596170424937E-13,0.707106781186547));
#5918=DIRECTION('center_axis',(-2.31065167000131E-14,1.,2.55154571406155E-13));
#5919=DIRECTION('ref_axis',(0.707106781186548,-1.6408275304386E-13,0.707106781186547));
#5920=DIRECTION('',(-0.707106781186546,-0.707106781186549,-1.73127904813777E-13));
#5921=DIRECTION('center_axis',(0.70710678118658,-0.707106781186515,-1.80043045644938E-13));
#5922=DIRECTION('ref_axis',(2.54563805810799E-13,-5.55111512188373E-17,
1.));
#5923=DIRECTION('',(5.35254444114448E-16,2.55154571406155E-13,-1.));
#5924=DIRECTION('',(-0.707106781186545,-0.707106781186551,-1.73127904813776E-13));
#5925=DIRECTION('',(-5.35254444114448E-16,-2.55154571406155E-13,1.));
#5926=DIRECTION('center_axis',(4.8697157417621E-14,-1.,-2.44304576568764E-13));
#5927=DIRECTION('ref_axis',(-0.707106781186546,1.64515948959144E-13,-0.707106781186549));
#5928=DIRECTION('center_axis',(2.31065167000131E-14,-1.,-2.55154571406155E-13));
#5929=DIRECTION('ref_axis',(-0.707106781186546,1.6408275304386E-13,-0.707106781186549));
#5930=DIRECTION('',(3.48125722815979E-14,-0.707106781186373,-0.707106781186722));
#5931=DIRECTION('center_axis',(-2.31065167000131E-14,1.,2.55154571406155E-13));
#5932=DIRECTION('ref_axis',(-0.707106781186546,1.65006904329798E-13,-0.707106781186549));
#5933=DIRECTION('center_axis',(1.59602926010858E-14,-0.707106781186722,
0.707106781186373));
#5934=DIRECTION('ref_axis',(-1.,-4.86971574176209E-14,-2.61258951617409E-14));
#5935=DIRECTION('',(1.,2.3106516700013E-14,5.35254444120346E-16));
#5936=DIRECTION('',(3.48125722815992E-14,-0.7071067811864,-0.707106781186695));
#5937=DIRECTION('',(-1.,-2.3106516700013E-14,-5.35254444120346E-16));
#5938=DIRECTION('center_axis',(-4.8697157417621E-14,1.,2.44304576568772E-13));
#5939=DIRECTION('ref_axis',(1.,2.31049789949917E-14,5.35254444120344E-16));
#5940=DIRECTION('center_axis',(-2.31065167000131E-14,1.,2.55154571406155E-13));
#5941=DIRECTION('ref_axis',(1.,2.3106516700013E-14,5.35254444120344E-16));
#5942=DIRECTION('',(-0.176776711101927,-0.707106781186706,0.684653192800386));
#5943=DIRECTION('center_axis',(2.31065167000131E-14,-1.,-2.55154571406155E-13));
#5944=DIRECTION('ref_axis',(1.,2.31035950604725E-14,5.35254444120343E-16));
#5945=DIRECTION('center_axis',(4.86971574176211E-14,-1.,-2.66509037061264E-13));
#5946=DIRECTION('ref_axis',(-1.,-2.3124923242154E-14,-5.35254444120349E-16));
#5947=DIRECTION('center_axis',(2.31065167000131E-14,-1.,-2.55154571406155E-13));
#5948=DIRECTION('ref_axis',(-1.,-2.3106516700013E-14,-5.35254444120344E-16));
#5949=DIRECTION('',(-0.289509373670213,-0.707106781186379,-0.645123494036079));
#5950=DIRECTION('center_axis',(0.289509373670246,-0.707106781186716,0.645123494035695));
#5951=DIRECTION('ref_axis',(-0.912342394671035,-4.44512090362805E-14,0.409428082678659));
#5952=DIRECTION('',(0.912342394671067,1.25548501736095E-13,-0.409428082678585));
#5953=DIRECTION('',(-0.289509373670165,-0.707106781186398,-0.64512349403608));
#5954=DIRECTION('center_axis',(-4.86971574176211E-14,1.,2.66509037061276E-13));
#5955=DIRECTION('ref_axis',(0.83947247801181,-1.18782168577424E-13,0.543402207081192));
#5956=DIRECTION('center_axis',(-2.31065167000131E-14,1.,2.55154571406155E-13));
#5957=DIRECTION('ref_axis',(0.83947247801181,-1.19254272416579E-13,0.543402207081192));
#5958=DIRECTION('',(-0.707106781186505,-0.70710678118659,-1.8882882940062E-13));
#5959=DIRECTION('center_axis',(2.31065167000131E-14,-1.,-2.55154571406155E-13));
#5960=DIRECTION('ref_axis',(0.83947247801181,-1.18404485506099E-13,0.543402207081192));
#5961=DIRECTION('center_axis',(-4.86971574176211E-14,1.,2.66509037061192E-13));
#5962=DIRECTION('ref_axis',(0.707106781186551,1.98189606988859E-13,-0.707106781186544));
#5963=DIRECTION('',(3.40556081874211E-14,-0.707106781186758,0.707106781186338));
#5964=DIRECTION('center_axis',(2.31065167000131E-14,-1.,-2.55154571406155E-13));
#5965=DIRECTION('ref_axis',(0.707106781186551,1.99333050707772E-13,-0.707106781186544));
#5966=DIRECTION('',(-0.707106781186444,-0.707106781186651,-1.57426980226916E-13));
#5967=DIRECTION('center_axis',(-2.31065167000131E-14,1.,2.55154571406155E-13));
#5968=DIRECTION('ref_axis',(0.707106781186551,1.96760302340218E-13,-0.707106781186544));
#5969=DIRECTION('center_axis',(4.86971574176211E-14,-1.,-2.66509037061286E-13));
#5970=DIRECTION('ref_axis',(-1.,-2.31244662089998E-14,-5.35254444120348E-16));
#5971=DIRECTION('center_axis',(2.31065167000131E-14,-1.,-2.55154571406155E-13));
#5972=DIRECTION('ref_axis',(-1.,-2.3106516700013E-14,-5.35254444120344E-16));
#5973=DIRECTION('',(-0.70710678118658,0.707106781186515,1.87985269700807E-13));
#5974=DIRECTION('center_axis',(-2.31065167000131E-14,1.,2.55154571406155E-13));
#5975=DIRECTION('ref_axis',(-1.,-2.31439433357727E-14,-5.35254444120354E-16));
#5976=DIRECTION('center_axis',(4.86971574176211E-14,-1.,-2.6650903706128E-13));
#5977=DIRECTION('ref_axis',(1.,2.31244662089998E-14,5.35254444120349E-16));
#5978=DIRECTION('center_axis',(2.31065167000131E-14,-1.,-2.55154571406155E-13));
#5979=DIRECTION('ref_axis',(1.,2.3106516700013E-14,5.35254444120344E-16));
#5980=DIRECTION('',(0.707106781186561,0.707106781186534,1.88915425006242E-13));
#5981=DIRECTION('center_axis',(-2.31065167000131E-14,1.,2.55154571406155E-13));
#5982=DIRECTION('ref_axis',(1.,2.31439433357727E-14,5.35254444120354E-16));
#5983=DIRECTION('center_axis',(-2.31065167000131E-14,1.,2.55154571406155E-13));
#5984=DIRECTION('ref_axis',(1.,2.31439433357727E-14,5.35254444120354E-16));
#5985=DIRECTION('center_axis',(4.4408920984881E-14,-1.,-2.66453525909286E-13));
#5986=DIRECTION('ref_axis',(1.111463825952E-25,2.5246098228527E-13,-1.));
#5987=DIRECTION('',(0.707106781186485,0.70710678118661,1.8841109504204E-13));
#5988=DIRECTION('center_axis',(2.31065167000131E-14,-1.,-2.55154571406155E-13));
#5989=DIRECTION('ref_axis',(1.11084143133195E-25,2.55154571406155E-13,-1.));
#5990=DIRECTION('',(-3.14018491736302E-14,0.707106781187395,0.7071067811857));
#5991=DIRECTION('center_axis',(-2.31065167000131E-14,1.,2.55154571406155E-13));
#5992=DIRECTION('ref_axis',(1.11233517842007E-25,2.48689957516031E-13,-1.));
#5993=DIRECTION('center_axis',(1.63387746481008E-14,-0.70710678118672,0.707106781186375));
#5994=DIRECTION('ref_axis',(1.,0.,-2.31065166999074E-14));
#5995=DIRECTION('',(1.,2.31065167000131E-14,1.16970865215781E-25));
#5996=DIRECTION('',(-3.14018491736741E-14,0.707106781186375,0.70710678118672));
#5997=DIRECTION('',(-1.,-2.31065167000131E-14,-1.16970865215781E-25));
#5998=DIRECTION('center_axis',(4.44089209850151E-14,-1.,-2.66453525910091E-13));
#5999=DIRECTION('ref_axis',(1.,1.34788014083409E-14,1.14663684355725E-25));
#6000=DIRECTION('center_axis',(2.31065167000131E-14,-1.,-2.55154571406155E-13));
#6001=DIRECTION('ref_axis',(1.,2.31065167000131E-14,1.17120239924593E-25));
#6002=DIRECTION('',(-0.707106781186626,0.707106781186469,1.8841109504207E-13));
#6003=DIRECTION('center_axis',(-2.31065167000131E-14,1.,2.55154571406155E-13));
#6004=DIRECTION('ref_axis',(1.,0.,1.11224506559312E-25));
#6005=DIRECTION('center_axis',(-0.707106781186548,-0.707106781186548,-1.80421527692118E-13));
#6006=DIRECTION('ref_axis',(-2.55154571406267E-13,0.,1.));
#6007=DIRECTION('',(-1.11233517842007E-25,-2.55154571406155E-13,1.));
#6008=DIRECTION('',(0.707106781186422,-0.707106781186673,-1.88411095042024E-13));
#6009=DIRECTION('',(1.11233517842007E-25,2.55154571406155E-13,-1.));
#6010=DIRECTION('center_axis',(4.44089209849914E-14,-1.,-2.66453525909949E-13));
#6011=DIRECTION('ref_axis',(-1.111463825952E-25,-2.5246098228527E-13,1.));
#6012=DIRECTION('center_axis',(2.31065167000131E-14,-1.,-2.55154571406155E-13));
#6013=DIRECTION('ref_axis',(-1.11084143133195E-25,-2.55154571406155E-13,
1.));
#6014=DIRECTION('',(3.14018491736797E-14,-0.707106781186626,0.707106781186469));
#6015=DIRECTION('center_axis',(-2.31065167000131E-14,1.,2.55154571406155E-13));
#6016=DIRECTION('ref_axis',(-1.11233517842007E-25,-2.48689957516031E-13,
1.));
#6017=DIRECTION('center_axis',(1.63387746482604E-14,-0.707106781186469,
-0.707106781186626));
#6018=DIRECTION('ref_axis',(-1.,0.,-2.3106516700125E-14));
#6019=DIRECTION('',(-1.,-2.31065167000131E-14,-1.16970865215781E-25));
#6020=DIRECTION('',(3.14018491736274E-14,-0.707106781187835,0.70710678118526));
#6021=DIRECTION('',(1.,2.31065167000131E-14,1.16970865215781E-25));
#6022=DIRECTION('center_axis',(4.44089209848652E-14,-1.,-2.66453525909191E-13));
#6023=DIRECTION('ref_axis',(-1.,-1.3478801408341E-14,-1.14663684355726E-25));
#6024=DIRECTION('center_axis',(2.31065167000131E-14,-1.,-2.55154571406155E-13));
#6025=DIRECTION('ref_axis',(-1.,-2.31065167000131E-14,-1.17120239924593E-25));
#6026=DIRECTION('',(-0.707106781186485,-0.70710678118661,-1.8841109504204E-13));
#6027=DIRECTION('center_axis',(-2.31065167000131E-14,1.,2.55154571406155E-13));
#6028=DIRECTION('ref_axis',(-1.,0.,-1.11224506559312E-25));
#6029=DIRECTION('center_axis',(0.70710678118661,-0.707106781186485,-1.80421527691945E-13));
#6030=DIRECTION('ref_axis',(-2.55154571405999E-13,0.,-1.));
#6031=DIRECTION('',(1.11233517842007E-25,2.55154571406155E-13,-1.));
#6032=DIRECTION('',(-1.11233517842007E-25,-2.55154571406155E-13,1.));
#6033=DIRECTION('center_axis',(1.67172566952724E-14,-0.707106781186338,
-0.707106781186758));
#6034=DIRECTION('ref_axis',(1.,4.86971574176209E-14,-2.50553862734724E-14));
#6035=DIRECTION('center_axis',(-1.67172566952724E-14,0.707106781186338,
0.707106781186758));
#6036=DIRECTION('ref_axis',(-1.60443823121742E-14,0.707106781186757,-0.707106781186338));
#6037=DIRECTION('',(1.,2.3106516700013E-14,5.35254444120332E-16));
#6038=DIRECTION('',(-1.,-2.3106516700013E-14,-5.35254444120332E-16));
#6039=DIRECTION('center_axis',(-5.3525444411439E-16,-2.57162886530806E-13,
1.));
#6040=DIRECTION('ref_axis',(2.31620278512424E-14,-1.,-2.57162886530806E-13));
#6041=DIRECTION('',(2.31620278512424E-14,-1.,-2.57162886530806E-13));
#6042=DIRECTION('',(-1.,-2.32571898247816E-14,-5.35254444120344E-16));
#6043=DIRECTION('',(-2.31620278512424E-14,1.,2.57162886530806E-13));
#6044=DIRECTION('center_axis',(5.35254444114453E-16,2.54962717605167E-13,
-1.));
#6045=DIRECTION('ref_axis',(1.,2.3106516700013E-14,5.35254444120344E-16));
#6046=DIRECTION('',(2.31620278512424E-14,-1.,-2.54962717605167E-13));
#6047=DIRECTION('',(-1.,-2.3106516700013E-14,-5.35254444120344E-16));
#6048=DIRECTION('',(-2.31620278512424E-14,1.,2.54962717605167E-13));
#6049=DIRECTION('',(-1.,-2.31512489869255E-14,-5.35254444120355E-16));
#6050=DIRECTION('center_axis',(-2.31620278512424E-14,1.,2.54593482099487E-13));
#6051=DIRECTION('ref_axis',(0.83947247801181,-1.18404485506099E-13,0.543402207081192));
#6052=DIRECTION('',(-2.31620278512424E-14,1.,2.54593482099487E-13));
#6053=DIRECTION('center_axis',(-2.31065167000131E-14,1.,2.55154571406155E-13));
#6054=DIRECTION('ref_axis',(0.839472478011813,-1.19289625435508E-13,0.543402207081188));
#6055=DIRECTION('center_axis',(2.31620278512424E-14,-1.,-2.54962717605167E-13));
#6056=DIRECTION('ref_axis',(0.707106781186545,1.9933305070777E-13,-0.70710678118655));
#6057=DIRECTION('center_axis',(-1.37174656631078E-14,0.573576436350842,
0.819152044289135));
#6058=DIRECTION('ref_axis',(-1.87235859604039E-14,0.819152044289135,-0.573576436350842));
#6059=DIRECTION('center_axis',(2.31065167000131E-14,-1.,-2.55154571406155E-13));
#6060=DIRECTION('ref_axis',(0.707106781186545,1.9933305070777E-13,-0.70710678118655));
#6061=DIRECTION('',(2.31620278512424E-14,-1.,-2.54962717605167E-13));
#6062=DIRECTION('center_axis',(-2.31620278512424E-14,1.,2.57162886530806E-13));
#6063=DIRECTION('ref_axis',(0.707106781186551,1.99333050707772E-13,-0.707106781186544));
#6064=DIRECTION('center_axis',(-1.37174656631078E-14,0.573576436350842,
0.819152044289135));
#6065=DIRECTION('ref_axis',(-1.8723585960404E-14,0.819152044289135,-0.573576436350842));
#6066=DIRECTION('',(2.31620278512424E-14,-1.,-2.57162886530806E-13));
#6067=DIRECTION('center_axis',(0.70710678118659,-0.707106781186505,-1.80043045644935E-13));
#6068=DIRECTION('ref_axis',(2.54563805810791E-13,-5.55111512188373E-17,
1.));
#6069=DIRECTION('',(5.35254444114448E-16,2.55154571406155E-13,-1.));
#6070=DIRECTION('',(-5.35254444114448E-16,-2.55154571406155E-13,1.));
#6071=DIRECTION('center_axis',(-5.35254444114306E-16,-2.48745468667263E-13,
1.));
#6072=DIRECTION('ref_axis',(1.,2.42722508758674E-14,5.35254444120344E-16));
#6073=DIRECTION('center_axis',(2.31065167000131E-14,-1.,-2.55154571406155E-13));
#6074=DIRECTION('ref_axis',(0.839472478011813,-1.19254272416578E-13,0.543402207081188));
#6075=DIRECTION('center_axis',(-0.912342394671067,-1.23987983799572E-13,
0.409428082678587));
#6076=DIRECTION('ref_axis',(0.409428082678587,-2.23066864586904E-13,0.912342394671067));
#6077=DIRECTION('center_axis',(0.912342394671068,1.25548501736095E-13,-0.409428082678585));
#6078=DIRECTION('ref_axis',(0.289509373670221,0.707106781186394,0.64512349403606));
#6079=DIRECTION('',(-0.912342394671067,-1.25548501736095E-13,0.409428082678585));
#6080=DIRECTION('center_axis',(-0.912342394671067,-1.2196217673376E-13,
0.409428082678586));
#6081=DIRECTION('ref_axis',(0.409428082678586,-2.23066864586908E-13,0.912342394671067));
#6082=DIRECTION('center_axis',(2.31065167000131E-14,-1.,-2.55154571406155E-13));
#6083=DIRECTION('ref_axis',(0.,-2.5173516639146E-13,1.));
#6084=DIRECTION('center_axis',(-2.31065167000131E-14,1.,2.55154571406155E-13));
#6085=DIRECTION('ref_axis',(-0.996425799973544,-4.45775069818211E-14,0.0844726295736223));
#6086=DIRECTION('center_axis',(0.968245830780579,-4.42007283229519E-14,
0.250000022352053));
#6087=DIRECTION('ref_axis',(0.250000022352053,2.5259132257345E-13,-0.968245830780579));
#6088=DIRECTION('center_axis',(-2.31065167000131E-14,1.,2.55154571406155E-13));
#6089=DIRECTION('ref_axis',(0.968245830666492,-4.26325641455417E-14,0.250000022793908));
#6090=DIRECTION('center_axis',(2.31065167000131E-14,-1.,-2.55154571406155E-13));
#6091=DIRECTION('ref_axis',(0.968245830690511,-4.14158601872049E-14,0.250000022700884));
#6092=DIRECTION('center_axis',(-0.968245830744552,4.08348046777317E-14,
-0.250000022491585));
#6093=DIRECTION('ref_axis',(-0.250000022491585,-2.52591322570068E-13,0.968245830744552));
#6094=DIRECTION('center_axis',(-2.31065167000131E-14,1.,2.55154571406155E-13));
#6095=DIRECTION('ref_axis',(0.968245830690511,-4.14122907790115E-14,0.250000022700884));
#6096=DIRECTION('center_axis',(2.31439433357729E-14,-1.,-2.5543949341807E-13));
#6097=DIRECTION('ref_axis',(-1.,-2.31439433357727E-14,-5.35254444120354E-16));
#6098=DIRECTION('center_axis',(2.31065167000131E-14,-1.,-2.55154571406155E-13));
#6099=DIRECTION('ref_axis',(-1.,-2.31439433357727E-14,-5.35254444120354E-16));
#6100=DIRECTION('',(2.31439433357729E-14,-1.,-2.5543949341807E-13));
#6101=DIRECTION('center_axis',(2.31439433357729E-14,-1.,-2.54585366387077E-13));
#6102=DIRECTION('ref_axis',(-1.,-2.31439433357727E-14,-5.35254444120354E-16));
#6103=DIRECTION('center_axis',(2.31065167000131E-14,-1.,-2.55154571406155E-13));
#6104=DIRECTION('ref_axis',(-1.,-2.31439433357727E-14,-5.35254444120354E-16));
#6105=DIRECTION('',(2.31439433357729E-14,-1.,-2.54585366387077E-13));
#6106=DIRECTION('center_axis',(-5.35254444114448E-16,-2.55154571406155E-13,
1.));
#6107=DIRECTION('ref_axis',(0.707106781186533,0.707106781186562,1.76268089731147E-13));
#6108=DIRECTION('center_axis',(-5.35254444114306E-16,-2.48745468667265E-13,
1.));
#6109=DIRECTION('ref_axis',(1.,2.42722508758673E-14,5.35254444120344E-16));
#6110=DIRECTION('',(-5.35254444114448E-16,-2.55154571406155E-13,1.));
#6111=DIRECTION('',(5.35254444114448E-16,2.55154571406155E-13,-1.));
#6112=DIRECTION('center_axis',(-2.31065167000131E-14,1.,2.55154571406155E-13));
#6113=DIRECTION('ref_axis',(0.,2.41584530158434E-13,-1.));
#6114=DIRECTION('center_axis',(0.912342394671068,1.23987983799569E-13,-0.409428082678583));
#6115=DIRECTION('ref_axis',(-0.409428082678583,2.27507756685409E-13,-0.912342394671068));
#6116=DIRECTION('center_axis',(-2.31065167000131E-14,1.,2.55154571406155E-13));
#6117=DIRECTION('ref_axis',(0.839472478011808,-1.1925427241658E-13,0.543402207081195));
#6118=DIRECTION('center_axis',(5.35254444114306E-16,2.48745468667267E-13,
-1.));
#6119=DIRECTION('ref_axis',(-1.,-2.42722508758675E-14,-5.35254444120344E-16));
#6120=DIRECTION('center_axis',(2.31065167000131E-14,-1.,-2.55154571406155E-13));
#6121=DIRECTION('ref_axis',(0.839472478011808,-1.19289625435508E-13,0.543402207081195));
#6122=DIRECTION('center_axis',(0.912342394671067,1.25548501736095E-13,-0.409428082678585));
#6123=DIRECTION('ref_axis',(-0.289509373670253,0.707106781186705,-0.645123494035704));
#6124=DIRECTION('center_axis',(0.912342394671066,1.21962176733761E-13,-0.409428082678588));
#6125=DIRECTION('ref_axis',(-0.409428082678588,2.23066864586908E-13,-0.912342394671066));
#6126=DIRECTION('',(0.912342394671067,1.25548501736095E-13,-0.409428082678585));
#6127=DIRECTION('',(-0.912342394671067,-1.25548501736095E-13,0.409428082678585));
#6128=DIRECTION('center_axis',(0.,-1.,-2.48689957516049E-13));
#6129=DIRECTION('ref_axis',(-1.,0.,-1.11224506559312E-25));
#6130=DIRECTION('',(0.,-1.,-2.48689957516049E-13));
#6131=DIRECTION('center_axis',(2.37310171513624E-15,1.,2.52487216873912E-13));
#6132=DIRECTION('ref_axis',(-1.,2.37310171513624E-15,-1.10634339994593E-25));
#6133=DIRECTION('center_axis',(0.,-1.,-2.48689957516032E-13));
#6134=DIRECTION('ref_axis',(1.,0.,1.11224506559312E-25));
#6135=DIRECTION('',(0.,-1.,-2.48689957516032E-13));
#6136=DIRECTION('',(0.,-1.,-2.48689957516032E-13));
#6137=DIRECTION('center_axis',(1.11224506559312E-25,2.48689957516032E-13,
-1.));
#6138=DIRECTION('ref_axis',(1.,-2.37310171513624E-15,1.10634339994593E-25));
#6139=DIRECTION('',(0.,-1.,-2.48689957516032E-13));
#6140=DIRECTION('center_axis',(0.,-1.,-2.48689957516032E-13));
#6141=DIRECTION('ref_axis',(1.11233517842007E-25,2.48689957516031E-13,-1.));
#6142=DIRECTION('',(0.,-1.,-2.48689957516032E-13));
#6143=DIRECTION('center_axis',(-1.,2.76626588264874E-38,-1.11233517842007E-25));
#6144=DIRECTION('ref_axis',(1.11233517842007E-25,2.52487216873912E-13,-1.));
#6145=DIRECTION('',(0.,-1.,-2.48689957516032E-13));
#6146=DIRECTION('center_axis',(0.,-1.,-2.48689957516032E-13));
#6147=DIRECTION('ref_axis',(-1.,0.,-1.11224506559312E-25));
#6148=DIRECTION('',(0.,-1.,-2.48689957516032E-13));
#6149=DIRECTION('center_axis',(-1.11224506559312E-25,-2.48689957516032E-13,
1.));
#6150=DIRECTION('ref_axis',(-1.,2.37310171513624E-15,-1.10634339994593E-25));
#6151=DIRECTION('',(0.,-1.,-2.48689957516032E-13));
#6152=DIRECTION('center_axis',(0.,-1.,-2.48689957516032E-13));
#6153=DIRECTION('ref_axis',(-1.11233517842007E-25,-2.48689957516031E-13,
1.));
#6154=DIRECTION('',(0.,-1.,-2.48689957516032E-13));
#6155=DIRECTION('center_axis',(1.,-2.76626588264874E-38,1.11233517842007E-25));
#6156=DIRECTION('ref_axis',(-1.11233517842007E-25,-2.52487216873912E-13,
1.));
#6157=DIRECTION('center_axis',(-2.31065167000131E-14,1.,2.55154571406155E-13));
#6158=DIRECTION('ref_axis',(0.,2.52953232023236E-13,-1.));
#6159=DIRECTION('center_axis',(-2.31065167000131E-14,1.,2.55154571406155E-13));
#6160=DIRECTION('ref_axis',(-0.996425753719919,-4.45816901555048E-14,0.0844731751723063));
#6161=DIRECTION('center_axis',(2.31065167000131E-14,-1.,-2.55154571406155E-13));
#6162=DIRECTION('ref_axis',(-0.996425753719919,-4.45776451250594E-14,0.0844731751723063));
#6163=DIRECTION('center_axis',(2.31035950604727E-14,-1.,-2.55289941233478E-13));
#6164=DIRECTION('ref_axis',(0.968245830690512,-4.14525315124114E-14,0.250000022700881));
#6165=DIRECTION('',(2.31035950604727E-14,-1.,-2.55289941233478E-13));
#6166=DIRECTION('',(2.31035950604727E-14,-1.,-2.55289941233478E-13));
#6167=DIRECTION('center_axis',(-0.834130770436371,0.507780371691543,-0.215371660011303));
#6168=DIRECTION('ref_axis',(0.250000023049714,2.52591322571783E-13,-0.968245830600443));
#6169=DIRECTION('center_axis',(5.3525444411445E-16,2.55204948083267E-13,
-1.));
#6170=DIRECTION('ref_axis',(1.,-2.3731017151363E-15,5.35254444113844E-16));
#6171=DIRECTION('',(1.,-2.3731017151363E-15,5.35254444113844E-16));
#6172=DIRECTION('',(-2.31620278512424E-14,1.,2.55204948083267E-13));
#6173=DIRECTION('center_axis',(-0.805631518945496,-0.271125724426863,-0.526733990962784));
#6174=DIRECTION('ref_axis',(0.54723111082739,2.25233323745127E-13,-0.836981547791002));
#6175=DIRECTION('center_axis',(-2.31620278512424E-14,1.,2.55204948083267E-13));
#6176=DIRECTION('ref_axis',(-0.707106781186546,1.65006904329798E-13,-0.707106781186549));
#6177=DIRECTION('',(-2.31620278512424E-14,1.,2.55204948083267E-13));
#6178=DIRECTION('center_axis',(1.,2.31620278512423E-14,5.35254444120358E-16));
#6179=DIRECTION('ref_axis',(5.35254444114448E-16,2.55154571406155E-13,-1.));
#6180=DIRECTION('center_axis',(1.,2.31620278512423E-14,5.35254444120358E-16));
#6181=DIRECTION('ref_axis',(5.54766415765368E-15,-0.261818500050599,0.965117129177207));
#6182=DIRECTION('',(2.31620278512423E-14,-1.,-5.55111512312475E-17));
#6183=DIRECTION('',(5.35254444114448E-16,2.55154571406155E-13,-1.));
#6184=DIRECTION('center_axis',(4.44089209842499E-14,-1.,-2.44249065413374E-13));
#6185=DIRECTION('ref_axis',(0.707106781186544,-8.17161285341184E-14,0.707106781186551));
#6186=DIRECTION('',(0.707106781179514,-0.707106781193582,-1.25607396693812E-13));
#6187=DIRECTION('center_axis',(2.31065167000131E-14,-1.,-2.55154571406155E-13));
#6188=DIRECTION('ref_axis',(0.707106781186544,-1.64082753043861E-13,0.707106781186551));
#6189=DIRECTION('',(3.14018491737431E-14,-0.707106781188306,0.707106781184789));
#6190=DIRECTION('center_axis',(-2.31065167000131E-14,1.,2.55154571406155E-13));
#6191=DIRECTION('ref_axis',(0.707106781186544,1.71238208775199E-14,0.707106781186551));
#6192=DIRECTION('center_axis',(-0.707106781186705,-0.70710678118639,-1.80800009739093E-13));
#6193=DIRECTION('ref_axis',(-2.55689825850156E-13,3.5873240686715E-43,1.));
#6194=DIRECTION('',(0.707106781186532,-0.707106781186563,-1.72710170455223E-13));
#6195=DIRECTION('',(-5.35254444114448E-16,-2.55154571406155E-13,1.));
#6196=DIRECTION('',(5.35254444114448E-16,2.55154571406155E-13,-1.));
#6197=DIRECTION('center_axis',(4.44089209849914E-14,-1.,-2.44249065417453E-13));
#6198=DIRECTION('ref_axis',(0.500000000000007,2.32535855018452E-13,-0.866025403784434));
#6199=DIRECTION('',(0.353553390593174,-0.707106781186599,-0.612372435695793));
#6200=DIRECTION('center_axis',(2.31065167000131E-14,-1.,-2.55154571406155E-13));
#6201=DIRECTION('ref_axis',(0.500000000000007,2.32523599079467E-13,-0.866025403784434));
#6202=DIRECTION('center_axis',(-2.31065167000131E-14,1.,2.55154571406155E-13));
#6203=DIRECTION('ref_axis',(0.500000000000007,2.32549745082636E-13,-0.866025403784434));
#6204=DIRECTION('center_axis',(-0.353553390593286,-0.707106781186658,0.612372435695661));
#6205=DIRECTION('ref_axis',(0.866025403784384,1.89074683980725E-43,0.500000000000095));
#6206=DIRECTION('',(0.353553390593309,-0.707106781186367,-0.612372435695982));
#6207=DIRECTION('',(0.866025403784438,-1.07566455247897E-13,0.500000000000002));
#6208=DIRECTION('',(-0.866025403784438,1.07566455247897E-13,-0.500000000000002));
#6209=DIRECTION('center_axis',(4.44089209849678E-14,-1.,-2.44249065417323E-13));
#6210=DIRECTION('ref_axis',(-0.5,2.09429338318441E-13,-0.866025403784439));
#6211=DIRECTION('',(0.353553390593212,0.707106781186487,0.6123724356959));
#6212=DIRECTION('center_axis',(2.31065167000131E-14,-1.,-2.55154571406155E-13));
#6213=DIRECTION('ref_axis',(-0.5,2.09417082379454E-13,-0.866025403784439));
#6214=DIRECTION('center_axis',(-2.31065167000131E-14,1.,2.55154571406155E-13));
#6215=DIRECTION('ref_axis',(-0.5,2.09443228382625E-13,-0.866025403784439));
#6216=DIRECTION('center_axis',(0.353553390593299,-0.707106781186678,0.612372435695629));
#6217=DIRECTION('ref_axis',(0.866025403784365,-1.69657722886508E-43,-0.500000000000128));
#6218=DIRECTION('',(-0.353553390593209,-0.707106781186481,-0.612372435695909));
#6219=DIRECTION('',(0.866025403784439,1.47588116158258E-13,-0.5));
#6220=DIRECTION('',(-0.866025403784439,-1.47588116158258E-13,0.5));
#6221=DIRECTION('center_axis',(4.44089209849362E-14,-1.,-2.44249065417149E-13));
#6222=DIRECTION('ref_axis',(-1.,-2.31065167000121E-14,-5.35254444120344E-16));
#6223=DIRECTION('',(-0.707106781185998,-0.707106781187097,-1.72710170455077E-13));
#6224=DIRECTION('center_axis',(2.31065167000131E-14,-1.,-2.55154571406155E-13));
#6225=DIRECTION('ref_axis',(-1.,-2.3106516700013E-14,-5.35254444120344E-16));
#6226=DIRECTION('center_axis',(-2.31065167000131E-14,1.,2.55154571406155E-13));
#6227=DIRECTION('ref_axis',(-1.,-2.3106516700011E-14,-5.35254444120344E-16));
#6228=DIRECTION('center_axis',(0.707106781186312,-0.707106781186783,-1.81402785600516E-13));
#6229=DIRECTION('ref_axis',(-2.56542279648594E-13,-3.58732406867156E-43,
-1.));
#6230=DIRECTION('',(-0.707106781186673,-0.707106781186422,-1.72710170455219E-13));
#6231=DIRECTION('',(-1.38770824226912E-15,2.55154571406155E-13,-1.));
#6232=DIRECTION('',(1.38770824226912E-15,-2.55154571406155E-13,1.));
#6233=DIRECTION('center_axis',(4.44089209841947E-14,-1.,-2.44249065413071E-13));
#6234=DIRECTION('ref_axis',(-0.707106781186548,-1.15143040140306E-13,0.707106781186547));
#6235=DIRECTION('',(3.14018491734286E-14,-0.707106781194162,0.707106781178933));
#6236=DIRECTION('center_axis',(2.31065167000131E-14,-1.,-2.55154571406155E-13));
#6237=DIRECTION('ref_axis',(-0.707106781186548,-1.96760302340219E-13,0.707106781186547));
#6238=DIRECTION('center_axis',(-2.31065167000131E-14,1.,2.55154571406155E-13));
#6239=DIRECTION('ref_axis',(-0.707106781186548,-1.7202325500454E-14,0.707106781186547));
#6240=DIRECTION('center_axis',(4.44089209841789E-14,-1.,-2.44249065412984E-13));
#6241=DIRECTION('ref_axis',(0.707106781186544,-8.17161285341182E-14,0.707106781186551));
#6242=DIRECTION('',(0.707106781178948,-0.707106781194147,-1.25607396693712E-13));
#6243=DIRECTION('center_axis',(2.31065167000131E-14,-1.,-2.55154571406155E-13));
#6244=DIRECTION('ref_axis',(0.707106781186544,-1.64082753043861E-13,0.707106781186551));
#6245=DIRECTION('',(3.14018491735426E-14,-0.707106781183792,0.707106781189303));
#6246=DIRECTION('center_axis',(-2.31065167000131E-14,1.,2.55154571406155E-13));
#6247=DIRECTION('ref_axis',(0.707106781186544,1.71238208775199E-14,0.707106781186551));
#6248=DIRECTION('center_axis',(-0.707106781186705,-0.70710678118639,-1.80800009739093E-13));
#6249=DIRECTION('ref_axis',(-2.55689825850156E-13,3.5873240686715E-43,1.));
#6250=DIRECTION('',(0.707106781186532,-0.707106781186563,-1.72710170455223E-13));
#6251=DIRECTION('',(-5.35254444114448E-16,-2.55154571406155E-13,1.));
#6252=DIRECTION('',(5.35254444114448E-16,2.55154571406155E-13,-1.));
#6253=DIRECTION('center_axis',(4.44089209849204E-14,-1.,-2.44249065417062E-13));
#6254=DIRECTION('ref_axis',(0.500000000000007,2.32548865444522E-13,-0.866025403784434));
#6255=DIRECTION('',(-0.353553390593281,0.707106781186437,0.612372435695918));
#6256=DIRECTION('center_axis',(2.31065167000131E-14,-1.,-2.55154571406155E-13));
#6257=DIRECTION('ref_axis',(0.500000000000007,2.32523599079467E-13,-0.866025403784434));
#6258=DIRECTION('center_axis',(-2.31065167000131E-14,1.,2.55154571406155E-13));
#6259=DIRECTION('ref_axis',(0.500000000000007,2.32577500658251E-13,-0.866025403784434));
#6260=DIRECTION('center_axis',(-0.353553390593321,-0.707106781186588,0.612372435695721));
#6261=DIRECTION('ref_axis',(0.866025403784384,1.89074683980725E-43,0.500000000000095));
#6262=DIRECTION('',(0.353553390593305,-0.707106781186422,-0.612372435695921));
#6263=DIRECTION('',(0.866025403784438,-1.07566455247897E-13,0.500000000000002));
#6264=DIRECTION('',(-0.866025403784438,1.07566455247897E-13,-0.500000000000002));
#6265=DIRECTION('center_axis',(4.44089209848968E-14,-1.,-2.44249065416932E-13));
#6266=DIRECTION('ref_axis',(-0.5,2.09416327892371E-13,-0.866025403784439));
#6267=DIRECTION('',(-0.353553390592807,-0.707106781187373,-0.612372435695111));
#6268=DIRECTION('center_axis',(2.31065167000131E-14,-1.,-2.55154571406155E-13));
#6269=DIRECTION('ref_axis',(-0.5,2.09417082379454E-13,-0.866025403784439));
#6270=DIRECTION('center_axis',(-2.31065167000131E-14,1.,2.55154571406155E-13));
#6271=DIRECTION('ref_axis',(-0.5,2.0941547280701E-13,-0.866025403784439));
#6272=DIRECTION('center_axis',(0.353553390593264,-0.707106781186748,0.612372435695569));
#6273=DIRECTION('ref_axis',(0.866025403784365,-1.69657722886508E-43,-0.500000000000128));
#6274=DIRECTION('',(0.866025403784439,1.47588116158258E-13,-0.5));
#6275=DIRECTION('',(-0.866025403784439,-1.47588116158258E-13,0.5));
#6276=DIRECTION('center_axis',(2.3061098485342E-14,-1.,-2.55204948083012E-13));
#6277=DIRECTION('ref_axis',(-0.500000000000011,2.09483418968705E-13,-0.866025403784432));
#6278=DIRECTION('',(-2.53765262771463E-15,-1.,-2.52496436457606E-13));
#6279=DIRECTION('center_axis',(2.37310171513617E-15,1.,2.52487216873912E-13));
#6280=DIRECTION('ref_axis',(-0.500000000000011,2.09483418968705E-13,-0.866025403784432));
#6281=DIRECTION('center_axis',(0.685994340570071,0.514495734135203,-0.514495776719802));
#6282=DIRECTION('ref_axis',(-0.599999984108202,0.800000011918848,-1.18329132649334E-31));
#6283=DIRECTION('center_axis',(2.28511654043474E-14,-1.,-2.55140353289107E-13));
#6284=DIRECTION('ref_axis',(-0.500000000000002,-2.32383610181077E-13,0.866025403784438));
#6285=DIRECTION('center_axis',(1.01720787690723E-14,-0.624695047554316,
-0.780868809443117));
#6286=DIRECTION('ref_axis',(2.21936264052586E-14,-0.780868809443117,0.624695047554316));
#6287=DIRECTION('',(-2.28511654043474E-14,1.,2.55140353289107E-13));
#6288=DIRECTION('center_axis',(-1.4104458342009E-14,-1.,-2.3197561488582E-13));
#6289=DIRECTION('ref_axis',(-0.500000000000004,-1.93844546378631E-13,0.866025403784436));
#6290=DIRECTION('',(-2.28511654043474E-14,1.,2.55140353289107E-13));
#6291=DIRECTION('center_axis',(7.37441980853166E-16,5.55111512312644E-17,
-1.));
#6292=DIRECTION('ref_axis',(1.,4.7039834954558E-14,7.37441980853168E-16));
#6293=DIRECTION('center_axis',(-1.47957509368342E-14,0.780868809442954,
0.62469504755452));
#6294=DIRECTION('ref_axis',(1.84946886710491E-14,-0.62469504755452,0.780868809442954));
#6295=DIRECTION('center_axis',(-0.585205735980651,-2.7254627349361E-13,
0.810884854079384));
#6296=DIRECTION('ref_axis',(-0.810884854079384,-3.84112228402663E-14,-0.585205735980651));
#6297=DIRECTION('',(-7.37441980853166E-16,-5.55111512312644E-17,1.));
#6298=DIRECTION('center_axis',(0.963722449329864,-0.247777507423405,-0.0992237243439933));
#6299=DIRECTION('ref_axis',(-0.249006316270429,-0.968501860843556,1.18423789293359E-14));
#6300=DIRECTION('center_axis',(-0.719166443742559,0.387808700690349,-0.576544914003709));
#6301=DIRECTION('ref_axis',(0.625496330060129,1.89478062869362E-13,-0.780227108655749));
#6302=DIRECTION('center_axis',(7.37441980853166E-16,5.55111512312644E-17,
-1.));
#6303=DIRECTION('ref_axis',(1.,4.7039834954558E-14,7.37441980853168E-16));
#6304=DIRECTION('center_axis',(5.35254444120343E-16,5.55111512312599E-17,
-1.));
#6305=DIRECTION('ref_axis',(1.,4.7039834954558E-14,7.37441980853168E-16));
#6306=DIRECTION('',(-7.37441980853166E-16,-5.55111512312644E-17,1.));
#6307=DIRECTION('center_axis',(1.67172566952392E-14,-0.707106781184868,
-0.707106781188228));
#6308=DIRECTION('ref_axis',(-1.,-1.1210387714607E-44,-2.36417711440235E-14));
#6309=DIRECTION('',(-1.,-2.3106516700013E-14,-5.35254444120344E-16));
#6310=DIRECTION('',(1.,2.3106516700013E-14,5.35254444120344E-16));
#6311=DIRECTION('center_axis',(-2.31620278512423E-14,1.,5.55111512312475E-17));
#6312=DIRECTION('ref_axis',(0.707106781186548,1.72023255004542E-14,-0.707106781186547));
#6313=DIRECTION('center_axis',(2.31065167000131E-14,-1.,-2.55154571406155E-13));
#6314=DIRECTION('ref_axis',(0.707106781186548,1.72023255004542E-14,-0.707106781186547));
#6315=DIRECTION('center_axis',(2.42722508758799E-14,-1.,-5.55111512312469E-17));
#6316=DIRECTION('ref_axis',(5.35254444120343E-16,5.55111512312599E-17,-1.));
#6317=DIRECTION('',(-2.31620278512423E-14,1.,5.55111512312475E-17));
#6318=DIRECTION('center_axis',(2.3061098485342E-14,-1.,-2.55204948083012E-13));
#6319=DIRECTION('ref_axis',(-1.,-2.30610984853429E-14,3.37038321025989E-15));
#6320=DIRECTION('',(-2.3061098485342E-14,1.,2.55204948083012E-13));
#6321=DIRECTION('center_axis',(2.3061098485342E-14,-1.,-2.55204948083012E-13));
#6322=DIRECTION('ref_axis',(-1.,-2.30610984853429E-14,3.37038321025989E-15));
#6323=DIRECTION('',(-2.3061098485342E-14,1.,2.55204948083012E-13));
#6324=DIRECTION('center_axis',(1.67172566952396E-14,-0.707106781184883,
-0.707106781188212));
#6325=DIRECTION('ref_axis',(-1.,-1.1210387714607E-44,-2.36417711440246E-14));
#6326=DIRECTION('',(-1.,-2.3106516700013E-14,-5.35254444120344E-16));
#6327=DIRECTION('',(1.,2.3106516700013E-14,5.35254444120344E-16));
#6328=DIRECTION('center_axis',(2.31620278512424E-14,-1.,-2.54962717605167E-13));
#6329=DIRECTION('ref_axis',(-0.707106781186548,1.50728876033643E-13,-0.707106781186548));
#6330=DIRECTION('center_axis',(-1.37174656631078E-14,0.573576436350842,
0.819152044289135));
#6331=DIRECTION('ref_axis',(-1.87059343768193E-14,0.819152044289135,-0.573576436350842));
#6332=DIRECTION('',(-2.31620278512424E-14,1.,2.54962717605167E-13));
#6333=DIRECTION('center_axis',(2.31065167000131E-14,-1.,-2.55154571406155E-13));
#6334=DIRECTION('ref_axis',(-0.707106781186548,1.50728876033643E-13,-0.707106781186548));
#6335=DIRECTION('center_axis',(2.31620278512423E-14,-1.,-5.55111512312599E-17));
#6336=DIRECTION('ref_axis',(-0.707106781186548,-2.61589058699859E-43,-0.707106781186548));
#6337=DIRECTION('center_axis',(2.31065167000131E-14,-1.,-2.55154571406155E-13));
#6338=DIRECTION('ref_axis',(-0.707106781186548,-2.61589058699859E-43,-0.707106781186548));
#6339=DIRECTION('',(2.31620278512423E-14,-1.,-5.55111512312599E-17));
#6340=DIRECTION('center_axis',(-1.12103877145986E-44,1.,-3.58732406867153E-43));
#6341=DIRECTION('ref_axis',(1.97215226305253E-31,-3.58732406867153E-43,
-1.));
#6342=DIRECTION('',(-2.31620278512423E-14,1.,5.55111512312599E-17));
#6343=DIRECTION('center_axis',(-2.31065167000131E-14,1.,2.55154571406155E-13));
#6344=DIRECTION('ref_axis',(-1.,-2.3106516700013E-14,-5.35254444120344E-16));
#6345=DIRECTION('',(-5.35254444114448E-16,-2.55154571406155E-13,1.));
#6346=DIRECTION('center_axis',(2.31065167000131E-14,-1.,-2.55154571406155E-13));
#6347=DIRECTION('ref_axis',(-0.707106781186548,-2.00971834711522E-13,0.707106781186548));
#6348=DIRECTION('',(-1.,-2.3106516700013E-14,-5.35254444120344E-16));
#6349=DIRECTION('center_axis',(2.31620278512424E-14,-1.,-2.54962717605167E-13));
#6350=DIRECTION('ref_axis',(-0.707106781186548,-2.00971834711522E-13,0.707106781186548));
#6351=DIRECTION('',(2.31620278512424E-14,-1.,-2.54962717605167E-13));
#6352=DIRECTION('center_axis',(-2.31065167000131E-14,1.,2.55154571406155E-13));
#6353=DIRECTION('ref_axis',(-0.707106781186548,-2.00971834711522E-13,0.707106781186548));
#6354=DIRECTION('center_axis',(-2.31065167000131E-14,1.,2.55154571406155E-13));
#6355=DIRECTION('ref_axis',(-1.,-2.3106516700013E-14,-5.35254444120344E-16));
#6356=DIRECTION('center_axis',(-2.31065167000131E-14,1.,2.55154571406155E-13));
#6357=DIRECTION('ref_axis',(-0.707106781186551,1.50728876033642E-13,-0.707106781186544));
#6358=DIRECTION('',(-5.35254444114448E-16,-2.55154571406155E-13,1.));
#6359=DIRECTION('center_axis',(2.31620278512424E-14,-1.,-2.57162886530806E-13));
#6360=DIRECTION('ref_axis',(-0.707106781186551,1.50728876033642E-13,-0.707106781186544));
#6361=DIRECTION('',(-2.31620278512424E-14,1.,2.57162886530806E-13));
#6362=DIRECTION('center_axis',(-1.37174656631078E-14,0.573576436350842,
0.819152044289135));
#6363=DIRECTION('ref_axis',(-1.87059343768194E-14,0.819152044289135,-0.573576436350842));
#6364=DIRECTION('center_axis',(-1.37174656631078E-14,0.573576436350842,
0.819152044289135));
#6365=DIRECTION('ref_axis',(1.86662131276275E-14,-0.819152044289135,0.573576436350842));
#6366=DIRECTION('',(-1.86662131276275E-14,0.819152044289135,-0.573576436350842));
#6367=DIRECTION('',(-1.86662131276275E-14,0.819152044289135,-0.573576436350842));
#6368=DIRECTION('center_axis',(-2.31065167000131E-14,1.,2.55154571406155E-13));
#6369=DIRECTION('ref_axis',(-1.,-2.3106516700013E-14,-5.35254444120344E-16));
#6370=DIRECTION('',(-5.35254444114428E-16,-2.56030035516116E-13,1.));
#6371=DIRECTION('center_axis',(2.31065167000131E-14,-1.,-2.55154571406155E-13));
#6372=DIRECTION('ref_axis',(-0.707106781186541,-2.00971834711522E-13,0.707106781186554));
#6373=DIRECTION('',(1.,2.3106516700013E-14,5.35254444120344E-16));
#6374=DIRECTION('center_axis',(2.31065167000131E-14,-1.,-2.55154571406155E-13));
#6375=DIRECTION('ref_axis',(0.707106781186541,-1.58726534495062E-13,0.707106781186554));
#6376=DIRECTION('',(5.35254444114448E-16,2.55154571406155E-13,-1.));
#6377=DIRECTION('center_axis',(-2.31065167000131E-14,1.,2.55154571406155E-13));
#6378=DIRECTION('ref_axis',(-1.,-2.3106516700013E-14,-5.35254444120344E-16));
#6379=DIRECTION('center_axis',(2.31065167000131E-14,-1.,-2.55154571406155E-13));
#6380=DIRECTION('ref_axis',(-0.96592582628906,3.66231865358529E-14,-0.258819045102552));
#6381=DIRECTION('',(-0.866025403784437,1.07566455247898E-13,-0.500000000000003));
#6382=DIRECTION('center_axis',(2.31065167000131E-14,-1.,-2.55154571406155E-13));
#6383=DIRECTION('ref_axis',(-0.500000000000002,-2.32875015443362E-13,0.866025403784437));
#6384=DIRECTION('',(-0.866025403784439,-1.47588116158258E-13,0.5));
#6385=DIRECTION('center_axis',(2.31065167000131E-14,-1.,-2.55154571406155E-13));
#6386=DIRECTION('ref_axis',(0.965925826289059,8.35135745021889E-14,-0.258819045102555));
#6387=DIRECTION('',(1.,2.3106516700013E-14,5.35254444120344E-16));
#6388=DIRECTION('center_axis',(-2.31065167000131E-14,1.,2.55154571406155E-13));
#6389=DIRECTION('ref_axis',(-1.,-2.3106516700013E-14,-5.35254444120344E-16));
#6390=DIRECTION('center_axis',(2.31065167000131E-14,-1.,-2.55154571406155E-13));
#6391=DIRECTION('ref_axis',(-0.965925826289058,3.66231865358541E-14,-0.258819045102561));
#6392=DIRECTION('',(-0.866025403784437,1.07566455247898E-13,-0.500000000000002));
#6393=DIRECTION('center_axis',(2.31065167000131E-14,-1.,-2.55154571406155E-13));
#6394=DIRECTION('ref_axis',(-0.500000000000001,-2.32789613672531E-13,0.866025403784438));
#6395=DIRECTION('',(-0.866025403784439,-1.47588116158258E-13,0.499999999999999));
#6396=DIRECTION('center_axis',(2.31065167000131E-14,-1.,-2.55154571406155E-13));
#6397=DIRECTION('ref_axis',(0.965925826289059,8.35135745021889E-14,-0.258819045102555));
#6398=DIRECTION('',(1.,2.3106516700013E-14,5.35254444120344E-16));
#6399=DIRECTION('center_axis',(-2.37310171513617E-15,-1.,-2.52487216873912E-13));
#6400=DIRECTION('ref_axis',(-5.35254444120942E-16,-2.52487216873912E-13,
1.));
#6401=DIRECTION('',(2.83558575530719E-13,2.52487216873911E-13,-1.));
#6402=DIRECTION('center_axis',(-2.37310171513617E-15,-1.,-2.52487216873912E-13));
#6403=DIRECTION('ref_axis',(-7.8112753087666E-15,2.55140353289107E-13,-1.));
#6404=DIRECTION('',(-0.866025403784439,1.28298774808028E-13,-0.499999999999999));
#6405=DIRECTION('center_axis',(-2.37310171513617E-15,-1.,-2.52487216873912E-13));
#6406=DIRECTION('ref_axis',(-0.500000000000004,-2.32383610181077E-13,0.866025403784436));
#6407=DIRECTION('',(-0.866025403784437,-1.24188442065884E-13,0.500000000000002));
#6408=DIRECTION('center_axis',(-2.37310171513617E-15,-1.,-2.52487216873912E-13));
#6409=DIRECTION('ref_axis',(0.499999999999993,-2.09532444776731E-13,0.866025403784443));
#6410=DIRECTION('',(1.,-2.3731017151363E-15,5.35254444113837E-16));
#6411=DIRECTION('center_axis',(-2.37310171513617E-15,-1.,-2.52487216873912E-13));
#6412=DIRECTION('ref_axis',(-7.8112753087666E-15,2.55140353289107E-13,-1.));
#6413=DIRECTION('center_axis',(1.,2.31620278512423E-14,5.35254444120358E-16));
#6414=DIRECTION('ref_axis',(-5.35254444114448E-16,-2.55154571406155E-13,
1.));
#6415=DIRECTION('',(-2.31620278512424E-14,1.,2.55371405769129E-13));
#6416=DIRECTION('center_axis',(1.,2.31620278512423E-14,5.35254444120358E-16));
#6417=DIRECTION('ref_axis',(5.67177509309143E-15,-0.222343178304062,-0.974968466701179));
#6418=DIRECTION('center_axis',(1.,2.31620278512423E-14,5.35254444120358E-16));
#6419=DIRECTION('ref_axis',(1.98944575608487E-14,-0.846627183377083,-0.532186445117674));
#6420=DIRECTION('center_axis',(2.31620278512424E-14,-1.,-2.55371405769129E-13));
#6421=DIRECTION('ref_axis',(0.707106781186541,-1.58726534495062E-13,0.707106781186554));
#6422=DIRECTION('',(2.31620278512424E-14,-1.,-2.55371405769129E-13));
#6423=DIRECTION('center_axis',(2.42722508758662E-14,-1.,-4.84112749887801E-13));
#6424=DIRECTION('ref_axis',(1.,2.42722508758659E-14,5.35254444120344E-16));
#6425=DIRECTION('center_axis',(2.31065167000131E-14,-1.,-2.55154571406155E-13));
#6426=DIRECTION('ref_axis',(1.,2.3106516700013E-14,5.35254444120344E-16));
#6427=DIRECTION('',(1.,2.31065167000161E-14,-1.17236393150095E-14));
#6428=DIRECTION('',(1.49673578730623E-15,2.55154571406155E-13,-1.));
#6429=DIRECTION('center_axis',(1.,2.31620278512423E-14,5.35254444120358E-16));
#6430=DIRECTION('ref_axis',(0.,0.,1.));
#6431=DIRECTION('center_axis',(2.16403188176538E-14,-0.901127022122772,
0.433555175266247));
#6432=DIRECTION('ref_axis',(1.,2.42722508758665E-14,5.35254444120344E-16));
#6433=DIRECTION('center_axis',(-1.,-2.31620278512423E-14,-5.35254444120358E-16));
#6434=DIRECTION('ref_axis',(1.98973161434716E-14,-0.846627183377083,-0.532186445117674));
#6435=DIRECTION('center_axis',(-1.,-2.31620280142999E-14,-1.49673578731214E-15));
#6436=DIRECTION('ref_axis',(0.,0.,-1.));
#6437=DIRECTION('center_axis',(5.35254444113875E-16,2.66509037061267E-13,
-1.));
#6438=DIRECTION('ref_axis',(-1.,-2.42722508758689E-14,-5.35254444120344E-16));
#6439=DIRECTION('center_axis',(1.,2.31620280142999E-14,1.49673578731214E-15));
#6440=DIRECTION('ref_axis',(2.0396916504553E-14,-0.846627183377041,-0.532186445117741));
#6441=DIRECTION('center_axis',(-1.49673578730623E-15,-2.55154571406155E-13,
1.));
#6442=DIRECTION('ref_axis',(-0.707106781186566,0.70710678118653,1.75511125636953E-13));
#6443=DIRECTION('',(-1.49673578730623E-15,-2.55154571406155E-13,1.));
#6444=DIRECTION('center_axis',(-2.31620278512424E-14,1.,2.55371405769129E-13));
#6445=DIRECTION('ref_axis',(-0.707106781186541,-2.00971834711522E-13,0.707106781186554));
#6446=DIRECTION('',(2.31620278512424E-14,-1.,-2.55371405769129E-13));
#6447=DIRECTION('center_axis',(5.32493416443417E-44,-1.,-2.13162820728023E-13));
#6448=DIRECTION('ref_axis',(-1.97215226305253E-31,-2.13162820728023E-13,
1.));
#6449=DIRECTION('',(-2.31620278512424E-14,1.,2.55371405769129E-13));
#6450=DIRECTION('center_axis',(-2.31620280143003E-14,1.,2.56358428187065E-13));
#6451=DIRECTION('ref_axis',(0.499999999999998,2.33593925291398E-13,-0.86602540378444));
#6452=DIRECTION('',(-2.31620280143003E-14,1.,2.56358428187065E-13));
#6453=DIRECTION('',(-2.31620280143003E-14,1.,2.56358428187065E-13));
#6454=DIRECTION('center_axis',(-2.26207941267366E-15,-1.,-2.52487216873912E-13));
#6455=DIRECTION('ref_axis',(1.,-2.26207941267666E-15,1.1842378929335E-14));
#6456=DIRECTION('center_axis',(-1.,-2.31620280142999E-14,-1.49673578731214E-15));
#6457=DIRECTION('ref_axis',(-1.49673578730623E-15,-2.55154571406155E-13,
1.));
#6458=DIRECTION('',(2.31620280143003E-14,-1.,-2.54593482172662E-13));
#6459=DIRECTION('',(2.79703663473915E-15,-2.52487216873912E-13,1.));
#6460=DIRECTION('center_axis',(2.31620280143003E-14,-1.,-2.54593482172662E-13));
#6461=DIRECTION('ref_axis',(0.83947247801181,-1.18404485506099E-13,0.543402207081192));
#6462=DIRECTION('',(-2.31620280143003E-14,1.,2.54593482172662E-13));
#6463=DIRECTION('center_axis',(-2.26207941267366E-15,-1.,-2.52487216873912E-13));
#6464=DIRECTION('ref_axis',(0.409428082678605,-2.31280950903373E-13,0.912342394671058));
#6465=DIRECTION('center_axis',(-0.409428082678585,2.2279324247221E-13,-0.912342394671067));
#6466=DIRECTION('ref_axis',(0.912342394671067,1.25548501736095E-13,-0.409428082678585));
#6467=DIRECTION('',(2.31439433357729E-14,-1.,-2.54585366387077E-13));
#6468=DIRECTION('',(-0.912342394669472,-1.01311566158144E-13,0.409428082682141));
#6469=DIRECTION('center_axis',(2.37310171513624E-15,1.,2.52487216873912E-13));
#6470=DIRECTION('ref_axis',(-1.,2.37310171513624E-15,-1.10634339994593E-25));
#6471=DIRECTION('center_axis',(-2.37310171513624E-15,-1.,-2.52487216873912E-13));
#6472=DIRECTION('ref_axis',(-1.,2.37310171513624E-15,-1.10634339994593E-25));
#6473=DIRECTION('center_axis',(-2.53765262771463E-15,-1.,-2.51227610143749E-13));
#6474=DIRECTION('ref_axis',(-1.,2.53765262771463E-15,-1.10593000262079E-25));
#6475=DIRECTION('center_axis',(-2.37310171513617E-15,-1.,-2.52487216873912E-13));
#6476=DIRECTION('ref_axis',(-1.,2.53765262771463E-15,-1.10593000262079E-25));
#6477=DIRECTION('',(-2.53765262771463E-15,-1.,-2.51227610143749E-13));
#6478=DIRECTION('center_axis',(-2.31479925101199E-14,1.,2.54603567839499E-13));
#6479=DIRECTION('ref_axis',(-7.57299064921375E-16,-2.54603567839499E-13,
1.));
#6480=DIRECTION('',(2.31479925101199E-14,-1.,-2.54603567839499E-13));
#6481=DIRECTION('center_axis',(2.26207941267366E-15,1.,2.52487216873912E-13));
#6482=DIRECTION('ref_axis',(-0.409429081926484,2.31280839941174E-13,-0.912341946242107));
#6483=DIRECTION('',(2.31479925101199E-14,-1.,-2.54603567839499E-13));
#6484=DIRECTION('center_axis',(-2.37310171513617E-15,-1.,-2.52487216873912E-13));
#6485=DIRECTION('ref_axis',(-0.95337992278094,7.84552642997676E-14,-0.301772634342826));
#6486=DIRECTION('',(-2.31479925101199E-14,1.,2.54603567839499E-13));
#6487=DIRECTION('center_axis',(2.26207941267366E-15,1.,2.52487216873912E-13));
#6488=DIRECTION('ref_axis',(-0.994510025056163,2.86702613910536E-14,-0.104641340123253));
#6489=DIRECTION('center_axis',(2.26207941267367E-15,1.,2.52487216873912E-13));
#6490=DIRECTION('ref_axis',(-1.,2.26207941267367E-15,-8.38164711797325E-31));
#6491=DIRECTION('center_axis',(2.26207941267367E-15,1.,2.52487216873912E-13));
#6492=DIRECTION('ref_axis',(-0.249163021355319,2.8421709430404E-13,-0.968461557723944));
#6493=DIRECTION('',(-0.866025403784439,1.28202626673709E-13,-0.5));
#6494=DIRECTION('center_axis',(9.58029951666173E-15,-1.,-2.72998818862004E-13));
#6495=DIRECTION('ref_axis',(-0.500000000000005,-2.41214062095972E-13,0.866025403784436));
#6496=DIRECTION('',(-0.866025403784439,-1.24284590200203E-13,0.499999999999999));
#6497=DIRECTION('center_axis',(1.55014889813291E-14,-1.,-2.21719813891775E-13));
#6498=DIRECTION('ref_axis',(0.500000000000007,-1.8426424686197E-13,0.866025403784434));
#6499=DIRECTION('center_axis',(2.26207941267367E-15,1.,2.52487216873912E-13));
#6500=DIRECTION('ref_axis',(0.891032286553313,1.36084596278083E-13,-0.453939934704555));
#6501=DIRECTION('',(0.866025403784438,-1.28202626673709E-13,0.500000000000001));
#6502=DIRECTION('center_axis',(2.26207941267367E-15,1.,2.52487216873912E-13));
#6503=DIRECTION('ref_axis',(0.499999999999997,1.77635683940025E-13,-0.86602540378444));
#6504=DIRECTION('',(-5.99375062639744E-28,-2.52487216873912E-13,1.));
#6505=DIRECTION('center_axis',(-2.26207941267367E-15,-1.,-2.52487216873912E-13));
#6506=DIRECTION('ref_axis',(5.92118946466685E-15,-2.51650552248371E-13,
1.));
#6507=DIRECTION('center_axis',(2.26207941267366E-15,1.,2.52487216873912E-13));
#6508=DIRECTION('ref_axis',(-1.,2.26207941267366E-15,-8.38164711797325E-31));
#6509=DIRECTION('center_axis',(2.26207941267366E-15,1.,2.52487216873912E-13));
#6510=DIRECTION('ref_axis',(-0.965925826289064,-4.12775097633952E-15,-0.258819045102537));
#6511=DIRECTION('',(-0.866025403784439,1.28202626673709E-13,-0.5));
#6512=DIRECTION('center_axis',(-2.26207941267366E-15,-1.,-2.52487216873912E-13));
#6513=DIRECTION('ref_axis',(-0.499999999999997,-2.17529304237302E-13,0.86602540378444));
#6514=DIRECTION('',(-0.866025403784438,-1.24284590200203E-13,0.500000000000001));
#6515=DIRECTION('center_axis',(2.26207941267366E-15,1.,2.52487216873912E-13));
#6516=DIRECTION('ref_axis',(0.965925826289069,4.70522093596985E-14,-0.258819045102519));
#6517=DIRECTION('',(1.,-2.26207941267366E-15,8.38164711797325E-31));
#6518=DIRECTION('center_axis',(-2.31157685585497E-14,1.,2.55221769644246E-13));
#6519=DIRECTION('ref_axis',(0.500000000000001,-2.09470651831462E-13,0.866025403784438));
#6520=DIRECTION('',(-2.31157685585497E-14,1.,2.55221769644246E-13));
#6521=DIRECTION('',(-2.31157685585497E-14,1.,2.55221769644246E-13));
#6522=DIRECTION('center_axis',(0.499999999999999,-2.09470651831463E-13,
0.866025403784439));
#6523=DIRECTION('ref_axis',(0.866025403784439,1.47107375486662E-13,-0.499999999999999));
#6524=DIRECTION('center_axis',(-0.499999999999999,2.09470651831463E-13,
-0.866025403784439));
#6525=DIRECTION('ref_axis',(0.866025403784439,1.24235225914186E-13,-0.499999999999999));
#6526=DIRECTION('',(-2.28722472884391E-14,1.,2.55081172573395E-13));
#6527=DIRECTION('center_axis',(2.31479925101199E-14,-1.,-2.54603567839499E-13));
#6528=DIRECTION('ref_axis',(0.957545385513476,-5.10603781173038E-14,0.288282560488575));
#6529=DIRECTION('center_axis',(-1.,2.3731017151363E-15,-5.35254444120343E-16));
#6530=DIRECTION('ref_axis',(1.7472254646686E-15,0.853715497269715,0.52073971398533));
#6531=DIRECTION('',(-1.,2.3731017151363E-15,-5.35254444120343E-16));
#6532=DIRECTION('center_axis',(1.,-1.80163674991406E-15,1.64547746874565E-15));
#6533=DIRECTION('ref_axis',(2.35495382159899E-15,0.889127127746027,-0.457660300557193));
#6534=DIRECTION('center_axis',(1.95266776410651E-14,-0.790993633890598,
-0.61182437933164));
#6535=DIRECTION('ref_axis',(-3.4514170748534E-16,0.61182437933164,-0.790993633890598));
#6536=DIRECTION('center_axis',(-1.,-2.31620278512423E-14,-5.35254444120358E-16));
#6537=DIRECTION('ref_axis',(0.,0.,-1.));
#6538=DIRECTION('center_axis',(-1.,-2.31620278512423E-14,-5.35254444120358E-16));
#6539=DIRECTION('ref_axis',(5.54866532520643E-15,-0.261818500050599,0.965117129177207));
#6540=DIRECTION('center_axis',(-2.3106516700011E-14,1.,5.55111512312476E-17));
#6541=DIRECTION('ref_axis',(0.707106781186544,1.71238208775199E-14,0.707106781186551));
#6542=DIRECTION('',(-2.53765262771463E-15,-1.,-2.52496436457606E-13));
#6543=DIRECTION('',(-2.53765262771463E-15,-1.,-2.52496436457606E-13));
#6544=DIRECTION('center_axis',(1.,2.3106516700011E-14,5.35254444120344E-16));
#6545=DIRECTION('ref_axis',(5.35254444114448E-16,2.55154571406155E-13,-1.));
#6546=DIRECTION('center_axis',(-1.,-2.3106516700011E-14,-5.35254444120344E-16));
#6547=DIRECTION('ref_axis',(-2.37310171513617E-15,-1.,-2.52580784570517E-13));
#6548=DIRECTION('',(-2.53765262771463E-15,-1.,-2.52496436457606E-13));
#6549=DIRECTION('center_axis',(-2.31065167000112E-14,1.,2.55184762210092E-13));
#6550=DIRECTION('ref_axis',(0.500000000000007,2.32549745082636E-13,-0.866025403784434));
#6551=DIRECTION('',(-2.53765262771463E-15,-1.,-2.52496436457606E-13));
#6552=DIRECTION('center_axis',(0.500000000000002,2.32549745082636E-13,-0.866025403784438));
#6553=DIRECTION('ref_axis',(-0.866025403784438,1.07566455247897E-13,-0.500000000000002));
#6554=DIRECTION('center_axis',(-0.500000000000002,-2.32549745082636E-13,
0.866025403784438));
#6555=DIRECTION('ref_axis',(-0.866025403784438,1.28345558656331E-13,-0.500000000000002));
#6556=DIRECTION('',(-2.53765262771463E-15,-1.,-2.52496436457606E-13));
#6557=DIRECTION('center_axis',(-2.31065167000112E-14,1.,2.55184762210092E-13));
#6558=DIRECTION('ref_axis',(-0.5,2.09443228382625E-13,-0.866025403784439));
#6559=DIRECTION('',(-2.53765262771463E-15,-1.,-2.52496436457606E-13));
#6560=DIRECTION('center_axis',(-0.5,2.09443228382625E-13,-0.866025403784439));
#6561=DIRECTION('ref_axis',(-0.866025403784439,-1.47588116158258E-13,0.5));
#6562=DIRECTION('center_axis',(0.5,-2.09443228382625E-13,0.866025403784439));
#6563=DIRECTION('ref_axis',(0.866025403784439,1.24235225914186E-13,-0.5));
#6564=DIRECTION('',(-2.53765262771463E-15,-1.,-2.52496436457606E-13));
#6565=DIRECTION('center_axis',(-2.31065167000112E-14,1.,2.55184762210092E-13));
#6566=DIRECTION('ref_axis',(-1.,-2.3106516700011E-14,-5.35254444120344E-16));
#6567=DIRECTION('',(-2.53765262771463E-15,-1.,-2.52496436457606E-13));
#6568=DIRECTION('center_axis',(-1.,-2.31065167000115E-14,1.38770824226322E-15));
#6569=DIRECTION('ref_axis',(1.38770824226912E-15,-2.55154571406155E-13,
1.));
#6570=DIRECTION('center_axis',(1.,2.31065167000115E-14,-1.38770824226322E-15));
#6571=DIRECTION('ref_axis',(-2.37310171513617E-15,-1.,-2.52580784570517E-13));
#6572=DIRECTION('',(-2.53765262771463E-15,-1.,-2.52496436457606E-13));
#6573=DIRECTION('center_axis',(-2.31065167000115E-14,1.,5.55111512312476E-17));
#6574=DIRECTION('ref_axis',(-0.707106781186548,-1.7202325500454E-14,0.707106781186547));
#6575=DIRECTION('',(2.31065167000115E-14,-1.,-5.55111512312476E-17));
#6576=DIRECTION('center_axis',(-2.31620278512423E-14,1.,5.55111512312475E-17));
#6577=DIRECTION('ref_axis',(0.707106781186544,1.71238208775199E-14,0.707106781186551));
#6578=DIRECTION('',(-2.53765262771463E-15,-1.,-2.52496436457606E-13));
#6579=DIRECTION('',(-2.53765262771463E-15,-1.,-2.52496436457606E-13));
#6580=DIRECTION('center_axis',(1.,2.31620278512423E-14,5.35254444120358E-16));
#6581=DIRECTION('ref_axis',(5.35254444114448E-16,2.55154571406155E-13,-1.));
#6582=DIRECTION('center_axis',(-1.,-2.31620278512423E-14,-5.35254444120358E-16));
#6583=DIRECTION('ref_axis',(-2.37310171513617E-15,-1.,-2.52580784570517E-13));
#6584=DIRECTION('',(-2.53765262771463E-15,-1.,-2.52496436457606E-13));
#6585=DIRECTION('center_axis',(-2.31620278512424E-14,1.,2.55184762210092E-13));
#6586=DIRECTION('ref_axis',(0.500000000000007,2.32577500658251E-13,-0.866025403784434));
#6587=DIRECTION('',(-2.53765262771463E-15,-1.,-2.52496436457606E-13));
#6588=DIRECTION('center_axis',(0.500000000000002,2.32577500658252E-13,-0.866025403784438));
#6589=DIRECTION('ref_axis',(-0.866025403784438,1.07566455247897E-13,-0.500000000000002));
#6590=DIRECTION('center_axis',(-0.500000000000002,-2.32577500658252E-13,
0.866025403784438));
#6591=DIRECTION('ref_axis',(-0.866025403784438,1.28345558656331E-13,-0.500000000000002));
#6592=DIRECTION('',(-2.53765262771463E-15,-1.,-2.52496436457606E-13));
#6593=DIRECTION('center_axis',(-2.31620278512424E-14,1.,2.55184762210092E-13));
#6594=DIRECTION('ref_axis',(-0.5,2.0941547280701E-13,-0.866025403784439));
#6595=DIRECTION('',(-2.53765262771463E-15,-1.,-2.52496436457606E-13));
#6596=DIRECTION('center_axis',(-0.5,2.0941547280701E-13,-0.866025403784439));
#6597=DIRECTION('ref_axis',(-0.866025403784439,-1.47588116158258E-13,0.5));
#6598=DIRECTION('center_axis',(0.5,-2.0941547280701E-13,0.866025403784439));
#6599=DIRECTION('ref_axis',(0.866025403784439,1.24235225914186E-13,-0.5));
#6600=DIRECTION('center_axis',(0.774596669241524,-0.44721359549994,0.447213595499906));
#6601=DIRECTION('ref_axis',(0.500000000000019,1.89478062869351E-13,-0.866025403784428));
#6602=DIRECTION('center_axis',(-0.499999999999999,-2.32577500658252E-13,
0.866025403784439));
#6603=DIRECTION('ref_axis',(0.866025403784439,-1.07566455247897E-13,0.499999999999999));
#6604=DIRECTION('',(6.50826144144039E-14,-1.,-2.30981900273264E-13));
#6605=DIRECTION('center_axis',(0.499999999999999,2.32577500658252E-13,-0.866025403784439));
#6606=DIRECTION('ref_axis',(-0.866025403784439,1.28345558656331E-13,-0.499999999999999));
#6607=DIRECTION('',(-2.31620278512424E-14,1.,2.55184762210092E-13));
#6608=DIRECTION('center_axis',(-2.31620278512424E-14,1.,2.55184762210092E-13));
#6609=DIRECTION('ref_axis',(0.499999999999994,-2.09415472807011E-13,0.866025403784442));
#6610=DIRECTION('',(-2.31620278512424E-14,1.,2.55184762210092E-13));
#6611=DIRECTION('center_axis',(0.499999999999999,-2.0941547280701E-13,0.866025403784439));
#6612=DIRECTION('ref_axis',(0.866025403784439,1.47588116158258E-13,-0.499999999999999));
#6613=DIRECTION('',(1.8758558711919E-14,1.,2.30981900273264E-13));
#6614=DIRECTION('center_axis',(-0.499999999999999,2.0941547280701E-13,-0.866025403784439));
#6615=DIRECTION('ref_axis',(0.866025403784439,1.24235225914186E-13,-0.499999999999999));
#6616=DIRECTION('center_axis',(-7.21083884526278E-15,1.,2.64140091493558E-13));
#6617=DIRECTION('ref_axis',(-0.249163021355319,2.8421709430404E-13,-0.968461557723944));
#6618=DIRECTION('',(6.0839708326103E-44,-1.,-2.51650552248371E-13));
#6619=DIRECTION('',(7.21083884526278E-15,-1.,-2.64140091493558E-13));
#6620=DIRECTION('center_axis',(-0.499999999999999,-2.32357448813998E-13,
0.866025403784439));
#6621=DIRECTION('ref_axis',(0.866025403784439,-1.07566455247897E-13,0.499999999999999));
#6622=DIRECTION('center_axis',(0.499999999999999,2.32357448813998E-13,-0.866025403784439));
#6623=DIRECTION('ref_axis',(-0.866025403784439,1.28345558656331E-13,-0.499999999999999));
#6624=DIRECTION('center_axis',(-0.499999999999999,2.0953244477673E-13,-0.866025403784439));
#6625=DIRECTION('ref_axis',(-0.866025403784439,-1.24188442065883E-13,0.499999999999999));
#6626=DIRECTION('center_axis',(0.499999999999999,-2.0953244477673E-13,0.866025403784439));
#6627=DIRECTION('ref_axis',(0.866025403784439,1.24235225914186E-13,-0.499999999999999));
#6628=DIRECTION('',(1.89925026513587E-14,1.,2.30981900273264E-13));
#6629=DIRECTION('',(-0.866025403784439,-1.24284590200203E-13,0.5));
#6630=DIRECTION('center_axis',(1.4104458342009E-14,1.,2.3197561488582E-13));
#6631=DIRECTION('ref_axis',(-1.,1.41044583420089E-14,2.98919118510872E-27));
#6632=DIRECTION('center_axis',(1.4104458342009E-14,1.,2.3197561488582E-13));
#6633=DIRECTION('ref_axis',(-0.86602540378437,1.09395210603145E-13,-0.500000000000119));
#6634=DIRECTION('',(2.83558575530719E-13,2.31975614885816E-13,-1.));
#6635=DIRECTION('center_axis',(1.4104458342009E-14,1.,2.3197561488582E-13));
#6636=DIRECTION('ref_axis',(-0.866025403784509,-1.36744013253954E-13,0.499999999999878));
#6637=DIRECTION('',(-0.86602540378444,1.28202626673709E-13,-0.499999999999998));
#6638=DIRECTION('center_axis',(1.4104458342009E-14,1.,2.3197561488582E-13));
#6639=DIRECTION('ref_axis',(0.965925826289069,3.8473064620289E-14,-0.258819045102519));
#6640=DIRECTION('',(1.,-2.26207941267366E-15,8.38164711797325E-31));
#6641=DIRECTION('center_axis',(-1.4104458342009E-14,-1.,-2.3197561488582E-13));
#6642=DIRECTION('ref_axis',(-0.707106781186552,-1.5589382601752E-13,0.707106781186543));
#6643=DIRECTION('',(-5.72072067704962E-28,-2.52487216873912E-13,1.));
#6644=DIRECTION('center_axis',(1.4104458342009E-14,1.,2.3197561488582E-13));
#6645=DIRECTION('ref_axis',(0.500000000000008,1.93150552518994E-13,-0.866025403784434));
#6646=DIRECTION('',(0.866025403784439,1.24284590200203E-13,-0.499999999999999));
#6647=DIRECTION('center_axis',(0.499999999999999,2.32383610181077E-13,-0.866025403784439));
#6648=DIRECTION('ref_axis',(-0.866025403784439,1.28298774808028E-13,-0.499999999999999));
#6649=DIRECTION('center_axis',(0.499999999999999,2.32383610181077E-13,-0.866025403784439));
#6650=DIRECTION('ref_axis',(-0.866025403784439,-4.07099364848588E-14,-0.499999999999999));
#6651=DIRECTION('',(2.3061098485342E-14,-1.,-2.55019148368283E-13));
#6652=DIRECTION('center_axis',(-0.499999999999999,-2.32383610181077E-13,
0.866025403784439));
#6653=DIRECTION('ref_axis',(-0.866025403784439,1.28345558656331E-13,-0.499999999999999));
#6654=DIRECTION('center_axis',(-5.35254444120343E-16,-5.55111512312723E-17,
1.));
#6655=DIRECTION('ref_axis',(-2.3731017151363E-15,-1.,-5.55111512312736E-17));
#6656=DIRECTION('',(1.,-2.3731017151363E-15,5.35254444120343E-16));
#6657=DIRECTION('',(1.,-2.3731017151363E-15,5.35254444120343E-16));
#6658=DIRECTION('',(1.,-2.3731017151363E-15,5.35254444120343E-16));
#6659=DIRECTION('center_axis',(1.,2.31620278512423E-14,5.35254444120358E-16));
#6660=DIRECTION('ref_axis',(0.,0.,-1.));
#6661=DIRECTION('center_axis',(-1.97215226305253E-31,-2.57571741713106E-13,
1.));
#6662=DIRECTION('ref_axis',(-1.77635683940073E-14,1.,2.57571741713106E-13));
#6663=DIRECTION('center_axis',(-1.,-2.31620278512423E-14,-5.35254444120358E-16));
#6664=DIRECTION('ref_axis',(1.59995449125497E-14,-0.707106781186645,0.70710678118645));
#6665=DIRECTION('center_axis',(1.,2.31620278512423E-14,5.35254444120358E-16));
#6666=DIRECTION('ref_axis',(1.59973044911898E-14,-0.707106781186645,0.70710678118645));
#6667=DIRECTION('center_axis',(1.,2.31620278512423E-14,5.35254444120358E-16));
#6668=DIRECTION('ref_axis',(1.59973044911898E-14,-0.707106781186645,0.70710678118645));
#6669=DIRECTION('center_axis',(-1.,-2.31620278512423E-14,-5.35254444120358E-16));
#6670=DIRECTION('ref_axis',(5.35254444114448E-16,2.55154571406155E-13,-1.));
#6671=DIRECTION('',(-5.3525444411451E-16,-2.52487216873912E-13,1.));
#6672=DIRECTION('center_axis',(-1.,-2.31620278512423E-14,-5.35254444120358E-16));
#6673=DIRECTION('ref_axis',(1.67565090067389E-14,-0.707106781186374,-0.707106781186721));
#6674=DIRECTION('center_axis',(2.26207941267366E-15,1.,2.52487216873912E-13));
#6675=DIRECTION('ref_axis',(-1.,2.26207941267366E-15,-8.38164711797325E-31));
#6676=DIRECTION('center_axis',(2.26207941267366E-15,1.,2.52487216873912E-13));
#6677=DIRECTION('ref_axis',(0.166666666665698,-2.36847578586701E-13,0.986013297183433));
#6678=DIRECTION('center_axis',(2.26207941267366E-15,1.,2.52487216873912E-13));
#6679=DIRECTION('ref_axis',(0.866025403784435,-1.04854594407853E-13,0.500000000000006));
#6680=DIRECTION('',(-5.72072067704962E-28,-2.52487216873912E-13,1.));
#6681=DIRECTION('center_axis',(-2.59468372713439E-14,-1.,-2.52487216873912E-13));
#6682=DIRECTION('ref_axis',(1.,-2.59468372713454E-14,5.92118946466158E-15));
#6683=DIRECTION('center_axis',(2.26207941267366E-15,1.,2.52487216873912E-13));
#6684=DIRECTION('ref_axis',(0.16666666666497,2.6053233644537E-13,-0.986013297183556));
#6685=DIRECTION('',(2.83558575530719E-13,2.52487216873911E-13,-1.));
#6686=DIRECTION('center_axis',(2.59468372713431E-14,1.,2.52487216873912E-13));
#6687=DIRECTION('ref_axis',(-1.,2.59468372713431E-14,5.97926983873581E-27));
#6688=DIRECTION('center_axis',(2.59468372713431E-14,1.,2.52487216873912E-13));
#6689=DIRECTION('ref_axis',(-0.499999999999996,2.09586479212716E-13,-0.866025403784441));
#6690=DIRECTION('',(-1.,3.88432310162376E-15,-4.05560922237092E-16));
#6691=DIRECTION('center_axis',(2.59468372713431E-14,1.,2.52487216873912E-13));
#6692=DIRECTION('ref_axis',(-5.35254444109126E-16,-2.30981900273263E-13,
1.));
#6693=DIRECTION('',(0.866025403784438,-1.28202626673709E-13,0.500000000000001));
#6694=DIRECTION('center_axis',(9.58029951666164E-15,-1.,-2.72998818862003E-13));
#6695=DIRECTION('ref_axis',(0.50000000000001,2.41214062095971E-13,-0.866025403784433));
#6696=DIRECTION('',(0.866025403784439,1.24284590200203E-13,-0.499999999999999));
#6697=DIRECTION('center_axis',(2.26207941267368E-15,1.,2.52487216873912E-13));
#6698=DIRECTION('ref_axis',(-1.,2.26207941267368E-15,-8.38164711797325E-31));
#6699=DIRECTION('center_axis',(2.26207941267368E-15,1.,2.52487216873912E-13));
#6700=DIRECTION('ref_axis',(-1.97215226305253E-31,-2.368475785867E-13,1.));
#6701=DIRECTION('',(0.866025403784439,-1.28202626673709E-13,0.499999999999999));
#6702=DIRECTION('center_axis',(-1.41044583420088E-14,-1.,-2.31975614885821E-13));
#6703=DIRECTION('ref_axis',(0.500000000000005,1.93844546378631E-13,-0.866025403784436));
#6704=DIRECTION('',(0.866025403784439,1.24284590200203E-13,-0.5));
#6705=DIRECTION('center_axis',(2.26207941267368E-15,1.,2.52487216873912E-13));
#6706=DIRECTION('ref_axis',(-0.499999999999996,2.09586479212716E-13,-0.866025403784441));
#6707=DIRECTION('',(-1.,3.88432310162376E-15,-4.05560922237092E-16));
#6708=DIRECTION('center_axis',(2.28511654043474E-14,-1.,-2.55140353289107E-13));
#6709=DIRECTION('ref_axis',(-7.8112753087666E-15,2.55140353289107E-13,-1.));
#6710=DIRECTION('',(-2.28511654043474E-14,1.,2.55140353289107E-13));
#6711=DIRECTION('',(-2.28511654043474E-14,1.,2.55140353289107E-13));
#6712=DIRECTION('center_axis',(1.,2.30610984852697E-14,2.83558575530725E-13));
#6713=DIRECTION('ref_axis',(2.83558575530719E-13,2.55154571406162E-13,-1.));
#6714=DIRECTION('center_axis',(-1.,-2.30610984852697E-14,-2.83558575530725E-13));
#6715=DIRECTION('ref_axis',(-1.29955426812005E-15,-0.707106781186368,-0.707106781186727));
#6716=DIRECTION('',(2.28511654043474E-14,-1.,-2.55140353289107E-13));
#6717=DIRECTION('center_axis',(2.28511654043474E-14,-1.,-2.55140353289107E-13));
#6718=DIRECTION('ref_axis',(-7.8112753087666E-15,2.55140353289107E-13,-1.));
#6719=DIRECTION('',(-2.28511654043474E-14,1.,2.55140353289107E-13));
#6720=DIRECTION('center_axis',(0.499999999999999,2.32383610181077E-13,-0.866025403784439));
#6721=DIRECTION('ref_axis',(-0.866025403784439,1.28298774808028E-13,-0.499999999999999));
#6722=DIRECTION('center_axis',(-0.499999999999999,-2.32383610181077E-13,
0.866025403784439));
#6723=DIRECTION('ref_axis',(-0.866025403784439,1.36924554755707E-13,-0.499999999999999));
#6724=DIRECTION('',(-2.28511654043474E-14,1.,2.55140353289107E-13));
#6725=DIRECTION('center_axis',(2.28511654043474E-14,-1.,-2.55140353289107E-13));
#6726=DIRECTION('ref_axis',(-0.500000000000004,-2.32383610181077E-13,0.866025403784436));
#6727=DIRECTION('',(-2.28511654043474E-14,1.,2.55140353289107E-13));
#6728=DIRECTION('center_axis',(-0.500000000000003,2.09532444776729E-13,
-0.866025403784437));
#6729=DIRECTION('ref_axis',(-0.866025403784437,-1.24188442065884E-13,0.500000000000002));
#6730=DIRECTION('center_axis',(0.500000000000003,-2.09532444776729E-13,
0.866025403784437));
#6731=DIRECTION('ref_axis',(0.866025403784437,1.18280393327561E-13,-0.500000000000003));
#6732=DIRECTION('',(-2.28511654043474E-14,1.,2.55140353289107E-13));
#6733=DIRECTION('center_axis',(2.28511654043474E-14,-1.,-2.55140353289107E-13));
#6734=DIRECTION('ref_axis',(0.499999999999993,-2.09532444776731E-13,0.866025403784443));
#6735=DIRECTION('',(-2.28511654043474E-14,1.,2.55140353289107E-13));
#6736=DIRECTION('center_axis',(2.32629777526428E-14,-1.,-2.55371405769129E-13));
#6737=DIRECTION('ref_axis',(-0.965925826289058,3.66231865358541E-14,-0.258819045102561));
#6738=DIRECTION('',(-2.32629777526428E-14,1.,2.55371405769129E-13));
#6739=DIRECTION('',(2.32629777526428E-14,-1.,-2.55371405769129E-13));
#6740=DIRECTION('center_axis',(-0.500000000000003,-2.3278961367253E-13,
0.866025403784437));
#6741=DIRECTION('ref_axis',(-0.866025403784437,1.06604973904706E-13,-0.500000000000002));
#6742=DIRECTION('center_axis',(0.500000000000003,2.3278961367253E-13,-0.866025403784437));
#6743=DIRECTION('ref_axis',(-0.866025403784437,1.37025484121583E-13,-0.500000000000003));
#6744=DIRECTION('',(2.29058224509506E-14,-1.,-2.55577609478703E-13));
#6745=DIRECTION('center_axis',(2.29058224509506E-14,-1.,-2.55577609478703E-13));
#6746=DIRECTION('ref_axis',(-0.500000000000001,-2.32789613672531E-13,0.866025403784438));
#6747=DIRECTION('',(2.29058224509506E-14,-1.,-2.55577609478703E-13));
#6748=DIRECTION('center_axis',(0.499999999999999,-2.0988379122158E-13,0.866025403784439));
#6749=DIRECTION('ref_axis',(-0.866025403784439,-1.47588116158258E-13,0.499999999999999));
#6750=DIRECTION('center_axis',(-0.499999999999999,2.0988379122158E-13,-0.866025403784439));
#6751=DIRECTION('ref_axis',(0.866025403784439,1.18381322693435E-13,-0.499999999999999));
#6752=DIRECTION('',(-2.25486671492585E-14,1.,2.55371405769129E-13));
#6753=DIRECTION('center_axis',(2.25486671492585E-14,-1.,-2.55371405769129E-13));
#6754=DIRECTION('ref_axis',(0.965925826289059,8.35135745021889E-14,-0.258819045102555));
#6755=DIRECTION('',(2.25486671492585E-14,-1.,-2.55371405769129E-13));
#6756=DIRECTION('center_axis',(2.34337812943055E-14,-1.,-2.55371405769129E-13));
#6757=DIRECTION('ref_axis',(-0.96592582628906,3.66231865358529E-14,-0.258819045102552));
#6758=DIRECTION('',(-2.34337812943055E-14,1.,2.55371405769129E-13));
#6759=DIRECTION('',(2.34337812943055E-14,-1.,-2.55371405769129E-13));
#6760=DIRECTION('center_axis',(-0.500000000000003,-2.32875015443362E-13,
0.866025403784437));
#6761=DIRECTION('ref_axis',(-0.866025403784437,1.07566455247898E-13,-0.500000000000003));
#6762=DIRECTION('center_axis',(0.500000000000003,2.32875015443362E-13,-0.866025403784437));
#6763=DIRECTION('ref_axis',(-0.866025403784437,1.37025484121583E-13,-0.500000000000003));
#6764=DIRECTION('',(2.30766259926134E-14,-1.,-2.55577609478703E-13));
#6765=DIRECTION('center_axis',(2.30766259926134E-14,-1.,-2.55577609478703E-13));
#6766=DIRECTION('ref_axis',(-0.500000000000002,-2.32875015443362E-13,0.866025403784437));
#6767=DIRECTION('',(2.30766259926134E-14,-1.,-2.55577609478703E-13));
#6768=DIRECTION('center_axis',(0.5,-2.09798389450749E-13,0.866025403784439));
#6769=DIRECTION('ref_axis',(-0.866025403784439,-1.47588116158258E-13,0.5));
#6770=DIRECTION('center_axis',(-0.5,2.09798389450749E-13,-0.866025403784439));
#6771=DIRECTION('ref_axis',(0.866025403784438,1.18381322693435E-13,-0.5));
#6772=DIRECTION('',(-2.27194706909212E-14,1.,2.55371405769129E-13));
#6773=DIRECTION('center_axis',(2.27194706909212E-14,-1.,-2.55371405769129E-13));
#6774=DIRECTION('ref_axis',(0.965925826289059,8.35135745021889E-14,-0.258819045102555));
#6775=DIRECTION('',(2.27194706909212E-14,-1.,-2.55371405769129E-13));
#6776=DIRECTION('center_axis',(5.35254444114443E-16,2.55371405769129E-13,
-1.));
#6777=DIRECTION('ref_axis',(1.,2.31507048653093E-14,5.35254444120355E-16));
#6778=DIRECTION('',(-1.,-2.32571898247816E-14,-5.35254444120344E-16));
#6779=DIRECTION('',(-1.,-2.32571898247816E-14,-5.35254444120344E-16));
#6780=DIRECTION('',(1.,2.31176189302573E-14,5.35254444120344E-16));
#6781=DIRECTION('',(1.,2.31176189302573E-14,5.35254444120344E-16));
#6782=DIRECTION('center_axis',(1.,2.31620278512423E-14,5.35254444120358E-16));
#6783=DIRECTION('ref_axis',(0.,0.,1.));
#6784=DIRECTION('center_axis',(-1.,-2.31620278512423E-14,-5.35254444120358E-16));
#6785=DIRECTION('ref_axis',(5.67149005736662E-15,-0.222343178304062,-0.974968466701179));
#6786=DIRECTION('center_axis',(-1.,-2.31065167000161E-14,1.17236393150095E-14));
#6787=DIRECTION('ref_axis',(1.08646653640187E-14,-0.846627183376889,-0.532186445117983));
#6788=DIRECTION('',(-1.,2.3731017151363E-15,-5.35254444113837E-16));
#6789=DIRECTION('center_axis',(-0.303774433818722,-0.572362230971043,0.761657777427609));
#6790=DIRECTION('ref_axis',(-1.57558796497363E-15,-0.79943593725683,-0.600751348081961));
#6791=DIRECTION('center_axis',(-0.500000000000001,-2.33593925291397E-13,
0.866025403784438));
#6792=DIRECTION('ref_axis',(0.866025403784438,-1.07566455247897E-13,0.500000000000001));
#6793=DIRECTION('center_axis',(-0.500000000000001,-2.33593925291397E-13,
0.866025403784438));
#6794=DIRECTION('ref_axis',(-0.866025403784438,1.37631060316832E-13,-0.500000000000001));
#6795=DIRECTION('',(-2.43707487530258E-14,1.,2.55660572943187E-13));
#6796=DIRECTION('',(0.866025403784438,-1.28202626673709E-13,0.500000000000001));
#6797=DIRECTION('center_axis',(-2.43707487530258E-14,1.,2.55660572943187E-13));
#6798=DIRECTION('ref_axis',(1.38990452695809E-15,2.56450536002373E-13,-1.));
#6799=DIRECTION('',(2.43707487530258E-14,-1.,-2.55660572943187E-13));
#6800=DIRECTION('center_axis',(-1.41044583420089E-14,-1.,-2.31975614885821E-13));
#6801=DIRECTION('ref_axis',(0.500000000000014,1.9384454637863E-13,-0.866025403784431));
#6802=DIRECTION('center_axis',(0.499999999999999,-2.09223176538372E-13,
0.866025403784439));
#6803=DIRECTION('ref_axis',(-0.866025403784439,-1.47588116158258E-13,0.499999999999999));
#6804=DIRECTION('center_axis',(0.499999999999999,-2.09223176538372E-13,
0.866025403784439));
#6805=DIRECTION('ref_axis',(0.866025403784439,1.17977605229935E-13,-0.499999999999999));
#6806=DIRECTION('',(2.31620278512424E-14,-1.,-2.54962717605167E-13));
#6807=DIRECTION('',(0.866025403784438,1.24284590200203E-13,-0.500000000000001));
#6808=DIRECTION('center_axis',(-0.5,-2.32385204389614E-13,0.866025403784438));
#6809=DIRECTION('ref_axis',(-0.866025403784438,1.07566455247897E-13,-0.5));
#6810=DIRECTION('',(-2.31620278512424E-14,1.,2.54962717605167E-13));
#6811=DIRECTION('',(6.46980218771271E-14,-1.,-2.30981900273264E-13));
#6812=DIRECTION('center_axis',(-0.5,-2.32385204389614E-13,0.866025403784438));
#6813=DIRECTION('ref_axis',(-0.866025403784438,1.3687409007277E-13,-0.5));
#6814=DIRECTION('center_axis',(-2.31620278512424E-14,1.,2.54962717605167E-13));
#6815=DIRECTION('ref_axis',(5.35254444120947E-16,2.54741235836698E-13,-1.));
#6816=DIRECTION('',(2.31620278512424E-14,-1.,-2.54962717605167E-13));
#6817=DIRECTION('center_axis',(-0.5,2.09223176538371E-13,-0.866025403784439));
#6818=DIRECTION('ref_axis',(-0.866025403784439,-1.47588116158258E-13,0.5));
#6819=DIRECTION('',(1.83739661746422E-14,1.,2.30981900273264E-13));
#6820=DIRECTION('center_axis',(0.5,-2.09223176538371E-13,0.866025403784439));
#6821=DIRECTION('ref_axis',(0.866025403784439,1.17977605229935E-13,-0.5));
#6822=DIRECTION('center_axis',(0.500000000000004,2.32611803698198E-13,-0.866025403784436));
#6823=DIRECTION('ref_axis',(-0.866025403784436,1.07566455247898E-13,-0.500000000000004));
#6824=DIRECTION('',(-2.31956709732008E-14,1.,2.55204948083267E-13));
#6825=DIRECTION('',(6.51512204942959E-14,-1.,-2.30981900273264E-13));
#6826=DIRECTION('center_axis',(-0.500000000000004,-2.32611803698198E-13,
0.866025403784436));
#6827=DIRECTION('ref_axis',(-0.866025403784436,1.37025484121583E-13,-0.500000000000004));
#6828=DIRECTION('center_axis',(2.31956709732008E-14,-1.,-2.55204948083267E-13));
#6829=DIRECTION('ref_axis',(3.95385477546952E-15,2.55595885919537E-13,-1.));
#6830=DIRECTION('',(2.31956709732008E-14,-1.,-2.55204948083267E-13));
#6831=DIRECTION('center_axis',(-0.499999999999999,2.09416132724998E-13,
-0.866025403784439));
#6832=DIRECTION('ref_axis',(-0.866025403784439,-1.47588116158258E-13,0.499999999999999));
#6833=DIRECTION('',(1.87598785478948E-14,1.,2.30981900273264E-13));
#6834=DIRECTION('center_axis',(0.499999999999999,-2.09416132724998E-13,
0.866025403784439));
#6835=DIRECTION('ref_axis',(0.866025403784439,1.18179463961685E-13,-0.499999999999999));
#6836=DIRECTION('center_axis',(2.3061098485342E-14,-1.,-2.55204948083012E-13));
#6837=DIRECTION('ref_axis',(1.,2.30610984853417E-14,1.07050888824073E-15));
#6838=DIRECTION('',(-2.3061098485342E-14,1.,2.55204948083012E-13));
#6839=DIRECTION('',(-2.3061098485342E-14,1.,2.55204948083012E-13));
#6840=DIRECTION('center_axis',(-2.3061098485342E-14,1.,2.55204948083012E-13));
#6841=DIRECTION('ref_axis',(0.16666666666497,2.6053233644537E-13,-0.986013297183556));
#6842=DIRECTION('',(2.3061098485342E-14,-1.,-2.55204948083012E-13));
#6843=DIRECTION('center_axis',(1.,2.31620278512423E-14,5.35254444120358E-16));
#6844=DIRECTION('ref_axis',(0.,0.,-1.));
#6845=DIRECTION('center_axis',(-1.97215226305253E-31,-2.48689957516014E-13,
1.));
#6846=DIRECTION('ref_axis',(-8.8817841970005E-15,1.,2.48689957516014E-13));
#6847=DIRECTION('center_axis',(1.,2.31620278512423E-14,5.35254444120358E-16));
#6848=DIRECTION('ref_axis',(1.67542747352524E-14,-0.707106781186375,-0.707106781186721));
#6849=DIRECTION('center_axis',(2.31620278512424E-14,-1.,-2.54962717605167E-13));
#6850=DIRECTION('ref_axis',(-0.499999999999991,2.09223176538373E-13,-0.866025403784444));
#6851=DIRECTION('',(2.30766259926145E-14,-1.,-2.55012024391235E-13));
#6852=DIRECTION('center_axis',(9.58029951666274E-15,-1.,-2.31975614885823E-13));
#6853=DIRECTION('ref_axis',(-0.500000000000081,1.96106625791295E-13,-0.866025403784392));
#6854=DIRECTION('center_axis',(2.26207941267367E-15,1.,2.52487216873912E-13));
#6855=DIRECTION('ref_axis',(-1.,2.26207941267367E-15,-8.38164711797325E-31));
#6856=DIRECTION('center_axis',(2.26207941267367E-15,1.,2.52487216873912E-13));
#6857=DIRECTION('ref_axis',(-0.866025403784441,-1.25956439109405E-13,0.499999999999995));
#6858=DIRECTION('',(-0.866025403784439,1.28202626673709E-13,-0.5));
#6859=DIRECTION('center_axis',(2.26207941267367E-15,1.,2.52487216873912E-13));
#6860=DIRECTION('ref_axis',(0.266214796702187,-2.40252202349371E-13,0.96391373162582));
#6861=DIRECTION('',(5.72072067704962E-28,2.52487216873912E-13,-1.));
#6862=DIRECTION('center_axis',(0.,-1.,-2.48689957516049E-13));
#6863=DIRECTION('ref_axis',(-1.,0.,-1.11224506559312E-25));
#6864=DIRECTION('',(0.,-1.,-2.48689957516049E-13));
#6865=DIRECTION('center_axis',(0.,1.,2.48689957515996E-13));
#6866=DIRECTION('ref_axis',(-1.,2.43480830735309E-15,-1.10618967138298E-25));
#6867=DIRECTION('',(-0.707106781186493,-0.707106781186603,-1.75763759767024E-13));
#6868=DIRECTION('center_axis',(-2.53765262771463E-15,-1.,-2.51227610143749E-13));
#6869=DIRECTION('ref_axis',(-1.,2.53765262771315E-15,5.92118946455693E-15));
#6870=DIRECTION('',(-2.53765262771463E-15,-1.,-2.51227610143749E-13));
#6871=DIRECTION('center_axis',(-1.11230528667115E-25,-2.51227610143749E-13,
1.));
#6872=DIRECTION('ref_axis',(-1.,2.37310171513624E-15,-1.10634339994593E-25));
#6873=DIRECTION('center_axis',(0.,1.,2.48689957515996E-13));
#6874=DIRECTION('ref_axis',(-1.,2.43480830735309E-15,-1.10618967138298E-25));
#6875=DIRECTION('',(-0.707106781186493,-0.707106781186603,-1.75763759767024E-13));
#6876=DIRECTION('center_axis',(-0.5,-1.94778824836523E-13,0.866025403784439));
#6877=DIRECTION('ref_axis',(-0.866025403784439,1.28202626673709E-13,-0.5));
#6878=DIRECTION('',(2.30766259926145E-14,-1.,-2.11587917674787E-13));
#6879=DIRECTION('',(-4.50382797927109E-15,1.,2.22310927607396E-13));
#6880=DIRECTION('center_axis',(2.31479925101199E-14,-1.,-2.54603567839499E-13));
#6881=DIRECTION('ref_axis',(0.266214796702187,-2.40252202349371E-13,0.96391373162582));
#6882=DIRECTION('center_axis',(-2.37310171513617E-15,-1.,-2.52487216873912E-13));
#6883=DIRECTION('ref_axis',(0.,2.50627817637484E-13,-1.));
#6884=DIRECTION('center_axis',(-2.31479925101199E-14,1.,2.54603567839499E-13));
#6885=DIRECTION('ref_axis',(0.891032286553313,1.36084596278083E-13,-0.453939934704555));
#6886=DIRECTION('',(4.50382797927102E-15,-1.,-2.22310927607396E-13));
#6887=DIRECTION('center_axis',(0.500000000000001,1.94778824836523E-13,-0.866025403784438));
#6888=DIRECTION('ref_axis',(0.866025403784438,-1.28202626673709E-13,0.500000000000001));
#6889=DIRECTION('',(1.59660528870096E-41,1.,2.24911213903611E-13));
#6890=DIRECTION('center_axis',(1.59660528870096E-41,1.,2.24911213903611E-13));
#6891=DIRECTION('ref_axis',(0.499999999999997,1.77635683940025E-13,-0.86602540378444));
#6892=DIRECTION('',(-1.59660528870096E-41,-1.,-2.24911213903611E-13));
#6893=DIRECTION('center_axis',(1.,-1.50772225808867E-40,5.99375062639744E-28));
#6894=DIRECTION('ref_axis',(-5.99375062639744E-28,-2.52487216873912E-13,
1.));
#6895=DIRECTION('',(6.0839708326103E-44,-1.,-2.51650552248371E-13));
#6896=DIRECTION('center_axis',(6.0839708326103E-44,-1.,-2.51650552248371E-13));
#6897=DIRECTION('ref_axis',(5.92118946466685E-15,-2.51650552248371E-13,
1.));
#6898=DIRECTION('center_axis',(-1.8758558711919E-14,-1.,-2.30981900273264E-13));
#6899=DIRECTION('ref_axis',(0.965925826289069,4.70522093596985E-14,-0.258819045102519));
#6900=DIRECTION('',(-1.8758558711919E-14,-1.,-2.30981900273264E-13));
#6901=DIRECTION('center_axis',(5.23359906807565E-28,2.30981900273264E-13,
-1.));
#6902=DIRECTION('ref_axis',(1.,-2.26207941267366E-15,8.38164711797325E-31));
#6903=DIRECTION('',(-6.50826144144039E-14,1.,2.30981900273264E-13));
#6904=DIRECTION('center_axis',(6.50826144144039E-14,-1.,-2.30981900273264E-13));
#6905=DIRECTION('ref_axis',(-0.965925826289064,-4.12775097633952E-15,-0.258819045102537));
#6906=DIRECTION('center_axis',(1.,-2.3731017151363E-15,5.35254444120343E-16));
#6907=DIRECTION('ref_axis',(-2.37310171513617E-15,-1.,-2.52580784570517E-13));
#6908=DIRECTION('center_axis',(-1.89925026513587E-14,-1.,-2.30981900273264E-13));
#6909=DIRECTION('ref_axis',(0.965925826289069,3.8473064620289E-14,-0.258819045102519));
#6910=DIRECTION('',(-1.89925026513587E-14,-1.,-2.30981900273264E-13));
#6911=DIRECTION('center_axis',(5.23359906807565E-28,2.30981900273264E-13,
-1.));
#6912=DIRECTION('ref_axis',(1.,-2.26207941267366E-15,8.38164711797325E-31));
#6913=DIRECTION('',(1.0514737229054E-14,1.,2.30981900273264E-13));
#6914=DIRECTION('center_axis',(-1.0514737229054E-14,-1.,-2.30981900273264E-13));
#6915=DIRECTION('ref_axis',(-0.707106781186552,-1.5589382601752E-13,0.707106781186543));
#6916=DIRECTION('',(-1.0514737229054E-14,-1.,-2.30981900273264E-13));
#6917=DIRECTION('center_axis',(1.,-1.0514737229054E-14,-2.08279000500978E-27));
#6918=DIRECTION('ref_axis',(-5.72072067704962E-28,-2.52487216873912E-13,
1.));
#6919=DIRECTION('',(1.0514737229054E-14,1.,2.30981900273264E-13));
#6920=DIRECTION('center_axis',(-1.0514737229054E-14,-1.,-2.30981900273264E-13));
#6921=DIRECTION('ref_axis',(0.500000000000008,1.93150552518994E-13,-0.866025403784434));
#6922=DIRECTION('',(-1.0514737229054E-14,-1.,-2.30981900273264E-13));
#6923=DIRECTION('center_axis',(-0.5,2.05293562065577E-13,-0.866025403784439));
#6924=DIRECTION('ref_axis',(0.866025403784439,1.24284590200203E-13,-0.499999999999999));
#6925=DIRECTION('',(-2.30610984853406E-14,1.,2.50366918061236E-13));
#6926=DIRECTION('center_axis',(-2.30610984853406E-14,1.,2.50366918061236E-13));
#6927=DIRECTION('ref_axis',(-0.86602540378437,1.09395210603145E-13,-0.500000000000119));
#6928=DIRECTION('',(2.30610984853406E-14,-1.,-2.50366918061236E-13));
#6929=DIRECTION('center_axis',(1.,2.30610984852697E-14,2.83558575530725E-13));
#6930=DIRECTION('ref_axis',(2.83558575530719E-13,2.55154571406162E-13,-1.));
#6931=DIRECTION('',(-2.3061098485342E-14,1.,2.55019148368283E-13));
#6932=DIRECTION('center_axis',(2.3061098485342E-14,-1.,-2.55019148368283E-13));
#6933=DIRECTION('ref_axis',(-0.866025403784509,-1.36744013253954E-13,0.499999999999878));
#6934=DIRECTION('center_axis',(1.,-2.3731017151363E-15,5.35254444120343E-16));
#6935=DIRECTION('ref_axis',(-2.37310171513617E-15,-1.,-2.52580784570517E-13));
#6936=DIRECTION('center_axis',(5.3525444411451E-16,2.52487216873912E-13,
-1.));
#6937=DIRECTION('ref_axis',(-0.70710678118651,0.707106781186585,1.75850355372577E-13));
#6938=DIRECTION('center_axis',(1.,2.30610984852697E-14,2.83558575530725E-13));
#6939=DIRECTION('ref_axis',(2.83558575530719E-13,2.55154571406162E-13,-1.));
#6940=DIRECTION('',(-2.30610984853406E-14,1.,2.50366918061237E-13));
#6941=DIRECTION('center_axis',(-1.,-2.30610984852697E-14,-2.83558575530725E-13));
#6942=DIRECTION('ref_axis',(-1.29955426812005E-15,-0.707106781186368,-0.707106781186727));
#6943=DIRECTION('center_axis',(2.30610984853406E-14,-1.,-2.50366918061237E-13));
#6944=DIRECTION('ref_axis',(0.166666666665698,-2.36847578586701E-13,0.986013297183433));
#6945=DIRECTION('',(-2.30610984853419E-14,1.,2.50366918061237E-13));
#6946=DIRECTION('center_axis',(2.30610984853419E-14,-1.,-2.50366918061237E-13));
#6947=DIRECTION('ref_axis',(0.866025403784435,-1.04854594407853E-13,0.500000000000006));
#6948=DIRECTION('',(2.30610984853419E-14,-1.,-2.50366918061237E-13));
#6949=DIRECTION('center_axis',(-1.,-2.30610984853368E-14,-2.03001357520764E-14));
#6950=DIRECTION('ref_axis',(-2.03001357520705E-14,-2.55154571406156E-13,
1.));
#6951=DIRECTION('center_axis',(1.,2.30610984853368E-14,2.03001357520764E-14));
#6952=DIRECTION('ref_axis',(-1.29955426812005E-15,-0.707106781186368,-0.707106781186727));
#6953=DIRECTION('center_axis',(1.87598785478948E-14,1.,2.30981900273264E-13));
#6954=DIRECTION('ref_axis',(-0.499999999999996,2.09586479212716E-13,-0.866025403784441));
#6955=DIRECTION('',(-1.87598785478948E-14,-1.,-2.30981900273264E-13));
#6956=DIRECTION('center_axis',(-4.05560922237989E-16,-2.30981900273264E-13,
1.));
#6957=DIRECTION('ref_axis',(-1.,3.88432310162376E-15,-4.05560922237092E-16));
#6958=DIRECTION('',(-6.51512204942959E-14,1.,2.30981900273264E-13));
#6959=DIRECTION('center_axis',(-6.51512204942959E-14,1.,2.30981900273264E-13));
#6960=DIRECTION('ref_axis',(-5.35254444109126E-16,-2.30981900273263E-13,
1.));
#6961=DIRECTION('center_axis',(1.83739661746422E-14,1.,2.30981900273264E-13));
#6962=DIRECTION('ref_axis',(-0.499999999999996,2.09586479212716E-13,-0.866025403784441));
#6963=DIRECTION('',(-1.83739661746422E-14,-1.,-2.30981900273264E-13));
#6964=DIRECTION('center_axis',(-4.05560922237989E-16,-2.30981900273264E-13,
1.));
#6965=DIRECTION('ref_axis',(-1.,3.88432310162376E-15,-4.05560922237092E-16));
#6966=DIRECTION('',(-6.46980218771271E-14,1.,2.30981900273264E-13));
#6967=DIRECTION('center_axis',(-6.46980218771271E-14,1.,2.30981900273264E-13));
#6968=DIRECTION('ref_axis',(-1.97215226305253E-31,-2.368475785867E-13,1.));
#6969=DIRECTION('center_axis',(1.,-2.3731017151363E-15,5.35254444113837E-16));
#6970=DIRECTION('ref_axis',(-1.29955426812005E-15,-0.707106781186368,-0.707106781186727));
#6971=DIRECTION('center_axis',(1.,2.30766259926144E-14,5.35254444120336E-16));
#6972=DIRECTION('ref_axis',(-1.29955426812005E-15,-0.707106781186368,-0.707106781186727));
#6973=DIRECTION('center_axis',(1.,2.30766259926144E-14,5.35254444120336E-16));
#6974=DIRECTION('ref_axis',(-5.35254444114448E-16,-2.55154571406155E-13,
1.));
#6975=DIRECTION('',(-2.30766259926145E-14,1.,2.11587917674787E-13));
#6976=DIRECTION('center_axis',(2.30766259926145E-14,-1.,-2.11587917674787E-13));
#6977=DIRECTION('ref_axis',(-0.866025403784441,-1.25956439109405E-13,0.499999999999995));
#6978=CARTESIAN_POINT('',(0.,0.,0.));
#6979=CARTESIAN_POINT('Origin',(130.750001892449,481.000076118291,-101.999997787056));
#6980=CARTESIAN_POINT('',(130.750001892449,481.200076118291,-101.999997787056));
#6981=CARTESIAN_POINT('',(127.000001892449,481.200076118291,-102.000001519797));
#6982=CARTESIAN_POINT('',(124.125954315767,481.200076118291,-101.999997787056));
#6983=CARTESIAN_POINT('',(130.750001892449,481.40007611829,-101.999997787056));
#6984=CARTESIAN_POINT('',(130.750001892449,481.000076118291,-101.999997787056));
#6985=CARTESIAN_POINT('',(129.251906739086,481.40007611829,-101.99999939969));
#6986=CARTESIAN_POINT('',(127.750001892449,481.40007611829,-101.999997787056));
#6987=CARTESIAN_POINT('',(127.000001892449,481.40007611829,-102.000001519797));
#6988=CARTESIAN_POINT('',(127.750001892449,481.40007611829,-101.999997787056));
#6989=CARTESIAN_POINT('',(127.000001892449,481.00007611829,-102.000001519797));
#6990=CARTESIAN_POINT('Origin',(128.875001892449,481.40007611829,-100.499997809408));
#6991=CARTESIAN_POINT('',(127.000001892449,481.40007611829,-99.0000014750934));
#6992=CARTESIAN_POINT('',(129.250001892449,481.40007611829,-99.0000002060112));
#6993=CARTESIAN_POINT('',(130.750001892449,481.40007611829,-98.999997787056));
#6994=CARTESIAN_POINT('',(127.000001892449,481.400076118289,-96.0000014005876));
#6995=CARTESIAN_POINT('Origin',(129.250001892449,481.40007611829,-100.500001415489));
#6996=CARTESIAN_POINT('Origin',(129.250001892449,481.00007611829,-98.9999977870561));
#6997=CARTESIAN_POINT('',(129.250001892449,481.20007611829,-99.0000014154888));
#6998=CARTESIAN_POINT('',(130.750001892449,481.20007611829,-98.9999977870561));
#6999=CARTESIAN_POINT('',(124.125001892449,481.20007611829,-98.9999977870561));
#7000=CARTESIAN_POINT('',(127.000001892449,481.20007611829,-99.0000014750935));
#7001=CARTESIAN_POINT('',(123.000001892449,481.20007611829,-98.9999977870561));
#7002=CARTESIAN_POINT('',(127.000001892449,481.00007611829,-99.0000014750935));
#7003=CARTESIAN_POINT('',(130.750001892449,481.40007611829,-98.999997787056));
#7004=CARTESIAN_POINT('',(130.750001892449,481.40007611829,-98.999997787056));
#7005=CARTESIAN_POINT('',(130.750001892449,481.00007611829,-98.9999977870561));
#7006=CARTESIAN_POINT('Origin',(129.999995078232,481.40007611829,-99.749992787056));
#7007=CARTESIAN_POINT('',(130.750001892449,481.40007611829,-100.500001415489));
#7008=CARTESIAN_POINT('Origin',(129.250001892449,481.40007611829,-100.500001415489));
#7009=CARTESIAN_POINT('',(130.750001892449,481.40007611829,-101.999997787056));
#7010=CARTESIAN_POINT('Origin',(130.000954314402,481.40007611829,-101.25000081075));
#7011=CARTESIAN_POINT('',(130.750001892449,481.40007611829,-101.999997787056));
#7012=CARTESIAN_POINT('Origin',(129.250001892449,481.40007611829,-100.500001415489));
#7013=CARTESIAN_POINT('Origin',(110.625001892449,481.40007611829,-100.500001467643));
#7014=CARTESIAN_POINT('',(108.750001892449,481.40007611829,-102.000001519797));
#7015=CARTESIAN_POINT('',(110.250001892449,481.40007611829,-100.500001415489));
#7016=CARTESIAN_POINT('Origin',(108.750001892449,481.40007611829,-100.500001415489));
#7017=CARTESIAN_POINT('',(111.000001892449,481.40007611829,-102.000001519797));
#7018=CARTESIAN_POINT('',(133.000001981856,481.40007611829,-102.000001519797));
#7019=CARTESIAN_POINT('',(111.000001892449,481.40007611829,-99.0000014750934));
#7020=CARTESIAN_POINT('',(111.000001892449,481.400076118291,-102.000001415489));
#7021=CARTESIAN_POINT('',(108.750001892449,481.40007611829,-99.0000014750934));
#7022=CARTESIAN_POINT('',(108.750001892449,481.40007611829,-99.0000014750934));
#7023=CARTESIAN_POINT('Origin',(108.750001892449,481.40007611829,-100.500001415489));
#7024=CARTESIAN_POINT('Origin',(110.625001892449,481.40007611829,-100.500001467643));
#7025=CARTESIAN_POINT('',(107.250001892449,481.40007611829,-100.500001415489));
#7026=CARTESIAN_POINT('Origin',(108.750001892449,481.40007611829,-100.500001415489));
#7027=CARTESIAN_POINT('',(107.250001892449,481.40007611829,-99.0000014750934));
#7028=CARTESIAN_POINT('',(108.750001892449,481.40007611829,-99.0000014750934));
#7029=CARTESIAN_POINT('',(107.250001892449,481.40007611829,-102.000001475093));
#7030=CARTESIAN_POINT('Origin',(110.625001892449,481.40007611829,-100.500001467643));
#7031=CARTESIAN_POINT('Origin',(108.750001892449,481.40007611829,-100.500001415489));
#7032=CARTESIAN_POINT('',(107.250001892449,481.40007611829,-102.000001475093));
#7033=CARTESIAN_POINT('',(107.250001892449,481.40007611829,-102.000001475093));
#7034=CARTESIAN_POINT('',(133.000001981856,481.40007611829,-102.000001519797));
#7035=CARTESIAN_POINT('Origin',(107.250001892447,481.00007611829,-99.0000014750935));
#7036=CARTESIAN_POINT('',(107.250001892449,481.20007611829,-99.0000014750935));
#7037=CARTESIAN_POINT('',(111.000001892449,481.20007611829,-99.0000014154888));
#7038=CARTESIAN_POINT('',(113.125001892448,481.20007611829,-99.0000014750935));
#7039=CARTESIAN_POINT('',(107.250001892449,481.00007611829,-99.0000014750935));
#7040=CARTESIAN_POINT('',(111.000001892449,484.00007611829,-99.0000014154881));
#7041=CARTESIAN_POINT('Origin',(111.000001892449,481.000076118291,-102.000001519797));
#7042=CARTESIAN_POINT('',(111.000001892449,481.200076118291,-102.000001415489));
#7043=CARTESIAN_POINT('',(107.250001892449,481.20007611829,-102.000001475093));
#7044=CARTESIAN_POINT('',(115.000001892449,481.200076118291,-102.000001519797));
#7045=CARTESIAN_POINT('',(111.000001892449,484.000076118291,-102.000001415488));
#7046=CARTESIAN_POINT('',(107.250001892449,481.00007611829,-102.000001475094));
#7047=CARTESIAN_POINT('Origin',(119.000001892449,481.20007611829,-100.50000149372));
#7048=CARTESIAN_POINT('',(130.750001892449,481.200076118288,-94.0000013940684));
#7049=CARTESIAN_POINT('',(130.750001892449,481.20007611829,-98.9999977870561));
#7050=CARTESIAN_POINT('',(107.250001892449,481.200076118289,-94.0000013940684));
#7051=CARTESIAN_POINT('',(132.000001981856,481.200076118288,-94.0000013931371));
#7052=CARTESIAN_POINT('',(107.250001892449,481.20007611829,-99.0000014750935));
#7053=CARTESIAN_POINT('',(114.000001892449,481.200076118289,-96.0000014154888));
#7054=CARTESIAN_POINT('Origin',(114.000001892449,481.20007611829,-99.0000014154888));
#7055=CARTESIAN_POINT('',(127.000001892449,481.200076118289,-96.0000014005877));
#7056=CARTESIAN_POINT('',(114.000001892449,481.200076118289,-96.0000014154888));
#7057=CARTESIAN_POINT('',(127.000001892449,481.200076118289,-96.0000014005877));
#7058=CARTESIAN_POINT('Origin',(119.000001892449,481.20007611829,-100.50000149372));
#7059=CARTESIAN_POINT('',(127.000001892449,481.200076118291,-105.000001400588));
#7060=CARTESIAN_POINT('',(127.000001892449,481.200076118289,-96.0000014005877));
#7061=CARTESIAN_POINT('',(114.000001892449,481.200076118291,-105.000001415489));
#7062=CARTESIAN_POINT('',(127.000001892449,481.200076118291,-105.000001400588));
#7063=CARTESIAN_POINT('Origin',(114.000001892449,481.200076118291,-102.000001415489));
#7064=CARTESIAN_POINT('',(107.250001892449,481.200076118292,-107.000001393923));
#7065=CARTESIAN_POINT('',(107.250001892449,481.20007611829,-102.000001475093));
#7066=CARTESIAN_POINT('',(130.750001892449,481.200076118292,-107.000001393923));
#7067=CARTESIAN_POINT('',(106.000001564623,481.200076118292,-107.000001393137));
#7068=CARTESIAN_POINT('',(130.750001892449,481.200076118291,-101.999997787056));
#7069=CARTESIAN_POINT('Origin',(107.250001892449,481.000076118291,-107.000001393923));
#7070=CARTESIAN_POINT('',(107.250001892449,481.000076118289,-94.0000013940684));
#7071=CARTESIAN_POINT('',(107.250001892449,481.000076118289,-94.0000013940684));
#7072=CARTESIAN_POINT('',(107.250001892449,481.000076118292,-107.000001393923));
#7073=CARTESIAN_POINT('',(107.250001892449,481.00007611829,-102.000001475094));
#7074=CARTESIAN_POINT('',(107.250001892449,481.000076118292,-107.000001393923));
#7075=CARTESIAN_POINT('Origin',(111.000001892449,484.00007611829,-99.0000014154881));
#7076=CARTESIAN_POINT('',(111.000001892449,484.000076118291,-102.000001415488));
#7077=CARTESIAN_POINT('',(111.000001892449,484.000076118291,-102.000001415488));
#7078=CARTESIAN_POINT('',(111.000001892449,484.00007611829,-101.589726151373));
#7079=CARTESIAN_POINT('',(111.000001892449,484.000076118287,-86.5480007077348));
#7080=CARTESIAN_POINT('',(111.000001892449,483.75007611829,-100.500001415488));
#7081=CARTESIAN_POINT('Ctrl Pts',(111.000001892449,483.75007611829,-100.500001415488));
#7082=CARTESIAN_POINT('Ctrl Pts',(111.000001892449,483.75007611829,-101.016186816698));
#7083=CARTESIAN_POINT('Ctrl Pts',(111.000001892449,484.000076118291,-101.589726151375));
#7084=CARTESIAN_POINT('',(111.000001892449,484.00007611829,-99.4102766796029));
#7085=CARTESIAN_POINT('Ctrl Pts',(111.000001892449,484.000076118291,-99.4102766796012));
#7086=CARTESIAN_POINT('Ctrl Pts',(111.000001892449,483.75007611829,-99.9838160142786));
#7087=CARTESIAN_POINT('Ctrl Pts',(111.000001892449,483.75007611829,-100.500001415488));
#7088=CARTESIAN_POINT('',(111.000001892449,484.00007611829,-99.0000014154881));
#7089=CARTESIAN_POINT('',(111.000001892449,484.000076118287,-86.5480007077348));
#7090=CARTESIAN_POINT('',(111.000001892449,484.00007611829,-99.0000014154881));
#7091=CARTESIAN_POINT('Origin',(130.750001892449,481.000076118288,-94.0000013940684));
#7092=CARTESIAN_POINT('',(130.750001892449,481.000076118292,-107.000001393923));
#7093=CARTESIAN_POINT('',(130.750001892449,481.000076118292,-107.000001393923));
#7094=CARTESIAN_POINT('',(130.750001892449,481.000076118288,-94.0000013940684));
#7095=CARTESIAN_POINT('',(130.750001892449,481.00007611829,-98.9999977870561));
#7096=CARTESIAN_POINT('',(130.750001892449,481.000076118288,-94.0000013940684));
#7097=CARTESIAN_POINT('Origin',(114.000001892449,484.000076118291,-102.000001415488));
#7098=CARTESIAN_POINT('',(114.000001892449,484.000076118291,-105.000001415488));
#7099=CARTESIAN_POINT('',(114.000001892449,484.000076118291,-105.000001415488));
#7100=CARTESIAN_POINT('Origin',(114.000001892449,484.00007611829,-102.000001415488));
#7101=CARTESIAN_POINT('Origin',(114.000001892449,484.000076118291,-105.000001400587));
#7102=CARTESIAN_POINT('',(127.000001892449,484.000076118291,-105.000001400587));
#7103=CARTESIAN_POINT('',(127.000001892449,484.000076118291,-105.000001400587));
#7104=CARTESIAN_POINT('',(86.2504602457025,484.000076118291,-105.000001422939));
#7105=CARTESIAN_POINT('Origin',(127.000001892449,484.000076118291,-105.000001400587));
#7106=CARTESIAN_POINT('',(127.000001892449,484.000076118289,-96.000001400587));
#7107=CARTESIAN_POINT('',(127.000001892449,484.000076118289,-96.000001400587));
#7108=CARTESIAN_POINT('',(127.000001892449,484.00007611829,-99.4102766796029));
#7109=CARTESIAN_POINT('',(127.000001892449,484.000076118287,-89.5480007002845));
#7110=CARTESIAN_POINT('',(127.000001892449,484.00007611829,-101.589726151373));
#7111=CARTESIAN_POINT('Ctrl Pts',(127.000001892449,484.000076118293,-101.589726151379));
#7112=CARTESIAN_POINT('Ctrl Pts',(127.000001892449,483.525076118288,-100.500001415488));
#7113=CARTESIAN_POINT('Ctrl Pts',(127.000001892449,484.000076118292,-99.4102766795977));
#7114=CARTESIAN_POINT('',(127.000001892449,484.000076118287,-89.5480007002845));
#7115=CARTESIAN_POINT('Origin',(119.000001773239,481.00007611829,-100.500001393137));
#7116=CARTESIAN_POINT('',(106.000001564623,481.000076118288,-94.0000013931371));
#7117=CARTESIAN_POINT('',(132.000001981856,481.000076118288,-94.0000013931371));
#7118=CARTESIAN_POINT('',(105.000001564623,481.000076118289,-95.0000013931371));
#7119=CARTESIAN_POINT('Origin',(106.000001564623,481.000076118289,-95.0000013931371));
#7120=CARTESIAN_POINT('',(105.000001564623,481.000076118291,-106.000001393137));
#7121=CARTESIAN_POINT('',(105.000001564623,481.000076118289,-95.0000013931371));
#7122=CARTESIAN_POINT('',(106.000001564623,481.000076118292,-107.000001393137));
#7123=CARTESIAN_POINT('Origin',(106.000001564623,481.000076118291,-106.000001393137));
#7124=CARTESIAN_POINT('',(106.000001564623,481.000076118292,-107.000001393137));
#7125=CARTESIAN_POINT('Origin',(119.000001773239,481.00007611829,-100.500001393137));
#7126=CARTESIAN_POINT('',(132.000001981856,481.000076118292,-107.000001393137));
#7127=CARTESIAN_POINT('',(106.000001564623,481.000076118292,-107.000001393137));
#7128=CARTESIAN_POINT('',(133.000001981856,481.000076118291,-106.000001393137));
#7129=CARTESIAN_POINT('Origin',(132.000001981856,481.000076118291,-106.000001393137));
#7130=CARTESIAN_POINT('',(133.000001981856,481.000076118289,-95.0000013931371));
#7131=CARTESIAN_POINT('',(133.000001981856,481.000076118291,-106.000001393137));
#7132=CARTESIAN_POINT('',(132.000001981856,481.000076118288,-94.0000013931371));
#7133=CARTESIAN_POINT('Origin',(132.000001981856,481.000076118289,-95.0000013931371));
#7134=CARTESIAN_POINT('',(132.000001981856,481.000076118288,-94.0000013931371));
#7135=CARTESIAN_POINT('Origin',(108.750001892449,484.00007611829,-100.500001415488));
#7136=CARTESIAN_POINT('',(110.250001892449,483.00007611829,-100.500001415488));
#7137=CARTESIAN_POINT('Origin',(108.750001892449,483.00007611829,-100.500001415488));
#7138=CARTESIAN_POINT('',(110.250001892449,484.00007611829,-100.500001415488));
#7139=CARTESIAN_POINT('Origin',(39.5009185020988,484.000076118284,-74.095999999982));
#7140=CARTESIAN_POINT('',(139.500918502099,484.000076118289,-97.4851193381308));
#7141=CARTESIAN_POINT('',(138.000918502099,484.00007611829,-100.083195549484));
#7142=CARTESIAN_POINT('Origin',(141.000918502099,484.000076118291,-100.083195549484));
#7143=CARTESIAN_POINT('',(138.000918502099,484.000076118292,-108.096113854163));
#7144=CARTESIAN_POINT('',(138.000918502099,484.000076118286,-86.2235723709487));
#7145=CARTESIAN_POINT('',(131.688439473324,484.000076118297,-108.096113854163));
#7146=CARTESIAN_POINT('',(59.0009185020987,484.000076118292,-108.096113854163));
#7147=CARTESIAN_POINT('',(129.922109222567,484.000076118292,-107.52100095365));
#7148=CARTESIAN_POINT('Origin',(129.922109222567,484.000076118298,-110.52100095365));
#7149=CARTESIAN_POINT('',(118.079727781631,484.000076118292,-107.52100095365));
#7150=CARTESIAN_POINT('',(80.1509185020988,484.000076118292,-107.52100095365));
#7151=CARTESIAN_POINT('',(116.313397530874,484.00007611829,-108.096113854163));
#7152=CARTESIAN_POINT('Origin',(118.079727781631,484.00007611829,-110.52100095365));
#7153=CARTESIAN_POINT('',(106.688439473324,484.000076118296,-108.096113854163));
#7154=CARTESIAN_POINT('',(59.0009185020987,484.000076118292,-108.096113854163));
#7155=CARTESIAN_POINT('',(104.922109222567,484.000076118292,-107.52100095365));
#7156=CARTESIAN_POINT('Origin',(104.922109222567,484.000076118297,-110.52100095365));
#7157=CARTESIAN_POINT('',(93.079727781631,484.000076118292,-107.52100095365));
#7158=CARTESIAN_POINT('',(70.7509185020989,484.000076118292,-107.52100095365));
#7159=CARTESIAN_POINT('',(91.3133975308736,484.00007611829,-108.096113854163));
#7160=CARTESIAN_POINT('Origin',(93.079727781631,484.000076118291,-110.52100095365));
#7161=CARTESIAN_POINT('',(85.0009185020991,484.000076118292,-108.096113854163));
#7162=CARTESIAN_POINT('',(59.0009185020987,484.000076118292,-108.096113854163));
#7163=CARTESIAN_POINT('',(85.000918502099,484.00007611829,-100.083195549484));
#7164=CARTESIAN_POINT('',(85.0009185020989,484.000076118288,-91.7083999282502));
#7165=CARTESIAN_POINT('',(83.5009185020989,484.000076118289,-97.4851193381311));
#7166=CARTESIAN_POINT('Origin',(82.0009185020989,484.000076118291,-100.083195549484));
#7167=CARTESIAN_POINT('',(80.0009185020991,484.00007611829,-100.443159229682));
#7168=CARTESIAN_POINT('Origin',(83.0009185021018,484.000076118291,-100.443159229681));
#7169=CARTESIAN_POINT('',(80.000918502104,484.000076118292,-108.096113854163));
#7170=CARTESIAN_POINT('',(80.000918502094,484.000076118286,-82.3960284635277));
#7171=CARTESIAN_POINT('',(78.5009185020989,484.000076118292,-108.096113854163));
#7172=CARTESIAN_POINT('',(67.0009185020987,484.000076118292,-108.096113854163));
#7173=CARTESIAN_POINT('',(78.5009185020988,484.000076118283,-74.095999999982));
#7174=CARTESIAN_POINT('',(78.5009185020989,484.000076118281,-66.0959999999792));
#7175=CARTESIAN_POINT('',(80.5559905818975,484.000076118284,-74.0959999999817));
#7176=CARTESIAN_POINT('',(31.5009185020988,484.000076118283,-74.095999999982));
#7177=CARTESIAN_POINT('',(80.0009185020921,484.000076118284,-75.8344842435234));
#7178=CARTESIAN_POINT('Origin',(83.0009185020948,484.000076118285,-75.8344842435225));
#7179=CARTESIAN_POINT('',(80.0009185020962,484.000076118288,-90.2682409732617));
#7180=CARTESIAN_POINT('',(80.000918502094,484.000076118286,-82.3960284635277));
#7181=CARTESIAN_POINT('',(81.5009185020989,484.000076118288,-92.8663171846141));
#7182=CARTESIAN_POINT('Origin',(83.0009185020989,484.000076118289,-90.2682409732608));
#7183=CARTESIAN_POINT('',(82.0009185020988,484.000076118288,-93.1549923192089));
#7184=CARTESIAN_POINT('',(55.6870256223531,484.000076118284,-77.9626591816608));
#7185=CARTESIAN_POINT('',(85.0009185020988,484.000076118288,-91.42294151164));
#7186=CARTESIAN_POINT('Origin',(83.0009185020988,484.000076118287,-91.42294151164));
#7187=CARTESIAN_POINT('',(85.0009185020988,484.000076118285,-79.6710009536502));
#7188=CARTESIAN_POINT('',(85.0009185020988,484.000076118286,-84.4915215633799));
#7189=CARTESIAN_POINT('',(88.0009185020988,484.000076118284,-76.6710009536502));
#7190=CARTESIAN_POINT('Origin',(88.0009185020988,484.000076118284,-79.6710009536502));
#7191=CARTESIAN_POINT('',(89.9857063302868,484.000076118284,-76.6710009536502));
#7192=CARTESIAN_POINT('',(58.2509185020989,484.000076118284,-76.6710009536502));
#7193=CARTESIAN_POINT('',(91.90126731947,484.000076118282,-74.0959999999818));
#7194=CARTESIAN_POINT('Origin',(89.9857063302868,484.000076118282,-74.6710009536502));
#7195=CARTESIAN_POINT('',(106.100569684728,484.000076118288,-74.0959999999815));
#7196=CARTESIAN_POINT('',(31.5009185020988,484.000076118283,-74.095999999982));
#7197=CARTESIAN_POINT('',(108.016130673911,484.000076118284,-76.6710009536502));
#7198=CARTESIAN_POINT('Origin',(108.016130673911,484.000076118288,-74.6710009536502));
#7199=CARTESIAN_POINT('',(114.985706330287,484.000076118284,-76.6710009536502));
#7200=CARTESIAN_POINT('',(66.026473780436,484.000076118284,-76.6710009536502));
#7201=CARTESIAN_POINT('',(116.90126731947,484.000076118282,-74.0959999999817));
#7202=CARTESIAN_POINT('Origin',(114.985706330287,484.000076118282,-74.6710009536502));
#7203=CARTESIAN_POINT('',(133.440323141865,484.000076118283,-74.0959999999819));
#7204=CARTESIAN_POINT('',(31.5009185020988,484.000076118283,-74.095999999982));
#7205=CARTESIAN_POINT('',(136.440323141865,484.000076118284,-77.0959999999819));
#7206=CARTESIAN_POINT('Origin',(133.440323141865,484.000076118284,-77.0959999999819));
#7207=CARTESIAN_POINT('',(136.440323141865,484.000076118288,-92.3239516629672));
#7208=CARTESIAN_POINT('',(136.440323141865,484.000076118291,-104.52100095365));
#7209=CARTESIAN_POINT('',(139.440323141865,484.000076118288,-94.0560024705361));
#7210=CARTESIAN_POINT('Origin',(138.440323141865,484.000076118288,-92.3239516629672));
#7211=CARTESIAN_POINT('',(142.826772217358,484.000076118288,-92.1008351852032));
#7212=CARTESIAN_POINT('',(101.814811381845,484.000076118294,-115.779101813581));
#7213=CARTESIAN_POINT('',(143.647182241744,484.00007611829,-91.4042576771703));
#7214=CARTESIAN_POINT('Origin',(141.326772217358,484.00007611829,-89.5027589738496));
#7215=CARTESIAN_POINT('',(144.911628168996,484.000076118291,-95.398978282335));
#7216=CARTESIAN_POINT('Origin',(164.20050137099,484.000076118286,-87.096008300706));
#7217=CARTESIAN_POINT('',(142.60797987267,484.000076118289,-95.6912566194434));
#7218=CARTESIAN_POINT('Origin',(144.107979872669,484.000076118292,-98.2893328307965));
#7219=CARTESIAN_POINT('',(106.599824013034,484.000076118294,-116.480575098026));
#7220=CARTESIAN_POINT('',(131.750001892451,484.000076118292,-100.500001415488));
#7221=CARTESIAN_POINT('Origin',(129.250001892449,484.00007611829,-100.500001415488));
#7222=CARTESIAN_POINT('',(114.000001892449,484.000076118289,-96.0000014154881));
#7223=CARTESIAN_POINT('',(83.2504601972737,484.000076118289,-96.000001400587));
#7224=CARTESIAN_POINT('Origin',(114.000001892449,484.00007611829,-99.0000014154881));
#7225=CARTESIAN_POINT('Origin',(108.750001892449,484.00007611829,-100.500001415488));
#7226=CARTESIAN_POINT('Origin',(129.250001892449,484.00007611829,-100.500001415488));
#7227=CARTESIAN_POINT('',(105.000001564623,484.00007611829,-100.000001475093));
#7228=CARTESIAN_POINT('Origin',(99.0000014752161,484.00007611829,-100.000001475093));
#7229=CARTESIAN_POINT('Origin',(99.0392572916678,483.50007611829,-99.9607427082113));
#7230=CARTESIAN_POINT('',(99.0392572916678,483.50007611829,-100.911284791545));
#7231=CARTESIAN_POINT('',(101.890433750001,483.50007611829,-100.911284791545));
#7232=CARTESIAN_POINT('',(99.0392572916678,483.50007611829,-100.911284791545));
#7233=CARTESIAN_POINT('',(99.0392572916678,483.500076118291,-104.421485416545));
#7234=CARTESIAN_POINT('',(99.0392572916678,483.500076118291,-104.421485416545));
#7235=CARTESIAN_POINT('',(96.1880808333345,483.50007611829,-99.0102006248779));
#7236=CARTESIAN_POINT('',(96.1880808333345,483.50007611829,-99.0102006248779));
#7237=CARTESIAN_POINT('',(99.0392572916678,483.50007611829,-99.0102006248779));
#7238=CARTESIAN_POINT('',(99.0392572916678,483.50007611829,-99.0102006248779));
#7239=CARTESIAN_POINT('',(99.0392572916678,483.500076118289,-95.4999999998779));
#7240=CARTESIAN_POINT('',(99.0392572916678,483.500076118289,-95.4999999998779));
#7241=CARTESIAN_POINT('',(101.890433750001,483.50007611829,-100.911284791545));
#7242=CARTESIAN_POINT('Origin',(101.250918502099,487.000076162977,-57.2959999999756));
#7243=CARTESIAN_POINT('',(90.4807143992122,484.800076162977,-57.2959999999762));
#7244=CARTESIAN_POINT('',(90.4807143992122,489.200076162977,-57.2959999999751));
#7245=CARTESIAN_POINT('',(90.4807143992122,490.000076162976,-57.2959999999749));
#7246=CARTESIAN_POINT('',(120.200918502099,484.800076162977,-57.2959999999762));
#7247=CARTESIAN_POINT('',(101.625918502099,484.800076162977,-57.2959999999762));
#7248=CARTESIAN_POINT('',(120.200918502099,489.200076162977,-57.2959999999751));
#7249=CARTESIAN_POINT('',(120.200918502099,485.500076162977,-57.295999999976));
#7250=CARTESIAN_POINT('',(111.125918502099,489.200076162977,-57.2959999999751));
#7251=CARTESIAN_POINT('Origin',(136.750709014122,481.500076162992,-113.096113854164));
#7252=CARTESIAN_POINT('',(163.850918502099,481.500076162992,-113.096113854164));
#7253=CARTESIAN_POINT('Origin',(161.500918502099,481.500076162992,-113.096113854164));
#7254=CARTESIAN_POINT('Origin',(96.1880808333345,484.00007611829,-99.0102006248778));
#7255=CARTESIAN_POINT('',(96.1880808333345,484.00007611829,-99.0102006248778));
#7256=CARTESIAN_POINT('',(99.0392572916678,484.000076118291,-104.421485416544));
#7257=CARTESIAN_POINT('',(84.8918527977702,484.000076118284,-77.5709428779968));
#7258=CARTESIAN_POINT('',(96.1880808333345,484.00007611829,-99.0102006248778));
#7259=CARTESIAN_POINT('',(99.0392572916678,484.000076118291,-104.421485416544));
#7260=CARTESIAN_POINT('Origin',(99.0392572916678,484.00007611829,-99.0102006248778));
#7261=CARTESIAN_POINT('',(99.0392572916678,484.00007611829,-99.0102006248778));
#7262=CARTESIAN_POINT('',(69.2700878968833,484.00007611829,-99.0102006248778));
#7263=CARTESIAN_POINT('',(99.0392572916678,484.00007611829,-99.0102006248778));
#7264=CARTESIAN_POINT('Origin',(99.0392572916678,484.000076118289,-95.4999999998778));
#7265=CARTESIAN_POINT('',(99.0392572916678,484.000076118289,-95.4999999998778));
#7266=CARTESIAN_POINT('',(99.0392572916678,484.000076118286,-84.7979999999299));
#7267=CARTESIAN_POINT('',(99.0392572916678,484.000076118289,-95.4999999998778));
#7268=CARTESIAN_POINT('Origin',(101.890433750001,484.00007611829,-100.911284791544));
#7269=CARTESIAN_POINT('',(101.890433750001,484.00007611829,-100.911284791544));
#7270=CARTESIAN_POINT('',(89.5826568003007,484.000076118284,-77.5521952366063));
#7271=CARTESIAN_POINT('',(101.890433750001,484.00007611829,-100.911284791544));
#7272=CARTESIAN_POINT('Origin',(99.0392572916678,484.00007611829,-100.911284791544));
#7273=CARTESIAN_POINT('',(99.0392572916678,484.00007611829,-100.911284791544));
#7274=CARTESIAN_POINT('',(69.2700878968833,484.00007611829,-100.911284791544));
#7275=CARTESIAN_POINT('',(99.0392572916678,484.00007611829,-100.911284791544));
#7276=CARTESIAN_POINT('Origin',(99.0392572916678,484.000076118291,-104.421485416544));
#7277=CARTESIAN_POINT('',(99.0392572916678,484.000076118287,-89.2587427082632));
#7278=CARTESIAN_POINT('Origin',(86.5009185020989,487.000076162976,-58.0959999999756));
#7279=CARTESIAN_POINT('',(84.9009185020989,487.000076162976,-58.0959999999756));
#7280=CARTESIAN_POINT('Origin',(86.5009185020989,487.000076162976,-58.0959999999756));
#7281=CARTESIAN_POINT('',(84.9009185020989,487.000076162977,-61.0959999999825));
#7282=CARTESIAN_POINT('',(84.9009185020989,487.000076162976,-58.0959999999756));
#7283=CARTESIAN_POINT('Origin',(86.5009185020989,487.000076162977,-61.0959999999792));
#7284=CARTESIAN_POINT('Origin',(124.000918502099,487.000076162977,-58.0959999999756));
#7285=CARTESIAN_POINT('',(122.400918502099,487.000076162977,-58.0959999999756));
#7286=CARTESIAN_POINT('Origin',(124.000918502099,487.000076162977,-58.0959999999756));
#7287=CARTESIAN_POINT('',(122.400918502099,487.000076162979,-61.0959999999825));
#7288=CARTESIAN_POINT('',(122.400918502099,487.000076162977,-58.0959999999756));
#7289=CARTESIAN_POINT('Origin',(124.000918502099,487.000076162978,-61.0959999999792));
#7290=CARTESIAN_POINT('Origin',(101.625918502099,484.400076162977,-57.6959999999763));
#7291=CARTESIAN_POINT('',(89.5009185020989,484.000076162977,-58.0959999999764));
#7292=CARTESIAN_POINT('Origin',(90.4807143992122,483.800076162977,-58.2959999999764));
#7293=CARTESIAN_POINT('',(121.000918502099,484.000076162977,-58.0959999999764));
#7294=CARTESIAN_POINT('',(109.85070905175,484.000076162977,-58.0959999999764));
#7295=CARTESIAN_POINT('Origin',(120.200918502099,484.000076162977,-58.0959999999764));
#7296=CARTESIAN_POINT('Origin',(120.200918502099,485.500076162978,-58.095999999976));
#7297=CARTESIAN_POINT('',(121.000918502099,490.000076162977,-58.0959999999748));
#7298=CARTESIAN_POINT('Origin',(120.200918502099,490.000076162977,-58.0959999999749));
#7299=CARTESIAN_POINT('',(121.000918502099,490.500076162977,-58.0959999999747));
#7300=CARTESIAN_POINT('Origin',(111.125918502099,489.600076162977,-57.695999999975));
#7301=CARTESIAN_POINT('',(89.5009185020989,490.000076162977,-58.0959999999749));
#7302=CARTESIAN_POINT('Origin',(90.4807143992122,490.200076162977,-58.2959999999748));
#7303=CARTESIAN_POINT('',(129.60070905175,490.000076162977,-58.0959999999748));
#7304=CARTESIAN_POINT('Origin',(90.4807143992122,490.000076162977,-58.2959999999749));
#7305=CARTESIAN_POINT('',(89.5009185020989,490.000076162977,-58.0959999999749));
#7306=CARTESIAN_POINT('Origin',(161.500918502099,481.500076162993,-120.096113854164));
#7307=CARTESIAN_POINT('',(163.850918502099,481.500076162993,-120.096113854164));
#7308=CARTESIAN_POINT('Origin',(161.500918502099,481.500076162993,-120.096113854164));
#7309=CARTESIAN_POINT('',(163.850918502099,481.500076162993,-120.096113854164));
#7310=CARTESIAN_POINT('Origin',(178.69385563173,487.398745066699,-106.753085425253));
#7311=CARTESIAN_POINT('',(185.819355691501,477.400076162992,-109.95076630103));
#7312=CARTESIAN_POINT('',(159.28736496454,477.400076162988,-98.0441157316432));
#7313=CARTESIAN_POINT('',(154.25571756737,477.400076162988,-95.7860843625312));
#7314=CARTESIAN_POINT('',(185.819355691501,486.3987450667,-109.950766301028));
#7315=CARTESIAN_POINT('',(185.819355691501,492.199410614846,-109.950766301026));
#7316=CARTESIAN_POINT('',(159.28736496454,486.398745066697,-98.0441157316409));
#7317=CARTESIAN_POINT('',(152.624457693721,486.398745066696,-95.0540306880318));
#7318=CARTESIAN_POINT('',(159.28736496454,487.398745066697,-98.0441157316406));
#7319=CARTESIAN_POINT('Origin',(39.5009185020988,484.000076118284,-74.095999999982));
#7320=CARTESIAN_POINT('',(104.000001475216,484.00007611829,-100.000001475093));
#7321=CARTESIAN_POINT('Origin',(99.0000014752161,484.00007611829,-100.000001475093));
#7322=CARTESIAN_POINT('Origin',(164.20050137099,487.398745066694,-87.0960083007052));
#7323=CARTESIAN_POINT('',(161.200501460394,486.398745066691,-75.4770597164265));
#7324=CARTESIAN_POINT('Origin',(164.20050137099,486.398745066694,-87.0960083007054));
#7325=CARTESIAN_POINT('',(161.200501460394,477.400076162983,-75.4770597164287));
#7326=CARTESIAN_POINT('',(161.200501460394,487.398745066691,-75.4770597164262));
#7327=CARTESIAN_POINT('Origin',(164.200501370991,477.400076162986,-87.0960083007077));
#7328=CARTESIAN_POINT('Origin',(93.3507090091162,487.000076162977,-61.0959999999792));
#7329=CARTESIAN_POINT('',(83.5009185020989,487.000076162977,-61.0959999999825));
#7330=CARTESIAN_POINT('Origin',(86.5009185020989,487.000076162977,-61.0959999999825));
#7331=CARTESIAN_POINT('Origin',(87.5509184591911,483.400076150462,-77.5569005024923));
#7332=CARTESIAN_POINT('',(87.3409184677726,484.120076152965,-65.0959999999776));
#7333=CARTESIAN_POINT('',(88.0009185020989,484.000076118281,-65.0959999999774));
#7334=CARTESIAN_POINT('Origin',(87.550918459191,483.400076150462,-65.0959999999772));
#7335=CARTESIAN_POINT('',(88.0009185020989,484.000076118281,-66.0195296672965));
#7336=CARTESIAN_POINT('',(88.000918502099,484.000076118284,-77.5569005024921));
#7337=CARTESIAN_POINT('',(87.3409184677719,484.120076152965,-66.0195296672967));
#7338=CARTESIAN_POINT('Origin',(87.5509184591901,483.400076150462,-66.0195296672967));
#7339=CARTESIAN_POINT('',(87.3409184677726,484.120076152965,-77.5569005024923));
#7340=CARTESIAN_POINT('Origin',(113.850709009116,487.000076162978,-61.0959999999792));
#7341=CARTESIAN_POINT('',(121.000918502099,487.000076162978,-61.0959999999825));
#7342=CARTESIAN_POINT('Origin',(124.000918502099,487.000076162979,-61.0959999999825));
#7343=CARTESIAN_POINT('Ctrl Pts',(89.091827549665,484.00007611828,-63.3145529364353));
#7344=CARTESIAN_POINT('Ctrl Pts',(88.9779396913745,484.00007611828,-63.3726710942424));
#7345=CARTESIAN_POINT('Ctrl Pts',(88.7440388835543,484.00007611828,-63.5226526908875));
#7346=CARTESIAN_POINT('Ctrl Pts',(88.2345292531672,484.00007611828,-64.021399190167));
#7347=CARTESIAN_POINT('Ctrl Pts',(88.000918502099,484.00007611828,-64.6397952382009));
#7348=CARTESIAN_POINT('Ctrl Pts',(88.0009185020989,484.00007611828,-65.0959999999771));
#7349=CARTESIAN_POINT('Ctrl Pts',(89.026549822519,484.109778972553,-63.347864839078));
#7350=CARTESIAN_POINT('Ctrl Pts',(88.9198198445336,484.109599336326,-63.3882465681631));
#7351=CARTESIAN_POINT('Ctrl Pts',(88.6893640743296,484.093776396404,-63.513546401035));
#7352=CARTESIAN_POINT('Ctrl Pts',(88.1787284980933,484.052882785804,-64.0012154688707));
#7353=CARTESIAN_POINT('Ctrl Pts',(87.9479302033641,484.039817348252,-64.632998523245));
#7354=CARTESIAN_POINT('Ctrl Pts',(87.947930203364,484.039817348252,-65.0959999999771));
#7355=CARTESIAN_POINT('Ctrl Pts',(88.8639443334748,484.328481246808,-63.3506498300868));
#7356=CARTESIAN_POINT('Ctrl Pts',(88.7715112894484,484.316767534463,-63.365905776313));
#7357=CARTESIAN_POINT('Ctrl Pts',(88.5520053133084,484.259904894016,-63.4631197444796));
#7358=CARTESIAN_POINT('Ctrl Pts',(88.052361112442,484.138845832871,-63.9565477745877));
#7359=CARTESIAN_POINT('Ctrl Pts',(87.8313669735292,484.105125795002,-64.6169830229284));
#7360=CARTESIAN_POINT('Ctrl Pts',(87.8313669735292,484.105125795002,-65.0959999999771));
#7361=CARTESIAN_POINT('Ctrl Pts',(88.5426054244917,484.608805190949,-63.1329471124072));
#7362=CARTESIAN_POINT('Ctrl Pts',(88.4593283054717,484.555900385649,-63.1515699259414));
#7363=CARTESIAN_POINT('Ctrl Pts',(88.2555261809359,484.42941715185,-63.278618853772));
#7364=CARTESIAN_POINT('Ctrl Pts',(87.797253567578,484.212661503586,-63.8682754627704));
#7365=CARTESIAN_POINT('Ctrl Pts',(87.6045408919158,484.162174065544,-64.5824625142918));
#7366=CARTESIAN_POINT('Ctrl Pts',(87.6045408919158,484.162174065544,-65.0959999999771));
#7367=CARTESIAN_POINT('Ctrl Pts',(88.3607563786789,484.644954568555,-62.8297257482596));
#7368=CARTESIAN_POINT('Ctrl Pts',(88.2577924169881,484.562349026322,-62.8862022723863));
#7369=CARTESIAN_POINT('Ctrl Pts',(88.0422025036061,484.413713605086,-63.0884313802651));
#7370=CARTESIAN_POINT('Ctrl Pts',(87.6050515514669,484.191133611891,-63.7999197733993));
#7371=CARTESIAN_POINT('Ctrl Pts',(87.4362974109419,484.147895010156,-64.5541486157953));
#7372=CARTESIAN_POINT('Ctrl Pts',(87.4362974109419,484.147895010156,-65.0959999999772));
#7373=CARTESIAN_POINT('Ctrl Pts',(88.3009184544215,484.600076127219,-62.646510287607));
#7374=CARTESIAN_POINT('Ctrl Pts',(88.1756418103015,484.506118648018,-62.7264227545922));
#7375=CARTESIAN_POINT('Ctrl Pts',(87.9379174852344,484.357303173792,-62.9743758240433));
#7376=CARTESIAN_POINT('Ctrl Pts',(87.4958305928971,484.154641423987,-63.7594174861889));
#7377=CARTESIAN_POINT('Ctrl Pts',(87.3409184677717,484.120076152965,-64.5371491570136));
#7378=CARTESIAN_POINT('Ctrl Pts',(87.3409184677717,484.120076152965,-65.0959999999772));
#7379=CARTESIAN_POINT('',(89.0918275496649,484.00007611828,-63.3145529364354));
#7380=CARTESIAN_POINT('',(88.3009184544215,484.600076127219,-62.6465102876071));
#7381=CARTESIAN_POINT('Origin',(88.7509184425022,484.00007611828,-62.6465102876071));
#7382=CARTESIAN_POINT('Origin',(90.0009185020989,484.00007611828,-65.0959999999774));
#7383=CARTESIAN_POINT('Ctrl Pts',(87.3409184677717,484.120076152965,-65.0959999999772));
#7384=CARTESIAN_POINT('Ctrl Pts',(87.3409184677717,484.120076152965,-64.5371491570136));
#7385=CARTESIAN_POINT('Ctrl Pts',(87.4958305928971,484.154641423987,-63.7594174861889));
#7386=CARTESIAN_POINT('Ctrl Pts',(87.9379174852344,484.357303173792,-62.9743758240433));
#7387=CARTESIAN_POINT('Ctrl Pts',(88.1756418103015,484.506118648018,-62.7264227545922));
#7388=CARTESIAN_POINT('Ctrl Pts',(88.3009184544215,484.600076127219,-62.646510287607));
#7389=CARTESIAN_POINT('Origin',(88.0009185020989,484.000076118281,-65.0959999999774));
#7390=CARTESIAN_POINT('',(88.0009185020989,477.40007616298,-66.0195296672982));
#7391=CARTESIAN_POINT('',(88.0009185020989,477.400076162978,-65.0959999999791));
#7392=CARTESIAN_POINT('',(88.000918502099,477.400076162982,-78.0960043426952));
#7393=CARTESIAN_POINT('',(88.0009185020989,484.000076118281,-66.0195296672965));
#7394=CARTESIAN_POINT('',(88.0009185020989,484.000076118281,-65.0959999999774));
#7395=CARTESIAN_POINT('Origin',(139.200499516133,487.000076162978,-60.0959999999756));
#7396=CARTESIAN_POINT('',(141.200499516133,477.400076162978,-60.095999999978));
#7397=CARTESIAN_POINT('',(139.200499516133,477.400076162978,-58.095999999978));
#7398=CARTESIAN_POINT('Origin',(139.200499516133,477.400076162978,-60.095999999978));
#7399=CARTESIAN_POINT('',(141.200499516133,497.000076162978,-60.095999999973));
#7400=CARTESIAN_POINT('',(141.200499516133,487.000076162978,-60.0959999999756));
#7401=CARTESIAN_POINT('',(139.200499516132,497.000076162978,-58.095999999973));
#7402=CARTESIAN_POINT('Origin',(139.200499516133,497.000076162978,-60.095999999973));
#7403=CARTESIAN_POINT('',(139.200499516133,487.000076162978,-58.0959999999756));
#7404=CARTESIAN_POINT('Origin',(146.2004996014,497.000076162978,-58.095999999973));
#7405=CARTESIAN_POINT('',(79.500918502099,477.400076162976,-58.0959999999781));
#7406=CARTESIAN_POINT('',(79.5009185020986,497.000076162976,-58.0959999999731));
#7407=CARTESIAN_POINT('',(79.5009185020986,497.000076162976,-58.0959999999731));
#7408=CARTESIAN_POINT('',(140.600604768973,477.400076162978,-58.0959999999781));
#7409=CARTESIAN_POINT('',(92.5009185020986,497.000076162977,-58.0959999999731));
#7410=CARTESIAN_POINT('Origin',(90.0009185020991,477.200076162979,-65.0959999999792));
#7411=CARTESIAN_POINT('',(90.0009185020991,477.400076162979,-63.0959999999791));
#7412=CARTESIAN_POINT('',(90.0009185020991,477.000076162978,-62.6959999999791));
#7413=CARTESIAN_POINT('',(90.0009185020991,477.400076162979,-63.0959999999791));
#7414=CARTESIAN_POINT('',(87.6009185020989,477.000076162978,-65.0959999999792));
#7415=CARTESIAN_POINT('Origin',(90.0009185020991,477.000076162978,-65.0959999999792));
#7416=CARTESIAN_POINT('',(88.0009185020989,477.400076162978,-65.0959999999791));
#7417=CARTESIAN_POINT('Origin',(90.0009185020991,477.40007616298,-65.0959999999791));
#7418=CARTESIAN_POINT('Origin',(87.8009185020991,477.200076162982,-78.0960043426952));
#7419=CARTESIAN_POINT('',(87.600918502099,477.000076162979,-66.0195296672983));
#7420=CARTESIAN_POINT('',(87.600918502099,477.000076162982,-78.0960043426953));
#7421=CARTESIAN_POINT('',(88.0009185020989,477.40007616298,-66.0195296672982));
#7422=CARTESIAN_POINT('Origin',(91.0009185020991,477.200076162979,-66.0195296672983));
#7423=CARTESIAN_POINT('',(89.3009185020989,477.000076162979,-68.9640160401653));
#7424=CARTESIAN_POINT('Origin',(91.0009185020991,477.000076162979,-66.0195296672983));
#7425=CARTESIAN_POINT('',(89.5009185020989,477.400076162979,-68.6176058786515));
#7426=CARTESIAN_POINT('',(89.5009185020989,477.400076162979,-68.6176058786515));
#7427=CARTESIAN_POINT('Origin',(91.0009185020991,477.40007616298,-66.0195296672982));
#7428=CARTESIAN_POINT('Origin',(140.600604768973,477.200076162978,-58.2959999999781));
#7429=CARTESIAN_POINT('',(78.300918502099,477.000076162976,-58.4959999999782));
#7430=CARTESIAN_POINT('Origin',(79.5009185020991,475.400076162977,-60.0959999999786));
#7431=CARTESIAN_POINT('',(139.200499516133,477.000076162978,-58.4959999999781));
#7432=CARTESIAN_POINT('',(140.600604768973,477.000076162978,-58.4959999999781));
#7433=CARTESIAN_POINT('',(139.200499516133,477.000076162978,-58.4959999999781));
#7434=CARTESIAN_POINT('Origin',(139.200499516133,477.200076162978,-60.0959999999781));
#7435=CARTESIAN_POINT('',(140.800499516133,477.000076162978,-60.0959999999781));
#7436=CARTESIAN_POINT('Origin',(139.200499516133,477.000076162978,-60.0959999999781));
#7437=CARTESIAN_POINT('',(141.200499516133,477.400076162978,-60.095999999978));
#7438=CARTESIAN_POINT('Origin',(141.000499516133,477.200076162982,-74.5960043426944));
#7439=CARTESIAN_POINT('',(140.800499516133,477.000076162979,-64.6040763932947));
#7440=CARTESIAN_POINT('',(140.800499516133,477.000076162982,-74.5960043426945));
#7441=CARTESIAN_POINT('',(141.200499516133,477.400076162979,-64.6040763932946));
#7442=CARTESIAN_POINT('',(141.200499516133,477.400076162979,-64.6040763932946));
#7443=CARTESIAN_POINT('',(141.200499516133,477.400076162982,-74.5960043426944));
#7444=CARTESIAN_POINT('Origin',(144.200499516133,477.200076162979,-64.6040763932947));
#7445=CARTESIAN_POINT('',(144.200499516133,477.00007616298,-68.0040763932947));
#7446=CARTESIAN_POINT('Origin',(144.200499516133,477.000076162979,-64.6040763932947));
#7447=CARTESIAN_POINT('',(144.200499516133,477.40007616298,-67.6040763932946));
#7448=CARTESIAN_POINT('',(144.200499516133,477.40007616298,-67.6040763932946));
#7449=CARTESIAN_POINT('Origin',(144.200499516133,477.400076162979,-64.6040763932946));
#7450=CARTESIAN_POINT('Origin',(140.100604726339,477.20007616298,-67.8040763932947));
#7451=CARTESIAN_POINT('',(160.200501370985,477.000076162981,-68.0040763932947));
#7452=CARTESIAN_POINT('',(140.100604726339,477.00007616298,-68.0040763932947));
#7453=CARTESIAN_POINT('',(160.200501370984,477.40007616298,-67.6040763932946));
#7454=CARTESIAN_POINT('',(160.200501370984,477.40007616298,-67.6040763932946));
#7455=CARTESIAN_POINT('',(140.100604726339,477.40007616298,-67.6040763932946));
#7456=CARTESIAN_POINT('Origin',(160.200501370985,477.200076162982,-71.6040763933006));
#7457=CARTESIAN_POINT('',(161.100501451453,477.000076162983,-75.0897613841166));
#7458=CARTESIAN_POINT('Origin',(160.200501370985,477.000076162982,-71.6040763933007));
#7459=CARTESIAN_POINT('',(161.200501460394,477.400076162983,-75.4770597164287));
#7460=CARTESIAN_POINT('Origin',(160.200501370984,477.400076162982,-71.6040763933006));
#7461=CARTESIAN_POINT('Origin',(164.200501370991,477.200076162986,-87.0960083007078));
#7462=CARTESIAN_POINT('',(159.123593731468,477.000076162988,-98.4090526895117));
#7463=CARTESIAN_POINT('Origin',(164.200501370991,477.000076162986,-87.0960083007078));
#7464=CARTESIAN_POINT('',(159.28736496454,477.400076162988,-98.0441157316432));
#7465=CARTESIAN_POINT('Origin',(154.173831950834,477.200076162988,-95.9685528414655));
#7466=CARTESIAN_POINT('',(185.65558445843,477.000076162992,-110.315703258898));
#7467=CARTESIAN_POINT('',(154.091946334298,477.000076162988,-96.1510213203998));
#7468=CARTESIAN_POINT('',(185.819355691501,477.400076162992,-109.95076630103));
#7469=CARTESIAN_POINT('Origin',(185.000499526144,477.200076162992,-111.775451090372));
#7470=CARTESIAN_POINT('',(186.600499526144,477.000076162992,-111.775451090372));
#7471=CARTESIAN_POINT('Origin',(185.000499526144,477.000076162992,-111.775451090372));
#7472=CARTESIAN_POINT('',(187.000499526144,477.400076162992,-111.775451090372));
#7473=CARTESIAN_POINT('',(187.000499526144,477.400076162992,-111.775451090372));
#7474=CARTESIAN_POINT('Origin',(185.000499526144,477.400076162992,-111.775451090372));
#7475=CARTESIAN_POINT('Origin',(185.000499526144,477.200076162994,-118.096113854165));
#7476=CARTESIAN_POINT('',(185.000499526144,477.400076162995,-120.096113854165));
#7477=CARTESIAN_POINT('',(185.000499526144,477.000076162994,-119.696113854165));
#7478=CARTESIAN_POINT('',(185.000499526144,477.400076162995,-120.096113854165));
#7479=CARTESIAN_POINT('',(187.000499526144,477.400076162994,-118.096113854165));
#7480=CARTESIAN_POINT('Origin',(185.000499526144,477.400076162994,-118.096113854165));
#7481=CARTESIAN_POINT('',(186.600499526144,477.000076162994,-118.096113854165));
#7482=CARTESIAN_POINT('',(187.000499526144,477.400076162994,-118.096113854165));
#7483=CARTESIAN_POINT('Origin',(185.000499526144,477.000076162994,-118.096113854165));
#7484=CARTESIAN_POINT('Origin',(160.200501370985,477.100076162989,-102.587940208115));
#7485=CARTESIAN_POINT('',(162.750501370985,477.00007616299,-102.587940208115));
#7486=CARTESIAN_POINT('Origin',(160.200501370985,477.000076162989,-102.587940208115));
#7487=CARTESIAN_POINT('',(162.550501370985,477.200076162989,-102.587940208115));
#7488=CARTESIAN_POINT('',(162.650501370985,477.10007616299,-102.587940208115));
#7489=CARTESIAN_POINT('Origin',(160.200501370985,477.200076162989,-102.587940208115));
#7490=CARTESIAN_POINT('Origin',(160.200501370985,477.100076162982,-71.6040763933007));
#7491=CARTESIAN_POINT('',(157.650501370984,477.000076162981,-71.6040763933007));
#7492=CARTESIAN_POINT('Origin',(160.200501370985,477.000076162982,-71.6040763933007));
#7493=CARTESIAN_POINT('',(157.850501370984,477.200076162981,-71.6040763933006));
#7494=CARTESIAN_POINT('',(157.750501370984,477.100076162982,-71.6040763933007));
#7495=CARTESIAN_POINT('',(162.550501370984,477.200076162982,-71.6040763933006));
#7496=CARTESIAN_POINT('Origin',(160.200501370985,477.200076162982,-71.6040763933006));
#7497=CARTESIAN_POINT('Origin',(160.200501370985,477.200076162982,-71.6040763933006));
#7498=CARTESIAN_POINT('Origin',(106.000001564623,477.20007616299,-106.000001393138));
#7499=CARTESIAN_POINT('',(104.600001564623,477.000076162989,-106.000001393138));
#7500=CARTESIAN_POINT('',(105.000001564623,477.400076162989,-106.000001393138));
#7501=CARTESIAN_POINT('',(104.600001564623,477.000076162989,-106.000001393138));
#7502=CARTESIAN_POINT('',(106.000001564623,477.000076162989,-107.400001393138));
#7503=CARTESIAN_POINT('Origin',(106.000001564623,477.000076162989,-106.000001393138));
#7504=CARTESIAN_POINT('',(106.000001564623,477.400076162991,-107.000001393138));
#7505=CARTESIAN_POINT('',(106.000001564623,477.000076162989,-107.400001393138));
#7506=CARTESIAN_POINT('Origin',(106.000001564623,477.40007616299,-106.000001393138));
#7507=CARTESIAN_POINT('Origin',(120.500355750584,477.20007616299,-107.200001393138));
#7508=CARTESIAN_POINT('',(132.000001981856,477.00007616299,-107.400001393138));
#7509=CARTESIAN_POINT('',(120.500355750584,477.00007616299,-107.400001393138));
#7510=CARTESIAN_POINT('',(132.000001981856,477.40007616299,-107.000001393138));
#7511=CARTESIAN_POINT('',(132.000001981856,477.00007616299,-107.400001393138));
#7512=CARTESIAN_POINT('',(120.500355750584,477.40007616299,-107.000001393138));
#7513=CARTESIAN_POINT('Origin',(132.000001981856,477.20007616299,-106.000001393138));
#7514=CARTESIAN_POINT('',(133.400001981856,477.00007616299,-106.000001393138));
#7515=CARTESIAN_POINT('Origin',(132.000001981856,477.00007616299,-106.000001393138));
#7516=CARTESIAN_POINT('',(133.000001981856,477.40007616299,-106.000001393138));
#7517=CARTESIAN_POINT('',(133.400001981856,477.00007616299,-106.000001393138));
#7518=CARTESIAN_POINT('Origin',(132.000001981856,477.40007616299,-106.000001393138));
#7519=CARTESIAN_POINT('Origin',(133.200001981856,477.200076162988,-98.5480050392744));
#7520=CARTESIAN_POINT('',(133.400001981856,477.000076162987,-95.0000013931381));
#7521=CARTESIAN_POINT('',(133.400001981856,477.000076162988,-98.5480050392745));
#7522=CARTESIAN_POINT('',(133.000001981856,477.400076162987,-95.000001393138));
#7523=CARTESIAN_POINT('',(133.000001981856,477.400076162987,-95.000001393138));
#7524=CARTESIAN_POINT('',(133.000001981856,477.400076162988,-98.5480050392744));
#7525=CARTESIAN_POINT('Origin',(132.000001981856,477.200076162987,-95.0000013931381));
#7526=CARTESIAN_POINT('',(132.000001981856,477.000076162987,-93.6000013931381));
#7527=CARTESIAN_POINT('Origin',(132.000001981856,477.000076162987,-95.0000013931381));
#7528=CARTESIAN_POINT('',(132.000001981856,477.400076162987,-94.000001393138));
#7529=CARTESIAN_POINT('',(132.000001981856,477.400076162987,-94.000001393138));
#7530=CARTESIAN_POINT('Origin',(132.000001981856,477.400076162987,-95.000001393138));
#7531=CARTESIAN_POINT('Origin',(133.5003559592,477.200076162987,-93.8000013931381));
#7532=CARTESIAN_POINT('',(106.000001564623,477.000076162986,-93.6000013931381));
#7533=CARTESIAN_POINT('',(133.5003559592,477.000076162987,-93.6000013931381));
#7534=CARTESIAN_POINT('',(106.000001564623,477.400076162987,-94.000001393138));
#7535=CARTESIAN_POINT('',(106.000001564623,477.400076162987,-94.000001393138));
#7536=CARTESIAN_POINT('',(133.5003559592,477.400076162987,-94.000001393138));
#7537=CARTESIAN_POINT('Origin',(106.000001564623,477.200076162987,-95.0000013931381));
#7538=CARTESIAN_POINT('',(104.600001564623,477.000076162986,-95.0000013931381));
#7539=CARTESIAN_POINT('Origin',(106.000001564623,477.000076162986,-95.0000013931381));
#7540=CARTESIAN_POINT('',(105.000001564623,477.400076162986,-95.000001393138));
#7541=CARTESIAN_POINT('',(105.000001564623,477.400076162986,-95.000001393138));
#7542=CARTESIAN_POINT('Origin',(106.000001564623,477.400076162988,-95.000001393138));
#7543=CARTESIAN_POINT('Origin',(104.800001564623,477.200076162986,-93.0480050392744));
#7544=CARTESIAN_POINT('',(104.600001564623,477.000076162986,-93.0480050392745));
#7545=CARTESIAN_POINT('',(105.000001564623,477.400076162986,-93.0480050392744));
#7546=CARTESIAN_POINT('Origin',(114.750814219322,477.200076162993,-119.896113854165));
#7547=CARTESIAN_POINT('',(79.500918502099,477.400076162992,-120.096113854165));
#7548=CARTESIAN_POINT('',(78.3009185020991,477.000076162992,-119.696113854165));
#7549=CARTESIAN_POINT('Origin',(79.5009185020991,475.400076162991,-118.096113854166));
#7550=CARTESIAN_POINT('',(106.750814219322,477.400076162993,-120.096113854165));
#7551=CARTESIAN_POINT('',(106.750814219322,477.000076162993,-119.696113854165));
#7552=CARTESIAN_POINT('Origin',(94.5009185020989,486.000076162992,-120.096113854163));
#7553=CARTESIAN_POINT('',(79.5009185020988,486.000076162992,-120.096113854163));
#7554=CARTESIAN_POINT('',(79.5009185020987,491.500076162992,-120.096113854162));
#7555=CARTESIAN_POINT('',(185.000499526144,486.000076162995,-120.096113854163));
#7556=CARTESIAN_POINT('',(86.5009185020989,486.000076162992,-120.096113854163));
#7557=CARTESIAN_POINT('',(185.000499526144,491.500076162995,-120.096113854161));
#7558=CARTESIAN_POINT('Origin',(94.5009185020987,497.000076162993,-124.09611385416));
#7559=CARTESIAN_POINT('',(79.5009185020986,497.000076162993,-124.09611385416));
#7560=CARTESIAN_POINT('',(79.5009185020987,491.712668189961,-124.096113854161));
#7561=CARTESIAN_POINT('',(79.5009185020986,497.000076162993,-124.09611385416));
#7562=CARTESIAN_POINT('',(185.000499526144,497.000076162996,-124.09611385416));
#7563=CARTESIAN_POINT('',(114.750814219321,497.000076162994,-124.09611385416));
#7564=CARTESIAN_POINT('',(185.000499526144,491.712668189964,-124.096113854161));
#7565=CARTESIAN_POINT('',(185.000499526144,497.000076162996,-124.09611385416));
#7566=CARTESIAN_POINT('',(94.5009185020988,491.712668189962,-124.096113854161));
#7567=CARTESIAN_POINT('Origin',(185.000499526144,492.199410614847,-111.775451090368));
#7568=CARTESIAN_POINT('',(187.000499526144,486.398745066701,-111.77545109037));
#7569=CARTESIAN_POINT('',(187.000499526144,492.199410614847,-111.775451090368));
#7570=CARTESIAN_POINT('Origin',(185.000499526144,486.398745066701,-111.77545109037));
#7571=CARTESIAN_POINT('Origin',(185.000499526144,497.000076162995,-122.09611385416));
#7572=CARTESIAN_POINT('',(187.000499526144,488.856372176479,-122.096113854162));
#7573=CARTESIAN_POINT('Origin',(185.000499526144,488.856372176479,-122.096113854162));
#7574=CARTESIAN_POINT('',(187.000499526144,497.000076162995,-122.09611385416));
#7575=CARTESIAN_POINT('Origin',(185.000499526144,497.000076162995,-122.09611385416));
#7576=CARTESIAN_POINT('',(187.000499526144,497.000076162995,-122.09611385416));
#7577=CARTESIAN_POINT('Origin',(185.000499526144,491.500076162994,-118.096113854161));
#7578=CARTESIAN_POINT('',(187.000499526144,483.14378014951,-118.096113854164));
#7579=CARTESIAN_POINT('Origin',(185.000499526144,483.14378014951,-118.096113854164));
#7580=CARTESIAN_POINT('',(187.000499526144,491.500076162994,-118.096113854161));
#7581=CARTESIAN_POINT('Origin',(186.800499526144,477.20007616299,-100.827843334873));
#7582=CARTESIAN_POINT('',(186.600499526144,477.00007616299,-100.827843334873));
#7583=CARTESIAN_POINT('',(187.000499526144,477.40007616299,-100.827843334873));
#7584=CARTESIAN_POINT('Ctrl Pts',(185.819355691501,486.3987450667,-109.950766301028));
#7585=CARTESIAN_POINT('Ctrl Pts',(187.000499526144,486.3987450667,-110.480823282277));
#7586=CARTESIAN_POINT('Ctrl Pts',(187.000499526144,486.398745066701,-111.77545109037));
#7587=CARTESIAN_POINT('Ctrl Pts',(185.819355691501,487.3987450667,-109.950766301027));
#7588=CARTESIAN_POINT('Ctrl Pts',(187.000499526144,487.3987450667,-110.480823282277));
#7589=CARTESIAN_POINT('Ctrl Pts',(187.000499526144,487.398745066701,-111.775451090369));
#7590=CARTESIAN_POINT('Ctrl Pts',(185.409927608822,487.3987450667,-110.863108695698));
#7591=CARTESIAN_POINT('Ctrl Pts',(186.000499526144,487.3987450667,-111.128137186323));
#7592=CARTESIAN_POINT('Ctrl Pts',(186.000499526144,487.398745066701,-111.775451090369));
#7593=CARTESIAN_POINT('',(186.000499526144,487.398745066701,-111.775451090369));
#7594=CARTESIAN_POINT('Origin',(186.000499526144,486.398745066701,-111.77545109037));
#7595=CARTESIAN_POINT('',(185.409927608822,487.3987450667,-110.863108695698));
#7596=CARTESIAN_POINT('Origin',(185.000499526144,487.398745066701,-111.775451090369));
#7597=CARTESIAN_POINT('Origin',(185.409927608822,486.3987450667,-110.863108695699));
#7598=CARTESIAN_POINT('Origin',(152.215029611042,486.398745066696,-95.9663730827029));
#7599=CARTESIAN_POINT('',(158.877936881861,487.398745066697,-98.9564581263117));
#7600=CARTESIAN_POINT('',(152.215029611042,487.398745066696,-95.9663730827027));
#7601=CARTESIAN_POINT('Origin',(158.877936881861,486.398745066697,-98.9564581263119));
#7602=CARTESIAN_POINT('Origin',(164.20050137099,486.398745066694,-87.0960083007054));
#7603=CARTESIAN_POINT('',(160.950501438042,487.398745066691,-74.5088138856456));
#7604=CARTESIAN_POINT('Origin',(164.20050137099,487.398745066694,-87.0960083007052));
#7605=CARTESIAN_POINT('Origin',(160.950501438042,486.398745066691,-74.5088138856459));
#7606=CARTESIAN_POINT('Origin',(160.200501370984,486.39874506669,-71.6040763932983));
#7607=CARTESIAN_POINT('',(159.450501301278,487.398745066689,-68.6993389016467));
#7608=CARTESIAN_POINT('Origin',(160.200501370984,487.39874506669,-71.604076393298));
#7609=CARTESIAN_POINT('',(159.200501278784,486.398745066689,-67.7310930708907));
#7610=CARTESIAN_POINT('Origin',(159.450501301279,486.398745066689,-68.6993389016469));
#7611=CARTESIAN_POINT('Origin',(160.200501370984,486.39874506669,-71.6040763932983));
#7612=CARTESIAN_POINT('Origin',(160.200501370984,487.39874506669,-71.604076393298));
#7613=CARTESIAN_POINT('',(162.550501370984,487.39874506669,-71.604076393298));
#7614=CARTESIAN_POINT('Origin',(160.200501370984,487.39874506669,-71.604076393298));
#7615=CARTESIAN_POINT('',(162.550501370984,487.39874506669,-71.604076393298));
#7616=CARTESIAN_POINT('Origin',(160.200501370984,487.398745066698,-102.587940208112));
#7617=CARTESIAN_POINT('',(162.550501370984,487.398745066698,-102.587940208112));
#7618=CARTESIAN_POINT('Origin',(160.200501370984,487.398745066698,-102.587940208112));
#7619=CARTESIAN_POINT('',(162.550501370984,487.398745066698,-102.587940208112));
#7620=CARTESIAN_POINT('Origin',(186.000499526144,486.398745066698,-100.788229352201));
#7621=CARTESIAN_POINT('',(187.000499526144,486.398745066701,-113.502875986902));
#7622=CARTESIAN_POINT('',(186.000499526144,487.398745066701,-113.502875986902));
#7623=CARTESIAN_POINT('Origin',(186.000499526144,486.398745066701,-113.502875986902));
#7624=CARTESIAN_POINT('',(186.000499526144,487.398745066698,-100.788229352201));
#7625=CARTESIAN_POINT('',(187.000499526144,486.398745066698,-100.788229352201));
#7626=CARTESIAN_POINT('Origin',(158.000918502099,486.398745066699,-108.427599768716));
#7627=CARTESIAN_POINT('',(158.819774667456,486.398745066699,-106.602914979374));
#7628=CARTESIAN_POINT('',(159.229202750135,487.398745066699,-105.690572584703));
#7629=CARTESIAN_POINT('Origin',(159.229202750135,486.398745066699,-105.690572584703));
#7630=CARTESIAN_POINT('',(161.000918502099,487.398745066699,-108.427599768716));
#7631=CARTESIAN_POINT('Origin',(158.000918502099,487.398745066699,-108.427599768716));
#7632=CARTESIAN_POINT('',(160.000918502099,486.398745066699,-108.427599768716));
#7633=CARTESIAN_POINT('Origin',(161.000918502099,486.398745066699,-108.427599768716));
#7634=CARTESIAN_POINT('Origin',(158.000918502099,486.398745066699,-108.427599768716));
#7635=CARTESIAN_POINT('Origin',(140.055205788895,486.398745066696,-97.0859381196394));
#7636=CARTESIAN_POINT('',(156.011920318149,486.398745066698,-105.342845920442));
#7637=CARTESIAN_POINT('',(156.421348400828,487.398745066698,-104.43050352577));
#7638=CARTESIAN_POINT('Origin',(156.421348400828,486.398745066698,-104.430503525771));
#7639=CARTESIAN_POINT('',(140.055205788895,487.398745066696,-97.0859381196392));
#7640=CARTESIAN_POINT('',(139.645777706216,486.398745066696,-97.9982805143105));
#7641=CARTESIAN_POINT('Origin',(99.0000014752161,484.00007611829,-100.000001475093));
#7642=CARTESIAN_POINT('',(104.000001475216,483.50007611829,-100.000001475093));
#7643=CARTESIAN_POINT('',(104.000001475216,484.00007611829,-100.000001475093));
#7644=CARTESIAN_POINT('Origin',(99.0000014752161,483.50007611829,-100.000001475093));
#7645=CARTESIAN_POINT('Origin',(132.000001981856,479.000076118291,-106.000001393138));
#7646=CARTESIAN_POINT('',(133.000001981856,479.000076118291,-106.000001393138));
#7647=CARTESIAN_POINT('',(132.000001981856,479.000076118292,-107.000001393138));
#7648=CARTESIAN_POINT('Origin',(106.000001564623,479.000076118292,-107.000001393138));
#7649=CARTESIAN_POINT('',(106.000001564623,479.000076118292,-107.000001393138));
#7650=CARTESIAN_POINT('Origin',(106.000001564623,479.000076118292,-106.000001393138));
#7651=CARTESIAN_POINT('',(105.000001564623,479.000076118292,-106.000001393138));
#7652=CARTESIAN_POINT('Origin',(105.000001564623,479.000076118289,-95.0000013931376));
#7653=CARTESIAN_POINT('',(105.000001564623,479.000076118289,-95.0000013931376));
#7654=CARTESIAN_POINT('Origin',(106.000001564623,479.000076118289,-95.0000013931376));
#7655=CARTESIAN_POINT('',(106.000001564623,479.000076118288,-94.0000013931376));
#7656=CARTESIAN_POINT('Origin',(132.000001981856,479.000076118288,-94.0000013931376));
#7657=CARTESIAN_POINT('',(132.000001981856,479.000076118288,-94.0000013931376));
#7658=CARTESIAN_POINT('Origin',(132.000001981856,479.000076118289,-95.0000013931376));
#7659=CARTESIAN_POINT('',(133.000001981856,479.000076118289,-95.0000013931376));
#7660=CARTESIAN_POINT('Origin',(133.000001981856,479.000076118291,-106.000001393138));
#7661=CARTESIAN_POINT('Origin',(164.20050137099,486.398745066694,-87.0960083007054));
#7662=CARTESIAN_POINT('Origin',(164.20050137099,486.398745066694,-87.0960083007054));
#7663=CARTESIAN_POINT('Origin',(164.20050137099,487.398745066694,-87.0960083007052));
#7664=CARTESIAN_POINT('Origin',(160.200501370984,487.39874506669,-71.604076393298));
#7665=CARTESIAN_POINT('',(159.200501278784,485.111495657749,-67.731093070891));
#7666=CARTESIAN_POINT('',(159.200501278784,487.398745066689,-67.7310930708904));
#7667=CARTESIAN_POINT('',(160.200501370984,484.33055058533,-67.6040763932928));
#7668=CARTESIAN_POINT('Ctrl Pts',(160.200501370984,484.330550585331,-67.6040763932928));
#7669=CARTESIAN_POINT('Ctrl Pts',(160.198188308273,484.332379221948,-67.6040763932928));
#7670=CARTESIAN_POINT('Ctrl Pts',(160.195875269094,484.334207907758,-67.6040784030027));
#7671=CARTESIAN_POINT('Ctrl Pts',(159.861756411265,484.598337725644,-67.6046573199022));
#7672=CARTESIAN_POINT('Ctrl Pts',(159.52797446243,484.862307429709,-67.6465398501362));
#7673=CARTESIAN_POINT('Ctrl Pts',(159.200501278784,485.111495657749,-67.731093070891));
#7674=CARTESIAN_POINT('',(160.200501370984,487.398745066689,-67.604076393292));
#7675=CARTESIAN_POINT('Ctrl Pts',(160.200501370984,484.330550585331,-67.6040763932928));
#7676=CARTESIAN_POINT('Ctrl Pts',(160.197610042604,484.331464903637,-67.6040763932928));
#7677=CARTESIAN_POINT('Ctrl Pts',(160.194718743621,484.332379246544,-67.6040776493615));
#7678=CARTESIAN_POINT('Ctrl Pts',(159.777070171336,484.46444415549,-67.6044394724236));
#7679=CARTESIAN_POINT('Ctrl Pts',(159.359842735292,484.59642900752,-67.6306160538199));
#7680=CARTESIAN_POINT('Ctrl Pts',(158.950501255734,484.72102312154,-67.6834618167917));
#7681=CARTESIAN_POINT('Ctrl Pts',(160.200501370984,484.330550585331,-67.6040763932928));
#7682=CARTESIAN_POINT('Ctrl Pts',(160.197803123072,484.331769737854,-67.6040725379762));
#7683=CARTESIAN_POINT('Ctrl Pts',(160.195103931675,484.332988735397,-67.6040823298952));
#7684=CARTESIAN_POINT('Ctrl Pts',(159.805309722507,484.509076691109,-67.6045402344075));
#7685=CARTESIAN_POINT('Ctrl Pts',(159.415876609385,484.684979367722,-67.6488012461176));
#7686=CARTESIAN_POINT('Ctrl Pts',(159.03698928677,484.84143516794,-67.7345337836585));
#7687=CARTESIAN_POINT('Ctrl Pts',(160.200501370984,484.330550585331,-67.6040763932928));
#7688=CARTESIAN_POINT('Ctrl Pts',(160.197995782695,484.33207439103,-67.6040737076631));
#7689=CARTESIAN_POINT('Ctrl Pts',(160.195489529617,484.333598421006,-67.6040814138106));
#7690=CARTESIAN_POINT('Ctrl Pts',(159.833536773738,484.553702075157,-67.604656440073));
#7691=CARTESIAN_POINT('Ctrl Pts',(159.471939058297,484.773675556435,-67.6539562834238));
#7692=CARTESIAN_POINT('Ctrl Pts',(159.123407471706,484.976410866883,-67.7509986082425));
#7693=CARTESIAN_POINT('Ctrl Pts',(160.200501370984,484.330550585331,-67.6040763932928));
#7694=CARTESIAN_POINT('Ctrl Pts',(160.198188308273,484.332379221948,-67.6040763932928));
#7695=CARTESIAN_POINT('Ctrl Pts',(160.195875269094,484.334207907758,-67.6040784030027));
#7696=CARTESIAN_POINT('Ctrl Pts',(159.861756411265,484.598337725644,-67.6046573199022));
#7697=CARTESIAN_POINT('Ctrl Pts',(159.52797446243,484.862307429709,-67.6465398501362));
#7698=CARTESIAN_POINT('Ctrl Pts',(159.200501278784,485.111495657749,-67.731093070891));
#7699=CARTESIAN_POINT('',(158.950501255734,484.72102312154,-67.6834618167917));
#7700=CARTESIAN_POINT('Origin',(158.950501255734,485.111495657749,-66.7628472402906));
#7701=CARTESIAN_POINT('Ctrl Pts',(158.950501255734,484.72102312154,-67.6834618167917));
#7702=CARTESIAN_POINT('Ctrl Pts',(159.359842735292,484.59642900752,-67.6306160538199));
#7703=CARTESIAN_POINT('Ctrl Pts',(159.777070171336,484.46444415549,-67.6044394724236));
#7704=CARTESIAN_POINT('Ctrl Pts',(160.194718743621,484.332379246544,-67.6040776493615));
#7705=CARTESIAN_POINT('Ctrl Pts',(160.197610042604,484.331464903637,-67.6040763932928));
#7706=CARTESIAN_POINT('Ctrl Pts',(160.200501370984,484.330550585331,-67.6040763932928));
#7707=CARTESIAN_POINT('Origin',(153.200499516133,487.000076162979,-67.6040763932921));
#7708=CARTESIAN_POINT('',(144.200499516133,484.330550585331,-67.6040763932928));
#7709=CARTESIAN_POINT('',(31.5009185020988,484.330550585331,-67.6040763932929));
#7710=CARTESIAN_POINT('',(144.200499516133,482.00007616298,-67.6040763932934));
#7711=CARTESIAN_POINT('Ctrl Pts',(158.950501255951,484.721023121489,-67.68346181677));
#7712=CARTESIAN_POINT('Ctrl Pts',(158.669787168276,484.806466021165,-67.7197018531372));
#7713=CARTESIAN_POINT('Ctrl Pts',(157.777185448137,485.010059714637,-67.8446260678128));
#7714=CARTESIAN_POINT('Ctrl Pts',(156.243779317025,485.2364661488,-68.1162164052167));
#7715=CARTESIAN_POINT('Ctrl Pts',(154.419544901627,485.364753979688,-68.5401011060483));
#7716=CARTESIAN_POINT('Ctrl Pts',(153.250895017819,485.310920972557,-68.8844723405105));
#7717=CARTESIAN_POINT('Ctrl Pts',(152.708648826436,485.219677713077,-69.06173669385));
#7718=CARTESIAN_POINT('Ctrl Pts',(158.975212121906,484.755426563317,-67.6980538073009));
#7719=CARTESIAN_POINT('Ctrl Pts',(158.696151468834,484.847382502047,-67.7408250981256));
#7720=CARTESIAN_POINT('Ctrl Pts',(157.809064520339,485.063360270603,-67.8877269039532));
#7721=CARTESIAN_POINT('Ctrl Pts',(156.28731041012,485.287923677368,-68.2021586780779));
#7722=CARTESIAN_POINT('Ctrl Pts',(154.484415888547,485.377940862683,-68.6740824309009));
#7723=CARTESIAN_POINT('Ctrl Pts',(153.340858936883,485.269969465918,-69.029892958639));
#7724=CARTESIAN_POINT('Ctrl Pts',(152.819453124038,485.150715877697,-69.1957134415404));
#7725=CARTESIAN_POINT('Ctrl Pts',(159.0246330042,484.826588494351,-67.7216820178186));
#7726=CARTESIAN_POINT('Ctrl Pts',(158.748878658959,484.932933672776,-67.7757341719138));
#7727=CARTESIAN_POINT('Ctrl Pts',(157.872783414998,485.179420555231,-67.9609974927314));
#7728=CARTESIAN_POINT('Ctrl Pts',(156.374264442812,485.418818809813,-68.3546404758991));
#7729=CARTESIAN_POINT('Ctrl Pts',(154.613904414966,485.468270313114,-68.931796098828));
#7730=CARTESIAN_POINT('Ctrl Pts',(153.520237577932,485.278726921261,-69.3420249253057));
#7731=CARTESIAN_POINT('Ctrl Pts',(153.040277513186,485.109177086427,-69.512079683389));
#7732=CARTESIAN_POINT('Ctrl Pts',(159.109562037912,484.957116129302,-67.7428665575311));
#7733=CARTESIAN_POINT('Ctrl Pts',(158.838931318429,485.092147991012,-67.8098226644257));
#7734=CARTESIAN_POINT('Ctrl Pts',(157.979673178558,485.407322079777,-68.039983044322));
#7735=CARTESIAN_POINT('Ctrl Pts',(156.513692372329,485.724204434845,-68.5336915986069));
#7736=CARTESIAN_POINT('Ctrl Pts',(154.803246794504,485.816847755528,-69.27475553754));
#7737=CARTESIAN_POINT('Ctrl Pts',(153.757220904435,485.601358208769,-69.8267607129632));
#7738=CARTESIAN_POINT('Ctrl Pts',(153.310001762118,485.392809865387,-70.0706130305393));
#7739=CARTESIAN_POINT('Ctrl Pts',(159.167461075493,485.053602175858,-67.7396240155294));
#7740=CARTESIAN_POINT('Ctrl Pts',(158.899323622488,485.21104130353,-67.8093500729163));
#7741=CARTESIAN_POINT('Ctrl Pts',(158.047208866288,485.583832939701,-68.0491007081667));
#7742=CARTESIAN_POINT('Ctrl Pts',(156.589462352025,485.985768320861,-68.5683737552577));
#7743=CARTESIAN_POINT('Ctrl Pts',(154.873874651178,486.180617710625,-69.3692258417596));
#7744=CARTESIAN_POINT('Ctrl Pts',(153.799939647943,486.031800238084,-70.0024668049673));
#7745=CARTESIAN_POINT('Ctrl Pts',(153.31954585286,485.838756853092,-70.3147528100591));
#7746=CARTESIAN_POINT('Ctrl Pts',(159.200501278459,485.111495657647,-67.7310930709875));
#7747=CARTESIAN_POINT('Ctrl Pts',(158.933154529203,485.282381457,-67.8001217114518));
#7748=CARTESIAN_POINT('Ctrl Pts',(158.083057655776,485.689568843944,-68.0380725957378));
#7749=CARTESIAN_POINT('Ctrl Pts',(156.622670869214,486.14238171227,-68.5553875223642));
#7750=CARTESIAN_POINT('Ctrl Pts',(154.885304765229,486.398957374046,-69.3627869497696));
#7751=CARTESIAN_POINT('Ctrl Pts',(153.772304879679,486.291291359783,-70.0187321560347));
#7752=CARTESIAN_POINT('Ctrl Pts',(153.255879937264,486.108804840823,-70.3563785421982));
#7753=CARTESIAN_POINT('',(153.255879937264,486.108804840823,-70.3563785421982));
#7754=CARTESIAN_POINT('Ctrl Pts',(159.200501278459,485.111495657647,-67.7310930709875));
#7755=CARTESIAN_POINT('Ctrl Pts',(158.933154529203,485.282381457,-67.8001217114518));
#7756=CARTESIAN_POINT('Ctrl Pts',(158.083057655776,485.689568843944,-68.0380725957378));
#7757=CARTESIAN_POINT('Ctrl Pts',(156.622670869214,486.14238171227,-68.5553875223642));
#7758=CARTESIAN_POINT('Ctrl Pts',(154.885304765229,486.398957374046,-69.3627869497696));
#7759=CARTESIAN_POINT('Ctrl Pts',(153.772304879679,486.291291359783,-70.0187321560347));
#7760=CARTESIAN_POINT('Ctrl Pts',(153.255879937264,486.108804840823,-70.3563785421982));
#7761=CARTESIAN_POINT('',(152.708648826436,485.219677713077,-69.06173669385));
#7762=CARTESIAN_POINT('Origin',(152.708648826436,486.108804840823,-69.5193969944072));
#7763=CARTESIAN_POINT('Ctrl Pts',(152.708648826436,485.219677713077,-69.06173669385));
#7764=CARTESIAN_POINT('Ctrl Pts',(153.250895017819,485.310920972557,-68.8844723405105));
#7765=CARTESIAN_POINT('Ctrl Pts',(154.419544901627,485.364753979688,-68.5401011060483));
#7766=CARTESIAN_POINT('Ctrl Pts',(156.243779317025,485.2364661488,-68.1162164052167));
#7767=CARTESIAN_POINT('Ctrl Pts',(157.777185448137,485.010059714637,-67.8446260678128));
#7768=CARTESIAN_POINT('Ctrl Pts',(158.669787168276,484.806466021165,-67.7197018531372));
#7769=CARTESIAN_POINT('Ctrl Pts',(158.950501255951,484.721023121489,-67.68346181677));
#7770=CARTESIAN_POINT('Origin',(144.200499516133,482.000076162979,-64.6040763932934));
#7771=CARTESIAN_POINT('',(141.200499516133,487.658183566303,-64.604076393292));
#7772=CARTESIAN_POINT('Ctrl Pts',(141.200499516133,487.658183566303,-64.604076393292));
#7773=CARTESIAN_POINT('Ctrl Pts',(141.200499516133,487.101972451394,-64.9267435162398));
#7774=CARTESIAN_POINT('Ctrl Pts',(141.300370922222,486.060644222115,-65.6499913946793));
#7775=CARTESIAN_POINT('Ctrl Pts',(141.890717900632,485.084908955873,-66.6239757638954));
#7776=CARTESIAN_POINT('Ctrl Pts',(142.886723863036,484.472898932003,-67.3841377396527));
#7777=CARTESIAN_POINT('Ctrl Pts',(143.673114315661,484.330550585331,-67.6040763932929));
#7778=CARTESIAN_POINT('Ctrl Pts',(144.200499516133,484.330550585331,-67.6040763932929));
#7779=CARTESIAN_POINT('',(141.200499516133,482.000076162979,-64.6040763932935));
#7780=CARTESIAN_POINT('Origin',(141.200499516133,477.000076162978,-58.0959999999781));
#7781=CARTESIAN_POINT('',(141.200499516133,495.000076118283,-62.0959999999792));
#7782=CARTESIAN_POINT('Origin',(141.200499516133,495.000076118283,-74.0959999999792));
#7783=CARTESIAN_POINT('',(141.200499516133,497.000076162979,-62.0959999999792));
#7784=CARTESIAN_POINT('',(141.200499516133,488.500076259839,-62.0959999999792));
#7785=CARTESIAN_POINT('',(141.200499516133,497.000076162977,-57.000000881902));
#7786=CARTESIAN_POINT('Origin',(133.000918502099,477.200076162983,-65.0959999999792));
#7787=CARTESIAN_POINT('',(135.000918502099,477.400076162986,-65.0959999999791));
#7788=CARTESIAN_POINT('',(135.400918502098,477.000076162979,-65.0959999999791));
#7789=CARTESIAN_POINT('',(135.000918502099,477.400076162986,-65.0959999999791));
#7790=CARTESIAN_POINT('',(133.000918502099,477.000076162979,-62.6959999999809));
#7791=CARTESIAN_POINT('Origin',(133.000918502099,477.000076162979,-65.0959999999793));
#7792=CARTESIAN_POINT('',(133.000918502099,477.400076162979,-63.0959999999791));
#7793=CARTESIAN_POINT('',(133.000918502099,477.400076162979,-63.0959999999791));
#7794=CARTESIAN_POINT('Origin',(133.000918502099,477.400076162986,-65.0959999999792));
#7795=CARTESIAN_POINT('Origin',(135.200918502099,477.200076162982,-77.0960043426975));
#7796=CARTESIAN_POINT('',(135.000918502099,477.40007616298,-66.0195296672982));
#7797=CARTESIAN_POINT('',(135.400918502099,477.00007616298,-66.0195296672983));
#7798=CARTESIAN_POINT('',(135.000918502099,477.40007616298,-66.0195296672982));
#7799=CARTESIAN_POINT('',(135.400918502099,477.000076162982,-77.0960043426975));
#7800=CARTESIAN_POINT('',(135.000918502099,477.400076162982,-77.0960043426974));
#7801=CARTESIAN_POINT('Origin',(132.000918502099,477.20007616298,-66.0195296672982));
#7802=CARTESIAN_POINT('',(133.500918502099,477.40007616298,-68.6176058786515));
#7803=CARTESIAN_POINT('',(133.700918502099,477.00007616298,-68.9640160401653));
#7804=CARTESIAN_POINT('',(133.500918502099,477.40007616298,-68.6176058786515));
#7805=CARTESIAN_POINT('Origin',(132.000918502099,477.00007616298,-66.0195296672983));
#7806=CARTESIAN_POINT('Origin',(132.000918502099,477.40007616298,-66.0195296672982));
#7807=CARTESIAN_POINT('Origin',(129.296623323228,477.200076162981,-71.2758969396013));
#7808=CARTESIAN_POINT('',(125.500918502099,477.400076162981,-73.2364080321685));
#7809=CARTESIAN_POINT('',(125.700918502099,477.000076162981,-73.5828181936823));
#7810=CARTESIAN_POINT('',(125.500918502099,477.400076162981,-73.2364080321685));
#7811=CARTESIAN_POINT('',(129.396623323228,477.000076162981,-71.4491020203581));
#7812=CARTESIAN_POINT('',(129.196623323228,477.400076162981,-71.1026918588444));
#7813=CARTESIAN_POINT('Origin',(124.000918502099,477.200076162981,-70.6383318208152));
#7814=CARTESIAN_POINT('',(122.300918502099,477.000076162981,-73.5828181936824));
#7815=CARTESIAN_POINT('',(122.500918502099,477.400076162981,-73.2364080321685));
#7816=CARTESIAN_POINT('',(122.300918502099,477.000076162981,-73.5828181936824));
#7817=CARTESIAN_POINT('Origin',(124.000918502099,477.000076162981,-70.6383318208153));
#7818=CARTESIAN_POINT('Origin',(124.000918502099,477.400076162981,-70.6383318208152));
#7819=CARTESIAN_POINT('Origin',(130.955057256804,477.200076162983,-78.34834742564));
#7820=CARTESIAN_POINT('',(114.500918502099,477.40007616298,-68.6176058786515));
#7821=CARTESIAN_POINT('',(114.300918502099,477.00007616298,-68.9640160401653));
#7822=CARTESIAN_POINT('',(114.500918502099,477.40007616298,-68.6176058786515));
#7823=CARTESIAN_POINT('',(130.855057256804,477.000076162983,-78.5215525063969));
#7824=CARTESIAN_POINT('',(131.055057256804,477.400076162983,-78.175142344883));
#7825=CARTESIAN_POINT('Origin',(116.000918502099,477.200076162979,-66.0195296672982));
#7826=CARTESIAN_POINT('',(113.000918502099,477.40007616298,-66.0195296672982));
#7827=CARTESIAN_POINT('',(112.600918502099,477.000076162979,-66.0195296672983));
#7828=CARTESIAN_POINT('',(113.000918502099,477.40007616298,-66.0195296672982));
#7829=CARTESIAN_POINT('Origin',(116.000918502099,477.000076162979,-66.0195296672983));
#7830=CARTESIAN_POINT('Origin',(116.000918502099,477.40007616298,-66.0195296672982));
#7831=CARTESIAN_POINT('Origin',(112.800918502099,477.200076162982,-78.5577691763545));
#7832=CARTESIAN_POINT('',(113.000918502099,477.400076162979,-65.0959999999791));
#7833=CARTESIAN_POINT('',(112.600918502099,477.000076162979,-65.0959999999792));
#7834=CARTESIAN_POINT('',(113.000918502099,477.400076162979,-65.0959999999791));
#7835=CARTESIAN_POINT('',(112.600918502099,477.000076162982,-78.5577691763545));
#7836=CARTESIAN_POINT('',(113.000918502099,477.400076162982,-78.5577691763544));
#7837=CARTESIAN_POINT('Origin',(115.000918502099,477.200076162983,-65.0959999999792));
#7838=CARTESIAN_POINT('',(115.000918502099,477.400076162986,-63.0959999999792));
#7839=CARTESIAN_POINT('',(115.000918502099,477.000076162978,-62.6959999999803));
#7840=CARTESIAN_POINT('',(115.000918502099,477.400076162986,-63.0959999999792));
#7841=CARTESIAN_POINT('Origin',(115.000918502099,477.000076162979,-65.0959999999793));
#7842=CARTESIAN_POINT('Origin',(115.000918502099,477.400076162986,-65.0959999999792));
#7843=CARTESIAN_POINT('Origin',(108.000918502099,477.200076162982,-65.0959999999792));
#7844=CARTESIAN_POINT('',(110.000918502099,477.400076162986,-65.0959999999791));
#7845=CARTESIAN_POINT('',(110.400918502098,477.000076162979,-65.0959999999792));
#7846=CARTESIAN_POINT('',(110.000918502099,477.400076162986,-65.0959999999791));
#7847=CARTESIAN_POINT('',(108.000918502099,477.000076162978,-62.6959999999809));
#7848=CARTESIAN_POINT('Origin',(108.000918502099,477.000076162979,-65.0959999999793));
#7849=CARTESIAN_POINT('',(108.000918502099,477.400076162978,-63.0959999999842));
#7850=CARTESIAN_POINT('',(108.000918502099,477.400076162978,-63.0959999999842));
#7851=CARTESIAN_POINT('Origin',(108.000918502099,477.400076162986,-65.0959999999792));
#7852=CARTESIAN_POINT('Origin',(110.200918502099,477.200076162982,-77.0960043426975));
#7853=CARTESIAN_POINT('',(110.000918502099,477.400076162979,-66.0195296672982));
#7854=CARTESIAN_POINT('',(110.400918502099,477.000076162979,-66.0195296672983));
#7855=CARTESIAN_POINT('',(110.000918502099,477.400076162979,-66.0195296672982));
#7856=CARTESIAN_POINT('',(110.400918502099,477.000076162982,-77.0960043426975));
#7857=CARTESIAN_POINT('',(110.000918502099,477.400076162982,-77.0960043426974));
#7858=CARTESIAN_POINT('Origin',(107.000918502099,477.200076162979,-66.0195296672982));
#7859=CARTESIAN_POINT('',(108.700918502099,477.00007616298,-68.9640160401653));
#7860=CARTESIAN_POINT('',(108.500918502099,477.40007616298,-68.6176058786515));
#7861=CARTESIAN_POINT('',(108.700918502099,477.00007616298,-68.9640160401653));
#7862=CARTESIAN_POINT('Origin',(107.000918502099,477.000076162979,-66.0195296672983));
#7863=CARTESIAN_POINT('Origin',(107.000918502099,477.40007616298,-66.0195296672982));
#7864=CARTESIAN_POINT('Origin',(113.671623323228,477.200076162979,-65.8632381659485));
#7865=CARTESIAN_POINT('',(100.500918502099,477.400076162981,-73.2364080321685));
#7866=CARTESIAN_POINT('',(100.700918502099,477.000076162981,-73.5828181936824));
#7867=CARTESIAN_POINT('',(100.500918502099,477.400076162981,-73.2364080321685));
#7868=CARTESIAN_POINT('',(113.771623323228,477.000076162979,-66.0364432467054));
#7869=CARTESIAN_POINT('',(113.571623323228,477.400076162979,-65.6900330851916));
#7870=CARTESIAN_POINT('Origin',(99.000918502099,477.200076162981,-70.6383318208152));
#7871=CARTESIAN_POINT('',(97.5009185020989,477.400076162982,-73.2364080321685));
#7872=CARTESIAN_POINT('',(97.3009185020989,477.000076162981,-73.5828181936823));
#7873=CARTESIAN_POINT('',(97.5009185020989,477.400076162982,-73.2364080321685));
#7874=CARTESIAN_POINT('Origin',(99.0009185020991,477.00007616298,-70.6383318208153));
#7875=CARTESIAN_POINT('Origin',(99.000918502099,477.400076162981,-70.6383318208152));
#7876=CARTESIAN_POINT('Origin',(115.330057256804,477.200076162984,-83.7610061992927));
#7877=CARTESIAN_POINT('',(115.230057256804,477.000076162984,-83.9342112800497));
#7878=CARTESIAN_POINT('',(115.430057256804,477.400076162984,-83.5878011185358));
#7879=CARTESIAN_POINT('Origin',(91.0009185020991,477.000076162979,-66.0195296672983));
#7880=CARTESIAN_POINT('',(89.5009185020989,484.322040502273,-68.6176058786497));
#7881=CARTESIAN_POINT('',(89.5009185020989,484.000076118282,-68.6176058786498));
#7882=CARTESIAN_POINT('',(89.2009184544233,484.000076118281,-68.4195296315398));
#7883=CARTESIAN_POINT('Ctrl Pts',(89.2009184544233,484.000076118281,-68.4195296315398));
#7884=CARTESIAN_POINT('Ctrl Pts',(89.3022424541532,484.095067364097,-68.4955226344823));
#7885=CARTESIAN_POINT('Ctrl Pts',(89.4029077834545,484.203337985163,-68.5608152809797));
#7886=CARTESIAN_POINT('Ctrl Pts',(89.5000352772331,484.323107182405,-68.6168569740101));
#7887=CARTESIAN_POINT('Origin',(91.0009185020989,484.00007611828,-66.0195296672965));
#7888=CARTESIAN_POINT('Ctrl Pts',(88.0009185020989,484.00007611828,-66.0195296672965));
#7889=CARTESIAN_POINT('Ctrl Pts',(88.0009185020989,484.000076118281,-66.3027506304094));
#7890=CARTESIAN_POINT('Ctrl Pts',(88.0619271755423,484.000076118281,-66.7269374612617));
#7891=CARTESIAN_POINT('Ctrl Pts',(88.2542952829136,484.000076118281,-67.249106295121));
#7892=CARTESIAN_POINT('Ctrl Pts',(88.4437196192917,484.000076118281,-67.6051947001104));
#7893=CARTESIAN_POINT('Ctrl Pts',(88.6740229133869,484.000076118281,-67.9261896283586));
#7894=CARTESIAN_POINT('Ctrl Pts',(88.929695576789,484.000076118281,-68.2000099145392));
#7895=CARTESIAN_POINT('Ctrl Pts',(89.1119713687267,484.000076118281,-68.3528193145065));
#7896=CARTESIAN_POINT('Ctrl Pts',(89.2009184544233,484.000076118281,-68.4195296315398));
#7897=CARTESIAN_POINT('Ctrl Pts',(87.947930203364,484.039817348253,-66.0195296672965));
#7898=CARTESIAN_POINT('Ctrl Pts',(87.947930203364,484.039817348253,-66.3055636540296));
#7899=CARTESIAN_POINT('Ctrl Pts',(88.0079196257927,484.043123224641,-66.7341831707401));
#7900=CARTESIAN_POINT('Ctrl Pts',(88.1986602288066,484.055378832626,-67.2608682988592));
#7901=CARTESIAN_POINT('Ctrl Pts',(88.3875841594551,484.068769294676,-67.6182268916694));
#7902=CARTESIAN_POINT('Ctrl Pts',(88.6186940798213,484.086593885493,-67.9352457797424));
#7903=CARTESIAN_POINT('Ctrl Pts',(88.8761315354907,484.106873284778,-68.1949495340999));
#7904=CARTESIAN_POINT('Ctrl Pts',(89.0579161965256,484.117897005093,-68.3255413040443));
#7905=CARTESIAN_POINT('Ctrl Pts',(89.1439104398714,484.118842823718,-68.3767736188563));
#7906=CARTESIAN_POINT('Ctrl Pts',(87.8313669729821,484.105125789731,-66.0195296672966));
#7907=CARTESIAN_POINT('Ctrl Pts',(87.8313669729821,484.105125789731,-66.3121921474964));
#7908=CARTESIAN_POINT('Ctrl Pts',(87.8884134740507,484.113891242028,-66.7509500912145));
#7909=CARTESIAN_POINT('Ctrl Pts',(88.0713482420553,484.14774360855,-67.2912472493726));
#7910=CARTESIAN_POINT('Ctrl Pts',(88.2540423271474,484.185486937071,-67.6569909249566));
#7911=CARTESIAN_POINT('Ctrl Pts',(88.4792937772556,484.237725288326,-67.9762359824986));
#7912=CARTESIAN_POINT('Ctrl Pts',(88.7309797037516,484.301474974281,-68.223935763911));
#7913=CARTESIAN_POINT('Ctrl Pts',(88.9053249927693,484.343897513981,-68.3260935396797));
#7914=CARTESIAN_POINT('Ctrl Pts',(88.9829989220431,484.355485218813,-68.354679924907));
#7915=CARTESIAN_POINT('Ctrl Pts',(87.6045408919661,484.162174058813,-66.0195296672966));
#7916=CARTESIAN_POINT('Ctrl Pts',(87.6045408919662,484.162174058813,-66.3264794917219));
#7917=CARTESIAN_POINT('Ctrl Pts',(87.6535594411614,484.17638713291,-66.7867073267787));
#7918=CARTESIAN_POINT('Ctrl Pts',(87.8129527102245,484.231653219996,-67.3637718669774));
#7919=CARTESIAN_POINT('Ctrl Pts',(87.9734828261407,484.294796106562,-67.7613502557549));
#7920=CARTESIAN_POINT('Ctrl Pts',(88.1732029188815,484.386063049124,-68.1163572859168));
#7921=CARTESIAN_POINT('Ctrl Pts',(88.3978213204274,484.506680789024,-68.398956823074));
#7922=CARTESIAN_POINT('Ctrl Pts',(88.5525502632775,484.604394532813,-68.5168777105846));
#7923=CARTESIAN_POINT('Ctrl Pts',(88.6194967125448,484.647858766131,-68.5469759943951));
#7924=CARTESIAN_POINT('Ctrl Pts',(87.436297410942,484.147895010156,-66.0195296672966));
#7925=CARTESIAN_POINT('Ctrl Pts',(87.4362974109421,484.147895010156,-66.3381980448419));
#7926=CARTESIAN_POINT('Ctrl Pts',(87.4794925425743,484.160220441833,-66.8161956058071));
#7927=CARTESIAN_POINT('Ctrl Pts',(87.6204500654103,484.212452835935,-67.4271261348806));
#7928=CARTESIAN_POINT('Ctrl Pts',(87.7639337712224,484.273035913552,-67.8577646049913));
#7929=CARTESIAN_POINT('Ctrl Pts',(87.9454661412388,484.36337357868,-68.2581592668702));
#7930=CARTESIAN_POINT('Ctrl Pts',(88.1559566715755,484.488881637244,-68.602404093088));
#7931=CARTESIAN_POINT('Ctrl Pts',(88.3112698618239,484.602402003176,-68.7784187338043));
#7932=CARTESIAN_POINT('Ctrl Pts',(88.3864304858772,484.664210148157,-68.8413795697529));
#7933=CARTESIAN_POINT('Ctrl Pts',(87.3409184677719,484.120076152965,-66.0195296672967));
#7934=CARTESIAN_POINT('Ctrl Pts',(87.3409184677719,484.120076152965,-66.3452337789273));
#7935=CARTESIAN_POINT('Ctrl Pts',(87.3805799075468,484.130891837457,-66.8335329861527));
#7936=CARTESIAN_POINT('Ctrl Pts',(87.5136100473154,484.175251712794,-67.4647368262055));
#7937=CARTESIAN_POINT('Ctrl Pts',(87.650935249626,484.227493163366,-67.9151658166305));
#7938=CARTESIAN_POINT('Ctrl Pts',(87.8288430115969,484.307091629792,-68.3429205805416));
#7939=CARTESIAN_POINT('Ctrl Pts',(88.0428709495952,484.421938324671,-68.7245374869985));
#7940=CARTESIAN_POINT('Ctrl Pts',(88.2119713687268,484.533365815709,-68.9361417263091));
#7941=CARTESIAN_POINT('Ctrl Pts',(88.3009184544234,484.60007612722,-69.0195296226007));
#7942=CARTESIAN_POINT('',(88.3009184544233,484.60007612722,-69.0195296226006));
#7943=CARTESIAN_POINT('Origin',(88.7509184425044,484.000076118281,-69.0195296226006));
#7944=CARTESIAN_POINT('Ctrl Pts',(88.3009184544234,484.60007612722,-69.0195296226007));
#7945=CARTESIAN_POINT('Ctrl Pts',(88.2119713687268,484.533365815709,-68.9361417263091));
#7946=CARTESIAN_POINT('Ctrl Pts',(88.0428709495952,484.421938324671,-68.7245374869985));
#7947=CARTESIAN_POINT('Ctrl Pts',(87.8288430115969,484.307091629792,-68.3429205805416));
#7948=CARTESIAN_POINT('Ctrl Pts',(87.650935249626,484.227493163366,-67.9151658166305));
#7949=CARTESIAN_POINT('Ctrl Pts',(87.5136100473154,484.175251712794,-67.4647368262055));
#7950=CARTESIAN_POINT('Ctrl Pts',(87.3805799075468,484.130891837457,-66.8335329861527));
#7951=CARTESIAN_POINT('Ctrl Pts',(87.3409184677719,484.120076152965,-66.3452337789273));
#7952=CARTESIAN_POINT('Ctrl Pts',(87.3409184677719,484.120076152965,-66.0195296672967));
#7953=CARTESIAN_POINT('Origin',(86.5009185020989,484.000076118283,-73.8137583013564));
#7954=CARTESIAN_POINT('',(88.0009185020989,483.752480898786,-71.2156820900032));
#7955=CARTESIAN_POINT('',(85.0009185020989,483.752480898786,-71.2156820900032));
#7956=CARTESIAN_POINT('Origin',(86.5009185020988,487.000076162977,-73.8137583013557));
#7957=CARTESIAN_POINT('',(88.0009185020989,481.000076118283,-71.2156820900039));
#7958=CARTESIAN_POINT('',(88.0009185020989,484.000076118282,-71.2156820900032));
#7959=CARTESIAN_POINT('',(85.0009185020989,481.000076118283,-71.2156820900039));
#7960=CARTESIAN_POINT('Origin',(86.5009185020988,481.000076118283,-73.8137583013571));
#7961=CARTESIAN_POINT('',(85.0009185020989,484.000076118282,-71.2156820900032));
#7962=CARTESIAN_POINT('Origin',(86.5009185020989,487.000076162977,-63.0959999999825));
#7963=CARTESIAN_POINT('',(87.9248265759665,489.640622658908,-62.9503754511725));
#7964=CARTESIAN_POINT('',(87.2479374509101,489.905581745508,-63.1881108669819));
#7965=CARTESIAN_POINT('Ctrl Pts',(87.9248265759665,489.640622658908,-62.9503754511725));
#7966=CARTESIAN_POINT('Ctrl Pts',(87.7404191781091,489.740063885599,-63.1351712454292));
#7967=CARTESIAN_POINT('Ctrl Pts',(87.4950534706909,489.842047071735,-63.2199143336397));
#7968=CARTESIAN_POINT('Ctrl Pts',(87.24793745091,489.905581745508,-63.1881108669819));
#7969=CARTESIAN_POINT('Ctrl Pts',(88.3009184544215,484.600076127219,-62.6465102876071));
#7970=CARTESIAN_POINT('Ctrl Pts',(88.5171090733933,484.762219084737,-62.5086048877424));
#7971=CARTESIAN_POINT('Ctrl Pts',(89.1432687933411,485.375453901048,-62.292223600089));
#7972=CARTESIAN_POINT('Ctrl Pts',(89.5653239621365,486.520724984062,-62.37339279584));
#7973=CARTESIAN_POINT('Ctrl Pts',(89.4626428065396,487.696167305814,-62.34938831749));
#7974=CARTESIAN_POINT('Ctrl Pts',(89.1385722752624,488.519111348311,-62.3380067735825));
#7975=CARTESIAN_POINT('Ctrl Pts',(88.5879205417851,489.212688554141,-62.4509809097107));
#7976=CARTESIAN_POINT('Ctrl Pts',(88.134773729412,489.527409183085,-62.7399861098355));
#7977=CARTESIAN_POINT('Ctrl Pts',(87.9248265759665,489.640622658908,-62.9503754511725));
#7978=CARTESIAN_POINT('',(88.5783570954957,484.836771759888,-69.2504412788878));
#7979=CARTESIAN_POINT('Ctrl Pts',(88.5780289643715,484.837007317443,-69.2501619478682));
#7980=CARTESIAN_POINT('Ctrl Pts',(88.4877395443456,484.749697743652,-69.1837659713883));
#7981=CARTESIAN_POINT('Ctrl Pts',(88.3946105910563,484.670345226787,-69.1073660043292));
#7982=CARTESIAN_POINT('Ctrl Pts',(88.3009184544233,484.60007612722,-69.0195296226006));
#7983=CARTESIAN_POINT('',(88.0426843693965,484.426565329406,-70.5968697594497));
#7984=CARTESIAN_POINT('Ctrl Pts',(88.0427549086228,484.426502871048,-70.5968835962735));
#7985=CARTESIAN_POINT('Ctrl Pts',(88.2316193134989,484.539442464685,-70.1438648034172));
#7986=CARTESIAN_POINT('Ctrl Pts',(88.4119870175651,484.675341890413,-69.6950393622146));
#7987=CARTESIAN_POINT('Ctrl Pts',(88.5791867811259,484.836176148243,-69.2511475725489));
#7988=CARTESIAN_POINT('',(85.0009185020989,484.401999951624,-70.5661630371649));
#7989=CARTESIAN_POINT('Origin',(86.5009185020989,487.000076162977,-73.8137583013557));
#7990=CARTESIAN_POINT('',(84.9589429291355,484.426690202038,-70.5964516290998));
#7991=CARTESIAN_POINT('Origin',(86.5009185020989,487.000076162977,-69.4836312824335));
#7992=CARTESIAN_POINT('',(83.5006983499443,487.000279501581,-65.4902178782197));
#7993=CARTESIAN_POINT('Ctrl Pts',(83.5006983499443,487.000279501581,-65.4902178782197));
#7994=CARTESIAN_POINT('Ctrl Pts',(83.5009656209543,486.8593912759,-65.6541176311106));
#7995=CARTESIAN_POINT('Ctrl Pts',(83.5401015181807,486.335370178871,-66.3017407882302));
#7996=CARTESIAN_POINT('Ctrl Pts',(83.7844539323496,485.633271364289,-67.4040219790011));
#7997=CARTESIAN_POINT('Ctrl Pts',(84.2950068526209,484.912100485455,-68.9524895900815));
#7998=CARTESIAN_POINT('Ctrl Pts',(84.705379844349,484.578626520403,-69.9879778936448));
#7999=CARTESIAN_POINT('Ctrl Pts',(84.9589429291355,484.426690202038,-70.5964516290999));
#8000=CARTESIAN_POINT('',(83.5009185020989,487.000076162977,-63.0959999999825));
#8001=CARTESIAN_POINT('Ctrl Pts',(87.2479374509101,489.905581745508,-63.1881108669819));
#8002=CARTESIAN_POINT('Ctrl Pts',(86.7194846702959,490.04144940415,-63.1200997748503));
#8003=CARTESIAN_POINT('Ctrl Pts',(85.5801557865128,490.019063253955,-63.1291697397307));
#8004=CARTESIAN_POINT('Ctrl Pts',(84.1827093956723,489.111477932866,-63.5972172489152));
#8005=CARTESIAN_POINT('Ctrl Pts',(83.5834266847349,487.944242567317,-64.4763087268065));
#8006=CARTESIAN_POINT('Ctrl Pts',(83.5002110360657,487.257160289819,-65.1913802889815));
#8007=CARTESIAN_POINT('Ctrl Pts',(83.5006983499443,487.000279501581,-65.4902178782197));
#8008=CARTESIAN_POINT('Ctrl Pts',(87.9248265759665,489.640622658908,-62.9503754511725));
#8009=CARTESIAN_POINT('Ctrl Pts',(87.7404191781091,489.740063885599,-63.1351712454292));
#8010=CARTESIAN_POINT('Ctrl Pts',(87.4950534706909,489.842047071735,-63.2199143336397));
#8011=CARTESIAN_POINT('Ctrl Pts',(87.24793745091,489.905581745508,-63.1881108669819));
#8012=CARTESIAN_POINT('Ctrl Pts',(87.9926899279363,489.6040275166,-63.05964180416));
#8013=CARTESIAN_POINT('Ctrl Pts',(87.7875162614741,489.720786887265,-63.2634087178717));
#8014=CARTESIAN_POINT('Ctrl Pts',(87.51383757613,489.838446404027,-63.3574816348671));
#8015=CARTESIAN_POINT('Ctrl Pts',(87.234627054885,489.909003910004,-63.3259353937069));
#8016=CARTESIAN_POINT('Ctrl Pts',(88.1628145222369,489.595714631248,-63.2774421969717));
#8017=CARTESIAN_POINT('Ctrl Pts',(87.9117703560449,489.749698035064,-63.5190629625972));
#8018=CARTESIAN_POINT('Ctrl Pts',(87.5764964989121,489.901949865158,-63.631633119096));
#8019=CARTESIAN_POINT('Ctrl Pts',(87.2277467454979,489.992214091154,-63.6005503617747));
#8020=CARTESIAN_POINT('Ctrl Pts',(88.4999833845525,489.809975993568,-63.553896133606));
#8021=CARTESIAN_POINT('Ctrl Pts',(88.1753387989459,490.020271630169,-63.8430722905549));
#8022=CARTESIAN_POINT('Ctrl Pts',(87.7408302587645,490.228840101754,-63.9773794701761));
#8023=CARTESIAN_POINT('Ctrl Pts',(87.2875998000272,490.360877781975,-63.9398325072584));
#8024=CARTESIAN_POINT('Ctrl Pts',(88.6892299301347,490.115862550707,-63.5842047816747));
#8025=CARTESIAN_POINT('Ctrl Pts',(88.3364059620033,490.343985546801,-63.8782218537733));
#8026=CARTESIAN_POINT('Ctrl Pts',(87.8639971890315,490.572718121348,-64.0103945162402));
#8027=CARTESIAN_POINT('Ctrl Pts',(87.3792391577935,490.724899141405,-63.9587936859427));
#8028=CARTESIAN_POINT('Ctrl Pts',(88.7499258419784,490.300759282891,-63.5355457826643));
#8029=CARTESIAN_POINT('Ctrl Pts',(88.3946127254934,490.527560228499,-63.820394960446));
#8030=CARTESIAN_POINT('Ctrl Pts',(87.9163935676238,490.757534032728,-63.9457248828287));
#8031=CARTESIAN_POINT('Ctrl Pts',(87.4346921881129,490.910774182235,-63.8843591095137));
#8032=CARTESIAN_POINT('',(87.4346921881129,490.910774182235,-63.8843591095136));
#8033=CARTESIAN_POINT('Origin',(87.4346921881129,490.63195814114,-63.1881108669819));
#8034=CARTESIAN_POINT('',(88.7499258419784,490.300759282891,-63.5355457826644));
#8035=CARTESIAN_POINT('Ctrl Pts',(87.4346921881129,490.910774182235,-63.8843591095137));
#8036=CARTESIAN_POINT('Ctrl Pts',(87.9163935676238,490.757534032728,-63.9457248828287));
#8037=CARTESIAN_POINT('Ctrl Pts',(88.3946127254934,490.527560228499,-63.820394960446));
#8038=CARTESIAN_POINT('Ctrl Pts',(88.7499258419784,490.300759282891,-63.5355457826643));
#8039=CARTESIAN_POINT('Origin',(88.2808035944334,490.300759282891,-62.9503754511725));
#8040=CARTESIAN_POINT('Origin',(124.000918502099,487.000076162979,-63.0959999999825));
#8041=CARTESIAN_POINT('',(121.000918502099,487.000076162978,-63.0959999999792));
#8042=CARTESIAN_POINT('Origin',(124.000918502099,487.000076162979,-63.0959999999792));
#8043=CARTESIAN_POINT('',(121.000918502099,487.000076162978,-63.0959999999825));
#8044=CARTESIAN_POINT('Origin',(87.250814219322,477.200076162978,-62.8959999999801));
#8045=CARTESIAN_POINT('',(87.250814219322,477.000076162978,-62.695999999981));
#8046=CARTESIAN_POINT('',(87.250814219322,477.400076162978,-63.0959999999792));
#8047=CARTESIAN_POINT('Origin',(140.200499516133,488.500076259838,-62.0959999999792));
#8048=CARTESIAN_POINT('',(140.200499516133,497.000076162979,-63.0959999999792));
#8049=CARTESIAN_POINT('Origin',(140.200499516133,497.000076162986,-62.0959999999792));
#8050=CARTESIAN_POINT('',(140.200499516133,495.000076118283,-63.0959999999792));
#8051=CARTESIAN_POINT('Origin',(140.200499516133,495.000076118283,-62.0959999999792));
#8052=CARTESIAN_POINT('',(140.200499516133,488.500076259838,-63.0959999999792));
#8053=CARTESIAN_POINT('Origin',(90.0009185020991,477.000076162978,-65.0959999999792));
#8054=CARTESIAN_POINT('',(90.0009185020986,495.000076118283,-63.0959999999792));
#8055=CARTESIAN_POINT('Ctrl Pts',(90.0009185020987,495.000076118281,-63.0959999999792));
#8056=CARTESIAN_POINT('Ctrl Pts',(89.9995033830647,494.994973843642,-63.0959999999792));
#8057=CARTESIAN_POINT('Ctrl Pts',(89.9980871276541,494.989869772792,-63.0960010677884));
#8058=CARTESIAN_POINT('Ctrl Pts',(89.5619455602468,493.416320955142,-63.0971191533247));
#8059=CARTESIAN_POINT('Ctrl Pts',(89.1212765440012,491.837410528734,-63.2375112284978));
#8060=CARTESIAN_POINT('Ctrl Pts',(88.7499165662823,490.300760216872,-63.5355390402287));
#8061=CARTESIAN_POINT('',(90.0009185020696,488.34636736497,-63.0959999999763));
#8062=CARTESIAN_POINT('',(90.0009185020991,477.000076162978,-63.0959999999792));
#8063=CARTESIAN_POINT('Ctrl Pts',(88.7499258419785,490.300759282891,-63.5355457826643));
#8064=CARTESIAN_POINT('Ctrl Pts',(88.9407868905653,490.159242438113,-63.382535352601));
#8065=CARTESIAN_POINT('Ctrl Pts',(89.3527385381774,489.765841651932,-63.1723497525102));
#8066=CARTESIAN_POINT('Ctrl Pts',(89.7753341676759,489.033952179212,-63.1029884872726));
#8067=CARTESIAN_POINT('Ctrl Pts',(89.9504309043663,488.527750262823,-63.0964190175284));
#8068=CARTESIAN_POINT('Ctrl Pts',(90.0010714668507,488.346425374302,-63.0962557601265));
#8069=CARTESIAN_POINT('Ctrl Pts',(88.3009184544215,484.600076127219,-62.6465102876071));
#8070=CARTESIAN_POINT('Ctrl Pts',(88.5171090733933,484.762219084737,-62.5086048877424));
#8071=CARTESIAN_POINT('Ctrl Pts',(89.1432687933411,485.375453901048,-62.292223600089));
#8072=CARTESIAN_POINT('Ctrl Pts',(89.5653239621365,486.520724984062,-62.37339279584));
#8073=CARTESIAN_POINT('Ctrl Pts',(89.4626428065396,487.696167305814,-62.34938831749));
#8074=CARTESIAN_POINT('Ctrl Pts',(89.1385722752624,488.519111348311,-62.3380067735825));
#8075=CARTESIAN_POINT('Ctrl Pts',(88.5879205417851,489.212688554141,-62.4509809097107));
#8076=CARTESIAN_POINT('Ctrl Pts',(88.134773729412,489.527409183085,-62.7399861098355));
#8077=CARTESIAN_POINT('Ctrl Pts',(87.9248265759665,489.640622658908,-62.9503754511725));
#8078=CARTESIAN_POINT('Ctrl Pts',(88.3408104039264,484.629995088109,-62.7686539280421));
#8079=CARTESIAN_POINT('Ctrl Pts',(88.5420712399736,484.786545955641,-62.6348808815227));
#8080=CARTESIAN_POINT('Ctrl Pts',(89.137740260051,485.375305919065,-62.4124799086663));
#8081=CARTESIAN_POINT('Ctrl Pts',(89.5667505299628,486.518112978118,-62.4759580398314));
#8082=CARTESIAN_POINT('Ctrl Pts',(89.4619317731958,487.699253678253,-62.4564767049226));
#8083=CARTESIAN_POINT('Ctrl Pts',(89.1384353138264,488.517154951247,-62.4551696441197));
#8084=CARTESIAN_POINT('Ctrl Pts',(88.6056189209199,489.190566621,-62.5796858750286));
#8085=CARTESIAN_POINT('Ctrl Pts',(88.1863471180871,489.492629978351,-62.8598259424707));
#8086=CARTESIAN_POINT('Ctrl Pts',(87.9926899279363,489.6040275166,-63.05964180416));
#8087=CARTESIAN_POINT('Ctrl Pts',(88.4631970663512,484.632496374215,-63.0121579374633));
#8088=CARTESIAN_POINT('Ctrl Pts',(88.6385471359719,484.783523615002,-62.8866548899802));
#8089=CARTESIAN_POINT('Ctrl Pts',(89.1787635592195,485.346947292197,-62.6523873601139));
#8090=CARTESIAN_POINT('Ctrl Pts',(89.6135014722143,486.506387282071,-62.6806508072541));
#8091=CARTESIAN_POINT('Ctrl Pts',(89.5066071144305,487.715421015565,-62.6701786080255));
#8092=CARTESIAN_POINT('Ctrl Pts',(89.1879660789181,488.540574693516,-62.6889137499873));
#8093=CARTESIAN_POINT('Ctrl Pts',(88.6897316147515,489.196627611457,-62.8363268515313));
#8094=CARTESIAN_POINT('Ctrl Pts',(88.329080839411,489.485035478403,-63.0987265664257));
#8095=CARTESIAN_POINT('Ctrl Pts',(88.1628145224955,489.595714630626,-63.277442197713));
#8096=CARTESIAN_POINT('Ctrl Pts',(88.7691186790077,484.436967492307,-63.3242718180478));
#8097=CARTESIAN_POINT('Ctrl Pts',(88.9264438186883,484.600414783567,-63.2126432096137));
#8098=CARTESIAN_POINT('Ctrl Pts',(89.4182636580872,485.210727883611,-62.9830900112734));
#8099=CARTESIAN_POINT('Ctrl Pts',(89.8351380866559,486.46618960787,-62.9806685275592));
#8100=CARTESIAN_POINT('Ctrl Pts',(89.7323838419556,487.773886539125,-62.9782231593497));
#8101=CARTESIAN_POINT('Ctrl Pts',(89.4305342033981,488.667527600497,-63.0123753751034));
#8102=CARTESIAN_POINT('Ctrl Pts',(88.9704981815014,489.378271043881,-63.1691532854903));
#8103=CARTESIAN_POINT('Ctrl Pts',(88.64941706116,489.690159008989,-63.4020473745254));
#8104=CARTESIAN_POINT('Ctrl Pts',(88.4999833851058,489.809975992952,-63.553896134711));
#8105=CARTESIAN_POINT('Ctrl Pts',(88.993910958946,484.16463039969,-63.3645207903994));
#8106=CARTESIAN_POINT('Ctrl Pts',(89.1696281396457,484.352436243514,-63.2610976782416));
#8107=CARTESIAN_POINT('Ctrl Pts',(89.6927321143304,485.059924648166,-63.0708792006798));
#8108=CARTESIAN_POINT('Ctrl Pts',(90.0841803415165,486.425486629181,-63.0947624810474));
#8109=CARTESIAN_POINT('Ctrl Pts',(89.9882550785794,487.834121830789,-63.0860217935273));
#8110=CARTESIAN_POINT('Ctrl Pts',(89.6957417914879,488.812015365585,-63.1009619810629));
#8111=CARTESIAN_POINT('Ctrl Pts',(89.2235451642525,489.619953132762,-63.2197412623545));
#8112=CARTESIAN_POINT('Ctrl Pts',(88.8591046601367,489.982544053859,-63.4357859768619));
#8113=CARTESIAN_POINT('Ctrl Pts',(88.6892299301347,490.115862550707,-63.5842047816747));
#8114=CARTESIAN_POINT('Ctrl Pts',(89.0918275496649,484.00007611828,-63.3145529364353));
#8115=CARTESIAN_POINT('Ctrl Pts',(89.2883644760028,484.202754815178,-63.2142581001701));
#8116=CARTESIAN_POINT('Ctrl Pts',(89.8576005850462,484.969298335566,-63.0568898909676));
#8117=CARTESIAN_POINT('Ctrl Pts',(90.241287102133,486.400887189333,-63.1159220333318));
#8118=CARTESIAN_POINT('Ctrl Pts',(90.147940597045,487.870190091523,-63.0984642308953));
#8119=CARTESIAN_POINT('Ctrl Pts',(89.8533310231566,488.898870144645,-63.0901867444171));
#8120=CARTESIAN_POINT('Ctrl Pts',(89.3527385381774,489.765841651932,-63.1723497525102));
#8121=CARTESIAN_POINT('Ctrl Pts',(88.9407868905653,490.159242438113,-63.382535352601));
#8122=CARTESIAN_POINT('Ctrl Pts',(88.7499258419785,490.300759282891,-63.5355457826643));
#8123=CARTESIAN_POINT('',(90.000918502094,485.653784961159,-63.095999999977));
#8124=CARTESIAN_POINT('Ctrl Pts',(90.0011965626627,488.345977367667,-63.0962553610816));
#8125=CARTESIAN_POINT('Ctrl Pts',(90.0031246579624,488.335228689471,-63.0962403795651));
#8126=CARTESIAN_POINT('Ctrl Pts',(90.0050289204289,488.32447573043,-63.0962260522552));
#8127=CARTESIAN_POINT('Ctrl Pts',(90.0069094826136,488.313718497921,-63.0962124120964));
#8128=CARTESIAN_POINT('Ctrl Pts',(90.0220865014396,488.226902586364,-63.096102329618));
#8129=CARTESIAN_POINT('Ctrl Pts',(90.0357415390078,488.139689138352,-63.0960402459614));
#8130=CARTESIAN_POINT('Ctrl Pts',(90.0478921092593,488.052228039791,-63.0960200156892));
#8131=CARTESIAN_POINT('Ctrl Pts',(90.0572715726065,487.984713663818,-63.0960043992126));
#8132=CARTESIAN_POINT('Ctrl Pts',(90.0657532875888,487.917051910391,-63.0960128584039));
#8133=CARTESIAN_POINT('Ctrl Pts',(90.0733330189037,487.849313838864,-63.0960256966195));
#8134=CARTESIAN_POINT('Ctrl Pts',(90.0781104742864,487.80661897265,-63.0960337884633));
#8135=CARTESIAN_POINT('Ctrl Pts',(90.082529372871,487.763893802283,-63.0960433249017));
#8136=CARTESIAN_POINT('Ctrl Pts',(90.0865902508294,487.721157822318,-63.0960588439278));
#8137=CARTESIAN_POINT('Ctrl Pts',(90.0953302680589,487.629179386858,-63.0960922447238));
#8138=CARTESIAN_POINT('Ctrl Pts',(90.1024279070041,487.537017028299,-63.0961571324636));
#8139=CARTESIAN_POINT('Ctrl Pts',(90.1078663932813,487.444755244016,-63.0962610986982));
#8140=CARTESIAN_POINT('Ctrl Pts',(90.1106746274357,487.397114654232,-63.0963147830354));
#8141=CARTESIAN_POINT('Ctrl Pts',(90.1130403391472,487.349447603379,-63.0963780609956));
#8142=CARTESIAN_POINT('Ctrl Pts',(90.1149609823435,487.301765649632,-63.0964465202308));
#8143=CARTESIAN_POINT('Ctrl Pts',(90.1184595522498,487.214910033362,-63.0965712229454));
#8144=CARTESIAN_POINT('Ctrl Pts',(90.1204798471277,487.128000629294,-63.0967155809772));
#8145=CARTESIAN_POINT('Ctrl Pts',(90.1209879445493,487.041077557804,-63.0968149678649));
#8146=CARTESIAN_POINT('Ctrl Pts',(90.1214649746322,486.959469349943,-63.0969082777958));
#8147=CARTESIAN_POINT('Ctrl Pts',(90.1206086308311,486.877859457321,-63.0969616803855));
#8148=CARTESIAN_POINT('Ctrl Pts',(90.118381753474,486.796276932889,-63.0968809484801));
#8149=CARTESIAN_POINT('Ctrl Pts',(90.1181893572087,486.789228420333,-63.0968739734588));
#8150=CARTESIAN_POINT('Ctrl Pts',(90.1179867421819,486.782180152701,-63.0968659746224));
#8151=CARTESIAN_POINT('Ctrl Pts',(90.1177738773411,486.775132157051,-63.0968568757967));
#8152=CARTESIAN_POINT('Ctrl Pts',(90.1150377897438,486.684539772645,-63.0967399227856));
#8153=CARTESIAN_POINT('Ctrl Pts',(90.1106081016882,486.593992161117,-63.0964456234766));
#8154=CARTESIAN_POINT('Ctrl Pts',(90.1045563947663,486.50354370387,-63.0961180064065));
#8155=CARTESIAN_POINT('Ctrl Pts',(90.1035976870685,486.489214914764,-63.0960661055113));
#8156=CARTESIAN_POINT('Ctrl Pts',(90.1025982687033,486.474888617563,-63.0960132624449));
#8157=CARTESIAN_POINT('Ctrl Pts',(90.1015584130131,486.460565031911,-63.095959931914));
#8158=CARTESIAN_POINT('Ctrl Pts',(90.0946821454699,486.365847266699,-63.0956072724037));
#8159=CARTESIAN_POINT('Ctrl Pts',(90.0860303327525,486.271127958765,-63.0952372069958));
#8160=CARTESIAN_POINT('Ctrl Pts',(90.0756487172703,486.176583757717,-63.0949468232501));
#8161=CARTESIAN_POINT('Ctrl Pts',(90.0658759778626,486.087584522391,-63.0946734703524));
#8162=CARTESIAN_POINT('Ctrl Pts',(90.0545718790577,485.998740728289,-63.0944701041956));
#8163=CARTESIAN_POINT('Ctrl Pts',(90.04175751758,485.910202386493,-63.0943776983167));
#8164=CARTESIAN_POINT('Ctrl Pts',(90.0308908611874,485.835121334694,-63.09429933757));
#8165=CARTESIAN_POINT('Ctrl Pts',(90.0189383678394,485.760260020772,-63.0943000121411));
#8166=CARTESIAN_POINT('Ctrl Pts',(90.0058910010062,485.685709818238,-63.0943847396398));
#8167=CARTESIAN_POINT('Ctrl Pts',(90.0040071210273,485.674945682012,-63.094396973253));
#8168=CARTESIAN_POINT('Ctrl Pts',(90.0021000567129,485.664185997246,-63.0944109330511));
#8169=CARTESIAN_POINT('Ctrl Pts',(90.0001697106531,485.653430919814,-63.0944266064208));
#8170=CARTESIAN_POINT('Ctrl Pts',(90.0003151325556,485.653951439395,-63.094425920593));
#8171=CARTESIAN_POINT('Ctrl Pts',(89.9098133863716,485.329941056742,-63.0948485933841));
#8172=CARTESIAN_POINT('Ctrl Pts',(89.6586358701945,484.701368893753,-63.1118946954297));
#8173=CARTESIAN_POINT('Ctrl Pts',(89.2883644760028,484.202754815178,-63.2142581001701));
#8174=CARTESIAN_POINT('Ctrl Pts',(89.0918275496649,484.00007611828,-63.3145529364353));
#8175=CARTESIAN_POINT('Origin',(90.0009185020991,477.000076162978,-65.0959999999792));
#8176=CARTESIAN_POINT('',(90.0009185020991,477.000076162978,-63.0959999999792));
#8177=CARTESIAN_POINT('Origin',(87.250814219322,477.200076162978,-62.8959999999801));
#8178=CARTESIAN_POINT('',(87.250814219322,477.000076162978,-62.6959999999809));
#8179=CARTESIAN_POINT('',(87.250814219322,477.400076162978,-63.0959999999792));
#8180=CARTESIAN_POINT('Origin',(79.5009185020986,497.000076162993,-122.09611385416));
#8181=CARTESIAN_POINT('',(77.5009185020989,488.856372176476,-122.096113854162));
#8182=CARTESIAN_POINT('Origin',(79.5009185020988,488.856372176477,-122.096113854162));
#8183=CARTESIAN_POINT('',(77.5009185020986,497.000076162993,-122.09611385416));
#8184=CARTESIAN_POINT('',(77.5009185020986,497.000076162993,-122.09611385416));
#8185=CARTESIAN_POINT('Origin',(79.5009185020986,497.000076162993,-122.09611385416));
#8186=CARTESIAN_POINT('Origin',(78.5009185020985,498.500076259837,-62.0959999999792));
#8187=CARTESIAN_POINT('',(77.5009185020985,497.000076162977,-62.0959999999792));
#8188=CARTESIAN_POINT('',(78.5009185020986,497.000076162978,-63.0959999999792));
#8189=CARTESIAN_POINT('Origin',(78.5009185020986,497.000076162985,-62.0959999999792));
#8190=CARTESIAN_POINT('',(78.5009185020986,495.000076118283,-63.0959999999792));
#8191=CARTESIAN_POINT('',(78.5009185020985,498.500076259837,-63.0959999999792));
#8192=CARTESIAN_POINT('',(77.5009185020986,495.000076118283,-62.0959999999792));
#8193=CARTESIAN_POINT('Origin',(78.5009185020986,495.000076118283,-62.0959999999792));
#8194=CARTESIAN_POINT('',(77.5009185020985,498.500076259837,-62.0959999999792));
#8195=CARTESIAN_POINT('Origin',(135.000709936544,497.000076162986,-91.0960086854057));
#8196=CARTESIAN_POINT('',(77.5009185020985,497.000076162977,-60.0959999999731));
#8197=CARTESIAN_POINT('',(77.5009185020986,497.00007616298,-74.5960043426894));
#8198=CARTESIAN_POINT('Origin',(79.5009185020986,497.000076162977,-60.0959999999731));
#8199=CARTESIAN_POINT('',(87.2508142193216,497.000076162978,-63.0959999999792));
#8200=CARTESIAN_POINT('Origin',(79.5009185020986,497.000076162977,-60.0959999999731));
#8201=CARTESIAN_POINT('',(77.500918502099,477.000076162977,-60.0959999999782));
#8202=CARTESIAN_POINT('',(77.5009185020986,497.000076162977,-60.0959999999731));
#8203=CARTESIAN_POINT('Origin',(79.500918502099,477.000076162977,-60.0959999999782));
#8204=CARTESIAN_POINT('Origin',(135.000709936545,477.000076162986,-91.0960086854108));
#8205=CARTESIAN_POINT('',(77.5009185020991,477.000076162992,-118.096113854165));
#8206=CARTESIAN_POINT('Origin',(79.5009185020991,477.000076162992,-118.096113854165));
#8207=CARTESIAN_POINT('',(77.500918502099,477.00007616298,-74.5960043426945));
#8208=CARTESIAN_POINT('Origin',(79.5009185020987,491.500076162992,-118.096113854162));
#8209=CARTESIAN_POINT('',(77.5009185020989,483.143780149507,-118.096113854164));
#8210=CARTESIAN_POINT('',(77.5009185020987,491.500076162992,-118.096113854162));
#8211=CARTESIAN_POINT('Origin',(79.5009185020989,483.143780149507,-118.096113854164));
#8212=CARTESIAN_POINT('Origin',(94.5009185020988,491.712668189962,-124.096113854161));
#8213=CARTESIAN_POINT('',(187.000499526144,490.306597966756,-123.111572884619));
#8214=CARTESIAN_POINT('',(77.5009185020991,477.981665201454,-114.481562054433));
#8215=CARTESIAN_POINT('Origin',(135.000709936544,497.000076162986,-91.0960086854057));
#8216=CARTESIAN_POINT('',(77.5009185020986,497.000076162992,-120.09611385416));
#8217=CARTESIAN_POINT('',(77.5009185020986,497.000076162992,-120.09611385416));
#8218=CARTESIAN_POINT('',(78.5009185020986,497.000076162992,-119.09611385416));
#8219=CARTESIAN_POINT('Origin',(78.5009185020986,497.000076162992,-120.09611385416));
#8220=CARTESIAN_POINT('',(186.000499526144,497.000076162994,-119.09611385416));
#8221=CARTESIAN_POINT('',(106.750814219321,497.000076162992,-119.09611385416));
#8222=CARTESIAN_POINT('',(187.000499526144,497.000076162995,-120.09611385416));
#8223=CARTESIAN_POINT('Origin',(186.000499526144,497.000076162995,-120.09611385416));
#8224=CARTESIAN_POINT('',(187.000499526144,497.000076162994,-118.09611385416));
#8225=CARTESIAN_POINT('Origin',(136.750709014121,484.60007611829,-98.3431185523112));
#8226=CARTESIAN_POINT('',(130.301628805808,484.600076118294,-117.230088450379));
#8227=CARTESIAN_POINT('',(130.801628805808,484.600076118295,-119.096113854163));
#8228=CARTESIAN_POINT('Origin',(130.801628805808,484.600076118295,-118.096113854163));
#8229=CARTESIAN_POINT('',(135.000918502099,484.600076118294,-114.516952279225));
#8230=CARTESIAN_POINT('',(139.158827665131,484.600076118293,-112.116382304683));
#8231=CARTESIAN_POINT('',(138.000918502099,484.600076118294,-114.516952279225));
#8232=CARTESIAN_POINT('Origin',(136.500918502099,484.600076118295,-117.115028490578));
#8233=CARTESIAN_POINT('',(142.70020819839,484.600076118295,-117.230088450379));
#8234=CARTESIAN_POINT('',(137.996022475014,484.600076118294,-114.51412555667));
#8235=CARTESIAN_POINT('',(142.20020819839,484.600076118295,-119.096113854163));
#8236=CARTESIAN_POINT('Origin',(142.20020819839,484.600076118295,-118.096113854163));
#8237=CARTESIAN_POINT('',(111.62581375811,484.600076118295,-119.096113854163));
#8238=CARTESIAN_POINT('Origin',(136.750709014121,484.60007611829,-98.3431185523112));
#8239=CARTESIAN_POINT('',(105.301628805808,484.600076118294,-117.230088450379));
#8240=CARTESIAN_POINT('',(105.801628805808,484.600076118294,-119.096113854163));
#8241=CARTESIAN_POINT('Origin',(105.801628805808,484.600076118294,-118.096113854163));
#8242=CARTESIAN_POINT('',(110.000918502099,484.600076118293,-114.516952279225));
#8243=CARTESIAN_POINT('',(123.533827665131,484.600076118292,-106.70372353103));
#8244=CARTESIAN_POINT('',(113.000918502099,484.600076118293,-114.516952279225));
#8245=CARTESIAN_POINT('Origin',(111.500918502099,484.600076118294,-117.115028490578));
#8246=CARTESIAN_POINT('',(117.70020819839,484.600076118294,-117.230088450379));
#8247=CARTESIAN_POINT('',(122.371022475014,484.600076118295,-119.926784330322));
#8248=CARTESIAN_POINT('',(117.20020819839,484.600076118295,-119.096113854163));
#8249=CARTESIAN_POINT('Origin',(117.20020819839,484.600076118294,-118.096113854163));
#8250=CARTESIAN_POINT('',(111.62581375811,484.600076118295,-119.096113854163));
#8251=CARTESIAN_POINT('Origin',(84.750918502095,484.600076118288,-91.0960569270701));
#8252=CARTESIAN_POINT('',(80.0009185021039,484.600076118294,-117.497062095512));
#8253=CARTESIAN_POINT('',(80.0009185021043,484.600076118294,-118.695165612814));
#8254=CARTESIAN_POINT('',(80.0009185020951,484.600076118284,-77.0960284635259));
#8255=CARTESIAN_POINT('',(80.3016288058076,484.600076118294,-117.230088450379));
#8256=CARTESIAN_POINT('Origin',(80.8016288058076,484.600076118294,-118.096113854163));
#8257=CARTESIAN_POINT('',(85.0009185020988,484.600076118293,-114.516952279225));
#8258=CARTESIAN_POINT('',(89.9779410906831,484.600076118293,-111.643466947943));
#8259=CARTESIAN_POINT('',(88.0009185020988,484.600076118293,-114.516952279225));
#8260=CARTESIAN_POINT('Origin',(86.5009185020989,484.600076118294,-117.115028490578));
#8261=CARTESIAN_POINT('',(92.7002081983901,484.600076118294,-117.230088450379));
#8262=CARTESIAN_POINT('',(84.0610407616573,484.600076118293,-112.242262805207));
#8263=CARTESIAN_POINT('',(92.20020819839,484.600076118295,-119.096113854163));
#8264=CARTESIAN_POINT('Origin',(92.2002081983902,484.600076118295,-118.096113854163));
#8265=CARTESIAN_POINT('',(80.8016288058076,484.600076118295,-119.096113854163));
#8266=CARTESIAN_POINT('',(85.6259185020968,484.600076118295,-119.096113854163));
#8267=CARTESIAN_POINT('Origin',(80.8016288058076,484.600076118294,-118.096113854163));
#8268=CARTESIAN_POINT('Origin',(187.000499526144,497.000076162992,-110.559677984331));
#8269=CARTESIAN_POINT('',(187.000499526144,495.000076118297,-120.09611385416));
#8270=CARTESIAN_POINT('',(187.000499526144,497.000076162995,-120.09611385416));
#8271=CARTESIAN_POINT('',(187.000499526144,489.797414015104,-118.909638119637));
#8272=CARTESIAN_POINT('Origin',(187.000499526144,495.000076118292,-108.09611385416));
#8273=CARTESIAN_POINT('Origin',(187.000499526144,492.398745066701,-113.5028759869));
#8274=CARTESIAN_POINT('Origin',(186.000499526144,497.000076162995,-120.09611385416));
#8275=CARTESIAN_POINT('',(186.000499526144,495.000076118297,-119.09611385416));
#8276=CARTESIAN_POINT('',(186.000499526144,497.000076162994,-119.09611385416));
#8277=CARTESIAN_POINT('Origin',(186.000499526144,495.000076118297,-120.09611385416));
#8278=CARTESIAN_POINT('Origin',(123.116703657324,487.398745066694,-91.0167807200686));
#8279=CARTESIAN_POINT('',(161.000918502099,487.398745066701,-113.502875986901));
#8280=CARTESIAN_POINT('',(59.0009185020989,487.398745066698,-113.5028759869));
#8281=CARTESIAN_POINT('',(161.000918502099,487.398745066697,-100.168790288293));
#8282=CARTESIAN_POINT('Origin',(186.000499526144,492.398745066701,-113.5028759869));
#8283=CARTESIAN_POINT('',(186.000499526144,490.23096919037,-118.008511097514));
#8284=CARTESIAN_POINT('Origin',(186.000499526144,489.797414015104,-118.909638119637));
#8285=CARTESIAN_POINT('Origin',(186.000499526144,492.398745066701,-113.5028759869));
#8286=CARTESIAN_POINT('Origin',(161.000918502099,492.398745066701,-113.5028759869));
#8287=CARTESIAN_POINT('',(160.117615507848,486.86754760546,-113.5028759869));
#8288=CARTESIAN_POINT('',(161.000918502099,490.23096919037,-118.008511097514));
#8289=CARTESIAN_POINT('Ctrl Pts',(160.117615507848,486.867547605461,-113.502875986898));
#8290=CARTESIAN_POINT('Ctrl Pts',(160.185921719278,486.996248020014,-114.12154280232));
#8291=CARTESIAN_POINT('Ctrl Pts',(160.33231863476,487.328388154631,-115.124305758485));
#8292=CARTESIAN_POINT('Ctrl Pts',(160.641938874078,488.403845348443,-116.770930268067));
#8293=CARTESIAN_POINT('Ctrl Pts',(160.856704043715,489.434071201159,-117.624861758279));
#8294=CARTESIAN_POINT('Ctrl Pts',(160.999585175668,490.223619637598,-118.004964265607));
#8295=CARTESIAN_POINT('Ctrl Pts',(161.000251835436,490.227290354749,-118.006741115943));
#8296=CARTESIAN_POINT('Ctrl Pts',(161.000918502099,490.230969190374,-118.008511097516));
#8297=CARTESIAN_POINT('Origin',(161.000918502099,486.398745066701,-113.502875986902));
#8298=CARTESIAN_POINT('Origin',(161.000918502099,492.398745066701,-113.5028759869));
#8299=CARTESIAN_POINT('Origin',(161.000918502099,486.398745066697,-100.168790288293));
#8300=CARTESIAN_POINT('',(160.000918502099,486.398745066704,-110.745095571972));
#8301=CARTESIAN_POINT('Ctrl Pts',(160.000357912881,486.398813392969,-110.745074731075));
#8302=CARTESIAN_POINT('Ctrl Pts',(160.000411404549,486.436232107086,-111.109514507589));
#8303=CARTESIAN_POINT('Ctrl Pts',(160.007005168316,486.560234653201,-112.09120789548));
#8304=CARTESIAN_POINT('Ctrl Pts',(160.05012183623,486.740378152856,-112.995192579157));
#8305=CARTESIAN_POINT('Ctrl Pts',(160.117615507848,486.867547605461,-113.502875986898));
#8306=CARTESIAN_POINT('',(160.000918502099,486.398745066697,-100.168790288293));
#8307=CARTESIAN_POINT('Origin',(78.5009185020986,497.000076162992,-120.09611385416));
#8308=CARTESIAN_POINT('',(77.5009185020986,495.000076118295,-120.09611385416));
#8309=CARTESIAN_POINT('',(77.5009185020986,497.000076162992,-120.09611385416));
#8310=CARTESIAN_POINT('',(78.5009185020986,495.000076118294,-119.09611385416));
#8311=CARTESIAN_POINT('Origin',(78.5009185020986,495.000076118295,-120.09611385416));
#8312=CARTESIAN_POINT('',(78.5009185020986,497.000076162992,-119.09611385416));
#8313=CARTESIAN_POINT('Origin',(157.000918502099,477.000076162991,-109.32079985652));
#8314=CARTESIAN_POINT('',(160.000918502099,481.000076118292,-109.320799856519));
#8315=CARTESIAN_POINT('',(160.000918502099,485.819144143938,-109.320799856518));
#8316=CARTESIAN_POINT('',(160.000918502099,477.000076162991,-109.32079985652));
#8317=CARTESIAN_POINT('',(158.500918502099,484.752123552838,-111.918876067872));
#8318=CARTESIAN_POINT('Ctrl Pts',(158.500918502099,484.752123552838,-111.918876067872));
#8319=CARTESIAN_POINT('Ctrl Pts',(158.585879363901,484.757192952426,-111.869823891439));
#8320=CARTESIAN_POINT('Ctrl Pts',(158.668445565799,484.766783530943,-111.816592297783));
#8321=CARTESIAN_POINT('Ctrl Pts',(159.012521796918,484.826099496951,-111.570062917562));
#8322=CARTESIAN_POINT('Ctrl Pts',(159.23759237042,484.915435802886,-111.34372726362));
#8323=CARTESIAN_POINT('Ctrl Pts',(159.630277851424,485.166494720554,-110.80842638023));
#8324=CARTESIAN_POINT('Ctrl Pts',(159.781001231124,485.337438844288,-110.49682289697));
#8325=CARTESIAN_POINT('Ctrl Pts',(159.951014293789,485.652698439064,-109.925323476309));
#8326=CARTESIAN_POINT('Ctrl Pts',(159.980988253009,485.776300807164,-109.705557898274));
#8327=CARTESIAN_POINT('Ctrl Pts',(159.995170098051,485.82296650893,-109.508484698941));
#8328=CARTESIAN_POINT('Ctrl Pts',(159.996803661533,485.827705301566,-109.480431358995));
#8329=CARTESIAN_POINT('Ctrl Pts',(159.998747246537,485.830965465694,-109.43603092384));
#8330=CARTESIAN_POINT('Ctrl Pts',(159.999317547698,485.831293257437,-109.420095681552));
#8331=CARTESIAN_POINT('Ctrl Pts',(160.000164362106,485.830153749645,-109.389604962145));
#8332=CARTESIAN_POINT('Ctrl Pts',(160.000458838119,485.828861604558,-109.375240140414));
#8333=CARTESIAN_POINT('Ctrl Pts',(160.00083129834,485.824887192437,-109.347370715347));
#8334=CARTESIAN_POINT('Ctrl Pts',(160.000918502099,485.822312799926,-109.334027900579));
#8335=CARTESIAN_POINT('Ctrl Pts',(160.000918502099,485.819144143938,-109.320799856518));
#8336=CARTESIAN_POINT('',(158.500918502099,481.000076118293,-111.918876067872));
#8337=CARTESIAN_POINT('',(158.500918502099,477.000076162992,-111.918876067873));
#8338=CARTESIAN_POINT('Origin',(157.000918502099,481.000076118292,-109.320799856519));
#8339=CARTESIAN_POINT('Origin',(160.000918502099,477.000076162991,-109.32079985652));
#8340=CARTESIAN_POINT('',(160.000918502099,481.000076118292,-108.427599768718));
#8341=CARTESIAN_POINT('',(160.000918502099,482.199410614845,-108.427599768718));
#8342=CARTESIAN_POINT('Ctrl Pts',(160.000918502099,486.3987450667,-110.745095571901));
#8343=CARTESIAN_POINT('Ctrl Pts',(160.000918502099,486.396024423898,-110.740571758632));
#8344=CARTESIAN_POINT('Ctrl Pts',(160.000918502099,486.393311178258,-110.736043498254));
#8345=CARTESIAN_POINT('Ctrl Pts',(160.000918502099,486.341623331504,-110.649458820561));
#8346=CARTESIAN_POINT('Ctrl Pts',(160.000918502099,486.295071499427,-110.565965454334));
#8347=CARTESIAN_POINT('Ctrl Pts',(160.000918502099,486.060016773602,-110.113987633833));
#8348=CARTESIAN_POINT('Ctrl Pts',(160.000918502099,485.915594905381,-109.723448464323));
#8349=CARTESIAN_POINT('Ctrl Pts',(160.000918502099,485.819144143938,-109.320799856518));
#8350=CARTESIAN_POINT('',(160.000918502099,481.000076118289,-98.3511447419162));
#8351=CARTESIAN_POINT('Origin',(158.000918502099,482.199410614845,-108.427599768718));
#8352=CARTESIAN_POINT('',(158.819774667456,481.000076118291,-106.602914979376));
#8353=CARTESIAN_POINT('',(158.819774667456,482.199410614845,-106.602914979375));
#8354=CARTESIAN_POINT('Origin',(158.000918502099,481.000076118292,-108.427599768718));
#8355=CARTESIAN_POINT('Origin',(156.011920318149,487.398745066698,-105.342845920441));
#8356=CARTESIAN_POINT('',(156.011920318154,481.000076118291,-105.342845920432));
#8357=CARTESIAN_POINT('',(156.011920318149,487.398745066698,-105.342845920441));
#8358=CARTESIAN_POINT('',(156.011920318154,481.000076118291,-105.342845920432));
#8359=CARTESIAN_POINT('Origin',(99.0000014752161,483.50007611829,-100.000001475093));
#8360=CARTESIAN_POINT('',(105.000001564623,483.50007611829,-100.000001475093));
#8361=CARTESIAN_POINT('Origin',(99.0000014752161,483.50007611829,-100.000001475093));
#8362=CARTESIAN_POINT('Origin',(129.250001892449,484.00007611829,-100.500001415488));
#8363=CARTESIAN_POINT('',(130.750001892449,483.00007611829,-100.500001415488));
#8364=CARTESIAN_POINT('Origin',(129.250001892449,483.00007611829,-100.500001415488));
#8365=CARTESIAN_POINT('',(130.750001892449,484.00007611829,-100.500001415488));
#8366=CARTESIAN_POINT('Origin',(164.200501370991,477.000076162986,-87.0960083007078));
#8367=CARTESIAN_POINT('',(146.300207309096,485.683448475555,-78.1752787746401));
#8368=CARTESIAN_POINT('',(146.300207308429,481.000076118284,-78.1752787759794));
#8369=CARTESIAN_POINT('',(146.30020730843,477.000076162983,-78.1752787759805));
#8370=CARTESIAN_POINT('Ctrl Pts',(153.255879937264,486.108804840823,-70.3563785421982));
#8371=CARTESIAN_POINT('Ctrl Pts',(152.016874114964,485.670983502402,-71.1664591637464));
#8372=CARTESIAN_POINT('Ctrl Pts',(150.068382714391,485.061147562173,-72.7687781786252));
#8373=CARTESIAN_POINT('Ctrl Pts',(147.767966856238,484.921251362448,-75.5559568489706));
#8374=CARTESIAN_POINT('Ctrl Pts',(146.731984241544,485.328680712044,-77.3088772054275));
#8375=CARTESIAN_POINT('Ctrl Pts',(146.300207309096,485.683448475555,-78.1752787746401));
#8376=CARTESIAN_POINT('',(146.728743709365,481.000076118289,-96.8293338882401));
#8377=CARTESIAN_POINT('Origin',(164.20050137099,481.000076118286,-87.0960083007066));
#8378=CARTESIAN_POINT('',(146.728743709365,485.000076118292,-96.8293338882389));
#8379=CARTESIAN_POINT('',(146.728743709365,477.000076162988,-96.8293338882409));
#8380=CARTESIAN_POINT('',(144.310302292526,485.00007611829,-89.1888349534797));
#8381=CARTESIAN_POINT('Origin',(164.20050137099,485.00007611829,-87.0960083007058));
#8382=CARTESIAN_POINT('',(144.310302292526,481.000076118287,-89.1888349534807));
#8383=CARTESIAN_POINT('',(144.310302292527,477.000076162986,-89.1888349534817));
#8384=CARTESIAN_POINT('Origin',(164.20050137099,481.000076118286,-87.0960083007066));
#8385=CARTESIAN_POINT('Origin',(149.000918502099,481.000076118291,-105.748770449068));
#8386=CARTESIAN_POINT('',(133.440323141865,481.000076118283,-74.0959999999827));
#8387=CARTESIAN_POINT('',(133.18948616322,481.000076118283,-72.2615130384742));
#8388=CARTESIAN_POINT('Origin',(133.68948616322,481.000076118282,-73.1275384422588));
#8389=CARTESIAN_POINT('',(135.000918502099,481.000076118282,-71.2156820900038));
#8390=CARTESIAN_POINT('',(125.500918502099,481.000076118284,-76.7005096473053));
#8391=CARTESIAN_POINT('',(138.000918502099,481.000076118282,-71.2156820900038));
#8392=CARTESIAN_POINT('Origin',(136.500918502099,481.000076118283,-73.8137583013571));
#8393=CARTESIAN_POINT('',(145.51017777414,481.000076118284,-75.5511549521317));
#8394=CARTESIAN_POINT('',(136.500918502099,481.000076118282,-70.3496566862194));
#8395=CARTESIAN_POINT('Origin',(144.51017777414,481.000076118284,-77.2832057597006));
#8396=CARTESIAN_POINT('',(142.826772217358,481.000076118288,-92.1008351852038));
#8397=CARTESIAN_POINT('Origin',(141.326772217358,481.000076118287,-89.5027589738504));
#8398=CARTESIAN_POINT('',(139.440323141865,481.000076118288,-94.0560024705368));
#8399=CARTESIAN_POINT('',(147.500918502099,481.000076118287,-89.402215569477));
#8400=CARTESIAN_POINT('',(136.440323141865,481.000076118288,-92.3239516629679));
#8401=CARTESIAN_POINT('Origin',(138.440323141865,481.000076118288,-92.3239516629679));
#8402=CARTESIAN_POINT('',(136.440323141865,481.000076118284,-77.0959999999827));
#8403=CARTESIAN_POINT('',(136.440323141865,481.00007611829,-100.518562667891));
#8404=CARTESIAN_POINT('Origin',(133.440323141865,481.000076118284,-77.0959999999827));
#8405=CARTESIAN_POINT('Origin',(111.500918502099,481.000076118283,-73.742379627504));
#8406=CARTESIAN_POINT('',(108.016130673911,481.000076118284,-76.6710009536509));
#8407=CARTESIAN_POINT('',(107.016130673911,481.000076118283,-72.9389501460819));
#8408=CARTESIAN_POINT('Origin',(108.016130673911,481.000076118283,-74.6710009536509));
#8409=CARTESIAN_POINT('',(110.000918502099,481.000076118282,-71.2156820900039));
#8410=CARTESIAN_POINT('',(100.500918502099,481.000076118284,-76.7005096473053));
#8411=CARTESIAN_POINT('',(113.000918502099,481.000076118282,-71.2156820900038));
#8412=CARTESIAN_POINT('Origin',(111.500918502099,481.000076118283,-73.8137583013572));
#8413=CARTESIAN_POINT('',(115.985706330287,481.000076118283,-72.938950146082));
#8414=CARTESIAN_POINT('',(111.500918502099,481.000076118282,-70.3496566862194));
#8415=CARTESIAN_POINT('',(114.985706330287,481.000076118284,-76.6710009536509));
#8416=CARTESIAN_POINT('Origin',(114.985706330287,481.000076118283,-74.6710009536509));
#8417=CARTESIAN_POINT('',(85.0009185020988,481.000076118284,-76.6710009536509));
#8418=CARTESIAN_POINT('Origin',(136.500918502099,477.000076162982,-73.8137583013582));
#8419=CARTESIAN_POINT('',(138.000918502099,484.383872995816,-71.215682090003));
#8420=CARTESIAN_POINT('',(138.000918502099,477.000076162981,-71.2156820900049));
#8421=CARTESIAN_POINT('',(135.000918502099,484.383872995816,-71.215682090003));
#8422=CARTESIAN_POINT('',(135.000918502099,477.000076162981,-71.2156820900049));
#8423=CARTESIAN_POINT('Ctrl Pts',(138.000918502099,484.383872995816,-71.215682090003));
#8424=CARTESIAN_POINT('Ctrl Pts',(137.913348216277,484.397590255024,-71.1651233619106));
#8425=CARTESIAN_POINT('Ctrl Pts',(137.823177277194,484.41049935647,-71.1189660682697));
#8426=CARTESIAN_POINT('Ctrl Pts',(137.615208209806,484.437172677641,-71.0254974469961));
#8427=CARTESIAN_POINT('Ctrl Pts',(137.4963578161,484.450314167993,-70.9808732481335));
#8428=CARTESIAN_POINT('Ctrl Pts',(137.209155283698,484.476472531476,-70.8934165717111));
#8429=CARTESIAN_POINT('Ctrl Pts',(137.039228056545,484.48762726589,-70.8573411334044));
#8430=CARTESIAN_POINT('Ctrl Pts',(136.798035777938,484.496823375188,-70.8277037940547));
#8431=CARTESIAN_POINT('Ctrl Pts',(136.728982842768,484.498716255944,-70.8216365768828));
#8432=CARTESIAN_POINT('Ctrl Pts',(136.628002246842,484.500387715819,-70.8162825484276));
#8433=CARTESIAN_POINT('Ctrl Pts',(136.596221938258,484.50075610212,-70.8151038273276));
#8434=CARTESIAN_POINT('Ctrl Pts',(136.551949588202,484.501049101424,-70.8141664003166));
#8435=CARTESIAN_POINT('Ctrl Pts',(136.539471011901,484.501107351129,-70.8139800671883));
#8436=CARTESIAN_POINT('Ctrl Pts',(136.518300712381,484.501164871715,-70.8137960692427));
#8437=CARTESIAN_POINT('Ctrl Pts',(136.509609641272,484.501176679208,-70.8137583013563));
#8438=CARTESIAN_POINT('Ctrl Pts',(136.500918502099,484.501176679208,-70.8137583013563));
#8439=CARTESIAN_POINT('Ctrl Pts',(136.121974400758,484.501176679208,-70.8137583013563));
#8440=CARTESIAN_POINT('Ctrl Pts',(135.719440752667,484.476462557586,-70.8899151701102));
#8441=CARTESIAN_POINT('Ctrl Pts',(135.230097685757,484.417767197931,-71.0930936763006));
#8442=CARTESIAN_POINT('Ctrl Pts',(135.113032835842,484.401434904658,-71.1509528492367));
#8443=CARTESIAN_POINT('Ctrl Pts',(135.000918502099,484.383872995816,-71.215682090003));
#8444=CARTESIAN_POINT('Origin',(138.000918502099,477.000076162981,-71.2156820900049));
#8445=CARTESIAN_POINT('',(145.51017777414,484.096749833831,-75.551154952131));
#8446=CARTESIAN_POINT('Origin',(142.989775464133,495.000076118283,-74.0959999999792));
#8447=CARTESIAN_POINT('',(145.510177774141,477.000076162982,-75.5511549521328));
#8448=CARTESIAN_POINT('Origin',(144.510177774141,477.000076162983,-77.2832057597017));
#8449=CARTESIAN_POINT('',(146.280454044456,484.234018974542,-76.3525490417003));
#8450=CARTESIAN_POINT('Ctrl Pts',(146.300207308429,485.683448476104,-78.1752787759798));
#8451=CARTESIAN_POINT('Ctrl Pts',(146.301100333872,485.681137793514,-78.1734868353098));
#8452=CARTESIAN_POINT('Ctrl Pts',(146.301990912975,485.678827579146,-78.1716930631785));
#8453=CARTESIAN_POINT('Ctrl Pts',(146.434049820744,485.335384413867,-77.9046981541239));
#8454=CARTESIAN_POINT('Ctrl Pts',(146.504869413877,485.023565800589,-77.613702242112));
#8455=CARTESIAN_POINT('Ctrl Pts',(146.513212634961,484.609517574328,-77.1208618806406));
#8456=CARTESIAN_POINT('Ctrl Pts',(146.487658188746,484.479040751085,-76.9308772668327));
#8457=CARTESIAN_POINT('Ctrl Pts',(146.402007444052,484.316123331757,-76.6202036986025));
#8458=CARTESIAN_POINT('Ctrl Pts',(146.350106794644,484.261789103467,-76.4850410856897));
#8459=CARTESIAN_POINT('Ctrl Pts',(146.280454044456,484.234018974542,-76.3525490417003));
#8460=CARTESIAN_POINT('Ctrl Pts',(145.510177774141,484.096749833831,-75.5511549521313));
#8461=CARTESIAN_POINT('Ctrl Pts',(145.663031459607,484.108527670303,-75.6394050685818));
#8462=CARTESIAN_POINT('Ctrl Pts',(145.801883197088,484.124068302388,-75.7472370194752));
#8463=CARTESIAN_POINT('Ctrl Pts',(146.059611383238,484.165788726311,-76.0033519166888));
#8464=CARTESIAN_POINT('Ctrl Pts',(146.184505840602,484.195765007771,-76.1700383208543));
#8465=CARTESIAN_POINT('Ctrl Pts',(146.280454044456,484.234018974542,-76.3525490417003));
#8466=CARTESIAN_POINT('Ctrl Pts',(152.708648826436,485.219677713077,-69.06173669385));
#8467=CARTESIAN_POINT('Ctrl Pts',(151.40769270859,484.738074240814,-69.9973798149251));
#8468=CARTESIAN_POINT('Ctrl Pts',(149.361776731021,484.067254706562,-71.8480582834134));
#8469=CARTESIAN_POINT('Ctrl Pts',(146.946340071377,483.913368886841,-75.0672496591009));
#8470=CARTESIAN_POINT('Ctrl Pts',(145.858558322039,484.361541171651,-77.0918726782739));
#8471=CARTESIAN_POINT('Ctrl Pts',(145.405192541284,484.751785711886,-78.0925664946266));
#8472=CARTESIAN_POINT('Ctrl Pts',(152.819453124038,485.150715877697,-69.1957134415404));
#8473=CARTESIAN_POINT('Ctrl Pts',(151.521091512837,484.688108036194,-70.12608277558));
#8474=CARTESIAN_POINT('Ctrl Pts',(149.477362541654,484.047163240569,-71.9627398837026));
#8475=CARTESIAN_POINT('Ctrl Pts',(147.064632463749,483.923165390767,-75.1504729540235));
#8476=CARTESIAN_POINT('Ctrl Pts',(145.978924542499,484.379966613873,-77.1543208599052));
#8477=CARTESIAN_POINT('Ctrl Pts',(145.526819402089,484.772303134324,-78.1451787816553));
#8478=CARTESIAN_POINT('Ctrl Pts',(153.04027753542,485.109177060049,-69.512079703819));
#8479=CARTESIAN_POINT('Ctrl Pts',(151.747170863119,484.679333083438,-70.4177126349308));
#8480=CARTESIAN_POINT('Ctrl Pts',(149.70802526072,484.08709060412,-72.2058280609856));
#8481=CARTESIAN_POINT('Ctrl Pts',(147.300835345951,484.005912037718,-75.3098833038186));
#8482=CARTESIAN_POINT('Ctrl Pts',(146.21936585341,484.471677795088,-77.2634299805497));
#8483=CARTESIAN_POINT('Ctrl Pts',(145.769793527687,484.86437742839,-78.2303599605759));
#8484=CARTESIAN_POINT('Ctrl Pts',(153.310001796033,485.392809834237,-70.0706130663781));
#8485=CARTESIAN_POINT('Ctrl Pts',(152.034605875443,484.983242638506,-70.9128711628949));
#8486=CARTESIAN_POINT('Ctrl Pts',(150.019544525345,484.417446023263,-72.5869281390643));
#8487=CARTESIAN_POINT('Ctrl Pts',(147.639640523773,484.344227581682,-75.5172747473195));
#8488=CARTESIAN_POINT('Ctrl Pts',(146.57130609057,484.796885136406,-77.3688834498886));
#8489=CARTESIAN_POINT('Ctrl Pts',(146.127834667053,485.177809724564,-78.2865616853453));
#8490=CARTESIAN_POINT('Ctrl Pts',(153.31954585286,485.838756853092,-70.3147528100591));
#8491=CARTESIAN_POINT('Ctrl Pts',(152.066917439677,485.412066871678,-71.1263497595887));
#8492=CARTESIAN_POINT('Ctrl Pts',(150.091731471027,484.819037196014,-72.7410925534299));
#8493=CARTESIAN_POINT('Ctrl Pts',(147.756903167055,484.704586157753,-75.5666573850514));
#8494=CARTESIAN_POINT('Ctrl Pts',(146.707289703847,485.12891087642,-77.3513471249696));
#8495=CARTESIAN_POINT('Ctrl Pts',(146.270641788417,485.493537837475,-78.2346048098947));
#8496=CARTESIAN_POINT('Ctrl Pts',(153.255879937264,486.108804840823,-70.3563785421982));
#8497=CARTESIAN_POINT('Ctrl Pts',(152.016874114964,485.670983502402,-71.1664591637464));
#8498=CARTESIAN_POINT('Ctrl Pts',(150.068382714391,485.061147562173,-72.7687781786252));
#8499=CARTESIAN_POINT('Ctrl Pts',(147.767966855899,484.921251362427,-75.5559568493811));
#8500=CARTESIAN_POINT('Ctrl Pts',(146.73198424101,485.328680712254,-77.3088772063311));
#8501=CARTESIAN_POINT('Ctrl Pts',(146.300207308429,485.683448476104,-78.1752787759798));
#8502=CARTESIAN_POINT('Ctrl Pts',(146.281003967473,484.234557633831,-76.3527415430119));
#8503=CARTESIAN_POINT('Ctrl Pts',(146.513356274637,484.146865632871,-75.9343538060729));
#8504=CARTESIAN_POINT('Ctrl Pts',(147.346193372279,483.938843267522,-74.5343421648539));
#8505=CARTESIAN_POINT('Ctrl Pts',(149.361776731021,484.067254706562,-71.8480582834134));
#8506=CARTESIAN_POINT('Ctrl Pts',(151.40769270859,484.738074240814,-69.9973798149251));
#8507=CARTESIAN_POINT('Ctrl Pts',(152.708648826436,485.219677713077,-69.06173669385));
#8508=CARTESIAN_POINT('Origin',(31.5009185020988,484.330550585331,-68.6040763932929));
#8509=CARTESIAN_POINT('',(144.200499516133,485.219677713077,-69.06173669385));
#8510=CARTESIAN_POINT('',(31.5009185020988,485.219677713077,-69.0617366938501));
#8511=CARTESIAN_POINT('Origin',(144.200499516133,484.330550585331,-68.6040763932928));
#8512=CARTESIAN_POINT('Ctrl Pts',(144.200499516133,485.219677713077,-69.06173669385));
#8513=CARTESIAN_POINT('Ctrl Pts',(143.497319248836,485.219677713077,-69.06173669385));
#8514=CARTESIAN_POINT('Ctrl Pts',(142.448798645337,485.350163697526,-68.7929227838455));
#8515=CARTESIAN_POINT('Ctrl Pts',(141.120790695464,485.911172886074,-67.8638359245867));
#8516=CARTESIAN_POINT('Ctrl Pts',(140.333661390918,486.805596880129,-66.6734105844338));
#8517=CARTESIAN_POINT('Ctrl Pts',(140.200499516133,487.760147756968,-65.7894409552302));
#8518=CARTESIAN_POINT('Ctrl Pts',(140.200499516133,488.270007945635,-65.3950700271826));
#8519=CARTESIAN_POINT('Ctrl Pts',(144.200499516133,485.308862990593,-68.8884705190498));
#8520=CARTESIAN_POINT('Ctrl Pts',(143.535872532286,485.308862990593,-68.8884705190498));
#8521=CARTESIAN_POINT('Ctrl Pts',(142.545172369801,485.436086713789,-68.6395318432773));
#8522=CARTESIAN_POINT('Ctrl Pts',(141.279060388566,485.975895116126,-67.7739912227233));
#8523=CARTESIAN_POINT('Ctrl Pts',(140.506886934775,486.835474115199,-66.6468544769963));
#8524=CARTESIAN_POINT('Ctrl Pts',(140.358211835131,487.76796105544,-65.7834329719403));
#8525=CARTESIAN_POINT('Ctrl Pts',(140.350099166304,488.270007945635,-65.3950700271826));
#8526=CARTESIAN_POINT('Ctrl Pts',(144.200499516133,485.382456515792,-68.4896227146658));
#8527=CARTESIAN_POINT('Ctrl Pts',(143.612771100441,485.382456515792,-68.4896227146658));
#8528=CARTESIAN_POINT('Ctrl Pts',(142.737356397414,485.505223111086,-68.2775547696018));
#8529=CARTESIAN_POINT('Ctrl Pts',(141.594773524518,486.015422698606,-67.5330852893013));
#8530=CARTESIAN_POINT('Ctrl Pts',(140.852606417758,486.827270812856,-66.5305808110432));
#8531=CARTESIAN_POINT('Ctrl Pts',(140.673090561133,487.733888452737,-65.7137861971303));
#8532=CARTESIAN_POINT('Ctrl Pts',(140.648835535939,488.228166269657,-65.3409752567755));
#8533=CARTESIAN_POINT('Ctrl Pts',(144.200499516133,485.104801144887,-67.8326640746712));
#8534=CARTESIAN_POINT('Ctrl Pts',(143.703005131337,485.104801144887,-67.8326640746712));
#8535=CARTESIAN_POINT('Ctrl Pts',(142.962665604008,485.230563235852,-67.6532584270915));
#8536=CARTESIAN_POINT('Ctrl Pts',(141.976828206466,485.751706140917,-67.0220316966878));
#8537=CARTESIAN_POINT('Ctrl Pts',(141.299369743389,486.582065117814,-66.1547275863001));
#8538=CARTESIAN_POINT('Ctrl Pts',(141.105276720539,487.514501494632,-65.4170048526482));
#8539=CARTESIAN_POINT('Ctrl Pts',(141.069254683964,488.023422944222,-65.0762740247351));
#8540=CARTESIAN_POINT('Ctrl Pts',(144.200499516133,484.622858911204,-67.6040763932928));
#8541=CARTESIAN_POINT('Ctrl Pts',(143.700224439027,484.622858911204,-67.6040763932928));
#8542=CARTESIAN_POINT('Ctrl Pts',(142.954596437654,484.7591159114,-67.4059220092122));
#8543=CARTESIAN_POINT('Ctrl Pts',(141.987131429306,485.336466629344,-66.7214856555763));
#8544=CARTESIAN_POINT('Ctrl Pts',(141.367056411475,486.256895541811,-65.8197005598034));
#8545=CARTESIAN_POINT('Ctrl Pts',(141.219856653532,487.25715960879,-65.105737350349));
#8546=CARTESIAN_POINT('Ctrl Pts',(141.200499516133,487.795476635974,-64.7815749496682));
#8547=CARTESIAN_POINT('Ctrl Pts',(144.200499516133,484.330550585331,-67.6040763932929));
#8548=CARTESIAN_POINT('Ctrl Pts',(143.673114315661,484.330550585331,-67.6040763932929));
#8549=CARTESIAN_POINT('Ctrl Pts',(142.886723863036,484.472898932003,-67.3841377396527));
#8550=CARTESIAN_POINT('Ctrl Pts',(141.890717900632,485.084908955873,-66.6239757638954));
#8551=CARTESIAN_POINT('Ctrl Pts',(141.300370922222,486.060644222115,-65.6499913946793));
#8552=CARTESIAN_POINT('Ctrl Pts',(141.200499516133,487.101972451394,-64.9267435162398));
#8553=CARTESIAN_POINT('Ctrl Pts',(141.200499516133,487.658183566303,-64.604076393292));
#8554=CARTESIAN_POINT('',(140.200499516133,488.270007945635,-65.3950700271826));
#8555=CARTESIAN_POINT('Origin',(140.200499516133,487.658183566303,-64.604076393292));
#8556=CARTESIAN_POINT('Ctrl Pts',(144.200499516133,485.219677713077,-69.06173669385));
#8557=CARTESIAN_POINT('Ctrl Pts',(143.497319248836,485.219677713077,-69.06173669385));
#8558=CARTESIAN_POINT('Ctrl Pts',(142.448798645337,485.350163697526,-68.7929227838455));
#8559=CARTESIAN_POINT('Ctrl Pts',(141.120790695464,485.911172886074,-67.8638359245867));
#8560=CARTESIAN_POINT('Ctrl Pts',(140.333661390918,486.805596880129,-66.6734105844338));
#8561=CARTESIAN_POINT('Ctrl Pts',(140.200499516133,487.760147756968,-65.7894409552302));
#8562=CARTESIAN_POINT('Ctrl Pts',(140.200499516133,488.270007945635,-65.3950700271826));
#8563=CARTESIAN_POINT('Origin',(140.200499516133,495.000076118283,-74.0959999999792));
#8564=CARTESIAN_POINT('Origin',(140.200499516133,495.000076118283,-74.0959999999792));
#8565=CARTESIAN_POINT('Origin',(133.000918502099,488.500076259839,-65.0959999999792));
#8566=CARTESIAN_POINT('',(133.000918502099,495.000076118283,-63.0959999999792));
#8567=CARTESIAN_POINT('',(133.000918502099,484.00007611828,-63.0959999999774));
#8568=CARTESIAN_POINT('',(135.000918502099,488.675520797946,-65.0959999999792));
#8569=CARTESIAN_POINT('Ctrl Pts',(133.000918502099,495.000076118284,-63.0959999999792));
#8570=CARTESIAN_POINT('Ctrl Pts',(133.445560070201,493.957299209033,-63.0959999999792));
#8571=CARTESIAN_POINT('Ctrl Pts',(133.930573469825,492.82921178292,-63.2522210816813));
#8572=CARTESIAN_POINT('Ctrl Pts',(134.703716802549,490.651010323782,-63.9281033278036));
#8573=CARTESIAN_POINT('Ctrl Pts',(135.000918502099,489.603026447528,-64.4442154676789));
#8574=CARTESIAN_POINT('Ctrl Pts',(135.000918502099,488.675520797947,-65.0959999999792));
#8575=CARTESIAN_POINT('',(135.000918502099,484.000076118281,-65.0959999999774));
#8576=CARTESIAN_POINT('Origin',(135.000918502099,477.000076162979,-63.0959999999843));
#8577=CARTESIAN_POINT('',(135.000918502099,487.53210270073,-66.0195296672956));
#8578=CARTESIAN_POINT('Origin',(135.000918502099,495.000076118283,-74.0959999999792));
#8579=CARTESIAN_POINT('',(135.000918502099,484.000076118281,-66.0195296672965));
#8580=CARTESIAN_POINT('Origin',(132.000918502099,477.000076162979,-66.0195296672983));
#8581=CARTESIAN_POINT('',(133.500918502099,485.461355142629,-68.6176058786494));
#8582=CARTESIAN_POINT('',(133.500918502099,484.000076118282,-68.6176058786498));
#8583=CARTESIAN_POINT('Ctrl Pts',(133.500918502099,485.46135514263,-68.6176058786494));
#8584=CARTESIAN_POINT('Ctrl Pts',(133.655425217855,485.512588151375,-68.5284013847162));
#8585=CARTESIAN_POINT('Ctrl Pts',(133.797459534802,485.572142384624,-68.4277243388366));
#8586=CARTESIAN_POINT('Ctrl Pts',(134.240126999029,485.800018570336,-68.0581714388237));
#8587=CARTESIAN_POINT('Ctrl Pts',(134.499786395317,486.022557732608,-67.7245024378688));
#8588=CARTESIAN_POINT('Ctrl Pts',(134.851949291759,486.557543882235,-67.0309118225275));
#8589=CARTESIAN_POINT('Ctrl Pts',(134.94604129366,486.870771996217,-66.6724011042994));
#8590=CARTESIAN_POINT('Ctrl Pts',(134.994959032538,487.296872238389,-66.2418644132977));
#8591=CARTESIAN_POINT('Ctrl Pts',(135.000918502099,487.413696820121,-66.1290146195638));
#8592=CARTESIAN_POINT('Ctrl Pts',(135.000918502099,487.532102700731,-66.0195296672955));
#8593=CARTESIAN_POINT('Origin',(133.500918502099,477.00007616298,-68.6176058786516));
#8594=CARTESIAN_POINT('',(125.500918502099,484.033713838618,-73.2364080321668));
#8595=CARTESIAN_POINT('Origin',(124.012061540065,495.000076118283,-74.0959999999792));
#8596=CARTESIAN_POINT('',(125.500918502099,484.000076118283,-73.2364080321668));
#8597=CARTESIAN_POINT('Origin',(124.000918502099,477.00007616298,-70.6383318208153));
#8598=CARTESIAN_POINT('',(122.500918502099,484.033713838618,-73.2364080321668));
#8599=CARTESIAN_POINT('Ctrl Pts',(122.500918502099,484.033713838618,-73.2364080321668));
#8600=CARTESIAN_POINT('Ctrl Pts',(122.614115937764,484.028591058432,-73.3017626021193));
#8601=CARTESIAN_POINT('Ctrl Pts',(122.732306198787,484.024605349616,-73.3600795294047));
#8602=CARTESIAN_POINT('Ctrl Pts',(123.222936822076,484.011925367994,-73.5631127089662));
#8603=CARTESIAN_POINT('Ctrl Pts',(123.624463490947,484.009601158675,-73.6383318208135));
#8604=CARTESIAN_POINT('Ctrl Pts',(124.378035369095,484.009601158675,-73.6383318208135));
#8605=CARTESIAN_POINT('Ctrl Pts',(124.780222408542,484.011931211268,-73.5628499621327));
#8606=CARTESIAN_POINT('Ctrl Pts',(125.270709696602,484.024645171551,-73.3594977624416));
#8607=CARTESIAN_POINT('Ctrl Pts',(125.388281966241,484.028616442103,-73.3014387664647));
#8608=CARTESIAN_POINT('Ctrl Pts',(125.500918502099,484.033713838618,-73.2364080321668));
#8609=CARTESIAN_POINT('',(122.500918502099,484.000076118283,-73.2364080321668));
#8610=CARTESIAN_POINT('Origin',(122.500918502099,477.000076162981,-73.2364080321686));
#8611=CARTESIAN_POINT('',(114.500918502099,485.461355142629,-68.6176058786494));
#8612=CARTESIAN_POINT('Origin',(123.989775464133,495.000076118283,-74.0959999999792));
#8613=CARTESIAN_POINT('',(114.500918502099,484.000076118282,-68.6176058786498));
#8614=CARTESIAN_POINT('Origin',(116.000918502099,477.000076162979,-66.0195296672983));
#8615=CARTESIAN_POINT('',(113.000918502099,487.53210270073,-66.0195296672956));
#8616=CARTESIAN_POINT('Ctrl Pts',(113.000918502099,487.53210270073,-66.0195296672956));
#8617=CARTESIAN_POINT('Ctrl Pts',(113.000918502099,487.413696820121,-66.1290146195639));
#8618=CARTESIAN_POINT('Ctrl Pts',(113.006877971659,487.296872238389,-66.2418644132977));
#8619=CARTESIAN_POINT('Ctrl Pts',(113.055795710537,486.870771996217,-66.6724011042994));
#8620=CARTESIAN_POINT('Ctrl Pts',(113.149887712439,486.557543882235,-67.0309118225275));
#8621=CARTESIAN_POINT('Ctrl Pts',(113.50205060888,486.022557732608,-67.7245024378688));
#8622=CARTESIAN_POINT('Ctrl Pts',(113.761710005169,485.800018570336,-68.0581714388237));
#8623=CARTESIAN_POINT('Ctrl Pts',(114.204377469395,485.572142384623,-68.4277243388366));
#8624=CARTESIAN_POINT('Ctrl Pts',(114.346411786343,485.512588151374,-68.5284013847162));
#8625=CARTESIAN_POINT('Ctrl Pts',(114.500918502099,485.461355142629,-68.6176058786494));
#8626=CARTESIAN_POINT('',(113.000918502099,484.000076118281,-66.0195296672965));
#8627=CARTESIAN_POINT('Origin',(113.000918502099,477.000076162979,-66.0195296672983));
#8628=CARTESIAN_POINT('',(113.000918502099,488.675520797946,-65.0959999999792));
#8629=CARTESIAN_POINT('Origin',(113.000918502099,495.000076118283,-74.0959999999792));
#8630=CARTESIAN_POINT('',(113.000918502099,484.000076118281,-65.0959999999774));
#8631=CARTESIAN_POINT('Origin',(115.000918502099,488.500076259839,-65.0959999999792));
#8632=CARTESIAN_POINT('',(115.000918502099,495.000076118283,-63.0959999999792));
#8633=CARTESIAN_POINT('Ctrl Pts',(113.000918502099,488.675520797946,-65.0959999999792));
#8634=CARTESIAN_POINT('Ctrl Pts',(113.000918502099,489.087437293321,-64.8065345930505));
#8635=CARTESIAN_POINT('Ctrl Pts',(113.066222931759,489.553942451265,-64.5237411518264));
#8636=CARTESIAN_POINT('Ctrl Pts',(113.282607705002,490.51245790756,-64.0386747050212));
#8637=CARTESIAN_POINT('Ctrl Pts',(113.432404331881,491.00459831095,-63.8360870454511));
#8638=CARTESIAN_POINT('Ctrl Pts',(113.772994682844,492.006068666964,-63.4954966944882));
#8639=CARTESIAN_POINT('Ctrl Pts',(114.005631410938,492.611295122861,-63.3408099805712));
#8640=CARTESIAN_POINT('Ctrl Pts',(114.500917184983,493.8285444297,-63.1411883244974));
#8641=CARTESIAN_POINT('Ctrl Pts',(114.762508765375,494.44095572507,-63.0959999999792));
#8642=CARTESIAN_POINT('Ctrl Pts',(115.000918502099,495.000076118283,-63.0959999999792));
#8643=CARTESIAN_POINT('',(115.000918502099,488.500076259839,-63.0959999999792));
#8644=CARTESIAN_POINT('Origin',(108.000918502099,488.500076259838,-65.0959999999792));
#8645=CARTESIAN_POINT('',(108.000918502099,495.000076118283,-63.0959999999792));
#8646=CARTESIAN_POINT('',(108.000918502099,484.00007611828,-63.0959999999825));
#8647=CARTESIAN_POINT('',(110.000918502099,488.675520797946,-65.0959999999792));
#8648=CARTESIAN_POINT('Ctrl Pts',(108.000918502099,495.000076118283,-63.0959999999792));
#8649=CARTESIAN_POINT('Ctrl Pts',(108.445560070201,493.957299209032,-63.0959999999792));
#8650=CARTESIAN_POINT('Ctrl Pts',(108.930573469825,492.829211782919,-63.2522210816813));
#8651=CARTESIAN_POINT('Ctrl Pts',(109.703716802549,490.651010323781,-63.9281033278036));
#8652=CARTESIAN_POINT('Ctrl Pts',(110.000918502099,489.603026447528,-64.4442154676788));
#8653=CARTESIAN_POINT('Ctrl Pts',(110.000918502099,488.675520797946,-65.0959999999791));
#8654=CARTESIAN_POINT('',(110.000918502099,484.000076118281,-65.0959999999774));
#8655=CARTESIAN_POINT('Origin',(110.000918502099,477.000076162978,-63.0959999999843));
#8656=CARTESIAN_POINT('',(110.000918502099,487.53210270073,-66.0195296672956));
#8657=CARTESIAN_POINT('Origin',(110.000918502099,495.000076118283,-74.0959999999792));
#8658=CARTESIAN_POINT('',(110.000918502099,484.000076118281,-66.0195296672965));
#8659=CARTESIAN_POINT('Origin',(107.000918502099,477.000076162979,-66.0195296672983));
#8660=CARTESIAN_POINT('',(108.500918502099,485.461355142629,-68.6176058786494));
#8661=CARTESIAN_POINT('Ctrl Pts',(108.500918502099,485.461355142629,-68.6176058786494));
#8662=CARTESIAN_POINT('Ctrl Pts',(108.655425217855,485.512588151374,-68.5284013847162));
#8663=CARTESIAN_POINT('Ctrl Pts',(108.797459534802,485.572142384623,-68.4277243388366));
#8664=CARTESIAN_POINT('Ctrl Pts',(109.240126999029,485.800018570336,-68.0581714388237));
#8665=CARTESIAN_POINT('Ctrl Pts',(109.499786395317,486.022557732608,-67.7245024378688));
#8666=CARTESIAN_POINT('Ctrl Pts',(109.851949291759,486.557543882235,-67.0309118225275));
#8667=CARTESIAN_POINT('Ctrl Pts',(109.94604129366,486.870771996217,-66.6724011042994));
#8668=CARTESIAN_POINT('Ctrl Pts',(109.994959032538,487.296872238389,-66.2418644132977));
#8669=CARTESIAN_POINT('Ctrl Pts',(110.000918502099,487.413696820121,-66.1290146195638));
#8670=CARTESIAN_POINT('Ctrl Pts',(110.000918502099,487.53210270073,-66.0195296672956));
#8671=CARTESIAN_POINT('',(108.500918502099,484.000076118282,-68.6176058786498));
#8672=CARTESIAN_POINT('Origin',(108.500918502099,477.00007616298,-68.6176058786516));
#8673=CARTESIAN_POINT('',(100.500918502099,484.033713838618,-73.2364080321668));
#8674=CARTESIAN_POINT('Origin',(99.0120615400647,495.000076118283,-74.0959999999792));
#8675=CARTESIAN_POINT('',(100.500918502099,484.000076118283,-73.2364080321668));
#8676=CARTESIAN_POINT('Origin',(99.0009185020991,477.00007616298,-70.6383318208153));
#8677=CARTESIAN_POINT('',(97.5009185020989,484.033713838618,-73.2364080321668));
#8678=CARTESIAN_POINT('Ctrl Pts',(97.5009185020989,484.033713838618,-73.2364080321668));
#8679=CARTESIAN_POINT('Ctrl Pts',(97.6135550379563,484.028616442103,-73.3014387664647));
#8680=CARTESIAN_POINT('Ctrl Pts',(97.7311273075954,484.024645171551,-73.3594977624416));
#8681=CARTESIAN_POINT('Ctrl Pts',(98.2216145956553,484.011931211268,-73.5628499621327));
#8682=CARTESIAN_POINT('Ctrl Pts',(98.623801635103,484.009601158675,-73.6383318208135));
#8683=CARTESIAN_POINT('Ctrl Pts',(99.3773735132507,484.009601158675,-73.6383318208135));
#8684=CARTESIAN_POINT('Ctrl Pts',(99.7789001821214,484.011925367994,-73.5631127089663));
#8685=CARTESIAN_POINT('Ctrl Pts',(100.26953080541,484.024605349616,-73.3600795294047));
#8686=CARTESIAN_POINT('Ctrl Pts',(100.387721066434,484.028591058432,-73.3017626021194));
#8687=CARTESIAN_POINT('Ctrl Pts',(100.500918502099,484.033713838618,-73.2364080321668));
#8688=CARTESIAN_POINT('',(97.5009185020989,484.000076118283,-73.2364080321668));
#8689=CARTESIAN_POINT('Origin',(97.5009185020991,477.000076162981,-73.2364080321686));
#8690=CARTESIAN_POINT('',(89.8787092736345,485.33935715138,-68.8357234822929));
#8691=CARTESIAN_POINT('Origin',(98.9897754641326,495.000076118283,-74.0959999999792));
#8692=CARTESIAN_POINT('Ctrl Pts',(89.5009185020988,484.322040502273,-68.6176058786497));
#8693=CARTESIAN_POINT('Ctrl Pts',(89.5031085988499,484.326467172858,-68.6188703315985));
#8694=CARTESIAN_POINT('Ctrl Pts',(89.5052921970758,484.330898138402,-68.6201310326221));
#8695=CARTESIAN_POINT('Ctrl Pts',(89.6377657286759,484.600773965329,-68.6966146617518));
#8696=CARTESIAN_POINT('Ctrl Pts',(89.7454159460144,484.882731891663,-68.758766543699));
#8697=CARTESIAN_POINT('Ctrl Pts',(89.8478435618577,485.226790863947,-68.8179031552785));
#8698=CARTESIAN_POINT('Ctrl Pts',(89.8636655931553,485.282915838753,-68.8270380093187));
#8699=CARTESIAN_POINT('Ctrl Pts',(89.8787092736345,485.33935715138,-68.8357234822929));
#8700=CARTESIAN_POINT('Ctrl Pts',(89.1510919234582,485.594166906759,-69.5766153490965));
#8701=CARTESIAN_POINT('Ctrl Pts',(88.9349064396985,485.186651968928,-69.4864174241132));
#8702=CARTESIAN_POINT('Ctrl Pts',(88.6212031284546,484.840289622803,-69.3197965169314));
#8703=CARTESIAN_POINT('Ctrl Pts',(88.3009184544233,484.60007612722,-69.0195296226006));
#8704=CARTESIAN_POINT('Ctrl Pts',(89.1606843212586,485.612248811821,-69.4457589078569));
#8705=CARTESIAN_POINT('Ctrl Pts',(88.952588485861,485.213297401045,-69.3542503710496));
#8706=CARTESIAN_POINT('Ctrl Pts',(88.65661440051,484.878743259468,-69.1891346305673));
#8707=CARTESIAN_POINT('Ctrl Pts',(88.3579264753925,484.642832141178,-68.9007629207021));
#8708=CARTESIAN_POINT('Ctrl Pts',(89.2434134564692,485.61455203389,-69.1848959844818));
#8709=CARTESIAN_POINT('Ctrl Pts',(89.0492522413619,485.221233606832,-69.0908111648678));
#8710=CARTESIAN_POINT('Ctrl Pts',(88.7829273672246,484.898618678181,-68.9287616090462));
#8711=CARTESIAN_POINT('Ctrl Pts',(88.5188379975194,484.664925812297,-68.6641205641221));
#8712=CARTESIAN_POINT('Ctrl Pts',(89.5703756196183,485.500140366976,-68.851462453633));
#8713=CARTESIAN_POINT('Ctrl Pts',(89.38454166866,485.074383594931,-68.7596510887979));
#8714=CARTESIAN_POINT('Ctrl Pts',(89.1331764580954,484.725589244212,-68.6071816087584));
#8715=CARTESIAN_POINT('Ctrl Pts',(88.8823401994323,484.472629737085,-68.3717470409244));
#8716=CARTESIAN_POINT('Ctrl Pts',(89.8866159512174,485.339664492821,-68.8102994613577));
#8717=CARTESIAN_POINT('Ctrl Pts',(89.686541731779,484.86190403266,-68.7294424564061));
#8718=CARTESIAN_POINT('Ctrl Pts',(89.4030578971765,484.460610781938,-68.5890164849604));
#8719=CARTESIAN_POINT('Ctrl Pts',(89.1154064325953,484.178226176437,-68.3553956125146));
#8720=CARTESIAN_POINT('Ctrl Pts',(90.0510919234582,485.242689592704,-68.8651982127364));
#8721=CARTESIAN_POINT('Ctrl Pts',(89.8349064396985,484.733295920415,-68.7930398727498));
#8722=CARTESIAN_POINT('Ctrl Pts',(89.5212031284545,484.300342987759,-68.6597431470045));
#8723=CARTESIAN_POINT('Ctrl Pts',(89.2009184544233,484.000076118281,-68.4195296315398));
#8724=CARTESIAN_POINT('',(89.4221341026862,485.309420251732,-68.8910803199));
#8725=CARTESIAN_POINT('Ctrl Pts',(88.5789672189084,484.836349394051,-69.2511276397579));
#8726=CARTESIAN_POINT('Ctrl Pts',(88.5799470763667,484.837290451658,-69.2506588592013));
#8727=CARTESIAN_POINT('Ctrl Pts',(88.5809278078621,484.838230424469,-69.2501897190541));
#8728=CARTESIAN_POINT('Ctrl Pts',(88.6559158924681,484.909955600563,-69.2143230780172));
#8729=CARTESIAN_POINT('Ctrl Pts',(88.7358682714783,484.975544023842,-69.1763210988888));
#8730=CARTESIAN_POINT('Ctrl Pts',(88.909230384039,485.098728325751,-69.0955681363123));
#8731=CARTESIAN_POINT('Ctrl Pts',(89.0074665914745,485.157840676573,-69.0507106188008));
#8732=CARTESIAN_POINT('Ctrl Pts',(89.2052780851316,485.25170057886,-68.9673228439599));
#8733=CARTESIAN_POINT('Ctrl Pts',(89.3133341435435,485.291154029526,-68.9250888511096));
#8734=CARTESIAN_POINT('Ctrl Pts',(89.4221341026862,485.309420251732,-68.8910803198999));
#8735=CARTESIAN_POINT('Ctrl Pts',(89.8787092736345,485.33935715138,-68.8357234822929));
#8736=CARTESIAN_POINT('Ctrl Pts',(89.8481694331807,485.340720827937,-68.833219032967));
#8737=CARTESIAN_POINT('Ctrl Pts',(89.8174281423174,485.341330013931,-68.8321018499629));
#8738=CARTESIAN_POINT('Ctrl Pts',(89.6629895015247,485.340837573902,-68.8330054701029));
#8739=CARTESIAN_POINT('Ctrl Pts',(89.5387975396345,485.32900665856,-68.8546138343632));
#8740=CARTESIAN_POINT('Ctrl Pts',(89.4221341026862,485.309420251732,-68.8910803199));
#8741=CARTESIAN_POINT('Ctrl Pts',(87.8813674159615,484.336552032015,-70.9803813375964));
#8742=CARTESIAN_POINT('Ctrl Pts',(88.2334544942645,484.51903140931,-70.1509382095743));
#8743=CARTESIAN_POINT('Ctrl Pts',(88.5617084799537,484.775857736709,-69.334719164216));
#8744=CARTESIAN_POINT('Ctrl Pts',(88.8378909825688,485.118970204896,-68.5361994326218));
#8745=CARTESIAN_POINT('Ctrl Pts',(87.9848614071652,484.390190805581,-71.0500468538661));
#8746=CARTESIAN_POINT('Ctrl Pts',(88.3569055055058,484.600600887443,-70.2410703661017));
#8747=CARTESIAN_POINT('Ctrl Pts',(88.6964870224169,484.893910038748,-69.4468174149967));
#8748=CARTESIAN_POINT('Ctrl Pts',(88.9650828738496,485.276985732084,-68.6760602100963));
#8749=CARTESIAN_POINT('Ctrl Pts',(88.1055840389737,484.410225115029,-71.1196126948977));
#8750=CARTESIAN_POINT('Ctrl Pts',(88.5115262950961,484.632016695473,-70.3309468903778));
#8751=CARTESIAN_POINT('Ctrl Pts',(88.8864792136127,484.941892815935,-69.558713106872));
#8752=CARTESIAN_POINT('Ctrl Pts',(89.1918802345772,485.350916543566,-68.8138214362639));
#8753=CARTESIAN_POINT('Ctrl Pts',(88.2264796444271,484.393824517509,-71.1792506139187));
#8754=CARTESIAN_POINT('Ctrl Pts',(88.6665884923059,484.607364214344,-70.402750664281));
#8755=CARTESIAN_POINT('Ctrl Pts',(89.0769059744174,484.9079056613,-69.6386307069243));
#8756=CARTESIAN_POINT('Ctrl Pts',(89.4221341026862,485.309420251732,-68.8910803198999));
#8757=CARTESIAN_POINT('',(88.2264796444272,484.39382451751,-71.1792506139186));
#8758=CARTESIAN_POINT('Ctrl Pts',(88.2264796444271,484.393824517509,-71.1792506139187));
#8759=CARTESIAN_POINT('Ctrl Pts',(88.2095819827756,484.404336595328,-71.1410252721311));
#8760=CARTESIAN_POINT('Ctrl Pts',(88.1935552896893,484.412923950072,-71.1016656372816));
#8761=CARTESIAN_POINT('Ctrl Pts',(88.178397737577,484.419740956452,-71.0616275666337));
#8762=CARTESIAN_POINT('Ctrl Pts',(88.1604667183402,484.427805310882,-71.0142634929581));
#8763=CARTESIAN_POINT('Ctrl Pts',(88.1437522934689,484.433390698074,-70.965949476782));
#8764=CARTESIAN_POINT('Ctrl Pts',(88.1282552299604,484.436687965028,-70.9174225490222));
#8765=CARTESIAN_POINT('Ctrl Pts',(88.1133648563847,484.439856148259,-70.8707953875327));
#8766=CARTESIAN_POINT('Ctrl Pts',(88.0994337750185,484.440948569614,-70.8234536383498));
#8767=CARTESIAN_POINT('Ctrl Pts',(88.08650130692,484.439971338113,-70.7758419674547));
#8768=CARTESIAN_POINT('Ctrl Pts',(88.0726620554426,484.438925586259,-70.7248919181863));
#8769=CARTESIAN_POINT('Ctrl Pts',(88.059966052555,484.435508948466,-70.6736321980321));
#8770=CARTESIAN_POINT('Ctrl Pts',(88.0484989531996,484.429684424411,-70.6226125402783));
#8771=CARTESIAN_POINT('Ctrl Pts',(88.0468015455338,484.428822254173,-70.6150603986693));
#8772=CARTESIAN_POINT('Ctrl Pts',(88.045131131275,484.427907262336,-70.6075135340915));
#8773=CARTESIAN_POINT('Ctrl Pts',(88.0434880565993,484.426939268723,-70.5999737492061));
#8774=CARTESIAN_POINT('Ctrl Pts',(88.0432565713441,484.426802892542,-70.5989115034943));
#8775=CARTESIAN_POINT('Ctrl Pts',(88.0430256025158,484.42666544886,-70.5978492746096));
#8776=CARTESIAN_POINT('Ctrl Pts',(88.0427951515203,484.426526936444,-70.5967870675756));
#8777=CARTESIAN_POINT('Ctrl Pts',(89.4221341026862,485.309420251732,-68.8910803198999));
#8778=CARTESIAN_POINT('Ctrl Pts',(89.0769059744174,484.9079056613,-69.6386307069243));
#8779=CARTESIAN_POINT('Ctrl Pts',(88.6665884923059,484.607364214344,-70.402750664281));
#8780=CARTESIAN_POINT('Ctrl Pts',(88.2264796444271,484.393824517509,-71.1792506139187));
#8781=CARTESIAN_POINT('Ctrl Pts',(85.0009185020989,484.401999951624,-70.5661630371649));
#8782=CARTESIAN_POINT('Ctrl Pts',(85.3055291046425,484.226132938247,-70.3463292704443));
#8783=CARTESIAN_POINT('Ctrl Pts',(85.977205050654,483.982650657885,-70.0419764199915));
#8784=CARTESIAN_POINT('Ctrl Pts',(86.9594873865419,483.986715496646,-70.0470574684425));
#8785=CARTESIAN_POINT('Ctrl Pts',(87.8037085913654,484.259004660425,-70.3874189231663));
#8786=CARTESIAN_POINT('Ctrl Pts',(88.2501677154529,484.548603563912,-70.7494175525251));
#8787=CARTESIAN_POINT('Ctrl Pts',(88.4506583213182,484.720051023346,-70.9637268768172));
#8788=CARTESIAN_POINT('Ctrl Pts',(85.0738476677257,484.359894278217,-70.7345857307906));
#8789=CARTESIAN_POINT('Ctrl Pts',(85.3774618153446,484.196462961481,-70.5351504558912));
#8790=CARTESIAN_POINT('Ctrl Pts',(86.0227013774968,483.986471787669,-70.2697417140689));
#8791=CARTESIAN_POINT('Ctrl Pts',(86.9192319798277,483.989927884416,-70.274094455003));
#8792=CARTESIAN_POINT('Ctrl Pts',(87.725505835644,484.225084561224,-70.5710209787809));
#8793=CARTESIAN_POINT('Ctrl Pts',(88.1770326198984,484.496590047985,-70.9010394363041));
#8794=CARTESIAN_POINT('Ctrl Pts',(88.3835223772518,484.66264041801,-71.0996462343133));
#8795=CARTESIAN_POINT('Ctrl Pts',(85.1356141214628,484.17377595568,-71.0276866894042));
#8796=CARTESIAN_POINT('Ctrl Pts',(85.4393283105467,484.004536864917,-70.8627607281568));
#8797=CARTESIAN_POINT('Ctrl Pts',(86.0629657925911,483.79618088794,-70.6617977155142));
#8798=CARTESIAN_POINT('Ctrl Pts',(86.8841482423443,483.799279719886,-70.664777553744));
#8799=CARTESIAN_POINT('Ctrl Pts',(87.6595352125898,484.032379508692,-70.8896580710115));
#8800=CARTESIAN_POINT('Ctrl Pts',(88.1164320954151,484.314733138298,-71.1651048589044));
#8801=CARTESIAN_POINT('Ctrl Pts',(88.3284049802061,484.489963753421,-71.3367771659058));
#8802=CARTESIAN_POINT('Ctrl Pts',(85.055615376319,483.878797919005,-71.1841028349484));
#8803=CARTESIAN_POINT('Ctrl Pts',(85.3594015011589,483.674087087667,-71.0173676823706));
#8804=CARTESIAN_POINT('Ctrl Pts',(86.0110424472134,483.398390208183,-70.7983964478175));
#8805=CARTESIAN_POINT('Ctrl Pts',(86.9297318148857,483.402867030213,-70.8019401476385));
#8806=CARTESIAN_POINT('Ctrl Pts',(87.745528532586,483.711195189463,-71.0469757084607));
#8807=CARTESIAN_POINT('Ctrl Pts',(88.1954058909806,484.049368861739,-71.3231830170733));
#8808=CARTESIAN_POINT('Ctrl Pts',(88.4003063632684,484.25198425656,-71.4906752077232));
#8809=CARTESIAN_POINT('Ctrl Pts',(85.0009185020989,483.752480898786,-71.2156820900032));
#8810=CARTESIAN_POINT('Ctrl Pts',(85.3055291046425,483.532647132065,-71.0398150766267));
#8811=CARTESIAN_POINT('Ctrl Pts',(85.977205050654,483.228294281612,-70.7963327962646));
#8812=CARTESIAN_POINT('Ctrl Pts',(86.9594873865419,483.233375330063,-70.8003976350253));
#8813=CARTESIAN_POINT('Ctrl Pts',(87.8037085913654,483.573736784787,-71.0726867988043));
#8814=CARTESIAN_POINT('Ctrl Pts',(88.2501677154529,483.935735414146,-71.3622857022914));
#8815=CARTESIAN_POINT('Ctrl Pts',(88.4506583213182,484.150044738438,-71.533733161725));
#8816=CARTESIAN_POINT('',(88.3830941065035,484.32645619392,-71.4363312780838));
#8817=CARTESIAN_POINT('Ctrl Pts',(88.2264796444272,484.39382451751,-71.1792506139186));
#8818=CARTESIAN_POINT('Ctrl Pts',(88.2563715901972,484.375228662854,-71.2468712035197));
#8819=CARTESIAN_POINT('Ctrl Pts',(88.2946196725005,484.357983013676,-71.3121590004192));
#8820=CARTESIAN_POINT('Ctrl Pts',(88.3514270509629,484.337007790319,-71.3942479281853));
#8821=CARTESIAN_POINT('Ctrl Pts',(88.3669624786313,484.331660797275,-71.415444482065));
#8822=CARTESIAN_POINT('Ctrl Pts',(88.3830941065035,484.32645619392,-71.4363312780838));
#8823=CARTESIAN_POINT('Ctrl Pts',(88.3831320155163,484.326501095881,-71.4362420453344));
#8824=CARTESIAN_POINT('Ctrl Pts',(88.3418485455676,484.260448613823,-71.4123950908995));
#8825=CARTESIAN_POINT('Ctrl Pts',(88.3000373288566,484.194567586039,-71.3882786450116));
#8826=CARTESIAN_POINT('Ctrl Pts',(88.257729345021,484.129312549273,-71.3638871497174));
#8827=CARTESIAN_POINT('Ctrl Pts',(88.2533859340841,484.122613354117,-71.3613830765419));
#8828=CARTESIAN_POINT('Ctrl Pts',(88.2490372615154,484.115920726335,-71.3588760838907));
#8829=CARTESIAN_POINT('Ctrl Pts',(88.2446833438247,484.109235135784,-71.356366153175));
#8830=CARTESIAN_POINT('Ctrl Pts',(88.2057677596301,484.049478916106,-71.333932238014));
#8831=CARTESIAN_POINT('Ctrl Pts',(88.1662018410342,483.989933289398,-71.3111305965831));
#8832=CARTESIAN_POINT('Ctrl Pts',(88.1260051478139,483.930968260752,-71.2879520529466));
#8833=CARTESIAN_POINT('Ctrl Pts',(88.0870589988788,483.873837671052,-71.26549460831));
#8834=CARTESIAN_POINT('Ctrl Pts',(88.0475205339837,483.817252553333,-71.2426830736754));
#8835=CARTESIAN_POINT('Ctrl Pts',(88.007380578625,483.761526295843,-71.2194790758642));
#8836=CARTESIAN_POINT('Ctrl Pts',(88.0052223161409,483.758529982324,-71.2182314332719));
#8837=CARTESIAN_POINT('Ctrl Pts',(88.003062009221,483.755535713615,-71.2169824759901));
#8838=CARTESIAN_POINT('Ctrl Pts',(88.0008996423585,483.752543521631,-71.2157321882797));
#8839=CARTESIAN_POINT('Origin',(84.6259185020989,483.752480898785,-70.5661630371649));
#8840=CARTESIAN_POINT('Origin',(102.000918502099,477.000076162981,-75.8344842435219));
#8841=CARTESIAN_POINT('',(107.016130673911,484.06109830335,-72.9389501460813));
#8842=CARTESIAN_POINT('',(107.016130673911,480.500076140632,-72.9389501460821));
#8843=CARTESIAN_POINT('',(110.000918502099,484.383872995816,-71.215682090003));
#8844=CARTESIAN_POINT('Origin',(105.012061540065,495.000076118283,-74.0959999999792));
#8845=CARTESIAN_POINT('',(110.000918502099,477.00007616298,-71.2156820900049));
#8846=CARTESIAN_POINT('Origin',(111.500918502099,477.000076162981,-73.8137583013582));
#8847=CARTESIAN_POINT('',(113.000918502099,484.383872995816,-71.215682090003));
#8848=CARTESIAN_POINT('Ctrl Pts',(113.000918502099,484.383872995817,-71.215682090003));
#8849=CARTESIAN_POINT('Ctrl Pts',(112.889130968188,484.401383713801,-71.1511415272077));
#8850=CARTESIAN_POINT('Ctrl Pts',(112.772426336416,484.417671372679,-71.0934332468624));
#8851=CARTESIAN_POINT('Ctrl Pts',(112.283169331775,484.476410859705,-70.8900700797835));
#8852=CARTESIAN_POINT('Ctrl Pts',(111.880252228917,484.501176679208,-70.8137583013563));
#8853=CARTESIAN_POINT('Ctrl Pts',(111.500918502099,484.501176679208,-70.8137583013563));
#8854=CARTESIAN_POINT('Ctrl Pts',(111.492227362926,484.501176679208,-70.8137583013563));
#8855=CARTESIAN_POINT('Ctrl Pts',(111.483536291817,484.501164871715,-70.8137960692427));
#8856=CARTESIAN_POINT('Ctrl Pts',(111.462365992297,484.501107351129,-70.8139800671883));
#8857=CARTESIAN_POINT('Ctrl Pts',(111.449887415997,484.501049101424,-70.8141664003166));
#8858=CARTESIAN_POINT('Ctrl Pts',(111.405615065941,484.50075610212,-70.8151038273276));
#8859=CARTESIAN_POINT('Ctrl Pts',(111.373834757358,484.500387715819,-70.8162825484275));
#8860=CARTESIAN_POINT('Ctrl Pts',(111.272854161435,484.498716255944,-70.8216365768824));
#8861=CARTESIAN_POINT('Ctrl Pts',(111.203801226268,484.496823375188,-70.827703794054));
#8862=CARTESIAN_POINT('Ctrl Pts',(110.962608947671,484.487627265891,-70.8573411334017));
#8863=CARTESIAN_POINT('Ctrl Pts',(110.792681720525,484.476472531478,-70.8934165717055));
#8864=CARTESIAN_POINT('Ctrl Pts',(110.505479188123,484.450314167996,-70.9808732481246));
#8865=CARTESIAN_POINT('Ctrl Pts',(110.386628794409,484.437172677643,-71.025497446989));
#8866=CARTESIAN_POINT('Ctrl Pts',(110.17865972701,484.410499356471,-71.1189660682663));
#8867=CARTESIAN_POINT('Ctrl Pts',(110.088488787924,484.397590255025,-71.1651233619087));
#8868=CARTESIAN_POINT('Ctrl Pts',(110.000918502099,484.383872995817,-71.215682090003));
#8869=CARTESIAN_POINT('',(113.000918502099,477.00007616298,-71.2156820900049));
#8870=CARTESIAN_POINT('Origin',(113.000918502099,477.00007616298,-71.2156820900049));
#8871=CARTESIAN_POINT('',(115.985706330287,484.06109830335,-72.9389501460813));
#8872=CARTESIAN_POINT('',(115.985706330287,480.500076140632,-72.9389501460821));
#8873=CARTESIAN_POINT('Origin',(117.989775464133,495.000076118283,-74.0959999999792));
#8874=CARTESIAN_POINT('Origin',(133.68948616322,484.000076118283,-73.127538442258));
#8875=CARTESIAN_POINT('',(133.440323141865,484.000076118283,-74.0959999999819));
#8876=CARTESIAN_POINT('',(133.40426442077,484.000076118283,-74.0859999999815));
#8877=CARTESIAN_POINT('Ctrl Pts',(133.440323141865,484.000076118283,-74.095999999982));
#8878=CARTESIAN_POINT('Ctrl Pts',(133.428262053511,484.000076118283,-74.0928969576451));
#8879=CARTESIAN_POINT('Ctrl Pts',(133.416237398724,484.000077424689,-74.0895629531246));
#8880=CARTESIAN_POINT('Ctrl Pts',(133.4042644219,484.000080663738,-74.0860000003177));
#8881=CARTESIAN_POINT('',(133.18948616322,484.154124911124,-72.2615130384735));
#8882=CARTESIAN_POINT('Ctrl Pts',(133.4042644219,484.000080663738,-74.0860000003177));
#8883=CARTESIAN_POINT('Ctrl Pts',(133.3712782029,484.0000895875,-74.0761838665942));
#8884=CARTESIAN_POINT('Ctrl Pts',(133.338685761696,484.000112929977,-74.0646248132449));
#8885=CARTESIAN_POINT('Ctrl Pts',(133.183601067648,484.000373319929,-74.0003844183424));
#8886=CARTESIAN_POINT('Ctrl Pts',(133.07115681163,484.001071484089,-73.923422653041));
#8887=CARTESIAN_POINT('Ctrl Pts',(132.893463821496,484.005294577323,-73.7457296629066));
#8888=CARTESIAN_POINT('Ctrl Pts',(132.816463499821,484.009126393631,-73.6331249015158));
#8889=CARTESIAN_POINT('Ctrl Pts',(132.714477888713,484.022277202572,-73.3866621585185));
#8890=CARTESIAN_POINT('Ctrl Pts',(132.68948616322,484.031719230778,-73.2528134205765));
#8891=CARTESIAN_POINT('Ctrl Pts',(132.68948616322,484.053933561794,-73.0014779477741));
#8892=CARTESIAN_POINT('Ctrl Pts',(132.714758915184,484.068211651352,-72.867268022112));
#8893=CARTESIAN_POINT('Ctrl Pts',(132.817213035859,484.098760786484,-72.6206129204968));
#8894=CARTESIAN_POINT('Ctrl Pts',(132.894385689089,484.114911590769,-72.5081492471143));
#8895=CARTESIAN_POINT('Ctrl Pts',(133.042838044674,484.137735532875,-72.3601598014219));
#8896=CARTESIAN_POINT('Ctrl Pts',(133.112642846519,484.146620917485,-72.3058785480566));
#8897=CARTESIAN_POINT('Ctrl Pts',(133.18948616322,484.154124911124,-72.2615130384736));
#8898=CARTESIAN_POINT('',(133.18948616322,484.000076118283,-72.2615130384735));
#8899=CARTESIAN_POINT('Origin',(127.000918502099,477.000076162982,-75.8344842435219));
#8900=CARTESIAN_POINT('Origin',(130.012061540065,495.000076118283,-74.0959999999792));
#8901=CARTESIAN_POINT('Origin',(96.0009185020989,484.000076118284,-75.8344842435201));
#8902=CARTESIAN_POINT('',(90.9857063302868,484.06109830335,-72.9389501460813));
#8903=CARTESIAN_POINT('Origin',(92.9897754641327,495.000076118283,-74.0959999999792));
#8904=CARTESIAN_POINT('',(90.9857063302867,481.000076118283,-72.938950146082));
#8905=CARTESIAN_POINT('',(90.9857063302868,484.000076118283,-72.9389501460813));
#8906=CARTESIAN_POINT('',(86.5009185020988,481.000076118282,-70.3496566862194));
#8907=CARTESIAN_POINT('Origin',(86.4753632237616,481.000076118285,-82.8504007140678));
#8908=CARTESIAN_POINT('',(81.500918502099,481.000076118288,-92.8663171846149));
#8909=CARTESIAN_POINT('',(80.000918502099,481.000076118287,-90.2682409732624));
#8910=CARTESIAN_POINT('Origin',(83.000918502099,481.000076118287,-90.2682409732616));
#8911=CARTESIAN_POINT('',(80.0009185020949,481.000076118284,-75.8344842435242));
#8912=CARTESIAN_POINT('',(80.000918502094,481.000076118283,-72.9732003570255));
#8913=CARTESIAN_POINT('',(81.5009185020948,481.000076118283,-73.2364080321699));
#8914=CARTESIAN_POINT('Origin',(83.0009185020949,481.000076118283,-75.8344842435233));
#8915=CARTESIAN_POINT('',(75.5009185020988,481.000076118284,-76.7005096473053));
#8916=CARTESIAN_POINT('',(89.9857063302867,481.000076118284,-76.6710009536509));
#8917=CARTESIAN_POINT('Origin',(89.9857063302867,481.000076118283,-74.6710009536509));
#8918=CARTESIAN_POINT('',(88.0009185020988,481.000076118284,-76.6710009536509));
#8919=CARTESIAN_POINT('',(85.0009185020988,481.000076118284,-76.6710009536509));
#8920=CARTESIAN_POINT('',(85.0009185020988,481.000076118285,-79.6710009536509));
#8921=CARTESIAN_POINT('Origin',(88.0009185020988,481.000076118285,-79.6710009536509));
#8922=CARTESIAN_POINT('',(85.0009185020988,481.000076118288,-91.4229415116407));
#8923=CARTESIAN_POINT('',(85.0009185020988,481.000076118292,-107.521000953651));
#8924=CARTESIAN_POINT('',(82.0009185020988,481.000076118288,-93.1549923192096));
#8925=CARTESIAN_POINT('Origin',(83.0009185020988,481.000076118287,-91.4229415116407));
#8926=CARTESIAN_POINT('',(86.5009185020988,481.000076118289,-95.753068530563));
#8927=CARTESIAN_POINT('Origin',(85.0009185020989,484.000076118282,-71.2156820900031));
#8928=CARTESIAN_POINT('',(84.2930789617919,484.281355892515,-71.6243534391424));
#8929=CARTESIAN_POINT('Origin',(86.8759185020989,487.000076162977,-70.1331503352718));
#8930=CARTESIAN_POINT('',(81.5009185020948,484.033713838617,-73.2364080321692));
#8931=CARTESIAN_POINT('',(81.5009185020949,480.500076140632,-73.2364080321701));
#8932=CARTESIAN_POINT('Origin',(80.0120615400647,495.000076118283,-74.0959999999792));
#8933=CARTESIAN_POINT('Ctrl Pts',(84.4346468698529,484.825099946607,-70.9748343863042));
#8934=CARTESIAN_POINT('Ctrl Pts',(84.6058716313448,484.662432941448,-70.8512635586302));
#8935=CARTESIAN_POINT('Ctrl Pts',(84.7963852404116,484.520087285317,-70.7137722042816));
#8936=CARTESIAN_POINT('Ctrl Pts',(85.000918502099,484.401999951624,-70.5661630371648));
#8937=CARTESIAN_POINT('Ctrl Pts',(84.4773088568371,484.784570191469,-71.1154181581365));
#8938=CARTESIAN_POINT('Ctrl Pts',(84.6555171434387,484.621741105839,-70.9937952168365));
#8939=CARTESIAN_POINT('Ctrl Pts',(84.8532716317194,484.480443045664,-70.8585286532432));
#8940=CARTESIAN_POINT('Ctrl Pts',(85.0647315220225,484.365157487393,-70.7135328940873));
#8941=CARTESIAN_POINT('Ctrl Pts',(84.4963677388278,484.634039161191,-71.3961254347273));
#8942=CARTESIAN_POINT('Ctrl Pts',(84.6905262391436,484.461881578673,-71.2782976145264));
#8943=CARTESIAN_POINT('Ctrl Pts',(84.9058534449451,484.313796291236,-71.1475337485168));
#8944=CARTESIAN_POINT('Ctrl Pts',(85.135651552102,484.193922669237,-71.0076048076159));
#8945=CARTESIAN_POINT('Ctrl Pts',(84.3769345445555,484.399045419406,-71.5759393958606));
#8946=CARTESIAN_POINT('Ctrl Pts',(84.5852027174735,484.206149857843,-71.4557615354251));
#8947=CARTESIAN_POINT('Ctrl Pts',(84.8166002026882,484.03814246319,-71.3220014951409));
#8948=CARTESIAN_POINT('Ctrl Pts',(85.0647315220225,483.899850755708,-71.1788396257724));
#8949=CARTESIAN_POINT('Ctrl Pts',(84.2930789617915,484.281355892515,-71.6243534391424));
#8950=CARTESIAN_POINT('Ctrl Pts',(84.5071099136564,484.078022136066,-71.5007826114684));
#8951=CARTESIAN_POINT('Ctrl Pts',(84.7452519249897,483.900090065902,-71.3632912571198));
#8952=CARTESIAN_POINT('Ctrl Pts',(85.000918502099,483.752480898786,-71.215682090003));
#8953=CARTESIAN_POINT('',(84.7630076199024,484.399843834626,-71.1574500969653));
#8954=CARTESIAN_POINT('Ctrl Pts',(84.2930789617915,484.281355892515,-71.6243534391424));
#8955=CARTESIAN_POINT('Ctrl Pts',(84.4149560212436,484.297581642226,-71.5539876860597));
#8956=CARTESIAN_POINT('Ctrl Pts',(84.5280573043199,484.31890048554,-71.4646877697255));
#8957=CARTESIAN_POINT('Ctrl Pts',(84.6787469232362,484.36206750442,-71.2964824264247));
#8958=CARTESIAN_POINT('Ctrl Pts',(84.7271662199385,484.380410045215,-71.227553613564));
#8959=CARTESIAN_POINT('Ctrl Pts',(84.7630076199024,484.399843834626,-71.1574500969653));
#8960=CARTESIAN_POINT('Ctrl Pts',(84.9589726659185,484.426675002686,-70.5964348369275));
#8961=CARTESIAN_POINT('Ctrl Pts',(84.9587374450191,484.426815908231,-70.5974857950751));
#8962=CARTESIAN_POINT('Ctrl Pts',(84.9585015679287,484.426955812995,-70.5985367350547));
#8963=CARTESIAN_POINT('Ctrl Pts',(84.9582650357668,484.427094717569,-70.5995876523027));
#8964=CARTESIAN_POINT('Ctrl Pts',(84.947637731557,484.433335649654,-70.6468049829401));
#8965=CARTESIAN_POINT('Ctrl Pts',(84.9356398853325,484.437590182072,-70.694200240418));
#8966=CARTESIAN_POINT('Ctrl Pts',(84.922333476404,484.439828531928,-70.7413379676237));
#8967=CARTESIAN_POINT('Ctrl Pts',(84.909813877868,484.441934527748,-70.785688432402));
#8968=CARTESIAN_POINT('Ctrl Pts',(84.8961356720652,484.442255733168,-70.8298116590946));
#8969=CARTESIAN_POINT('Ctrl Pts',(84.8813473813413,484.44072336511,-70.8733300843416));
#8970=CARTESIAN_POINT('Ctrl Pts',(84.8773504025128,484.440309196711,-70.8850922431746));
#8971=CARTESIAN_POINT('Ctrl Pts',(84.8732723206493,484.439759361753,-70.8968100964153));
#8972=CARTESIAN_POINT('Ctrl Pts',(84.8691140741635,484.439071907411,-70.9084758689122));
#8973=CARTESIAN_POINT('Ctrl Pts',(84.8549251292778,484.436726146571,-70.9482823122223));
#8974=CARTESIAN_POINT('Ctrl Pts',(84.8396980321445,484.432764610126,-70.9877748508435));
#8975=CARTESIAN_POINT('Ctrl Pts',(84.8234364775827,484.427029844952,-71.0265558192847));
#8976=CARTESIAN_POINT('Ctrl Pts',(84.808500539247,484.421762568771,-71.0621754244728));
#8977=CARTESIAN_POINT('Ctrl Pts',(84.7926918141674,484.414999425073,-71.0971950864454));
#8978=CARTESIAN_POINT('Ctrl Pts',(84.7760103927038,484.406598072766,-71.1312667359551));
#8979=CARTESIAN_POINT('Ctrl Pts',(84.7717114996957,484.404432998598,-71.1400471852815));
#8980=CARTESIAN_POINT('Ctrl Pts',(84.7673546374897,484.40215901331,-71.1487644376857));
#8981=CARTESIAN_POINT('Ctrl Pts',(84.7629397835286,484.399773433204,-71.1574120060181));
#8982=CARTESIAN_POINT('Ctrl Pts',(87.2479374509101,489.905581745508,-63.1881108669819));
#8983=CARTESIAN_POINT('Ctrl Pts',(86.7194846702959,490.04144940415,-63.1200997748503));
#8984=CARTESIAN_POINT('Ctrl Pts',(85.5801557865128,490.019063253955,-63.1291697397307));
#8985=CARTESIAN_POINT('Ctrl Pts',(84.1827093956723,489.111477932866,-63.5972172489152));
#8986=CARTESIAN_POINT('Ctrl Pts',(83.5032001850414,487.787983749921,-64.5939934704082));
#8987=CARTESIAN_POINT('Ctrl Pts',(83.4651067264563,486.550853027888,-65.9634369961246));
#8988=CARTESIAN_POINT('Ctrl Pts',(83.7844539323496,485.633271364289,-67.4040219790011));
#8989=CARTESIAN_POINT('Ctrl Pts',(84.3326339060177,484.858951175973,-69.0666095395951));
#8990=CARTESIAN_POINT('Ctrl Pts',(84.8006704115725,484.503783158617,-70.2262222313676));
#8991=CARTESIAN_POINT('Ctrl Pts',(85.1105897963417,484.341695812097,-70.9570944217598));
#8992=CARTESIAN_POINT('Ctrl Pts',(87.234627054885,489.909003910004,-63.3259353937069));
#8993=CARTESIAN_POINT('Ctrl Pts',(86.7154989492308,490.039890198672,-63.2591627446426));
#8994=CARTESIAN_POINT('Ctrl Pts',(85.5967770143904,490.016986741568,-63.2685246721611));
#8995=CARTESIAN_POINT('Ctrl Pts',(84.2225429724132,489.145899526884,-63.7265835003504));
#8996=CARTESIAN_POINT('Ctrl Pts',(83.5255265175065,487.863773372883,-64.6946778497653));
#8997=CARTESIAN_POINT('Ctrl Pts',(83.4524566574766,486.629625516556,-66.0350583039397));
#8998=CARTESIAN_POINT('Ctrl Pts',(83.7524324426931,485.694672424502,-67.4555499263202));
#8999=CARTESIAN_POINT('Ctrl Pts',(84.2933102619956,484.896338138979,-69.100836259935));
#9000=CARTESIAN_POINT('Ctrl Pts',(84.7659429841623,484.52636208786,-70.2514473517474));
#9001=CARTESIAN_POINT('Ctrl Pts',(85.0808601166719,484.357244387395,-70.9771629636664));
#9002=CARTESIAN_POINT('Ctrl Pts',(87.2277467442025,489.992214088706,-63.6005503682438));
#9003=CARTESIAN_POINT('Ctrl Pts',(86.7132823144873,490.11701136813,-63.5362453129362));
#9004=CARTESIAN_POINT('Ctrl Pts',(85.6055077353217,490.093139310174,-63.5463019049332));
#9005=CARTESIAN_POINT('Ctrl Pts',(84.2412513444101,489.267741029589,-63.9844717991977));
#9006=CARTESIAN_POINT('Ctrl Pts',(83.5055017191829,488.028865335481,-64.8955276118278));
#9007=CARTESIAN_POINT('Ctrl Pts',(83.3822904268446,486.777764164108,-66.1780372237115));
#9008=CARTESIAN_POINT('Ctrl Pts',(83.6626134055915,485.802919770161,-67.5584769034136));
#9009=CARTESIAN_POINT('Ctrl Pts',(84.2043883304119,484.959015856825,-69.1692145474456));
#9010=CARTESIAN_POINT('Ctrl Pts',(84.6916674159332,484.563836455331,-70.3018950020464));
#9011=CARTESIAN_POINT('Ctrl Pts',(85.0185611076287,484.382907060142,-71.0172986833467));
#9012=CARTESIAN_POINT('Ctrl Pts',(87.2875997987322,490.360877780797,-63.9398325168955));
#9013=CARTESIAN_POINT('Ctrl Pts',(86.7307124175382,490.491348018156,-63.878128796735));
#9014=CARTESIAN_POINT('Ctrl Pts',(85.5317261275426,490.466099401211,-63.8881303459722));
#9015=CARTESIAN_POINT('Ctrl Pts',(84.0547457923658,489.603659021944,-64.3065846689526));
#9016=CARTESIAN_POINT('Ctrl Pts',(83.2574122762885,488.296259619498,-65.1651662925038));
#9017=CARTESIAN_POINT('Ctrl Pts',(83.1266373087948,486.962907349439,-66.387759041646));
#9018=CARTESIAN_POINT('Ctrl Pts',(83.4336238241557,485.922226088975,-67.7193956151792));
#9019=CARTESIAN_POINT('Ctrl Pts',(84.0221717663634,485.021660289397,-69.2828003109258));
#9020=CARTESIAN_POINT('Ctrl Pts',(84.5492582796088,484.600485605252,-70.3872214115071));
#9021=CARTESIAN_POINT('Ctrl Pts',(84.9022643781315,484.407740903689,-71.085826161864));
#9022=CARTESIAN_POINT('Ctrl Pts',(87.3792391577935,490.724899141405,-63.9587936859426));
#9023=CARTESIAN_POINT('Ctrl Pts',(86.757861084306,490.872313474075,-63.8964060166574));
#9024=CARTESIAN_POINT('Ctrl Pts',(85.4187148760914,490.846564692062,-63.9062412398053));
#9025=CARTESIAN_POINT('Ctrl Pts',(83.7738487044375,489.865304179785,-64.3326419171043));
#9026=CARTESIAN_POINT('Ctrl Pts',(82.9435933887112,488.41008485991,-65.2239298455067));
#9027=CARTESIAN_POINT('Ctrl Pts',(82.864188591578,487.000887625135,-66.4681027523905));
#9028=CARTESIAN_POINT('Ctrl Pts',(83.2285671643006,485.932836076191,-67.8002669399003));
#9029=CARTESIAN_POINT('Ctrl Pts',(83.8774290354944,485.021406976271,-69.3521461323496));
#9030=CARTESIAN_POINT('Ctrl Pts',(84.4407320287896,484.599713434818,-70.4429498288654));
#9031=CARTESIAN_POINT('Ctrl Pts',(84.8152307535873,484.406969793761,-71.1317446216231));
#9032=CARTESIAN_POINT('Ctrl Pts',(87.4346921881129,490.910774182235,-63.8843591095136));
#9033=CARTESIAN_POINT('Ctrl Pts',(86.7741262123451,491.069768250859,-63.8206891509223));
#9034=CARTESIAN_POINT('Ctrl Pts',(85.3499651076164,491.04357169212,-63.8291801818742));
#9035=CARTESIAN_POINT('Ctrl Pts',(83.6031571190658,489.981503763186,-64.267352318132));
#9036=CARTESIAN_POINT('Ctrl Pts',(82.753770605777,488.432733974634,-65.2005045254872));
#9037=CARTESIAN_POINT('Ctrl Pts',(82.7061537825458,486.985027810552,-66.4825367623281));
#9038=CARTESIAN_POINT('Ctrl Pts',(83.1053377899123,485.911262034,-67.831169512255));
#9039=CARTESIAN_POINT('Ctrl Pts',(83.7905627569975,485.005142664694,-69.3876344625984));
#9040=CARTESIAN_POINT('Ctrl Pts',(84.375608388941,484.589520516724,-70.4732293229811));
#9041=CARTESIAN_POINT('Ctrl Pts',(84.7630076199024,484.399843834626,-71.1574500969653));
#9042=CARTESIAN_POINT('Ctrl Pts',(84.7630076199024,484.399843834626,-71.1574500969653));
#9043=CARTESIAN_POINT('Ctrl Pts',(84.375608388941,484.589520516724,-70.4732293229811));
#9044=CARTESIAN_POINT('Ctrl Pts',(83.7905627569975,485.005142664694,-69.3876344625984));
#9045=CARTESIAN_POINT('Ctrl Pts',(83.1053377899123,485.911262034,-67.831169512255));
#9046=CARTESIAN_POINT('Ctrl Pts',(82.7061537825458,486.985027810552,-66.4825367623281));
#9047=CARTESIAN_POINT('Ctrl Pts',(82.753770605777,488.432733974634,-65.2005045254872));
#9048=CARTESIAN_POINT('Ctrl Pts',(83.6031571190658,489.981503763186,-64.267352318132));
#9049=CARTESIAN_POINT('Ctrl Pts',(85.3499651076164,491.04357169212,-63.8291801818742));
#9050=CARTESIAN_POINT('Ctrl Pts',(86.7741262123451,491.069768250859,-63.8206891509223));
#9051=CARTESIAN_POINT('Ctrl Pts',(87.4346921881129,490.910774182235,-63.8843591095136));
#9052=CARTESIAN_POINT('Ctrl Pts',(87.4346921881128,490.910774182235,-63.8843591095137));
#9053=CARTESIAN_POINT('Ctrl Pts',(88.1905396271606,492.246528423742,-63.3494497384859));
#9054=CARTESIAN_POINT('Ctrl Pts',(89.0977744840491,493.621512833831,-63.0979486112455));
#9055=CARTESIAN_POINT('Ctrl Pts',(89.9952557532097,494.99143997979,-63.0960018070448));
#9056=CARTESIAN_POINT('Ctrl Pts',(89.9980882660592,494.995758810518,-63.0959999999792));
#9057=CARTESIAN_POINT('Ctrl Pts',(90.0009185020987,495.000076118281,-63.0959999999792));
#9058=CARTESIAN_POINT('Ctrl Pts',(87.90883780157,490.715126660513,-63.9627071240926));
#9059=CARTESIAN_POINT('Ctrl Pts',(88.490328241862,492.077246708981,-63.384620779945));
#9060=CARTESIAN_POINT('Ctrl Pts',(89.2483618176396,493.538109867728,-63.0973103777399));
#9061=CARTESIAN_POINT('Ctrl Pts',(89.9961993988976,494.990916248798,-63.0960039470461));
#9062=CARTESIAN_POINT('Ctrl Pts',(89.9985599717277,494.995497154893,-63.0959999999792));
#9063=CARTESIAN_POINT('Ctrl Pts',(90.0009185020987,495.000076118281,-63.0959999999792));
#9064=CARTESIAN_POINT('Ctrl Pts',(88.3801661777141,490.442011934451,-63.8442387173532));
#9065=CARTESIAN_POINT('Ctrl Pts',(88.792777038764,491.910764272535,-63.3541107020246));
#9066=CARTESIAN_POINT('Ctrl Pts',(89.3987676476712,493.454543687691,-63.0966870254445));
#9067=CARTESIAN_POINT('Ctrl Pts',(89.9971434518364,494.990392884597,-63.0960044947841));
#9068=CARTESIAN_POINT('Ctrl Pts',(89.9990316773962,494.995235499267,-63.0959999999792));
#9069=CARTESIAN_POINT('Ctrl Pts',(90.0009185020987,495.000076118281,-63.0959999999792));
#9070=CARTESIAN_POINT('Ctrl Pts',(88.7178053451057,490.167264739317,-63.5618485647024));
#9071=CARTESIAN_POINT('Ctrl Pts',(89.0957290646297,491.745883388371,-63.2457657545494));
#9072=CARTESIAN_POINT('Ctrl Pts',(89.5493464930757,493.370864963941,-63.0971514520915));
#9073=CARTESIAN_POINT('Ctrl Pts',(89.9980871276541,494.989869772792,-63.0960010677884));
#9074=CARTESIAN_POINT('Ctrl Pts',(89.9995033830647,494.994973843642,-63.0959999999792));
#9075=CARTESIAN_POINT('Ctrl Pts',(90.0009185020987,495.000076118281,-63.0959999999792));
#9076=CARTESIAN_POINT('Ctrl Pts',(87.4346921881128,490.910774182235,-63.8843591095137));
#9077=CARTESIAN_POINT('Ctrl Pts',(88.1905396271606,492.246528423742,-63.3494497384859));
#9078=CARTESIAN_POINT('Ctrl Pts',(89.0977744840491,493.621512833831,-63.0979486112455));
#9079=CARTESIAN_POINT('Ctrl Pts',(89.9952557532097,494.99143997979,-63.0960018070448));
#9080=CARTESIAN_POINT('Ctrl Pts',(89.9980882660592,494.995758810518,-63.0959999999792));
#9081=CARTESIAN_POINT('Ctrl Pts',(90.0009185020987,495.000076118281,-63.0959999999792));
#9082=CARTESIAN_POINT('Origin',(39.5009185020989,500.000076356697,-63.0959999999792));
#9083=CARTESIAN_POINT('',(31.5009185020988,495.000076118283,-63.0959999999792));
#9084=CARTESIAN_POINT('',(31.5009185020988,495.000076118283,-63.0959999999792));
#9085=CARTESIAN_POINT('',(31.5009185020988,495.000076118283,-63.0959999999792));
#9086=CARTESIAN_POINT('Origin',(78.5009185020986,495.000076118284,-74.0959999999792));
#9087=CARTESIAN_POINT('',(77.5009185020989,483.000076118283,-74.0959999999822));
#9088=CARTESIAN_POINT('Origin',(78.5009185020988,483.000076118283,-74.0959999999822));
#9089=CARTESIAN_POINT('Origin',(77.5009185020986,495.000076118284,-74.0959999999792));
#9090=CARTESIAN_POINT('',(78.5009185020988,484.000076118284,-74.0859999999815));
#9091=CARTESIAN_POINT('Origin',(78.5009185020986,495.000076118284,-74.0959999999792));
#9092=CARTESIAN_POINT('Origin',(78.5009185020986,495.000076118284,-74.0959999999792));
#9093=CARTESIAN_POINT('Origin',(77.5009185020986,497.000076162976,-58.0959999999731));
#9094=CARTESIAN_POINT('',(77.5009185020989,483.000076118292,-108.096113854163));
#9095=CARTESIAN_POINT('',(77.5009185020989,483.000076118281,-66.0959999999794));
#9096=CARTESIAN_POINT('Origin',(77.5009185020986,495.000076118292,-108.09611385416));
#9097=CARTESIAN_POINT('Origin',(78.5009185021015,481.000076118291,-104.469946895433));
#9098=CARTESIAN_POINT('',(80.0009185021018,481.00007611829,-100.443159229683));
#9099=CARTESIAN_POINT('',(83.5009185020989,481.000076118289,-97.4851193381318));
#9100=CARTESIAN_POINT('Origin',(83.0009185021018,481.00007611829,-100.443159229682));
#9101=CARTESIAN_POINT('',(85.0009185020989,481.00007611829,-100.083195549485));
#9102=CARTESIAN_POINT('Origin',(82.0009185020989,481.00007611829,-100.083195549485));
#9103=CARTESIAN_POINT('',(85.0009185020989,481.000076118292,-109.320799856519));
#9104=CARTESIAN_POINT('',(85.0009185020989,481.000076118289,-98.3511447419163));
#9105=CARTESIAN_POINT('',(83.500918502099,481.000076118293,-111.918876067872));
#9106=CARTESIAN_POINT('Origin',(82.0009185020991,481.000076118292,-109.320799856519));
#9107=CARTESIAN_POINT('',(80.0009185021043,481.000076118292,-108.960836176323));
#9108=CARTESIAN_POINT('Origin',(83.0009185021043,481.000076118292,-108.960836176322));
#9109=CARTESIAN_POINT('',(80.0009185020971,481.000076118286,-83.7829734477071));
#9110=CARTESIAN_POINT('Origin',(99.0009185020989,481.000076118293,-112.230301481843));
#9111=CARTESIAN_POINT('',(91.579727781631,481.000076118293,-113.119077165004));
#9112=CARTESIAN_POINT('',(93.079727781631,481.000076118292,-107.521000953651));
#9113=CARTESIAN_POINT('Origin',(93.079727781631,481.000076118293,-110.521000953651));
#9114=CARTESIAN_POINT('',(104.922109222567,481.000076118292,-107.521000953651));
#9115=CARTESIAN_POINT('',(128.800918502099,481.000076118292,-107.521000953651));
#9116=CARTESIAN_POINT('',(106.422109222567,481.000076118293,-113.119077165004));
#9117=CARTESIAN_POINT('Origin',(104.922109222567,481.000076118293,-110.521000953651));
#9118=CARTESIAN_POINT('',(100.500918502099,481.000076118294,-116.537678221389));
#9119=CARTESIAN_POINT('',(110.000918502099,481.000076118293,-111.052850664088));
#9120=CARTESIAN_POINT('',(97.5009185020989,481.000076118294,-116.537678221389));
#9121=CARTESIAN_POINT('Origin',(99.0009185020989,481.000076118293,-113.939602010036));
#9122=CARTESIAN_POINT('',(99.0009185020989,481.000076118294,-117.403703625174));
#9123=CARTESIAN_POINT('Origin',(124.000918502099,481.000076118291,-105.855587541488));
#9124=CARTESIAN_POINT('',(129.922109222567,481.000076118292,-107.521000953651));
#9125=CARTESIAN_POINT('',(131.422109222567,481.000076118293,-113.119077165004));
#9126=CARTESIAN_POINT('Origin',(129.922109222567,481.000076118293,-110.521000953651));
#9127=CARTESIAN_POINT('',(125.500918502099,481.000076118294,-116.537678221389));
#9128=CARTESIAN_POINT('',(135.000918502099,481.000076118292,-111.052850664088));
#9129=CARTESIAN_POINT('',(122.500918502099,481.000076118294,-116.537678221389));
#9130=CARTESIAN_POINT('Origin',(124.000918502099,481.000076118293,-113.939602010036));
#9131=CARTESIAN_POINT('',(116.579727781631,481.000076118293,-113.119077165004));
#9132=CARTESIAN_POINT('',(124.000918502099,481.000076118294,-117.403703625174));
#9133=CARTESIAN_POINT('',(118.079727781631,481.000076118292,-107.521000953651));
#9134=CARTESIAN_POINT('Origin',(118.079727781631,481.000076118292,-110.521000953651));
#9135=CARTESIAN_POINT('',(128.800918502099,481.000076118292,-107.521000953651));
#9136=CARTESIAN_POINT('Origin',(80.8016288058077,484.000076118294,-118.096113854163));
#9137=CARTESIAN_POINT('',(80.0009185021041,492.057271024947,-118.695165612812));
#9138=CARTESIAN_POINT('',(80.000918502107,484.000076118294,-118.695165612818));
#9139=CARTESIAN_POINT('',(80.8016288058074,495.000076118295,-119.09611385416));
#9140=CARTESIAN_POINT('',(80.8016288058077,484.000076118295,-119.096113854163));
#9141=CARTESIAN_POINT('Ctrl Pts',(80.8016288058074,495.000076118295,-119.09611385416));
#9142=CARTESIAN_POINT('Ctrl Pts',(80.5801104977179,494.265383006167,-119.096113854161));
#9143=CARTESIAN_POINT('Ctrl Pts',(80.3363332968782,493.464415041696,-119.018160983864));
#9144=CARTESIAN_POINT('Ctrl Pts',(80.0911020311296,492.468976351965,-118.803061318904));
#9145=CARTESIAN_POINT('Ctrl Pts',(80.0434578989612,492.262060631474,-118.75202502919));
#9146=CARTESIAN_POINT('Ctrl Pts',(80.0009185021041,492.057271024947,-118.695165612812));
#9147=CARTESIAN_POINT('Origin',(80.0009185020913,477.000076162978,-63.0959999999823));
#9148=CARTESIAN_POINT('',(80.000918502104,489.288493836345,-117.497062095511));
#9149=CARTESIAN_POINT('Origin',(80.0009185020963,495.000076118292,-108.09611385416));
#9150=CARTESIAN_POINT('',(80.0009185021066,484.000076118294,-117.497062095509));
#9151=CARTESIAN_POINT('Origin',(80.8016288058077,484.000076118294,-118.096113854163));
#9152=CARTESIAN_POINT('',(80.3016288058076,488.870597504604,-117.230088450378));
#9153=CARTESIAN_POINT('Ctrl Pts',(80.0009185021041,489.288493836345,-117.497062095511));
#9154=CARTESIAN_POINT('Ctrl Pts',(80.0516643622987,489.17685201521,-117.429233677446));
#9155=CARTESIAN_POINT('Ctrl Pts',(80.1140258603824,489.07294033452,-117.363323838127));
#9156=CARTESIAN_POINT('Ctrl Pts',(80.2247077487185,488.942892024124,-117.278301594546));
#9157=CARTESIAN_POINT('Ctrl Pts',(80.2611979298573,488.905382246765,-117.253431227491));
#9158=CARTESIAN_POINT('Ctrl Pts',(80.3016288058076,488.870597504604,-117.230088450378));
#9159=CARTESIAN_POINT('',(80.3016288058077,484.000076118294,-117.230088450379));
#9160=CARTESIAN_POINT('Origin',(85.0009185020989,484.000076118293,-114.516952279225));
#9161=CARTESIAN_POINT('',(85.0009185020989,486.068512206007,-114.516952279224));
#9162=CARTESIAN_POINT('Origin',(96.1221368814962,495.000076118292,-108.09611385416));
#9163=CARTESIAN_POINT('',(85.0009185020989,484.000076118293,-114.516952279225));
#9164=CARTESIAN_POINT('Origin',(86.5009185020989,484.000076118294,-117.115028490578));
#9165=CARTESIAN_POINT('',(88.0009185020989,486.068512206007,-114.516952279224));
#9166=CARTESIAN_POINT('Ctrl Pts',(85.0009185020989,486.068512206007,-114.516952279224));
#9167=CARTESIAN_POINT('Ctrl Pts',(85.199661840445,485.986023178371,-114.402207759331));
#9168=CARTESIAN_POINT('Ctrl Pts',(85.430578124575,485.916779429334,-114.301015679466));
#9169=CARTESIAN_POINT('Ctrl Pts',(85.9457900092585,485.817551831498,-114.153343798775));
#9170=CARTESIAN_POINT('Ctrl Pts',(86.2335001508718,485.792868800135,-114.115028490578));
#9171=CARTESIAN_POINT('Ctrl Pts',(86.7683368533261,485.792868800135,-114.115028490578));
#9172=CARTESIAN_POINT('Ctrl Pts',(87.0560469949393,485.817551831498,-114.153343798775));
#9173=CARTESIAN_POINT('Ctrl Pts',(87.5712588796228,485.916779429334,-114.301015679466));
#9174=CARTESIAN_POINT('Ctrl Pts',(87.8021751637528,485.986023178371,-114.402207759331));
#9175=CARTESIAN_POINT('Ctrl Pts',(88.0009185020989,486.068512206007,-114.516952279224));
#9176=CARTESIAN_POINT('',(88.000918502099,484.000076118293,-114.516952279225));
#9177=CARTESIAN_POINT('Origin',(92.7002081983902,484.000076118294,-117.230088450379));
#9178=CARTESIAN_POINT('',(92.7002081983901,488.870597504604,-117.230088450378));
#9179=CARTESIAN_POINT('Origin',(76.8797001227013,495.000076118292,-108.09611385416));
#9180=CARTESIAN_POINT('',(92.7002081983902,484.000076118294,-117.230088450379));
#9181=CARTESIAN_POINT('Origin',(92.2002081983902,484.000076118295,-118.096113854163));
#9182=CARTESIAN_POINT('',(92.2002081983899,495.000076118295,-119.09611385416));
#9183=CARTESIAN_POINT('Ctrl Pts',(92.7002081983901,488.870597504604,-117.230088450378));
#9184=CARTESIAN_POINT('Ctrl Pts',(92.7406390743404,488.905382246765,-117.253431227491));
#9185=CARTESIAN_POINT('Ctrl Pts',(92.7771292554791,488.942892024124,-117.278301594546));
#9186=CARTESIAN_POINT('Ctrl Pts',(92.967983685415,489.167140964198,-117.424909789206));
#9187=CARTESIAN_POINT('Ctrl Pts',(93.0632868107944,489.401137830509,-117.568915441697));
#9188=CARTESIAN_POINT('Ctrl Pts',(93.1805377220811,489.901834465705,-117.847524638613));
#9189=CARTESIAN_POINT('Ctrl Pts',(93.20020819839,490.169003554861,-117.982238283186));
#9190=CARTESIAN_POINT('Ctrl Pts',(93.20020819839,491.115102176825,-118.41579513819));
#9191=CARTESIAN_POINT('Ctrl Pts',(93.0536032144537,491.889047954274,-118.677747318825));
#9192=CARTESIAN_POINT('Ctrl Pts',(92.6655037073192,493.464415041696,-119.018160983864));
#9193=CARTESIAN_POINT('Ctrl Pts',(92.4217265064795,494.265383006167,-119.096113854161));
#9194=CARTESIAN_POINT('Ctrl Pts',(92.2002081983899,495.000076118295,-119.09611385416));
#9195=CARTESIAN_POINT('',(92.2002081983901,484.000076118294,-119.096113854163));
#9196=CARTESIAN_POINT('Origin',(105.801628805807,497.000076162992,-118.09611385416));
#9197=CARTESIAN_POINT('',(105.801628805808,495.000076118295,-119.09611385416));
#9198=CARTESIAN_POINT('',(105.801628805807,497.000076162992,-119.09611385416));
#9199=CARTESIAN_POINT('',(105.301628805808,488.870597504604,-117.230088450378));
#9200=CARTESIAN_POINT('Ctrl Pts',(105.801628805808,495.000076118295,-119.09611385416));
#9201=CARTESIAN_POINT('Ctrl Pts',(105.682252656426,494.604150221879,-119.096113854161));
#9202=CARTESIAN_POINT('Ctrl Pts',(105.550996130241,494.169648025723,-119.073390879888));
#9203=CARTESIAN_POINT('Ctrl Pts',(105.302992450383,493.303134381428,-118.973181974085));
#9204=CARTESIAN_POINT('Ctrl Pts',(105.186917549066,492.870939908886,-118.895616159793));
#9205=CARTESIAN_POINT('Ctrl Pts',(104.939878473071,491.821923797435,-118.648577083797));
#9206=CARTESIAN_POINT('Ctrl Pts',(104.801628805808,491.046711536028,-118.384454609362));
#9207=CARTESIAN_POINT('Ctrl Pts',(104.801628805808,489.978429993506,-117.894906506149));
#9208=CARTESIAN_POINT('Ctrl Pts',(104.86666332587,489.474080228245,-117.616865771726));
#9209=CARTESIAN_POINT('Ctrl Pts',(105.147482480723,489.030700997028,-117.336046616874));
#9210=CARTESIAN_POINT('Ctrl Pts',(105.217921286663,488.942615347452,-117.278417009089));
#9211=CARTESIAN_POINT('Ctrl Pts',(105.301628805808,488.870597504604,-117.230088450378));
#9212=CARTESIAN_POINT('',(105.301628805807,497.000076162992,-117.230088450375));
#9213=CARTESIAN_POINT('Origin',(110.000918502099,497.000076162991,-114.516952279222));
#9214=CARTESIAN_POINT('',(110.000918502099,486.068512206007,-114.516952279224));
#9215=CARTESIAN_POINT('Origin',(121.122136881496,495.000076118292,-108.09611385416));
#9216=CARTESIAN_POINT('',(110.000918502099,497.000076162991,-114.516952279222));
#9217=CARTESIAN_POINT('Origin',(111.500918502099,497.000076162992,-117.115028490575));
#9218=CARTESIAN_POINT('',(113.000918502099,486.068512206007,-114.516952279224));
#9219=CARTESIAN_POINT('Ctrl Pts',(113.000918502099,486.068512206007,-114.516952279225));
#9220=CARTESIAN_POINT('Ctrl Pts',(112.802175163753,485.986023178371,-114.402207759331));
#9221=CARTESIAN_POINT('Ctrl Pts',(112.571258879623,485.916779429334,-114.301015679466));
#9222=CARTESIAN_POINT('Ctrl Pts',(112.056046994939,485.817551831498,-114.153343798775));
#9223=CARTESIAN_POINT('Ctrl Pts',(111.768336853326,485.792868800135,-114.115028490578));
#9224=CARTESIAN_POINT('Ctrl Pts',(111.233500150872,485.792868800135,-114.115028490578));
#9225=CARTESIAN_POINT('Ctrl Pts',(110.945790009259,485.817551831498,-114.153343798775));
#9226=CARTESIAN_POINT('Ctrl Pts',(110.430578124575,485.916779429334,-114.301015679466));
#9227=CARTESIAN_POINT('Ctrl Pts',(110.199661840445,485.986023178371,-114.402207759331));
#9228=CARTESIAN_POINT('Ctrl Pts',(110.000918502099,486.068512206007,-114.516952279225));
#9229=CARTESIAN_POINT('',(113.000918502099,497.000076162991,-114.516952279222));
#9230=CARTESIAN_POINT('Origin',(120.932259005959,497.000076162993,-119.09611385416));
#9231=CARTESIAN_POINT('',(117.70020819839,488.870597504604,-117.230088450378));
#9232=CARTESIAN_POINT('Origin',(101.879700122701,495.000076118292,-108.09611385416));
#9233=CARTESIAN_POINT('',(117.70020819839,497.000076162992,-117.230088450375));
#9234=CARTESIAN_POINT('Origin',(117.20020819839,497.000076162992,-118.09611385416));
#9235=CARTESIAN_POINT('',(117.20020819839,495.000076118295,-119.09611385416));
#9236=CARTESIAN_POINT('Ctrl Pts',(117.70020819839,488.870597504604,-117.230088450378));
#9237=CARTESIAN_POINT('Ctrl Pts',(117.783915717535,488.942615347452,-117.278417009089));
#9238=CARTESIAN_POINT('Ctrl Pts',(117.854354523475,489.030700997028,-117.336046616874));
#9239=CARTESIAN_POINT('Ctrl Pts',(118.135173678328,489.474080228245,-117.616865771726));
#9240=CARTESIAN_POINT('Ctrl Pts',(118.20020819839,489.978429993506,-117.894906506149));
#9241=CARTESIAN_POINT('Ctrl Pts',(118.20020819839,491.046711536028,-118.384454609362));
#9242=CARTESIAN_POINT('Ctrl Pts',(118.061958531127,491.821923797435,-118.648577083797));
#9243=CARTESIAN_POINT('Ctrl Pts',(117.814919455132,492.870939908886,-118.895616159793));
#9244=CARTESIAN_POINT('Ctrl Pts',(117.698844553814,493.303134381428,-118.973181974085));
#9245=CARTESIAN_POINT('Ctrl Pts',(117.450840873957,494.169648025723,-119.073390879888));
#9246=CARTESIAN_POINT('Ctrl Pts',(117.319584347771,494.604150221879,-119.096113854161));
#9247=CARTESIAN_POINT('Ctrl Pts',(117.20020819839,495.000076118295,-119.09611385416));
#9248=CARTESIAN_POINT('',(117.20020819839,497.000076162993,-119.09611385416));
#9249=CARTESIAN_POINT('Origin',(130.801628805807,497.000076162993,-118.09611385416));
#9250=CARTESIAN_POINT('',(130.801628805807,495.000076118295,-119.09611385416));
#9251=CARTESIAN_POINT('',(130.801628805807,497.000076162993,-119.09611385416));
#9252=CARTESIAN_POINT('',(130.301628805808,488.870597504604,-117.230088450378));
#9253=CARTESIAN_POINT('Ctrl Pts',(130.801628805807,495.000076118295,-119.09611385416));
#9254=CARTESIAN_POINT('Ctrl Pts',(130.580110497718,494.265383006167,-119.096113854161));
#9255=CARTESIAN_POINT('Ctrl Pts',(130.336333296878,493.464415041696,-119.018160983864));
#9256=CARTESIAN_POINT('Ctrl Pts',(129.948233789744,491.889047954274,-118.677747318825));
#9257=CARTESIAN_POINT('Ctrl Pts',(129.801628805808,491.115102176825,-118.41579513819));
#9258=CARTESIAN_POINT('Ctrl Pts',(129.801628805808,490.169003554861,-117.982238283186));
#9259=CARTESIAN_POINT('Ctrl Pts',(129.821299282116,489.901834465705,-117.847524638613));
#9260=CARTESIAN_POINT('Ctrl Pts',(129.938550193403,489.401137830509,-117.568915441697));
#9261=CARTESIAN_POINT('Ctrl Pts',(130.033853318783,489.167140964198,-117.424909789206));
#9262=CARTESIAN_POINT('Ctrl Pts',(130.224707748719,488.942892024124,-117.278301594546));
#9263=CARTESIAN_POINT('Ctrl Pts',(130.261197929857,488.905382246765,-117.253431227491));
#9264=CARTESIAN_POINT('Ctrl Pts',(130.301628805808,488.870597504604,-117.230088450378));
#9265=CARTESIAN_POINT('',(130.301628805807,497.000076162993,-117.230088450375));
#9266=CARTESIAN_POINT('Origin',(135.000918502099,497.000076162992,-114.516952279222));
#9267=CARTESIAN_POINT('',(135.000918502099,486.068512206007,-114.516952279224));
#9268=CARTESIAN_POINT('Origin',(146.122136881496,495.000076118292,-108.09611385416));
#9269=CARTESIAN_POINT('',(135.000918502099,497.000076162992,-114.516952279222));
#9270=CARTESIAN_POINT('Origin',(136.500918502099,497.000076162993,-117.115028490575));
#9271=CARTESIAN_POINT('',(138.000918502099,486.068512206007,-114.516952279224));
#9272=CARTESIAN_POINT('Ctrl Pts',(138.000918502099,486.068512206007,-114.516952279224));
#9273=CARTESIAN_POINT('Ctrl Pts',(137.802175163753,485.986023178371,-114.402207759331));
#9274=CARTESIAN_POINT('Ctrl Pts',(137.571258879623,485.916779429333,-114.301015679466));
#9275=CARTESIAN_POINT('Ctrl Pts',(137.056046994939,485.817551831498,-114.153343798775));
#9276=CARTESIAN_POINT('Ctrl Pts',(136.768336853326,485.792868800135,-114.115028490578));
#9277=CARTESIAN_POINT('Ctrl Pts',(136.233500150872,485.792868800135,-114.115028490578));
#9278=CARTESIAN_POINT('Ctrl Pts',(135.945790009259,485.817551831498,-114.153343798775));
#9279=CARTESIAN_POINT('Ctrl Pts',(135.430578124575,485.916779429333,-114.301015679466));
#9280=CARTESIAN_POINT('Ctrl Pts',(135.199661840445,485.986023178371,-114.402207759331));
#9281=CARTESIAN_POINT('Ctrl Pts',(135.000918502099,486.068512206007,-114.516952279224));
#9282=CARTESIAN_POINT('',(138.000918502099,497.000076162992,-114.516952279222));
#9283=CARTESIAN_POINT('Origin',(145.932259005959,497.000076162993,-119.09611385416));
#9284=CARTESIAN_POINT('',(142.70020819839,488.870597504604,-117.230088450378));
#9285=CARTESIAN_POINT('Origin',(126.879700122701,495.000076118292,-108.09611385416));
#9286=CARTESIAN_POINT('',(142.70020819839,497.000076162993,-117.230088450375));
#9287=CARTESIAN_POINT('Origin',(142.20020819839,497.000076162993,-118.09611385416));
#9288=CARTESIAN_POINT('',(142.20020819839,495.000076118294,-119.09611385416));
#9289=CARTESIAN_POINT('Ctrl Pts',(142.70020819839,488.870597504604,-117.230088450378));
#9290=CARTESIAN_POINT('Ctrl Pts',(142.74063907434,488.905382246765,-117.253431227491));
#9291=CARTESIAN_POINT('Ctrl Pts',(142.777129255479,488.942892024124,-117.278301594546));
#9292=CARTESIAN_POINT('Ctrl Pts',(142.967983685415,489.167140964198,-117.424909789206));
#9293=CARTESIAN_POINT('Ctrl Pts',(143.063286810794,489.401137830509,-117.568915441697));
#9294=CARTESIAN_POINT('Ctrl Pts',(143.180537722081,489.901834465705,-117.847524638613));
#9295=CARTESIAN_POINT('Ctrl Pts',(143.20020819839,490.169003554861,-117.982238283186));
#9296=CARTESIAN_POINT('Ctrl Pts',(143.20020819839,491.115102176825,-118.41579513819));
#9297=CARTESIAN_POINT('Ctrl Pts',(143.053603214454,491.889047954274,-118.677747318825));
#9298=CARTESIAN_POINT('Ctrl Pts',(142.665503707319,493.464415041696,-119.018160983864));
#9299=CARTESIAN_POINT('Ctrl Pts',(142.42172650648,494.265383006167,-119.096113854161));
#9300=CARTESIAN_POINT('Ctrl Pts',(142.20020819839,495.000076118294,-119.09611385416));
#9301=CARTESIAN_POINT('',(142.20020819839,497.000076162993,-119.09611385416));
#9302=CARTESIAN_POINT('Origin',(94.5009185020986,497.000076162992,-119.09611385416));
#9303=CARTESIAN_POINT('',(86.5009185020987,495.000076118295,-119.09611385416));
#9304=CARTESIAN_POINT('',(86.5009185020987,495.000076118295,-119.09611385416));
#9305=CARTESIAN_POINT('',(187.000499526144,495.000076118297,-119.09611385416));
#9306=CARTESIAN_POINT('',(187.000499526144,495.000076118297,-119.09611385416));
#9307=CARTESIAN_POINT('Origin',(186.000499526144,495.000076118292,-108.09611385416));
#9308=CARTESIAN_POINT('Origin',(186.000499526144,495.000076118292,-108.09611385416));
#9309=CARTESIAN_POINT('Origin',(59.0009185020987,492.398745066698,-113.502875986899));
#9310=CARTESIAN_POINT('',(59.0009185020987,490.23096919037,-118.008511097514));
#9311=CARTESIAN_POINT('Ctrl Pts',(161.000918502099,490.230969190374,-118.008511097516));
#9312=CARTESIAN_POINT('Ctrl Pts',(161.000251835436,490.227290354749,-118.006741115943));
#9313=CARTESIAN_POINT('Ctrl Pts',(160.999585175668,490.223619637598,-118.004964265607));
#9314=CARTESIAN_POINT('Ctrl Pts',(160.856704043715,489.434071201159,-117.624861758279));
#9315=CARTESIAN_POINT('Ctrl Pts',(160.641938874078,488.403845348443,-116.770930268067));
#9316=CARTESIAN_POINT('Ctrl Pts',(160.33231863476,487.328388154631,-115.124305758485));
#9317=CARTESIAN_POINT('Ctrl Pts',(160.185921719278,486.996248020014,-114.12154280232));
#9318=CARTESIAN_POINT('Ctrl Pts',(160.117615507848,486.867547605461,-113.502875986898));
#9319=CARTESIAN_POINT('Ctrl Pts',(161.000918502099,490.230969190374,-118.008511097516));
#9320=CARTESIAN_POINT('Ctrl Pts',(161.000013726776,490.227546233375,-118.006804672355));
#9321=CARTESIAN_POINT('Ctrl Pts',(160.999155882243,490.223857835097,-118.005137308263));
#9322=CARTESIAN_POINT('Ctrl Pts',(160.808243751139,489.471767502843,-117.641501921058));
#9323=CARTESIAN_POINT('Ctrl Pts',(160.52355254777,488.455539307091,-116.873102226157));
#9324=CARTESIAN_POINT('Ctrl Pts',(160.157677859568,487.261272811841,-115.353276062231));
#9325=CARTESIAN_POINT('Ctrl Pts',(160.019631631986,486.806322335926,-114.381514581553));
#9326=CARTESIAN_POINT('Ctrl Pts',(159.976378872093,486.601433979903,-113.759181998945));
#9327=CARTESIAN_POINT('Ctrl Pts',(161.000918502099,490.230969190374,-118.008511097516));
#9328=CARTESIAN_POINT('Ctrl Pts',(160.99956516359,490.227856926601,-118.006964828217));
#9329=CARTESIAN_POINT('Ctrl Pts',(160.998270911829,490.224523345784,-118.00545196561));
#9330=CARTESIAN_POINT('Ctrl Pts',(160.712017791431,489.542881143819,-117.675742785061));
#9331=CARTESIAN_POINT('Ctrl Pts',(160.28464704461,488.577066764918,-117.051567551868));
#9332=CARTESIAN_POINT('Ctrl Pts',(159.737826879381,487.217356760959,-115.775807785138));
#9333=CARTESIAN_POINT('Ctrl Pts',(159.53691310889,486.546369019434,-114.885001016752));
#9334=CARTESIAN_POINT('Ctrl Pts',(159.480612449037,486.183384488559,-114.2710613699));
#9335=CARTESIAN_POINT('Ctrl Pts',(161.000918502099,490.230969190374,-118.008511097516));
#9336=CARTESIAN_POINT('Ctrl Pts',(160.99913394491,490.228092051759,-118.007138271893));
#9337=CARTESIAN_POINT('Ctrl Pts',(160.997369403216,490.225261428212,-118.005752926454));
#9338=CARTESIAN_POINT('Ctrl Pts',(160.616200751005,489.612119807366,-117.710295303204));
#9339=CARTESIAN_POINT('Ctrl Pts',(160.044235519388,488.728408379187,-117.18039032344));
#9340=CARTESIAN_POINT('Ctrl Pts',(159.242732729026,487.354479198047,-116.063284489158));
#9341=CARTESIAN_POINT('Ctrl Pts',(158.883190451047,486.586500158862,-115.225073355787));
#9342=CARTESIAN_POINT('Ctrl Pts',(158.72786405094,486.134096383315,-114.60832093178));
#9343=CARTESIAN_POINT('Ctrl Pts',(161.000918502099,490.230969190374,-118.008511097516));
#9344=CARTESIAN_POINT('Ctrl Pts',(160.998918502115,490.228271377587,-118.007213111031));
#9345=CARTESIAN_POINT('Ctrl Pts',(160.996918522808,490.22557326884,-118.005914105239));
#9346=CARTESIAN_POINT('Ctrl Pts',(160.568275126942,489.647858282029,-117.727230839554));
#9347=CARTESIAN_POINT('Ctrl Pts',(159.923979618033,488.810610729408,-117.232705355058));
#9348=CARTESIAN_POINT('Ctrl Pts',(158.99511890008,487.46249210698,-116.162126485813));
#9349=CARTESIAN_POINT('Ctrl Pts',(158.555928153637,486.678182328495,-115.332350697043));
#9350=CARTESIAN_POINT('Ctrl Pts',(158.351009519347,486.206280808466,-114.704378683062));
#9351=CARTESIAN_POINT('',(158.351009519347,486.206280808466,-114.704378683062));
#9352=CARTESIAN_POINT('Origin',(158.351009519347,487.80515268298,-113.502875986898));
#9353=CARTESIAN_POINT('Ctrl Pts',(161.000918502099,490.230969190374,-118.008511097516));
#9354=CARTESIAN_POINT('Ctrl Pts',(160.998918502115,490.228271377587,-118.007213111031));
#9355=CARTESIAN_POINT('Ctrl Pts',(160.996918522808,490.22557326884,-118.005914105239));
#9356=CARTESIAN_POINT('Ctrl Pts',(160.568275126942,489.647858282029,-117.727230839554));
#9357=CARTESIAN_POINT('Ctrl Pts',(159.923979618033,488.810610729408,-117.232705355058));
#9358=CARTESIAN_POINT('Ctrl Pts',(158.99511890008,487.46249210698,-116.162126485813));
#9359=CARTESIAN_POINT('Ctrl Pts',(158.555928153637,486.678182328495,-115.332350697043));
#9360=CARTESIAN_POINT('Ctrl Pts',(158.351009519347,486.206280808466,-114.704378683062));
#9361=CARTESIAN_POINT('Ctrl Pts',(160.117615507848,486.867547605461,-113.502875986898));
#9362=CARTESIAN_POINT('Ctrl Pts',(160.05012183623,486.740378152856,-112.995192579157));
#9363=CARTESIAN_POINT('Ctrl Pts',(159.986127341273,486.473006093788,-111.653483071438));
#9364=CARTESIAN_POINT('Ctrl Pts',(160.002589164315,486.32930696042,-110.140589032703));
#9365=CARTESIAN_POINT('Ctrl Pts',(160.006737799985,486.291019807153,-109.25937557757));
#9366=CARTESIAN_POINT('Ctrl Pts',(160.036908858845,486.71548267657,-113.649336565211));
#9367=CARTESIAN_POINT('Ctrl Pts',(159.97777456719,486.551116440928,-113.133571258189));
#9368=CARTESIAN_POINT('Ctrl Pts',(159.957590797577,486.20644336174,-111.76866126885));
#9369=CARTESIAN_POINT('Ctrl Pts',(160.023308475324,486.024467464138,-110.212462372311));
#9370=CARTESIAN_POINT('Ctrl Pts',(160.040873067076,485.975990407863,-109.300920087392));
#9371=CARTESIAN_POINT('Ctrl Pts',(159.807075915751,486.447906078775,-113.942077107275));
#9372=CARTESIAN_POINT('Ctrl Pts',(159.749068870405,486.204828983171,-113.410116266476));
#9373=CARTESIAN_POINT('Ctrl Pts',(159.777699754353,485.688356708766,-111.998709446899));
#9374=CARTESIAN_POINT('Ctrl Pts',(159.915914769232,485.405994742071,-110.355942677601));
#9375=CARTESIAN_POINT('Ctrl Pts',(159.953359309222,485.330402520486,-109.383833005545));
#9376=CARTESIAN_POINT('Ctrl Pts',(159.211707268011,486.159131526252,-114.396535042674));
#9377=CARTESIAN_POINT('Ctrl Pts',(159.108115890183,485.786335342336,-113.830922816849));
#9378=CARTESIAN_POINT('Ctrl Pts',(159.094671823873,484.981338109031,-112.326843939627));
#9379=CARTESIAN_POINT('Ctrl Pts',(159.250360549338,484.517695879441,-110.552533788327));
#9380=CARTESIAN_POINT('Ctrl Pts',(159.29262384477,484.393248428574,-109.496654064197));
#9381=CARTESIAN_POINT('Ctrl Pts',(158.674027689284,486.144408444051,-114.622043467678));
#9382=CARTESIAN_POINT('Ctrl Pts',(158.508774105454,485.703927812999,-114.024145119254));
#9383=CARTESIAN_POINT('Ctrl Pts',(158.384078877226,484.762954532495,-112.437715885026));
#9384=CARTESIAN_POINT('Ctrl Pts',(158.473831626362,484.234893044591,-110.604232866276));
#9385=CARTESIAN_POINT('Ctrl Pts',(158.49770715428,484.093213223591,-109.524534962159));
#9386=CARTESIAN_POINT('Ctrl Pts',(158.351009519347,486.206280808467,-114.704378683062));
#9387=CARTESIAN_POINT('Ctrl Pts',(158.148528504491,485.739992815584,-114.083876740267));
#9388=CARTESIAN_POINT('Ctrl Pts',(157.956545019621,484.759628599,-112.444009564167));
#9389=CARTESIAN_POINT('Ctrl Pts',(158.005930488748,484.232731776652,-110.594916850156));
#9390=CARTESIAN_POINT('Ctrl Pts',(158.018376395757,484.092345548009,-109.517878182773));
#9391=CARTESIAN_POINT('',(158.011488983667,484.794870151514,-112.201448332087));
#9392=CARTESIAN_POINT('Ctrl Pts',(158.351009519347,486.206280808467,-114.704378683062));
#9393=CARTESIAN_POINT('Ctrl Pts',(158.148528504491,485.739992815584,-114.083876740267));
#9394=CARTESIAN_POINT('Ctrl Pts',(158.050181936147,485.23778578203,-113.243828913143));
#9395=CARTESIAN_POINT('Ctrl Pts',(158.015174496947,484.85457594911,-112.348876910704));
#9396=CARTESIAN_POINT('Ctrl Pts',(158.010848489107,484.795182950689,-112.201343961655));
#9397=CARTESIAN_POINT('Ctrl Pts',(158.011488983667,484.794870151515,-112.201448332087));
#9398=CARTESIAN_POINT('Ctrl Pts',(158.172809616255,484.757402535453,-112.108309821437));
#9399=CARTESIAN_POINT('Ctrl Pts',(158.337448784014,484.742369728502,-112.013255353612));
#9400=CARTESIAN_POINT('Ctrl Pts',(158.500918502099,484.752123552838,-111.918876067871));
#9401=CARTESIAN_POINT('Origin',(152.997781228517,477.000076162992,-115.096113854164));
#9402=CARTESIAN_POINT('',(150.500918502099,487.947417680939,-116.537678221388));
#9403=CARTESIAN_POINT('Origin',(165.122136881496,495.000076118292,-108.09611385416));
#9404=CARTESIAN_POINT('',(150.500918502099,481.000076118294,-116.537678221389));
#9405=CARTESIAN_POINT('',(150.500918502099,487.000076162993,-116.537678221388));
#9406=CARTESIAN_POINT('',(160.000918502099,481.000076118292,-111.052850664088));
#9407=CARTESIAN_POINT('Origin',(149.000918502099,487.000076162992,-113.939602010035));
#9408=CARTESIAN_POINT('',(147.500918502099,487.947417680939,-116.537678221388));
#9409=CARTESIAN_POINT('Ctrl Pts',(147.500918502099,487.947417680939,-116.537678221388));
#9410=CARTESIAN_POINT('Ctrl Pts',(147.595382476392,488.01269700832,-116.592217022374));
#9411=CARTESIAN_POINT('Ctrl Pts',(147.694351518635,488.074400732339,-116.642471563193));
#9412=CARTESIAN_POINT('Ctrl Pts',(147.978471401574,488.230051514584,-116.76692255586));
#9413=CARTESIAN_POINT('Ctrl Pts',(148.172228831604,488.312812271467,-116.830278550331));
#9414=CARTESIAN_POINT('Ctrl Pts',(148.57657265733,488.427123396122,-116.9166253596));
#9415=CARTESIAN_POINT('Ctrl Pts',(148.787221957196,488.458461849862,-116.939602010034));
#9416=CARTESIAN_POINT('Ctrl Pts',(149.196589753661,488.458461849862,-116.939602010034));
#9417=CARTESIAN_POINT('Ctrl Pts',(149.391500072348,488.432102761513,-116.920258014865));
#9418=CARTESIAN_POINT('Ctrl Pts',(149.768282051386,488.333692302687,-116.846149339567));
#9419=CARTESIAN_POINT('Ctrl Pts',(149.950209901729,488.261829277009,-116.791420367198));
#9420=CARTESIAN_POINT('Ctrl Pts',(150.254677028961,488.106905746445,-116.668843264391));
#9421=CARTESIAN_POINT('Ctrl Pts',(150.381693075067,488.029808409697,-116.606513053779));
#9422=CARTESIAN_POINT('Ctrl Pts',(150.500918502099,487.947417680939,-116.537678221388));
#9423=CARTESIAN_POINT('',(147.500918502099,481.000076118294,-116.537678221389));
#9424=CARTESIAN_POINT('',(147.500918502099,487.000076162993,-116.537678221388));
#9425=CARTESIAN_POINT('Origin',(149.000918502099,481.000076118293,-113.939602010036));
#9426=CARTESIAN_POINT('Origin',(143.271828993931,497.000076162992,-114.096012255418));
#9427=CARTESIAN_POINT('',(139.500918502099,484.685693487352,-111.918876067871));
#9428=CARTESIAN_POINT('Origin',(132.879700122701,495.000076118292,-108.09611385416));
#9429=CARTESIAN_POINT('',(139.500918502099,481.000076118293,-111.918876067872));
#9430=CARTESIAN_POINT('',(139.500918502099,497.000076162991,-111.918876067868));
#9431=CARTESIAN_POINT('',(149.000918502099,481.000076118294,-117.403703625174));
#9432=CARTESIAN_POINT('Origin',(133.500918502099,497.000076162991,-111.918876067868));
#9433=CARTESIAN_POINT('',(125.500918502099,487.947417680939,-116.537678221388));
#9434=CARTESIAN_POINT('',(125.500918502099,487.000076162992,-116.537678221388));
#9435=CARTESIAN_POINT('',(131.422109222567,485.213869520333,-113.119077165003));
#9436=CARTESIAN_POINT('',(131.422109222567,484.000076118293,-113.119077165003));
#9437=CARTESIAN_POINT('Origin',(140.122136881496,495.000076118292,-108.09611385416));
#9438=CARTESIAN_POINT('Origin',(124.000918502099,487.000076162992,-113.939602010035));
#9439=CARTESIAN_POINT('',(122.500918502099,487.947417680939,-116.537678221388));
#9440=CARTESIAN_POINT('',(122.500918502099,487.000076162992,-116.537678221388));
#9441=CARTESIAN_POINT('Ctrl Pts',(122.500918502099,487.947417680939,-116.537678221388));
#9442=CARTESIAN_POINT('Ctrl Pts',(122.595382476391,488.012697008321,-116.592217022374));
#9443=CARTESIAN_POINT('Ctrl Pts',(122.694351518635,488.074400732339,-116.642471563194));
#9444=CARTESIAN_POINT('Ctrl Pts',(122.978471401573,488.230051514584,-116.76692255586));
#9445=CARTESIAN_POINT('Ctrl Pts',(123.172228831604,488.312812271467,-116.830278550331));
#9446=CARTESIAN_POINT('Ctrl Pts',(123.57657265733,488.427123396122,-116.9166253596));
#9447=CARTESIAN_POINT('Ctrl Pts',(123.787221957196,488.458461849862,-116.939602010034));
#9448=CARTESIAN_POINT('Ctrl Pts',(124.196589753661,488.458461849862,-116.939602010034));
#9449=CARTESIAN_POINT('Ctrl Pts',(124.391500072348,488.432102761514,-116.920258014865));
#9450=CARTESIAN_POINT('Ctrl Pts',(124.768282051386,488.333692302687,-116.846149339567));
#9451=CARTESIAN_POINT('Ctrl Pts',(124.950209901729,488.261829277009,-116.791420367198));
#9452=CARTESIAN_POINT('Ctrl Pts',(125.254677028961,488.106905746445,-116.668843264391));
#9453=CARTESIAN_POINT('Ctrl Pts',(125.381693075067,488.029808409697,-116.606513053779));
#9454=CARTESIAN_POINT('Ctrl Pts',(125.500918502099,487.947417680939,-116.537678221388));
#9455=CARTESIAN_POINT('Origin',(115.602973085079,477.000076162991,-112.555147578019));
#9456=CARTESIAN_POINT('',(116.579727781631,485.213869520333,-113.119077165003));
#9457=CARTESIAN_POINT('',(116.579727781631,477.000076162991,-113.119077165005));
#9458=CARTESIAN_POINT('Origin',(107.879700122701,495.000076118292,-108.09611385416));
#9459=CARTESIAN_POINT('Origin',(108.500918502099,477.000076162991,-111.918876067874));
#9460=CARTESIAN_POINT('',(100.500918502098,487.94741768094,-116.537678221388));
#9461=CARTESIAN_POINT('',(100.500918502099,477.000076162992,-116.537678221391));
#9462=CARTESIAN_POINT('',(106.422109222567,485.213869520333,-113.119077165003));
#9463=CARTESIAN_POINT('',(106.422109222567,484.000076118293,-113.119077165004));
#9464=CARTESIAN_POINT('Origin',(115.122136881496,495.000076118292,-108.09611385416));
#9465=CARTESIAN_POINT('Origin',(99.0009185020991,477.000076162991,-113.939602010037));
#9466=CARTESIAN_POINT('',(97.5009185020989,487.947417680939,-116.537678221388));
#9467=CARTESIAN_POINT('',(97.5009185020991,477.000076162992,-116.537678221391));
#9468=CARTESIAN_POINT('Ctrl Pts',(97.5009185020987,487.947417680939,-116.537678221388));
#9469=CARTESIAN_POINT('Ctrl Pts',(97.6201439291305,488.029808409698,-116.606513053779));
#9470=CARTESIAN_POINT('Ctrl Pts',(97.7471599752367,488.106905746445,-116.668843264391));
#9471=CARTESIAN_POINT('Ctrl Pts',(98.0516271024689,488.261829277009,-116.791420367198));
#9472=CARTESIAN_POINT('Ctrl Pts',(98.2335549528115,488.333692302687,-116.846149339568));
#9473=CARTESIAN_POINT('Ctrl Pts',(98.6103369318497,488.432102761514,-116.920258014865));
#9474=CARTESIAN_POINT('Ctrl Pts',(98.805247250537,488.458461849862,-116.939602010034));
#9475=CARTESIAN_POINT('Ctrl Pts',(99.0009185020989,488.458461849862,-116.939602010034));
#9476=CARTESIAN_POINT('Ctrl Pts',(99.2146150470015,488.458461849862,-116.939602010034));
#9477=CARTESIAN_POINT('Ctrl Pts',(99.4252643468676,488.427123396122,-116.9166253596));
#9478=CARTESIAN_POINT('Ctrl Pts',(99.8296081725939,488.312812271467,-116.830278550331));
#9479=CARTESIAN_POINT('Ctrl Pts',(100.023365602624,488.230051514584,-116.76692255586));
#9480=CARTESIAN_POINT('Ctrl Pts',(100.307485485562,488.074400732339,-116.642471563194));
#9481=CARTESIAN_POINT('Ctrl Pts',(100.406454527806,488.012697008321,-116.592217022375));
#9482=CARTESIAN_POINT('Ctrl Pts',(100.500918502098,487.94741768094,-116.537678221388));
#9483=CARTESIAN_POINT('Origin',(93.5092660283557,477.000076162991,-114.233096591163));
#9484=CARTESIAN_POINT('',(91.5797277816311,485.213869520333,-113.119077165003));
#9485=CARTESIAN_POINT('',(91.5797277816309,477.000076162991,-113.119077165005));
#9486=CARTESIAN_POINT('Origin',(82.8797001227011,495.000076118292,-108.09611385416));
#9487=CARTESIAN_POINT('Origin',(82.0009185020993,477.00007616299,-109.32079985652));
#9488=CARTESIAN_POINT('',(83.5009185020991,484.685693487353,-111.918876067872));
#9489=CARTESIAN_POINT('',(83.5009185020993,477.00007616299,-111.918876067873));
#9490=CARTESIAN_POINT('',(85.0009185020991,484.068463968401,-109.320799856518));
#9491=CARTESIAN_POINT('',(85.0009185020993,477.00007616299,-109.32079985652));
#9492=CARTESIAN_POINT('Ctrl Pts',(85.0009185020991,484.068463968402,-109.320799856518));
#9493=CARTESIAN_POINT('Ctrl Pts',(85.0009185020991,484.111195925257,-109.702227567665));
#9494=CARTESIAN_POINT('Ctrl Pts',(84.9239480224805,484.178531349886,-110.105289405717));
#9495=CARTESIAN_POINT('Ctrl Pts',(84.6168824853136,484.341805052164,-110.842725483978));
#9496=CARTESIAN_POINT('Ctrl Pts',(84.3869720264136,484.436791347747,-111.177387019323));
#9497=CARTESIAN_POINT('Ctrl Pts',(83.9438688674776,484.578280142865,-111.620490178259));
#9498=CARTESIAN_POINT('Ctrl Pts',(83.7334355872916,484.635939454462,-111.784632266144));
#9499=CARTESIAN_POINT('Ctrl Pts',(83.5009185020991,484.685693487353,-111.918876067872));
#9500=CARTESIAN_POINT('Origin',(83.0009185021044,477.000076162989,-108.960836176323));
#9501=CARTESIAN_POINT('',(80.0009185020968,484.034117185962,-108.960836176322));
#9502=CARTESIAN_POINT('',(80.0009185021044,477.000076162989,-108.960836176324));
#9503=CARTESIAN_POINT('Ctrl Pts',(83.5009185020991,484.685693487353,-111.918876067872));
#9504=CARTESIAN_POINT('Ctrl Pts',(83.3330674544063,484.696208845774,-111.947248073295));
#9505=CARTESIAN_POINT('Ctrl Pts',(83.1647837120471,484.701342148886,-111.960836176321));
#9506=CARTESIAN_POINT('Ctrl Pts',(82.6202475518218,484.701342148886,-111.960836176321));
#9507=CARTESIAN_POINT('Ctrl Pts',(82.2166664765709,484.67154568745,-111.88398696105));
#9508=CARTESIAN_POINT('Ctrl Pts',(81.4784674269028,484.563935835734,-111.57655899595));
#9509=CARTESIAN_POINT('Ctrl Pts',(81.1435744129678,484.487578606844,-111.346132774304));
#9510=CARTESIAN_POINT('Ctrl Pts',(80.6147840985969,484.338433653297,-110.817342459933));
#9511=CARTESIAN_POINT('Ctrl Pts',(80.3846679631828,484.255454564381,-110.482308205016));
#9512=CARTESIAN_POINT('Ctrl Pts',(80.0776547247689,484.117817801098,-109.74452816348));
#9513=CARTESIAN_POINT('Ctrl Pts',(80.0009185021042,484.064137131397,-109.34153351737));
#9514=CARTESIAN_POINT('Ctrl Pts',(80.0009185021042,484.034117185962,-108.960836176321));
#9515=CARTESIAN_POINT('Origin',(78.5009185020986,495.000076118292,-108.09611385416));
#9516=CARTESIAN_POINT('Origin',(78.5009185020989,483.000076118292,-108.096113854163));
#9517=CARTESIAN_POINT('Origin',(78.5009185020986,495.000076118292,-108.09611385416));
#9518=CARTESIAN_POINT('Origin',(141.000918502099,497.000076162991,-109.320799856515));
#9519=CARTESIAN_POINT('',(138.000918502099,484.068463968401,-109.320799856518));
#9520=CARTESIAN_POINT('Ctrl Pts',(138.000918502099,484.068463968401,-109.320799856518));
#9521=CARTESIAN_POINT('Ctrl Pts',(138.000918502099,484.111195925257,-109.702227567664));
#9522=CARTESIAN_POINT('Ctrl Pts',(138.077888981718,484.178531349886,-110.105289405717));
#9523=CARTESIAN_POINT('Ctrl Pts',(138.384954518885,484.341805052164,-110.842725483978));
#9524=CARTESIAN_POINT('Ctrl Pts',(138.614864977785,484.436791347747,-111.177387019323));
#9525=CARTESIAN_POINT('Ctrl Pts',(139.057968136721,484.578280142865,-111.620490178259));
#9526=CARTESIAN_POINT('Ctrl Pts',(139.268401416907,484.635939454462,-111.784632266144));
#9527=CARTESIAN_POINT('Ctrl Pts',(139.500918502099,484.685693487352,-111.918876067871));
#9528=CARTESIAN_POINT('',(138.000918502099,481.000076118292,-109.320799856519));
#9529=CARTESIAN_POINT('',(138.000918502099,497.000076162991,-109.320799856515));
#9530=CARTESIAN_POINT('Origin',(141.000918502099,481.000076118292,-109.320799856519));
#9531=CARTESIAN_POINT('Origin',(149.000918502099,481.000076118291,-105.748770449068));
#9532=CARTESIAN_POINT('',(138.000918502099,481.00007611829,-100.083195549485));
#9533=CARTESIAN_POINT('',(139.500918502099,481.000076118289,-97.4851193381315));
#9534=CARTESIAN_POINT('Origin',(141.000918502099,481.00007611829,-100.083195549485));
#9535=CARTESIAN_POINT('',(142.60797987267,481.000076118289,-95.691256619444));
#9536=CARTESIAN_POINT('',(138.000918502099,481.000076118289,-98.3511447419161));
#9537=CARTESIAN_POINT('Origin',(144.107979872669,481.000076118289,-98.2893328307972));
#9538=CARTESIAN_POINT('',(138.000918502099,481.000076118292,-111.052850664088));
#9539=CARTESIAN_POINT('Origin',(99.0000014752161,484.00007611829,-100.000001475093));
#9540=CARTESIAN_POINT('',(105.000001564623,484.00007611829,-100.000001475093));
#9541=CARTESIAN_POINT('Origin',(108.750001892449,483.50007611829,-100.500001415488));
#9542=CARTESIAN_POINT('',(110.750001892449,483.50007611829,-100.500001415488));
#9543=CARTESIAN_POINT('Origin',(114.000001892449,484.00007611829,-99.0000014154881));
#9544=CARTESIAN_POINT('',(114.000001892449,484.000076118289,-96.0000014154881));
#9545=CARTESIAN_POINT('Origin',(127.000001892449,484.000076118289,-96.000001400587));
#9546=CARTESIAN_POINT('Origin',(129.250001892449,483.50007611829,-100.500001415488));
#9547=CARTESIAN_POINT('',(131.250001892449,483.50007611829,-100.500001415488));
#9548=CARTESIAN_POINT('Origin',(144.570943764478,484.000076118288,-94.5579388880985));
#9549=CARTESIAN_POINT('',(139.500918502099,490.500076140639,-97.4851193381295));
#9550=CARTESIAN_POINT('',(142.60797987267,477.000076162987,-95.6912566194449));
#9551=CARTESIAN_POINT('Origin',(144.10797987267,477.000076162988,-98.2893328307983));
#9552=CARTESIAN_POINT('Ctrl Pts',(146.728743709365,485.000076118292,-96.8293338882389));
#9553=CARTESIAN_POINT('Ctrl Pts',(146.727605493581,484.99862807478,-96.8272907396599));
#9554=CARTESIAN_POINT('Ctrl Pts',(146.72646488765,484.997180030143,-96.8252489205167));
#9555=CARTESIAN_POINT('Ctrl Pts',(146.517322688758,484.732222128673,-96.4518858776946));
#9556=CARTESIAN_POINT('Ctrl Pts',(146.236378411509,484.476796799154,-96.1353307082698));
#9557=CARTESIAN_POINT('Ctrl Pts',(145.697659430494,484.169709085207,-95.7317842349438));
#9558=CARTESIAN_POINT('Ctrl Pts',(145.478360612563,484.083109434731,-95.6100609764815));
#9559=CARTESIAN_POINT('Ctrl Pts',(145.14044876149,484.012484118018,-95.4696733902286));
#9560=CARTESIAN_POINT('Ctrl Pts',(145.024141114713,484.000076118292,-95.4302619313213));
#9561=CARTESIAN_POINT('Ctrl Pts',(144.911628168996,484.000076118292,-95.398978282335));
#9562=CARTESIAN_POINT('Origin',(164.20050137099,485.00007611829,-87.0960083007058));
#9563=CARTESIAN_POINT('Ctrl Pts',(143.647182241744,484.000076118291,-91.4042576771703));
#9564=CARTESIAN_POINT('Ctrl Pts',(143.766045110468,484.000076118291,-91.2592086210581));
#9565=CARTESIAN_POINT('Ctrl Pts',(143.879534038772,484.032017971773,-91.0929718897861));
#9566=CARTESIAN_POINT('Ctrl Pts',(144.106419787483,484.173200121747,-90.6637190449695));
#9567=CARTESIAN_POINT('Ctrl Pts',(144.205332380062,484.297792492181,-90.3974956730959));
#9568=CARTESIAN_POINT('Ctrl Pts',(144.327876441069,484.620018925473,-89.803786204716));
#9569=CARTESIAN_POINT('Ctrl Pts',(144.341873224381,484.809076048312,-89.4957106489395));
#9570=CARTESIAN_POINT('Ctrl Pts',(144.310789710078,484.997176040776,-89.1934935728842));
#9571=CARTESIAN_POINT('Ctrl Pts',(144.310547364945,484.998626080104,-89.1911641187719));
#9572=CARTESIAN_POINT('Ctrl Pts',(144.310302292526,485.00007611829,-89.1888349534796));
#9573=CARTESIAN_POINT('Origin',(141.326772217358,477.000076162986,-89.5027589738514));
#9574=CARTESIAN_POINT('',(142.826772217358,477.000076162986,-92.1008351852047));
#9575=CARTESIAN_POINT('Origin',(136.500918502099,484.000076118289,-95.7530685305622));
#9576=CARTESIAN_POINT('',(139.440323141865,484.000076118288,-94.0560024705361));
#9577=CARTESIAN_POINT('Origin',(138.440323141865,484.000076118288,-92.3239516629672));
#9578=CARTESIAN_POINT('',(136.440323141865,484.000076118288,-92.3239516629672));
#9579=CARTESIAN_POINT('Origin',(136.440323141865,484.000076118289,-95.2883548867143));
#9580=CARTESIAN_POINT('',(136.440323141865,484.000076118284,-77.0959999999819));
#9581=CARTESIAN_POINT('Origin',(133.440323141865,484.000076118284,-77.0959999999819));
#9582=CARTESIAN_POINT('Origin',(114.985706330287,480.500076140632,-74.671000953651));
#9583=CARTESIAN_POINT('',(116.898237084081,484.000076118283,-74.0859999999815));
#9584=CARTESIAN_POINT('Ctrl Pts',(115.985706330287,484.06109830335,-72.9389501460816));
#9585=CARTESIAN_POINT('Ctrl Pts',(116.140157989509,484.051666227576,-73.0281228531103));
#9586=CARTESIAN_POINT('Ctrl Pts',(116.280544538612,484.041269475998,-73.137412037229));
#9587=CARTESIAN_POINT('Ctrl Pts',(116.577409517684,484.018554835085,-73.4342770163011));
#9588=CARTESIAN_POINT('Ctrl Pts',(116.731370933937,484.005990328255,-73.6591721447415));
#9589=CARTESIAN_POINT('Ctrl Pts',(116.857930065528,484.000701020909,-73.9646932184061));
#9590=CARTESIAN_POINT('Ctrl Pts',(116.879575273914,484.000136127964,-74.0249893539414));
#9591=CARTESIAN_POINT('Ctrl Pts',(116.898237085236,484.000080663735,-74.0860000037602));
#9592=CARTESIAN_POINT('Ctrl Pts',(116.898237085236,484.000080663735,-74.0860000037602));
#9593=CARTESIAN_POINT('Ctrl Pts',(116.89925603703,484.000077635338,-74.089331240476));
#9594=CARTESIAN_POINT('Ctrl Pts',(116.900266120105,484.000076118283,-74.0926645995193));
#9595=CARTESIAN_POINT('Ctrl Pts',(116.90126731947,484.000076118283,-74.0959999999818));
#9596=CARTESIAN_POINT('',(114.985706330287,480.500076140633,-76.671000953651));
#9597=CARTESIAN_POINT('Origin',(100.552029058773,484.000076118284,-76.6710009536502));
#9598=CARTESIAN_POINT('',(108.016130673911,480.500076140633,-76.671000953651));
#9599=CARTESIAN_POINT('Origin',(108.016130673911,480.500076140633,-74.671000953651));
#9600=CARTESIAN_POINT('',(106.103599920117,484.000076118283,-74.0859999999815));
#9601=CARTESIAN_POINT('Ctrl Pts',(106.100569684728,484.000076118283,-74.0959999999816));
#9602=CARTESIAN_POINT('Ctrl Pts',(106.101570884216,484.000076118283,-74.0926645991088));
#9603=CARTESIAN_POINT('Ctrl Pts',(106.102580967301,484.000077635339,-74.0893312400404));
#9604=CARTESIAN_POINT('Ctrl Pts',(106.103599918961,484.000080663735,-74.0860000037602));
#9605=CARTESIAN_POINT('Ctrl Pts',(106.103599918961,484.000080663735,-74.0860000037602));
#9606=CARTESIAN_POINT('Ctrl Pts',(106.122196958502,484.000135935458,-74.0252011109064));
#9607=CARTESIAN_POINT('Ctrl Pts',(106.143756630306,484.000697091314,-73.9651119211668));
#9608=CARTESIAN_POINT('Ctrl Pts',(106.270044212132,484.005962927101,-73.6599585580897));
#9609=CARTESIAN_POINT('Ctrl Pts',(106.423760870267,484.018501078027,-73.4351807132345));
#9610=CARTESIAN_POINT('Ctrl Pts',(106.720573621442,484.041216317887,-73.1379719317649));
#9611=CARTESIAN_POINT('Ctrl Pts',(106.861288940875,484.051642406493,-73.0283480623314));
#9612=CARTESIAN_POINT('Ctrl Pts',(107.016130673911,484.06109830335,-72.9389501460816));
#9613=CARTESIAN_POINT('Origin',(31.5009185020988,495.000076118283,-74.0959999999792));
#9614=CARTESIAN_POINT('',(91.8982370840805,484.000076118283,-74.0859999999815));
#9615=CARTESIAN_POINT('Ctrl Pts',(91.8982370852363,484.000080663735,-74.0860000037602));
#9616=CARTESIAN_POINT('Ctrl Pts',(91.8992560370299,484.000077635338,-74.089331240476));
#9617=CARTESIAN_POINT('Ctrl Pts',(91.9002661201046,484.000076118283,-74.0926645995193));
#9618=CARTESIAN_POINT('Ctrl Pts',(91.90126731947,484.000076118283,-74.0959999999819));
#9619=CARTESIAN_POINT('Ctrl Pts',(90.9857063302872,484.06109830335,-72.9389501460816));
#9620=CARTESIAN_POINT('Ctrl Pts',(91.1401579895093,484.051666227576,-73.0281228531103));
#9621=CARTESIAN_POINT('Ctrl Pts',(91.2805445386118,484.041269475998,-73.137412037229));
#9622=CARTESIAN_POINT('Ctrl Pts',(91.5774095176838,484.018554835085,-73.4342770163011));
#9623=CARTESIAN_POINT('Ctrl Pts',(91.7313709339372,484.005990328255,-73.6591721447415));
#9624=CARTESIAN_POINT('Ctrl Pts',(91.8579300655282,484.000701020909,-73.9646932184061));
#9625=CARTESIAN_POINT('Ctrl Pts',(91.8795752739138,484.000136127964,-74.0249893539414));
#9626=CARTESIAN_POINT('Ctrl Pts',(91.8982370852363,484.000080663735,-74.0860000037602));
#9627=CARTESIAN_POINT('Origin',(89.9857063302868,484.000076118283,-74.6710009536502));
#9628=CARTESIAN_POINT('',(89.9857063302868,484.000076118284,-76.6710009536502));
#9629=CARTESIAN_POINT('Origin',(85.0009185020988,484.000076118284,-76.6710009536502));
#9630=CARTESIAN_POINT('',(88.0009185020988,484.000076118284,-76.6710009536502));
#9631=CARTESIAN_POINT('Origin',(88.0009185020988,484.000076118285,-79.6710009536502));
#9632=CARTESIAN_POINT('',(85.0009185020988,484.000076118285,-79.6710009536502));
#9633=CARTESIAN_POINT('Origin',(85.0009185020988,484.000076118288,-94.8870431267778));
#9634=CARTESIAN_POINT('',(85.0009185020988,484.000076118288,-91.42294151164));
#9635=CARTESIAN_POINT('Origin',(83.0009185020988,484.000076118288,-91.42294151164));
#9636=CARTESIAN_POINT('',(82.0009185020988,484.000076118288,-93.1549923192089));
#9637=CARTESIAN_POINT('Origin',(75.5009185020989,484.000076118287,-89.4022155694764));
#9638=CARTESIAN_POINT('',(81.500918502099,480.500076140637,-92.866317184615));
#9639=CARTESIAN_POINT('Origin',(83.000918502099,480.500076140636,-90.2682409732617));
#9640=CARTESIAN_POINT('',(80.000918502099,480.500076140636,-90.2682409732626));
#9641=CARTESIAN_POINT('Origin',(80.0009185020913,477.000076162978,-63.0959999999823));
#9642=CARTESIAN_POINT('',(80.0009185020949,480.500076140632,-75.8344842435243));
#9643=CARTESIAN_POINT('Origin',(83.0009185020949,480.500076140632,-75.8344842435234));
#9644=CARTESIAN_POINT('',(80.5631320368586,484.000076118284,-74.0859999999815));
#9645=CARTESIAN_POINT('Ctrl Pts',(80.5559905818975,484.000076118284,-74.0959999999817));
#9646=CARTESIAN_POINT('Ctrl Pts',(80.5583650290613,484.000076118284,-74.0926606817294));
#9647=CARTESIAN_POINT('Ctrl Pts',(80.5607455305141,484.000077638889,-74.0893273350154));
#9648=CARTESIAN_POINT('Ctrl Pts',(80.5631320349016,484.000080663737,-74.0860000027101));
#9649=CARTESIAN_POINT('Ctrl Pts',(80.5631320349016,484.000080663737,-74.0860000027101));
#9650=CARTESIAN_POINT('Ctrl Pts',(80.6599987644386,484.000203440435,-73.9509456528482));
#9651=CARTESIAN_POINT('Ctrl Pts',(80.7668756909724,484.002814623269,-73.8258863675257));
#9652=CARTESIAN_POINT('Ctrl Pts',(81.0587244384942,484.012978074677,-73.5340376200039));
#9653=CARTESIAN_POINT('Ctrl Pts',(81.2693056362871,484.023232136513,-73.3701297825912));
#9654=CARTESIAN_POINT('Ctrl Pts',(81.5009185020941,484.033713838618,-73.2364080321696));
#9655=CARTESIAN_POINT('Origin',(39.5009185020988,495.000076118284,-74.0959999999792));
#9656=CARTESIAN_POINT('Origin',(78.5009185020989,483.000076118281,-66.0959999999794));
#9657=CARTESIAN_POINT('Origin',(80.0009185020913,477.000076162978,-63.0959999999823));
#9658=CARTESIAN_POINT('',(80.0009185021019,480.500076140638,-100.443159229683));
#9659=CARTESIAN_POINT('Origin',(80.0009185020963,495.000076118292,-108.09611385416));
#9660=CARTESIAN_POINT('Origin',(83.0009185021019,480.500076140639,-100.443159229682));
#9661=CARTESIAN_POINT('',(83.5009185020989,480.500076140638,-97.485119338132));
#9662=CARTESIAN_POINT('Origin',(82.000918502099,480.500076140638,-100.083195549485));
#9663=CARTESIAN_POINT('',(85.000918502099,480.500076140639,-100.083195549485));
#9664=CARTESIAN_POINT('Origin',(85.0009185020993,477.00007616299,-109.32079985652));
#9665=CARTESIAN_POINT('Origin',(85.0009185020993,495.000076118292,-108.09611385416));
#9666=CARTESIAN_POINT('Origin',(93.0797277816309,477.00007616299,-110.521000953652));
#9667=CARTESIAN_POINT('',(93.0797277816309,477.000076162989,-107.521000953652));
#9668=CARTESIAN_POINT('Ctrl Pts',(91.579727781631,485.213869520333,-113.119077165003));
#9669=CARTESIAN_POINT('Ctrl Pts',(91.3564893836561,485.147715857438,-112.990190415839));
#9670=CARTESIAN_POINT('Ctrl Pts',(91.1546835734421,485.071200954327,-112.834414514959));
#9671=CARTESIAN_POINT('Ctrl Pts',(90.7108456338156,484.873066636747,-112.400661647829));
#9672=CARTESIAN_POINT('Ctrl Pts',(90.4754336173863,484.733134830405,-112.064137402569));
#9673=CARTESIAN_POINT('Ctrl Pts',(90.1597340543063,484.475510984637,-111.319283581074));
#9674=CARTESIAN_POINT('Ctrl Pts',(90.079727781631,484.358714941962,-110.910525247209));
#9675=CARTESIAN_POINT('Ctrl Pts',(90.079727781631,484.18699824305,-110.150730560261));
#9676=CARTESIAN_POINT('Ctrl Pts',(90.1527535034714,484.118896436231,-109.751030018719));
#9677=CARTESIAN_POINT('Ctrl Pts',(90.4567867005055,484.031855234394,-109.010963225271));
#9678=CARTESIAN_POINT('Ctrl Pts',(90.6879228440033,484.011809550486,-108.670780376632));
#9679=CARTESIAN_POINT('Ctrl Pts',(91.0643728731419,484.001309801988,-108.293470326308));
#9680=CARTESIAN_POINT('Ctrl Pts',(91.1841743197301,484.000076118292,-108.190242305335));
#9681=CARTESIAN_POINT('Ctrl Pts',(91.3133975308736,484.000076118292,-108.096113854163));
#9682=CARTESIAN_POINT('Origin',(110.000918502099,484.000076118292,-107.52100095365));
#9683=CARTESIAN_POINT('',(104.922109222567,484.000076118291,-107.52100095365));
#9684=CARTESIAN_POINT('Origin',(104.922109222567,484.000076118292,-110.52100095365));
#9685=CARTESIAN_POINT('Ctrl Pts',(106.688439473324,484.000076118292,-108.096113854163));
#9686=CARTESIAN_POINT('Ctrl Pts',(106.816720069759,484.000076118292,-108.189555688265));
#9687=CARTESIAN_POINT('Ctrl Pts',(106.93570221278,484.001291596527,-108.291953256744));
#9688=CARTESIAN_POINT('Ctrl Pts',(107.312208568141,484.011685992966,-108.668459612106));
#9689=CARTESIAN_POINT('Ctrl Pts',(107.543976790168,484.031672589732,-109.008949309729));
#9690=CARTESIAN_POINT('Ctrl Pts',(107.848862987267,484.118709144398,-109.749896599676));
#9691=CARTESIAN_POINT('Ctrl Pts',(107.922109222567,484.186871621244,-110.150170296893));
#9692=CARTESIAN_POINT('Ctrl Pts',(107.922109222567,484.357382307307,-110.90462874013));
#9693=CARTESIAN_POINT('Ctrl Pts',(107.844465692468,484.472152221393,-111.307715027114));
#9694=CARTESIAN_POINT('Ctrl Pts',(107.537390506968,484.725539061712,-112.043955276758));
#9695=CARTESIAN_POINT('Ctrl Pts',(107.308233922029,484.863303768201,-112.377516941307));
#9696=CARTESIAN_POINT('Ctrl Pts',(106.865864997845,485.064080846114,-112.819885865491));
#9697=CARTESIAN_POINT('Ctrl Pts',(106.655559409319,485.144689732728,-112.98429463684));
#9698=CARTESIAN_POINT('Ctrl Pts',(106.422109222567,485.213869520333,-113.119077165003));
#9699=CARTESIAN_POINT('Origin',(118.079727781631,477.00007616299,-110.521000953652));
#9700=CARTESIAN_POINT('',(118.079727781631,477.00007616299,-107.521000953652));
#9701=CARTESIAN_POINT('Ctrl Pts',(116.579727781631,485.213869520333,-113.119077165003));
#9702=CARTESIAN_POINT('Ctrl Pts',(116.356489383656,485.147715857438,-112.990190415839));
#9703=CARTESIAN_POINT('Ctrl Pts',(116.154683573442,485.071200954327,-112.834414514959));
#9704=CARTESIAN_POINT('Ctrl Pts',(115.710845633816,484.873066636747,-112.400661647829));
#9705=CARTESIAN_POINT('Ctrl Pts',(115.475433617386,484.733134830405,-112.064137402569));
#9706=CARTESIAN_POINT('Ctrl Pts',(115.159734054306,484.475510984637,-111.319283581074));
#9707=CARTESIAN_POINT('Ctrl Pts',(115.079727781631,484.358714941962,-110.910525247209));
#9708=CARTESIAN_POINT('Ctrl Pts',(115.079727781631,484.18699824305,-110.150730560261));
#9709=CARTESIAN_POINT('Ctrl Pts',(115.152753503471,484.118896436231,-109.751030018719));
#9710=CARTESIAN_POINT('Ctrl Pts',(115.456786700505,484.031855234394,-109.010963225271));
#9711=CARTESIAN_POINT('Ctrl Pts',(115.687922844003,484.011809550486,-108.670780376632));
#9712=CARTESIAN_POINT('Ctrl Pts',(116.064372873142,484.001309801988,-108.293470326308));
#9713=CARTESIAN_POINT('Ctrl Pts',(116.18417431973,484.000076118292,-108.190242305335));
#9714=CARTESIAN_POINT('Ctrl Pts',(116.313397530874,484.000076118292,-108.096113854163));
#9715=CARTESIAN_POINT('Origin',(128.800918502099,484.000076118292,-107.52100095365));
#9716=CARTESIAN_POINT('',(129.922109222567,484.000076118292,-107.52100095365));
#9717=CARTESIAN_POINT('Origin',(129.922109222567,484.000076118292,-110.52100095365));
#9718=CARTESIAN_POINT('Ctrl Pts',(131.688439473324,484.000076118292,-108.096113854163));
#9719=CARTESIAN_POINT('Ctrl Pts',(131.817662684468,484.000076118292,-108.190242305336));
#9720=CARTESIAN_POINT('Ctrl Pts',(131.937464131056,484.001309801988,-108.293470326308));
#9721=CARTESIAN_POINT('Ctrl Pts',(132.313914160194,484.011809550487,-108.670780376632));
#9722=CARTESIAN_POINT('Ctrl Pts',(132.545050303692,484.031855234394,-109.010963225271));
#9723=CARTESIAN_POINT('Ctrl Pts',(132.849083500726,484.118896436232,-109.751030018719));
#9724=CARTESIAN_POINT('Ctrl Pts',(132.922109222567,484.186998243051,-110.150730560261));
#9725=CARTESIAN_POINT('Ctrl Pts',(132.922109222567,484.358714941962,-110.910525247208));
#9726=CARTESIAN_POINT('Ctrl Pts',(132.842102949891,484.475510984637,-111.319283581074));
#9727=CARTESIAN_POINT('Ctrl Pts',(132.526403386811,484.733134830406,-112.064137402568));
#9728=CARTESIAN_POINT('Ctrl Pts',(132.290991370382,484.873066636748,-112.400661647829));
#9729=CARTESIAN_POINT('Ctrl Pts',(131.847153430756,485.071200954327,-112.834414514959));
#9730=CARTESIAN_POINT('Ctrl Pts',(131.645347620542,485.147715857438,-112.990190415839));
#9731=CARTESIAN_POINT('Ctrl Pts',(131.422109222567,485.213869520333,-113.119077165003));
#9732=CARTESIAN_POINT('Origin',(67.0009185020987,495.000076118292,-108.09611385416));
#9733=CARTESIAN_POINT('Origin',(138.000918502099,495.000076118292,-108.09611385416));
#9734=CARTESIAN_POINT('Origin',(138.000918502099,497.000076162992,-114.096012255418));
#9735=CARTESIAN_POINT('',(138.000918502099,490.500076140639,-100.083195549483));
#9736=CARTESIAN_POINT('Origin',(141.000918502099,490.500076140639,-100.083195549483));
#9737=UNCERTAINTY_MEASURE_WITH_UNIT(LENGTH_MEASURE(0.01),#9741,
'DISTANCE_ACCURACY_VALUE',
'Maximum model space distance between geometric entities at asserted c
onnectivities');
#9738=UNCERTAINTY_MEASURE_WITH_UNIT(LENGTH_MEASURE(0.01),#9741,
'DISTANCE_ACCURACY_VALUE',
'Maximum model space distance between geometric entities at asserted c
onnectivities');
#9739=(
GEOMETRIC_REPRESENTATION_CONTEXT(3)
GLOBAL_UNCERTAINTY_ASSIGNED_CONTEXT((#9737))
GLOBAL_UNIT_ASSIGNED_CONTEXT((#9741,#9743,#9744))
REPRESENTATION_CONTEXT('','3D')
);
#9740=(
GEOMETRIC_REPRESENTATION_CONTEXT(3)
GLOBAL_UNCERTAINTY_ASSIGNED_CONTEXT((#9738))
GLOBAL_UNIT_ASSIGNED_CONTEXT((#9741,#9743,#9744))
REPRESENTATION_CONTEXT('','3D')
);
#9741=(
LENGTH_UNIT()
NAMED_UNIT(*)
SI_UNIT(.MILLI.,.METRE.)
);
#9742=(
LENGTH_UNIT()
NAMED_UNIT(*)
SI_UNIT($,.METRE.)
);
#9743=(
NAMED_UNIT(*)
PLANE_ANGLE_UNIT()
SI_UNIT($,.RADIAN.)
);
#9744=(
NAMED_UNIT(*)
SI_UNIT($,.STERADIAN.)
SOLID_ANGLE_UNIT()
);
#9745=SHAPE_DEFINITION_REPRESENTATION(#9746,#9747);
#9746=PRODUCT_DEFINITION_SHAPE('',$,#9749);
#9747=SHAPE_REPRESENTATION('',(#5040),#9739);
#9748=PRODUCT_DEFINITION_CONTEXT('part definition',#9753,'design');
#9749=PRODUCT_DEFINITION('(Unsaved)','(Unsaved)',#9750,#9748);
#9750=PRODUCT_DEFINITION_FORMATION('',$,#9755);
#9751=PRODUCT_RELATED_PRODUCT_CATEGORY('(Unsaved)','(Unsaved)',(#9755));
#9752=APPLICATION_PROTOCOL_DEFINITION('international standard',
'automotive_design',2009,#9753);
#9753=APPLICATION_CONTEXT(
'Core Data for Automotive Mechanical Design Process');
#9754=PRODUCT_CONTEXT('part definition',#9753,'mechanical');
#9755=PRODUCT('(Unsaved)','(Unsaved)',$,(#9754));
#9756=PRESENTATION_STYLE_ASSIGNMENT((#9758));
#9757=PRESENTATION_STYLE_ASSIGNMENT((#9759));
#9758=SURFACE_STYLE_USAGE(.BOTH.,#9760);
#9759=SURFACE_STYLE_USAGE(.BOTH.,#9761);
#9760=SURFACE_SIDE_STYLE('',(#9762));
#9761=SURFACE_SIDE_STYLE('',(#9763));
#9762=SURFACE_STYLE_FILL_AREA(#9764);
#9763=SURFACE_STYLE_FILL_AREA(#9765);
#9764=FILL_AREA_STYLE('Steel - Satin',(#9766));
#9765=FILL_AREA_STYLE('Plastic - Matte (Black)',(#9767));
#9766=FILL_AREA_STYLE_COLOUR('Steel - Satin',#9768);
#9767=FILL_AREA_STYLE_COLOUR('Plastic - Matte (Black)',#9769);
#9768=COLOUR_RGB('Steel - Satin',0.627450980392157,0.627450980392157,0.627450980392157);
#9769=COLOUR_RGB('Plastic - Matte (Black)',0.247058823529412,0.247058823529412,
0.247058823529412);
ENDSEC;
END-ISO-10303-21;
