ISO-10303-21;
HEADER;
/* Generated by software containing ST-Developer
 * from STEP Tools, Inc. (www.steptools.com) 
 */

FILE_DESCRIPTION(
/* description */ (''),
/* implementation_level */ '2;1');

FILE_NAME(
/* name */ '60mm-Fan-mount-150mm-mod.step',
/* time_stamp */ '2026-02-21T10:31:20+08:00',
/* author */ (''),
/* organization */ (''),
/* preprocessor_version */ 'ST-DEVELOPER v20.1',
/* originating_system */ 'Autodesk Translation Framework v14.24.0.0',
/* authorisation */ '');

FILE_SCHEMA (('AUTOMOTIVE_DESIGN { 1 0 10303 214 3 1 1 }'));
ENDSEC;

DATA;
#10=MECHANICAL_DESIGN_GEOMETRIC_PRESENTATION_REPRESENTATION('',(#23,#24),
#10485);
#11=ITEM_DEFINED_TRANSFORMATION($,$,#5359,#5851);
#12=ITEM_DEFINED_TRANSFORMATION($,$,#5605,#5852);
#13=(
REPRESENTATION_RELATIONSHIP($,$,#10499,#10498)
REPRESENTATION_RELATIONSHIP_WITH_TRANSFORMATION(#11)
SHAPE_REPRESENTATION_RELATIONSHIP()
);
#14=(
REPRESENTATION_RELATIONSHIP($,$,#10500,#10498)
REPRESENTATION_RELATIONSHIP_WITH_TRANSFORMATION(#12)
SHAPE_REPRESENTATION_RELATIONSHIP()
);
#15=CONTEXT_DEPENDENT_SHAPE_REPRESENTATION(#13,#10496);
#16=CONTEXT_DEPENDENT_SHAPE_REPRESENTATION(#14,#10497);
#17=NEXT_ASSEMBLY_USAGE_OCCURRENCE('150mm 60mm fan mount m3x8:1',
'150mm 60mm fan mount m3x8:1','150mm 60mm fan mount m3x8:1',#10502,#10503,
'150mm 60mm fan mount m3x8:1');
#18=NEXT_ASSEMBLY_USAGE_OCCURRENCE('150mm 60mm fan mount m3x12:1',
'150mm 60mm fan mount m3x12:1','150mm 60mm fan mount m3x12:1',#10502,#10504,
'150mm 60mm fan mount m3x12:1');
#19=SHAPE_REPRESENTATION_RELATIONSHIP('SRR','None',#10499,#21);
#20=SHAPE_REPRESENTATION_RELATIONSHIP('SRR','None',#10500,#22);
#21=ADVANCED_BREP_SHAPE_REPRESENTATION('',(#25),#10483);
#22=ADVANCED_BREP_SHAPE_REPRESENTATION('',(#26),#10484);
#23=STYLED_ITEM('',(#10518),#25);
#24=STYLED_ITEM('',(#10518),#26);
#25=MANIFOLD_SOLID_BREP('[base]150mm-60mm-fan-mount-m3x8',#5333);
#26=MANIFOLD_SOLID_BREP('[base]150mm-60mm-fan-mount-m3x12',#5334);
#27=B_SPLINE_SURFACE_WITH_KNOTS('',3,3,((#7792,#7793,#7794,#7795),(#7796,
#7797,#7798,#7799),(#7800,#7801,#7802,#7803),(#7804,#7805,#7806,#7807),
(#7808,#7809,#7810,#7811)),.UNSPECIFIED.,.F.,.F.,.F.,(4,1,4),(4,4),(0.,
0.571428571428571,1.),(0.,0.431261240636165),.UNSPECIFIED.);
#28=B_SPLINE_SURFACE_WITH_KNOTS('',3,3,((#7826,#7827,#7828,#7829),(#7830,
#7831,#7832,#7833),(#7834,#7835,#7836,#7837),(#7838,#7839,#7840,#7841),
(#7842,#7843,#7844,#7845)),.UNSPECIFIED.,.F.,.F.,.F.,(4,1,4),(4,4),(0.,
0.571428571428571,1.),(-0.0824210807748578,3.13054900728604E-15),
 .UNSPECIFIED.);
#29=B_SPLINE_SURFACE_WITH_KNOTS('',3,3,((#7857,#7858,#7859,#7860),(#7861,
#7862,#7863,#7864),(#7865,#7866,#7867,#7868),(#7869,#7870,#7871,#7872)),
 .UNSPECIFIED.,.F.,.F.,.F.,(4,4),(4,4),(0.,1.),(0.,0.167707988837257),
 .UNSPECIFIED.);
#30=B_SPLINE_SURFACE_WITH_KNOTS('',3,3,((#7900,#7901,#7902,#7903),(#7904,
#7905,#7906,#7907),(#7908,#7909,#7910,#7911),(#7912,#7913,#7914,#7915),
(#7916,#7917,#7918,#7919)),.UNSPECIFIED.,.F.,.F.,.F.,(4,1,4),(4,4),(0.,
0.571428571428571,1.),(0.607901642105041,0.690322218837173),
 .UNSPECIFIED.);
#31=B_SPLINE_SURFACE_WITH_KNOTS('',3,3,((#7934,#7935,#7936,#7937),(#7938,
#7939,#7940,#7941),(#7942,#7943,#7944,#7945),(#7946,#7947,#7948,#7949),
(#7950,#7951,#7952,#7953)),.UNSPECIFIED.,.F.,.F.,.F.,(4,1,4),(4,4),(0.,
0.571428571428571,1.),(0.,0.431315993171219),.UNSPECIFIED.);
#32=B_SPLINE_SURFACE_WITH_KNOTS('',3,3,((#7968,#7969,#7970,#7971),(#7972,
#7973,#7974,#7975),(#7976,#7977,#7978,#7979),(#7980,#7981,#7982,#7983)),
 .UNSPECIFIED.,.F.,.F.,.F.,(4,4),(4,4),(0.,1.),(0.304321219659084,0.472029208496348),
 .UNSPECIFIED.);
#33=B_SPLINE_SURFACE_WITH_KNOTS('',3,3,((#8038,#8039,#8040,#8041),(#8042,
#8043,#8044,#8045),(#8046,#8047,#8048,#8049),(#8050,#8051,#8052,#8053),
(#8054,#8055,#8056,#8057)),.UNSPECIFIED.,.F.,.F.,.F.,(4,1,4),(4,4),(0.,
0.571428571428571,1.),(0.,0.431261235161403),.UNSPECIFIED.);
#34=B_SPLINE_SURFACE_WITH_KNOTS('',3,3,((#8066,#8067,#8068,#8069),(#8070,
#8071,#8072,#8073),(#8074,#8075,#8076,#8077),(#8078,#8079,#8080,#8081),
(#8082,#8083,#8084,#8085)),.UNSPECIFIED.,.F.,.F.,.F.,(4,1,4),(4,4),(0.,
0.571428571428571,1.),(-0.0824210797893916,-2.67221082887752E-15),
 .UNSPECIFIED.);
#35=B_SPLINE_SURFACE_WITH_KNOTS('',3,3,((#8092,#8093,#8094,#8095),(#8096,
#8097,#8098,#8099),(#8100,#8101,#8102,#8103),(#8104,#8105,#8106,#8107)),
 .UNSPECIFIED.,.F.,.F.,.F.,(4,4),(4,4),(0.,1.),(3.43137361587832E-15,0.1677079868062),
 .UNSPECIFIED.);
#36=B_SPLINE_SURFACE_WITH_KNOTS('',3,3,((#8128,#8129,#8130,#8131),(#8132,
#8133,#8134,#8135),(#8136,#8137,#8138,#8139),(#8140,#8141,#8142,#8143),
(#8144,#8145,#8146,#8147)),.UNSPECIFIED.,.F.,.F.,.F.,(4,1,4),(4,4),(0.,
0.571428571428571,1.),(0.607901646830997,0.690322222577641),
 .UNSPECIFIED.);
#37=B_SPLINE_SURFACE_WITH_KNOTS('',3,3,((#8156,#8157,#8158,#8159),(#8160,
#8161,#8162,#8163),(#8164,#8165,#8166,#8167),(#8168,#8169,#8170,#8171),
(#8172,#8173,#8174,#8175)),.UNSPECIFIED.,.F.,.F.,.F.,(4,1,4),(4,4),(0.,
0.571428571428571,1.),(6.45420531313498E-16,0.431315987687415),
 .UNSPECIFIED.);
#38=B_SPLINE_SURFACE_WITH_KNOTS('',3,3,((#8184,#8185,#8186,#8187),(#8188,
#8189,#8190,#8191),(#8192,#8193,#8194,#8195),(#8196,#8197,#8198,#8199)),
 .UNSPECIFIED.,.F.,.F.,.F.,(4,4),(4,4),(0.,1.),(0.304321225126025,0.472029211932186),
 .UNSPECIFIED.);
#39=B_SPLINE_SURFACE_WITH_KNOTS('',3,3,((#8255,#8256,#8257,#8258,#8259),
(#8260,#8261,#8262,#8263,#8264),(#8265,#8266,#8267,#8268,#8269),(#8270,
#8271,#8272,#8273,#8274),(#8275,#8276,#8277,#8278,#8279)),.UNSPECIFIED.,
 .F.,.F.,.F.,(4,1,4),(4,1,4),(0.,0.571428571428571,1.),(0.0384522785292181,
0.400112720925509,0.882326644120564),.UNSPECIFIED.);
#40=B_SPLINE_SURFACE_WITH_KNOTS('',3,3,((#8305,#8306,#8307,#8308,#8309),
(#8310,#8311,#8312,#8313,#8314),(#8315,#8316,#8317,#8318,#8319),(#8320,
#8321,#8322,#8323,#8324),(#8325,#8326,#8327,#8328,#8329)),.UNSPECIFIED.,
 .F.,.F.,.F.,(4,1,4),(4,1,4),(0.,0.571428571428571,1.),(0.038689373396209,
0.400329920131451,0.88251731577844),.UNSPECIFIED.);
#41=B_SPLINE_SURFACE_WITH_KNOTS('',3,3,((#8369,#8370,#8371,#8372,#8373),
(#8374,#8375,#8376,#8377,#8378),(#8379,#8380,#8381,#8382,#8383),(#8384,
#8385,#8386,#8387,#8388),(#8389,#8390,#8391,#8392,#8393)),.UNSPECIFIED.,
 .F.,.F.,.F.,(4,1,4),(4,1,4),(0.,0.571428571428571,1.),(0.0384523042010709,
0.400112240162104,0.882325488110149),.UNSPECIFIED.);
#42=B_SPLINE_SURFACE_WITH_KNOTS('',3,3,((#8419,#8420,#8421,#8422,#8423),
(#8424,#8425,#8426,#8427,#8428),(#8429,#8430,#8431,#8432,#8433),(#8434,
#8435,#8436,#8437,#8438),(#8439,#8440,#8441,#8442,#8443)),.UNSPECIFIED.,
 .F.,.F.,.F.,(4,1,4),(4,1,4),(0.,0.571428571428571,1.),(0.0386893257531682,
0.520876707690018,0.882517244142656),.UNSPECIFIED.);
#43=B_SPLINE_SURFACE_WITH_KNOTS('',3,3,((#8579,#8580,#8581,#8582),(#8583,
#8584,#8585,#8586),(#8587,#8588,#8589,#8590),(#8591,#8592,#8593,#8594)),
 .UNSPECIFIED.,.F.,.F.,.F.,(4,4),(4,4),(0.,1.),(0.,0.0136253261235574),
 .UNSPECIFIED.);
#44=B_SPLINE_SURFACE_WITH_KNOTS('',3,3,((#8603,#8604,#8605,#8606,#8607,
#8608,#8609,#8610),(#8611,#8612,#8613,#8614,#8615,#8616,#8617,#8618),(#8619,
#8620,#8621,#8622,#8623,#8624,#8625,#8626),(#8627,#8628,#8629,#8630,#8631,
#8632,#8633,#8634)),.UNSPECIFIED.,.F.,.F.,.F.,(4,4),(4,2,1,1,4),(0.,1.),
(-0.0588785424925892,-0.0585450535130269,-0.0234180214052113,-0.0117090107026062,
-9.87215096722969E-16),.UNSPECIFIED.);
#45=B_SPLINE_SURFACE_WITH_KNOTS('',3,3,((#8643,#8644,#8645,#8646),(#8647,
#8648,#8649,#8650),(#8651,#8652,#8653,#8654),(#8655,#8656,#8657,#8658)),
 .UNSPECIFIED.,.F.,.F.,.F.,(4,4),(4,4),(0.,1.),(0.,0.0136253261235547),
 .UNSPECIFIED.);
#46=B_SPLINE_SURFACE_WITH_KNOTS('',3,3,((#8667,#8668,#8669,#8670,#8671,
#8672,#8673,#8674),(#8675,#8676,#8677,#8678,#8679,#8680,#8681,#8682),(#8683,
#8684,#8685,#8686,#8687,#8688,#8689,#8690),(#8691,#8692,#8693,#8694,#8695,
#8696,#8697,#8698)),.UNSPECIFIED.,.F.,.F.,.F.,(4,4),(4,2,1,1,4),(0.,1.),
(-0.000333489038330877,0.,0.0351270320692557,0.0468360427590076,0.0585450534487596),
 .UNSPECIFIED.);
#47=B_SPLINE_SURFACE_WITH_KNOTS('',3,3,((#8713,#8714,#8715,#8716),(#8717,
#8718,#8719,#8720),(#8721,#8722,#8723,#8724),(#8725,#8726,#8727,#8728)),
 .UNSPECIFIED.,.F.,.F.,.F.,(4,4),(4,4),(0.,1.),(0.,0.0136253261235479),
 .UNSPECIFIED.);
#48=B_SPLINE_SURFACE_WITH_KNOTS('',3,3,((#8737,#8738,#8739,#8740,#8741,
#8742,#8743,#8744),(#8745,#8746,#8747,#8748,#8749,#8750,#8751,#8752),(#8753,
#8754,#8755,#8756,#8757,#8758,#8759,#8760),(#8761,#8762,#8763,#8764,#8765,
#8766,#8767,#8768)),.UNSPECIFIED.,.F.,.F.,.F.,(4,4),(4,2,1,1,4),(0.,1.),
(-0.0588785424926346,-0.0585450535136965,-0.0234180214054786,-0.0117090107027393,
0.),.UNSPECIFIED.);
#49=B_SPLINE_SURFACE_WITH_KNOTS('',3,3,((#8777,#8778,#8779,#8780),(#8781,
#8782,#8783,#8784),(#8785,#8786,#8787,#8788),(#8789,#8790,#8791,#8792)),
 .UNSPECIFIED.,.F.,.F.,.F.,(4,4),(4,4),(0.,1.),(0.,0.0136253261235463),
 .UNSPECIFIED.);
#50=B_SPLINE_SURFACE_WITH_KNOTS('',3,3,((#8801,#8802,#8803,#8804,#8805,
#8806,#8807,#8808),(#8809,#8810,#8811,#8812,#8813,#8814,#8815,#8816),(#8817,
#8818,#8819,#8820,#8821,#8822,#8823,#8824),(#8825,#8826,#8827,#8828,#8829,
#8830,#8831,#8832)),.UNSPECIFIED.,.F.,.F.,.F.,(4,4),(4,2,1,1,4),(0.,1.),
(-0.000333489038431688,0.,0.0351270320692005,0.046836042758934,0.0585450534486675),
 .UNSPECIFIED.);
#51=B_SPLINE_SURFACE_WITH_KNOTS('',3,3,((#9319,#9320,#9321,#9322),(#9323,
#9324,#9325,#9326),(#9327,#9328,#9329,#9330),(#9331,#9332,#9333,#9334),
(#9335,#9336,#9337,#9338)),.UNSPECIFIED.,.F.,.F.,.F.,(4,1,4),(4,4),(0.,
0.571428571428571,1.),(0.,0.431261240636165),.UNSPECIFIED.);
#52=B_SPLINE_SURFACE_WITH_KNOTS('',3,3,((#9353,#9354,#9355,#9356),(#9357,
#9358,#9359,#9360),(#9361,#9362,#9363,#9364),(#9365,#9366,#9367,#9368),
(#9369,#9370,#9371,#9372)),.UNSPECIFIED.,.F.,.F.,.F.,(4,1,4),(4,4),(0.,
0.571428571428571,1.),(-0.0824210807748578,3.13054900728604E-15),
 .UNSPECIFIED.);
#53=B_SPLINE_SURFACE_WITH_KNOTS('',3,3,((#9384,#9385,#9386,#9387),(#9388,
#9389,#9390,#9391),(#9392,#9393,#9394,#9395),(#9396,#9397,#9398,#9399)),
 .UNSPECIFIED.,.F.,.F.,.F.,(4,4),(4,4),(0.,1.),(0.,0.167707988837257),
 .UNSPECIFIED.);
#54=B_SPLINE_SURFACE_WITH_KNOTS('',3,3,((#9427,#9428,#9429,#9430),(#9431,
#9432,#9433,#9434),(#9435,#9436,#9437,#9438),(#9439,#9440,#9441,#9442),
(#9443,#9444,#9445,#9446)),.UNSPECIFIED.,.F.,.F.,.F.,(4,1,4),(4,4),(0.,
0.571428571428571,1.),(0.607901642105041,0.690322218837173),
 .UNSPECIFIED.);
#55=B_SPLINE_SURFACE_WITH_KNOTS('',3,3,((#9461,#9462,#9463,#9464),(#9465,
#9466,#9467,#9468),(#9469,#9470,#9471,#9472),(#9473,#9474,#9475,#9476),
(#9477,#9478,#9479,#9480)),.UNSPECIFIED.,.F.,.F.,.F.,(4,1,4),(4,4),(0.,
0.571428571428571,1.),(0.,0.431315993171219),.UNSPECIFIED.);
#56=B_SPLINE_SURFACE_WITH_KNOTS('',3,3,((#9495,#9496,#9497,#9498),(#9499,
#9500,#9501,#9502),(#9503,#9504,#9505,#9506),(#9507,#9508,#9509,#9510)),
 .UNSPECIFIED.,.F.,.F.,.F.,(4,4),(4,4),(0.,1.),(0.304321219659084,0.472029208496348),
 .UNSPECIFIED.);
#57=B_SPLINE_SURFACE_WITH_KNOTS('',3,3,((#9565,#9566,#9567,#9568),(#9569,
#9570,#9571,#9572),(#9573,#9574,#9575,#9576),(#9577,#9578,#9579,#9580),
(#9581,#9582,#9583,#9584)),.UNSPECIFIED.,.F.,.F.,.F.,(4,1,4),(4,4),(0.,
0.571428571428571,1.),(0.,0.431261235161403),.UNSPECIFIED.);
#58=B_SPLINE_SURFACE_WITH_KNOTS('',3,3,((#9593,#9594,#9595,#9596),(#9597,
#9598,#9599,#9600),(#9601,#9602,#9603,#9604),(#9605,#9606,#9607,#9608),
(#9609,#9610,#9611,#9612)),.UNSPECIFIED.,.F.,.F.,.F.,(4,1,4),(4,4),(0.,
0.571428571428571,1.),(-0.0824210797893916,-2.67221082887752E-15),
 .UNSPECIFIED.);
#59=B_SPLINE_SURFACE_WITH_KNOTS('',3,3,((#9619,#9620,#9621,#9622),(#9623,
#9624,#9625,#9626),(#9627,#9628,#9629,#9630),(#9631,#9632,#9633,#9634)),
 .UNSPECIFIED.,.F.,.F.,.F.,(4,4),(4,4),(0.,1.),(3.43137361587832E-15,0.1677079868062),
 .UNSPECIFIED.);
#60=B_SPLINE_SURFACE_WITH_KNOTS('',3,3,((#9655,#9656,#9657,#9658),(#9659,
#9660,#9661,#9662),(#9663,#9664,#9665,#9666),(#9667,#9668,#9669,#9670),
(#9671,#9672,#9673,#9674)),.UNSPECIFIED.,.F.,.F.,.F.,(4,1,4),(4,4),(0.,
0.571428571428571,1.),(0.607901646830997,0.690322222577641),
 .UNSPECIFIED.);
#61=B_SPLINE_SURFACE_WITH_KNOTS('',3,3,((#9683,#9684,#9685,#9686),(#9687,
#9688,#9689,#9690),(#9691,#9692,#9693,#9694),(#9695,#9696,#9697,#9698),
(#9699,#9700,#9701,#9702)),.UNSPECIFIED.,.F.,.F.,.F.,(4,1,4),(4,4),(0.,
0.571428571428571,1.),(6.45420531313498E-16,0.431315987687415),
 .UNSPECIFIED.);
#62=B_SPLINE_SURFACE_WITH_KNOTS('',3,3,((#9711,#9712,#9713,#9714),(#9715,
#9716,#9717,#9718),(#9719,#9720,#9721,#9722),(#9723,#9724,#9725,#9726)),
 .UNSPECIFIED.,.F.,.F.,.F.,(4,4),(4,4),(0.,1.),(0.304321225126025,0.472029211932186),
 .UNSPECIFIED.);
#63=B_SPLINE_SURFACE_WITH_KNOTS('',3,3,((#9782,#9783,#9784,#9785,#9786),
(#9787,#9788,#9789,#9790,#9791),(#9792,#9793,#9794,#9795,#9796),(#9797,
#9798,#9799,#9800,#9801),(#9802,#9803,#9804,#9805,#9806)),.UNSPECIFIED.,
 .F.,.F.,.F.,(4,1,4),(4,1,4),(0.,0.571428571428571,1.),(0.0384522785292181,
0.400112720925509,0.882326644120564),.UNSPECIFIED.);
#64=B_SPLINE_SURFACE_WITH_KNOTS('',3,3,((#9832,#9833,#9834,#9835,#9836),
(#9837,#9838,#9839,#9840,#9841),(#9842,#9843,#9844,#9845,#9846),(#9847,
#9848,#9849,#9850,#9851),(#9852,#9853,#9854,#9855,#9856)),.UNSPECIFIED.,
 .F.,.F.,.F.,(4,1,4),(4,1,4),(0.,0.571428571428571,1.),(0.038689373396209,
0.400329920131451,0.88251731577844),.UNSPECIFIED.);
#65=B_SPLINE_SURFACE_WITH_KNOTS('',3,3,((#9896,#9897,#9898,#9899,#9900),
(#9901,#9902,#9903,#9904,#9905),(#9906,#9907,#9908,#9909,#9910),(#9911,
#9912,#9913,#9914,#9915),(#9916,#9917,#9918,#9919,#9920)),.UNSPECIFIED.,
 .F.,.F.,.F.,(4,1,4),(4,1,4),(0.,0.571428571428571,1.),(0.0384523042010709,
0.400112240162104,0.882325488110149),.UNSPECIFIED.);
#66=B_SPLINE_SURFACE_WITH_KNOTS('',3,3,((#9946,#9947,#9948,#9949,#9950),
(#9951,#9952,#9953,#9954,#9955),(#9956,#9957,#9958,#9959,#9960),(#9961,
#9962,#9963,#9964,#9965),(#9966,#9967,#9968,#9969,#9970)),.UNSPECIFIED.,
 .F.,.F.,.F.,(4,1,4),(4,1,4),(0.,0.571428571428571,1.),(0.0386893257531682,
0.520876707690018,0.882517244142656),.UNSPECIFIED.);
#67=B_SPLINE_SURFACE_WITH_KNOTS('',3,3,((#10194,#10195,#10196,#10197),(#10198,
#10199,#10200,#10201),(#10202,#10203,#10204,#10205),(#10206,#10207,#10208,
#10209)),.UNSPECIFIED.,.F.,.F.,.F.,(4,4),(4,4),(0.,1.),(0.,0.0136253261235574),
 .UNSPECIFIED.);
#68=B_SPLINE_SURFACE_WITH_KNOTS('',3,3,((#10218,#10219,#10220,#10221,#10222,
#10223,#10224,#10225),(#10226,#10227,#10228,#10229,#10230,#10231,#10232,
#10233),(#10234,#10235,#10236,#10237,#10238,#10239,#10240,#10241),(#10242,
#10243,#10244,#10245,#10246,#10247,#10248,#10249)),.UNSPECIFIED.,.F.,.F.,
 .F.,(4,4),(4,2,1,1,4),(0.,1.),(-0.0588785424925892,-0.0585450535130269,
-0.0234180214052113,-0.0117090107026062,-9.87215096722969E-16),
 .UNSPECIFIED.);
#69=B_SPLINE_SURFACE_WITH_KNOTS('',3,3,((#10258,#10259,#10260,#10261),(#10262,
#10263,#10264,#10265),(#10266,#10267,#10268,#10269),(#10270,#10271,#10272,
#10273)),.UNSPECIFIED.,.F.,.F.,.F.,(4,4),(4,4),(0.,1.),(0.,0.0136253261235547),
 .UNSPECIFIED.);
#70=B_SPLINE_SURFACE_WITH_KNOTS('',3,3,((#10282,#10283,#10284,#10285,#10286,
#10287,#10288,#10289),(#10290,#10291,#10292,#10293,#10294,#10295,#10296,
#10297),(#10298,#10299,#10300,#10301,#10302,#10303,#10304,#10305),(#10306,
#10307,#10308,#10309,#10310,#10311,#10312,#10313)),.UNSPECIFIED.,.F.,.F.,
 .F.,(4,4),(4,2,1,1,4),(0.,1.),(-0.000333489038330877,0.,0.0351270320692557,
0.0468360427590076,0.0585450534487596),.UNSPECIFIED.);
#71=B_SPLINE_SURFACE_WITH_KNOTS('',3,3,((#10328,#10329,#10330,#10331),(#10332,
#10333,#10334,#10335),(#10336,#10337,#10338,#10339),(#10340,#10341,#10342,
#10343)),.UNSPECIFIED.,.F.,.F.,.F.,(4,4),(4,4),(0.,1.),(0.,0.0136253261235479),
 .UNSPECIFIED.);
#72=B_SPLINE_SURFACE_WITH_KNOTS('',3,3,((#10352,#10353,#10354,#10355,#10356,
#10357,#10358,#10359),(#10360,#10361,#10362,#10363,#10364,#10365,#10366,
#10367),(#10368,#10369,#10370,#10371,#10372,#10373,#10374,#10375),(#10376,
#10377,#10378,#10379,#10380,#10381,#10382,#10383)),.UNSPECIFIED.,.F.,.F.,
 .F.,(4,4),(4,2,1,1,4),(0.,1.),(-0.0588785424926346,-0.0585450535136965,
-0.0234180214054786,-0.0117090107027393,0.),.UNSPECIFIED.);
#73=B_SPLINE_SURFACE_WITH_KNOTS('',3,3,((#10392,#10393,#10394,#10395),(#10396,
#10397,#10398,#10399),(#10400,#10401,#10402,#10403),(#10404,#10405,#10406,
#10407)),.UNSPECIFIED.,.F.,.F.,.F.,(4,4),(4,4),(0.,1.),(0.,0.0136253261235463),
 .UNSPECIFIED.);
#74=B_SPLINE_SURFACE_WITH_KNOTS('',3,3,((#10416,#10417,#10418,#10419,#10420,
#10421,#10422,#10423),(#10424,#10425,#10426,#10427,#10428,#10429,#10430,
#10431),(#10432,#10433,#10434,#10435,#10436,#10437,#10438,#10439),(#10440,
#10441,#10442,#10443,#10444,#10445,#10446,#10447)),.UNSPECIFIED.,.F.,.F.,
 .F.,(4,4),(4,2,1,1,4),(0.,1.),(-0.000333489038431688,0.,0.0351270320692005,
0.046836042758934,0.0585450534486675),.UNSPECIFIED.);
#75=ELLIPSE('',#5427,5.22015325445562,5.);
#76=ELLIPSE('',#5492,3.48173807170446,2.);
#77=ELLIPSE('',#5556,5.22015325445562,5.00000000000001);
#78=ELLIPSE('',#5563,1.7408690358522,1.);
#79=ELLIPSE('',#5564,3.48173807170445,2.);
#80=ELLIPSE('',#5565,1.7408690358522,1.);
#81=ELLIPSE('',#5655,5.22015325445562,5.);
#82=ELLIPSE('',#5722,3.48173807170446,2.);
#83=ELLIPSE('',#5788,5.22015325445562,5.00000000000001);
#84=ELLIPSE('',#5795,1.7408690358522,1.);
#85=ELLIPSE('',#5796,3.48173807170445,2.);
#86=ELLIPSE('',#5797,1.7408690358522,1.);
#87=CONICAL_SURFACE('',#5378,2.29999999999999,0.785398163397354);
#88=CONICAL_SURFACE('',#5381,29.5,0.785398163397419);
#89=CONICAL_SURFACE('',#5406,2.29999999999999,0.785398163396739);
#90=CONICAL_SURFACE('',#5438,2.19999999999998,0.785398163397362);
#91=CONICAL_SURFACE('',#5441,2.19999999999998,0.785398163397539);
#92=CONICAL_SURFACE('',#5444,2.19999999999998,0.785398163397584);
#93=CONICAL_SURFACE('',#5447,2.19999999999998,0.78539816339745);
#94=CONICAL_SURFACE('',#5451,5.29999999999999,0.785398163397533);
#95=CONICAL_SURFACE('',#5454,4.8,0.78539816339722);
#96=CONICAL_SURFACE('',#5456,3.2,0.78539816339728);
#97=CONICAL_SURFACE('',#5459,3.19999999999999,0.785398163397353);
#98=CONICAL_SURFACE('',#5461,4.8,0.785398163397392);
#99=CONICAL_SURFACE('',#5464,5.30000000000002,0.785398163397344);
#100=CONICAL_SURFACE('',#5466,5.29999999999999,0.785398163397492);
#101=CONICAL_SURFACE('',#5468,4.80000000000001,0.785398163397579);
#102=CONICAL_SURFACE('',#5470,3.19999999999999,0.785398163397686);
#103=CONICAL_SURFACE('',#5473,3.19999999999998,0.785398163397529);
#104=CONICAL_SURFACE('',#5475,4.80000000000001,0.78539816339749);
#105=CONICAL_SURFACE('',#5478,5.3,0.785398163397442);
#106=CONICAL_SURFACE('',#5480,1.80000000000001,0.785398163397418);
#107=CONICAL_SURFACE('',#5483,1.8,0.785398163397435);
#108=CONICAL_SURFACE('',#5486,0.800000000000009,0.785398163397427);
#109=CONICAL_SURFACE('',#5489,0.799999999999992,0.785398163397524);
#110=CONICAL_SURFACE('',#5606,2.29999999999999,0.785398163397354);
#111=CONICAL_SURFACE('',#5609,29.5,0.785398163397419);
#112=CONICAL_SURFACE('',#5634,2.29999999999999,0.785398163396739);
#113=CONICAL_SURFACE('',#5668,2.19999999999998,0.785398163397362);
#114=CONICAL_SURFACE('',#5671,2.19999999999998,0.785398163397539);
#115=CONICAL_SURFACE('',#5674,2.19999999999998,0.785398163397584);
#116=CONICAL_SURFACE('',#5677,2.19999999999998,0.78539816339745);
#117=CONICAL_SURFACE('',#5681,5.29999999999999,0.785398163397533);
#118=CONICAL_SURFACE('',#5684,4.8,0.78539816339722);
#119=CONICAL_SURFACE('',#5686,3.2,0.78539816339728);
#120=CONICAL_SURFACE('',#5689,3.19999999999999,0.785398163397353);
#121=CONICAL_SURFACE('',#5691,4.8,0.785398163397392);
#122=CONICAL_SURFACE('',#5694,5.30000000000002,0.785398163397344);
#123=CONICAL_SURFACE('',#5696,5.29999999999999,0.785398163397492);
#124=CONICAL_SURFACE('',#5698,4.80000000000001,0.785398163397579);
#125=CONICAL_SURFACE('',#5700,3.19999999999999,0.785398163397686);
#126=CONICAL_SURFACE('',#5703,3.19999999999998,0.785398163397529);
#127=CONICAL_SURFACE('',#5705,4.80000000000001,0.78539816339749);
#128=CONICAL_SURFACE('',#5708,5.3,0.785398163397442);
#129=CONICAL_SURFACE('',#5710,1.80000000000001,0.785398163397418);
#130=CONICAL_SURFACE('',#5713,1.8,0.785398163397435);
#131=CONICAL_SURFACE('',#5716,0.800000000000009,0.785398163397427);
#132=CONICAL_SURFACE('',#5719,0.799999999999992,0.785398163397524);
#133=FACE_BOUND('',#563,.T.);
#134=FACE_BOUND('',#566,.T.);
#135=FACE_BOUND('',#571,.T.);
#136=FACE_BOUND('',#572,.T.);
#137=FACE_BOUND('',#573,.T.);
#138=FACE_BOUND('',#574,.T.);
#139=FACE_BOUND('',#581,.T.);
#140=FACE_BOUND('',#582,.T.);
#141=FACE_BOUND('',#583,.T.);
#142=FACE_BOUND('',#584,.T.);
#143=FACE_BOUND('',#587,.T.);
#144=FACE_BOUND('',#594,.T.);
#145=FACE_BOUND('',#724,.T.);
#146=FACE_BOUND('',#725,.T.);
#147=FACE_BOUND('',#726,.T.);
#148=FACE_BOUND('',#727,.T.);
#149=FACE_BOUND('',#734,.T.);
#150=FACE_BOUND('',#735,.T.);
#151=FACE_BOUND('',#736,.T.);
#152=FACE_BOUND('',#737,.T.);
#153=FACE_BOUND('',#740,.T.);
#154=FACE_BOUND('',#749,.T.);
#155=FACE_BOUND('',#844,.T.);
#156=FACE_BOUND('',#848,.T.);
#157=PLANE('',#5362);
#158=PLANE('',#5365);
#159=PLANE('',#5368);
#160=PLANE('',#5373);
#161=PLANE('',#5384);
#162=PLANE('',#5408);
#163=PLANE('',#5415);
#164=PLANE('',#5422);
#165=PLANE('',#5423);
#166=PLANE('',#5428);
#167=PLANE('',#5435);
#168=PLANE('',#5436);
#169=PLANE('',#5450);
#170=PLANE('',#5453);
#171=PLANE('',#5458);
#172=PLANE('',#5463);
#173=PLANE('',#5465);
#174=PLANE('',#5467);
#175=PLANE('',#5472);
#176=PLANE('',#5477);
#177=PLANE('',#5482);
#178=PLANE('',#5485);
#179=PLANE('',#5488);
#180=PLANE('',#5493);
#181=PLANE('',#5496);
#182=PLANE('',#5499);
#183=PLANE('',#5502);
#184=PLANE('',#5517);
#185=PLANE('',#5540);
#186=PLANE('',#5541);
#187=PLANE('',#5557);
#188=PLANE('',#5558);
#189=PLANE('',#5559);
#190=PLANE('',#5560);
#191=PLANE('',#5561);
#192=PLANE('',#5562);
#193=PLANE('',#5566);
#194=PLANE('',#5569);
#195=PLANE('',#5570);
#196=PLANE('',#5575);
#197=PLANE('',#5576);
#198=PLANE('',#5577);
#199=PLANE('',#5578);
#200=PLANE('',#5579);
#201=PLANE('',#5596);
#202=PLANE('',#5599);
#203=PLANE('',#5602);
#204=PLANE('',#5603);
#205=PLANE('',#5612);
#206=PLANE('',#5636);
#207=PLANE('',#5643);
#208=PLANE('',#5650);
#209=PLANE('',#5651);
#210=PLANE('',#5656);
#211=PLANE('',#5657);
#212=PLANE('',#5658);
#213=PLANE('',#5665);
#214=PLANE('',#5666);
#215=PLANE('',#5680);
#216=PLANE('',#5683);
#217=PLANE('',#5688);
#218=PLANE('',#5693);
#219=PLANE('',#5695);
#220=PLANE('',#5697);
#221=PLANE('',#5702);
#222=PLANE('',#5707);
#223=PLANE('',#5712);
#224=PLANE('',#5715);
#225=PLANE('',#5718);
#226=PLANE('',#5723);
#227=PLANE('',#5726);
#228=PLANE('',#5729);
#229=PLANE('',#5732);
#230=PLANE('',#5747);
#231=PLANE('',#5770);
#232=PLANE('',#5771);
#233=PLANE('',#5789);
#234=PLANE('',#5790);
#235=PLANE('',#5791);
#236=PLANE('',#5792);
#237=PLANE('',#5793);
#238=PLANE('',#5794);
#239=PLANE('',#5798);
#240=PLANE('',#5802);
#241=PLANE('',#5803);
#242=PLANE('',#5807);
#243=PLANE('',#5812);
#244=PLANE('',#5819);
#245=PLANE('',#5822);
#246=PLANE('',#5823);
#247=PLANE('',#5824);
#248=PLANE('',#5825);
#249=PLANE('',#5842);
#250=PLANE('',#5845);
#251=PLANE('',#5848);
#252=PLANE('',#5849);
#253=FACE_OUTER_BOUND('',#557,.T.);
#254=FACE_OUTER_BOUND('',#558,.T.);
#255=FACE_OUTER_BOUND('',#559,.T.);
#256=FACE_OUTER_BOUND('',#560,.T.);
#257=FACE_OUTER_BOUND('',#561,.T.);
#258=FACE_OUTER_BOUND('',#562,.T.);
#259=FACE_OUTER_BOUND('',#564,.T.);
#260=FACE_OUTER_BOUND('',#565,.T.);
#261=FACE_OUTER_BOUND('',#567,.T.);
#262=FACE_OUTER_BOUND('',#568,.T.);
#263=FACE_OUTER_BOUND('',#569,.T.);
#264=FACE_OUTER_BOUND('',#570,.T.);
#265=FACE_OUTER_BOUND('',#575,.T.);
#266=FACE_OUTER_BOUND('',#576,.T.);
#267=FACE_OUTER_BOUND('',#577,.T.);
#268=FACE_OUTER_BOUND('',#578,.T.);
#269=FACE_OUTER_BOUND('',#579,.T.);
#270=FACE_OUTER_BOUND('',#580,.T.);
#271=FACE_OUTER_BOUND('',#585,.T.);
#272=FACE_OUTER_BOUND('',#586,.T.);
#273=FACE_OUTER_BOUND('',#588,.T.);
#274=FACE_OUTER_BOUND('',#589,.T.);
#275=FACE_OUTER_BOUND('',#590,.T.);
#276=FACE_OUTER_BOUND('',#591,.T.);
#277=FACE_OUTER_BOUND('',#592,.T.);
#278=FACE_OUTER_BOUND('',#593,.T.);
#279=FACE_OUTER_BOUND('',#595,.T.);
#280=FACE_OUTER_BOUND('',#596,.T.);
#281=FACE_OUTER_BOUND('',#597,.T.);
#282=FACE_OUTER_BOUND('',#598,.T.);
#283=FACE_OUTER_BOUND('',#599,.T.);
#284=FACE_OUTER_BOUND('',#600,.T.);
#285=FACE_OUTER_BOUND('',#601,.T.);
#286=FACE_OUTER_BOUND('',#602,.T.);
#287=FACE_OUTER_BOUND('',#603,.T.);
#288=FACE_OUTER_BOUND('',#604,.T.);
#289=FACE_OUTER_BOUND('',#605,.T.);
#290=FACE_OUTER_BOUND('',#606,.T.);
#291=FACE_OUTER_BOUND('',#607,.T.);
#292=FACE_OUTER_BOUND('',#608,.T.);
#293=FACE_OUTER_BOUND('',#609,.T.);
#294=FACE_OUTER_BOUND('',#610,.T.);
#295=FACE_OUTER_BOUND('',#611,.T.);
#296=FACE_OUTER_BOUND('',#612,.T.);
#297=FACE_OUTER_BOUND('',#613,.T.);
#298=FACE_OUTER_BOUND('',#614,.T.);
#299=FACE_OUTER_BOUND('',#615,.T.);
#300=FACE_OUTER_BOUND('',#616,.T.);
#301=FACE_OUTER_BOUND('',#617,.T.);
#302=FACE_OUTER_BOUND('',#618,.T.);
#303=FACE_OUTER_BOUND('',#619,.T.);
#304=FACE_OUTER_BOUND('',#620,.T.);
#305=FACE_OUTER_BOUND('',#621,.T.);
#306=FACE_OUTER_BOUND('',#622,.T.);
#307=FACE_OUTER_BOUND('',#623,.T.);
#308=FACE_OUTER_BOUND('',#624,.T.);
#309=FACE_OUTER_BOUND('',#625,.T.);
#310=FACE_OUTER_BOUND('',#626,.T.);
#311=FACE_OUTER_BOUND('',#627,.T.);
#312=FACE_OUTER_BOUND('',#628,.T.);
#313=FACE_OUTER_BOUND('',#629,.T.);
#314=FACE_OUTER_BOUND('',#630,.T.);
#315=FACE_OUTER_BOUND('',#631,.T.);
#316=FACE_OUTER_BOUND('',#632,.T.);
#317=FACE_OUTER_BOUND('',#633,.T.);
#318=FACE_OUTER_BOUND('',#634,.T.);
#319=FACE_OUTER_BOUND('',#635,.T.);
#320=FACE_OUTER_BOUND('',#636,.T.);
#321=FACE_OUTER_BOUND('',#637,.T.);
#322=FACE_OUTER_BOUND('',#638,.T.);
#323=FACE_OUTER_BOUND('',#639,.T.);
#324=FACE_OUTER_BOUND('',#640,.T.);
#325=FACE_OUTER_BOUND('',#641,.T.);
#326=FACE_OUTER_BOUND('',#642,.T.);
#327=FACE_OUTER_BOUND('',#643,.T.);
#328=FACE_OUTER_BOUND('',#644,.T.);
#329=FACE_OUTER_BOUND('',#645,.T.);
#330=FACE_OUTER_BOUND('',#646,.T.);
#331=FACE_OUTER_BOUND('',#647,.T.);
#332=FACE_OUTER_BOUND('',#648,.T.);
#333=FACE_OUTER_BOUND('',#649,.T.);
#334=FACE_OUTER_BOUND('',#650,.T.);
#335=FACE_OUTER_BOUND('',#651,.T.);
#336=FACE_OUTER_BOUND('',#652,.T.);
#337=FACE_OUTER_BOUND('',#653,.T.);
#338=FACE_OUTER_BOUND('',#654,.T.);
#339=FACE_OUTER_BOUND('',#655,.T.);
#340=FACE_OUTER_BOUND('',#656,.T.);
#341=FACE_OUTER_BOUND('',#657,.T.);
#342=FACE_OUTER_BOUND('',#658,.T.);
#343=FACE_OUTER_BOUND('',#659,.T.);
#344=FACE_OUTER_BOUND('',#660,.T.);
#345=FACE_OUTER_BOUND('',#661,.T.);
#346=FACE_OUTER_BOUND('',#662,.T.);
#347=FACE_OUTER_BOUND('',#663,.T.);
#348=FACE_OUTER_BOUND('',#664,.T.);
#349=FACE_OUTER_BOUND('',#665,.T.);
#350=FACE_OUTER_BOUND('',#666,.T.);
#351=FACE_OUTER_BOUND('',#667,.T.);
#352=FACE_OUTER_BOUND('',#668,.T.);
#353=FACE_OUTER_BOUND('',#669,.T.);
#354=FACE_OUTER_BOUND('',#670,.T.);
#355=FACE_OUTER_BOUND('',#671,.T.);
#356=FACE_OUTER_BOUND('',#672,.T.);
#357=FACE_OUTER_BOUND('',#673,.T.);
#358=FACE_OUTER_BOUND('',#674,.T.);
#359=FACE_OUTER_BOUND('',#675,.T.);
#360=FACE_OUTER_BOUND('',#676,.T.);
#361=FACE_OUTER_BOUND('',#677,.T.);
#362=FACE_OUTER_BOUND('',#678,.T.);
#363=FACE_OUTER_BOUND('',#679,.T.);
#364=FACE_OUTER_BOUND('',#680,.T.);
#365=FACE_OUTER_BOUND('',#681,.T.);
#366=FACE_OUTER_BOUND('',#682,.T.);
#367=FACE_OUTER_BOUND('',#683,.T.);
#368=FACE_OUTER_BOUND('',#684,.T.);
#369=FACE_OUTER_BOUND('',#685,.T.);
#370=FACE_OUTER_BOUND('',#686,.T.);
#371=FACE_OUTER_BOUND('',#687,.T.);
#372=FACE_OUTER_BOUND('',#688,.T.);
#373=FACE_OUTER_BOUND('',#689,.T.);
#374=FACE_OUTER_BOUND('',#690,.T.);
#375=FACE_OUTER_BOUND('',#691,.T.);
#376=FACE_OUTER_BOUND('',#692,.T.);
#377=FACE_OUTER_BOUND('',#693,.T.);
#378=FACE_OUTER_BOUND('',#694,.T.);
#379=FACE_OUTER_BOUND('',#695,.T.);
#380=FACE_OUTER_BOUND('',#696,.T.);
#381=FACE_OUTER_BOUND('',#697,.T.);
#382=FACE_OUTER_BOUND('',#698,.T.);
#383=FACE_OUTER_BOUND('',#699,.T.);
#384=FACE_OUTER_BOUND('',#700,.T.);
#385=FACE_OUTER_BOUND('',#701,.T.);
#386=FACE_OUTER_BOUND('',#702,.T.);
#387=FACE_OUTER_BOUND('',#703,.T.);
#388=FACE_OUTER_BOUND('',#704,.T.);
#389=FACE_OUTER_BOUND('',#705,.T.);
#390=FACE_OUTER_BOUND('',#706,.T.);
#391=FACE_OUTER_BOUND('',#707,.T.);
#392=FACE_OUTER_BOUND('',#708,.T.);
#393=FACE_OUTER_BOUND('',#709,.T.);
#394=FACE_OUTER_BOUND('',#710,.T.);
#395=FACE_OUTER_BOUND('',#711,.T.);
#396=FACE_OUTER_BOUND('',#712,.T.);
#397=FACE_OUTER_BOUND('',#713,.T.);
#398=FACE_OUTER_BOUND('',#714,.T.);
#399=FACE_OUTER_BOUND('',#715,.T.);
#400=FACE_OUTER_BOUND('',#716,.T.);
#401=FACE_OUTER_BOUND('',#717,.T.);
#402=FACE_OUTER_BOUND('',#718,.T.);
#403=FACE_OUTER_BOUND('',#719,.T.);
#404=FACE_OUTER_BOUND('',#720,.T.);
#405=FACE_OUTER_BOUND('',#721,.T.);
#406=FACE_OUTER_BOUND('',#722,.T.);
#407=FACE_OUTER_BOUND('',#723,.T.);
#408=FACE_OUTER_BOUND('',#728,.T.);
#409=FACE_OUTER_BOUND('',#729,.T.);
#410=FACE_OUTER_BOUND('',#730,.T.);
#411=FACE_OUTER_BOUND('',#731,.T.);
#412=FACE_OUTER_BOUND('',#732,.T.);
#413=FACE_OUTER_BOUND('',#733,.T.);
#414=FACE_OUTER_BOUND('',#738,.T.);
#415=FACE_OUTER_BOUND('',#739,.T.);
#416=FACE_OUTER_BOUND('',#741,.T.);
#417=FACE_OUTER_BOUND('',#742,.T.);
#418=FACE_OUTER_BOUND('',#743,.T.);
#419=FACE_OUTER_BOUND('',#744,.T.);
#420=FACE_OUTER_BOUND('',#745,.T.);
#421=FACE_OUTER_BOUND('',#746,.T.);
#422=FACE_OUTER_BOUND('',#747,.T.);
#423=FACE_OUTER_BOUND('',#748,.T.);
#424=FACE_OUTER_BOUND('',#750,.T.);
#425=FACE_OUTER_BOUND('',#751,.T.);
#426=FACE_OUTER_BOUND('',#752,.T.);
#427=FACE_OUTER_BOUND('',#753,.T.);
#428=FACE_OUTER_BOUND('',#754,.T.);
#429=FACE_OUTER_BOUND('',#755,.T.);
#430=FACE_OUTER_BOUND('',#756,.T.);
#431=FACE_OUTER_BOUND('',#757,.T.);
#432=FACE_OUTER_BOUND('',#758,.T.);
#433=FACE_OUTER_BOUND('',#759,.T.);
#434=FACE_OUTER_BOUND('',#760,.T.);
#435=FACE_OUTER_BOUND('',#761,.T.);
#436=FACE_OUTER_BOUND('',#762,.T.);
#437=FACE_OUTER_BOUND('',#763,.T.);
#438=FACE_OUTER_BOUND('',#764,.T.);
#439=FACE_OUTER_BOUND('',#765,.T.);
#440=FACE_OUTER_BOUND('',#766,.T.);
#441=FACE_OUTER_BOUND('',#767,.T.);
#442=FACE_OUTER_BOUND('',#768,.T.);
#443=FACE_OUTER_BOUND('',#769,.T.);
#444=FACE_OUTER_BOUND('',#770,.T.);
#445=FACE_OUTER_BOUND('',#771,.T.);
#446=FACE_OUTER_BOUND('',#772,.T.);
#447=FACE_OUTER_BOUND('',#773,.T.);
#448=FACE_OUTER_BOUND('',#774,.T.);
#449=FACE_OUTER_BOUND('',#775,.T.);
#450=FACE_OUTER_BOUND('',#776,.T.);
#451=FACE_OUTER_BOUND('',#777,.T.);
#452=FACE_OUTER_BOUND('',#778,.T.);
#453=FACE_OUTER_BOUND('',#779,.T.);
#454=FACE_OUTER_BOUND('',#780,.T.);
#455=FACE_OUTER_BOUND('',#781,.T.);
#456=FACE_OUTER_BOUND('',#782,.T.);
#457=FACE_OUTER_BOUND('',#783,.T.);
#458=FACE_OUTER_BOUND('',#784,.T.);
#459=FACE_OUTER_BOUND('',#785,.T.);
#460=FACE_OUTER_BOUND('',#786,.T.);
#461=FACE_OUTER_BOUND('',#787,.T.);
#462=FACE_OUTER_BOUND('',#788,.T.);
#463=FACE_OUTER_BOUND('',#789,.T.);
#464=FACE_OUTER_BOUND('',#790,.T.);
#465=FACE_OUTER_BOUND('',#791,.T.);
#466=FACE_OUTER_BOUND('',#792,.T.);
#467=FACE_OUTER_BOUND('',#793,.T.);
#468=FACE_OUTER_BOUND('',#794,.T.);
#469=FACE_OUTER_BOUND('',#795,.T.);
#470=FACE_OUTER_BOUND('',#796,.T.);
#471=FACE_OUTER_BOUND('',#797,.T.);
#472=FACE_OUTER_BOUND('',#798,.T.);
#473=FACE_OUTER_BOUND('',#799,.T.);
#474=FACE_OUTER_BOUND('',#800,.T.);
#475=FACE_OUTER_BOUND('',#801,.T.);
#476=FACE_OUTER_BOUND('',#802,.T.);
#477=FACE_OUTER_BOUND('',#803,.T.);
#478=FACE_OUTER_BOUND('',#804,.T.);
#479=FACE_OUTER_BOUND('',#805,.T.);
#480=FACE_OUTER_BOUND('',#806,.T.);
#481=FACE_OUTER_BOUND('',#807,.T.);
#482=FACE_OUTER_BOUND('',#808,.T.);
#483=FACE_OUTER_BOUND('',#809,.T.);
#484=FACE_OUTER_BOUND('',#810,.T.);
#485=FACE_OUTER_BOUND('',#811,.T.);
#486=FACE_OUTER_BOUND('',#812,.T.);
#487=FACE_OUTER_BOUND('',#813,.T.);
#488=FACE_OUTER_BOUND('',#814,.T.);
#489=FACE_OUTER_BOUND('',#815,.T.);
#490=FACE_OUTER_BOUND('',#816,.T.);
#491=FACE_OUTER_BOUND('',#817,.T.);
#492=FACE_OUTER_BOUND('',#818,.T.);
#493=FACE_OUTER_BOUND('',#819,.T.);
#494=FACE_OUTER_BOUND('',#820,.T.);
#495=FACE_OUTER_BOUND('',#821,.T.);
#496=FACE_OUTER_BOUND('',#822,.T.);
#497=FACE_OUTER_BOUND('',#823,.T.);
#498=FACE_OUTER_BOUND('',#824,.T.);
#499=FACE_OUTER_BOUND('',#825,.T.);
#500=FACE_OUTER_BOUND('',#826,.T.);
#501=FACE_OUTER_BOUND('',#827,.T.);
#502=FACE_OUTER_BOUND('',#828,.T.);
#503=FACE_OUTER_BOUND('',#829,.T.);
#504=FACE_OUTER_BOUND('',#830,.T.);
#505=FACE_OUTER_BOUND('',#831,.T.);
#506=FACE_OUTER_BOUND('',#832,.T.);
#507=FACE_OUTER_BOUND('',#833,.T.);
#508=FACE_OUTER_BOUND('',#834,.T.);
#509=FACE_OUTER_BOUND('',#835,.T.);
#510=FACE_OUTER_BOUND('',#836,.T.);
#511=FACE_OUTER_BOUND('',#837,.T.);
#512=FACE_OUTER_BOUND('',#838,.T.);
#513=FACE_OUTER_BOUND('',#839,.T.);
#514=FACE_OUTER_BOUND('',#840,.T.);
#515=FACE_OUTER_BOUND('',#841,.T.);
#516=FACE_OUTER_BOUND('',#842,.T.);
#517=FACE_OUTER_BOUND('',#843,.T.);
#518=FACE_OUTER_BOUND('',#845,.T.);
#519=FACE_OUTER_BOUND('',#846,.T.);
#520=FACE_OUTER_BOUND('',#847,.T.);
#521=FACE_OUTER_BOUND('',#849,.T.);
#522=FACE_OUTER_BOUND('',#850,.T.);
#523=FACE_OUTER_BOUND('',#851,.T.);
#524=FACE_OUTER_BOUND('',#852,.T.);
#525=FACE_OUTER_BOUND('',#853,.T.);
#526=FACE_OUTER_BOUND('',#854,.T.);
#527=FACE_OUTER_BOUND('',#855,.T.);
#528=FACE_OUTER_BOUND('',#856,.T.);
#529=FACE_OUTER_BOUND('',#857,.T.);
#530=FACE_OUTER_BOUND('',#858,.T.);
#531=FACE_OUTER_BOUND('',#859,.T.);
#532=FACE_OUTER_BOUND('',#860,.T.);
#533=FACE_OUTER_BOUND('',#861,.T.);
#534=FACE_OUTER_BOUND('',#862,.T.);
#535=FACE_OUTER_BOUND('',#863,.T.);
#536=FACE_OUTER_BOUND('',#864,.T.);
#537=FACE_OUTER_BOUND('',#865,.T.);
#538=FACE_OUTER_BOUND('',#866,.T.);
#539=FACE_OUTER_BOUND('',#867,.T.);
#540=FACE_OUTER_BOUND('',#868,.T.);
#541=FACE_OUTER_BOUND('',#869,.T.);
#542=FACE_OUTER_BOUND('',#870,.T.);
#543=FACE_OUTER_BOUND('',#871,.T.);
#544=FACE_OUTER_BOUND('',#872,.T.);
#545=FACE_OUTER_BOUND('',#873,.T.);
#546=FACE_OUTER_BOUND('',#874,.T.);
#547=FACE_OUTER_BOUND('',#875,.T.);
#548=FACE_OUTER_BOUND('',#876,.T.);
#549=FACE_OUTER_BOUND('',#877,.T.);
#550=FACE_OUTER_BOUND('',#878,.T.);
#551=FACE_OUTER_BOUND('',#879,.T.);
#552=FACE_OUTER_BOUND('',#880,.T.);
#553=FACE_OUTER_BOUND('',#881,.T.);
#554=FACE_OUTER_BOUND('',#882,.T.);
#555=FACE_OUTER_BOUND('',#883,.T.);
#556=FACE_OUTER_BOUND('',#884,.T.);
#557=EDGE_LOOP('',(#3339,#3340,#3341,#3342));
#558=EDGE_LOOP('',(#3343,#3344,#3345,#3346,#3347,#3348,#3349,#3350,#3351));
#559=EDGE_LOOP('',(#3352,#3353,#3354,#3355));
#560=EDGE_LOOP('',(#3356,#3357,#3358,#3359,#3360,#3361,#3362,#3363,#3364));
#561=EDGE_LOOP('',(#3365,#3366,#3367,#3368));
#562=EDGE_LOOP('',(#3369,#3370,#3371,#3372,#3373,#3374));
#563=EDGE_LOOP('',(#3375));
#564=EDGE_LOOP('',(#3376,#3377,#3378,#3379));
#565=EDGE_LOOP('',(#3380,#3381,#3382,#3383,#3384,#3385));
#566=EDGE_LOOP('',(#3386));
#567=EDGE_LOOP('',(#3387,#3388,#3389,#3390,#3391,#3392));
#568=EDGE_LOOP('',(#3393,#3394,#3395,#3396));
#569=EDGE_LOOP('',(#3397,#3398,#3399,#3400,#3401,#3402));
#570=EDGE_LOOP('',(#3403,#3404,#3405,#3406,#3407,#3408,#3409,#3410,#3411,
#3412,#3413,#3414,#3415,#3416,#3417,#3418,#3419,#3420,#3421,#3422,#3423,
#3424,#3425,#3426,#3427,#3428,#3429,#3430,#3431,#3432,#3433,#3434));
#571=EDGE_LOOP('',(#3435));
#572=EDGE_LOOP('',(#3436));
#573=EDGE_LOOP('',(#3437));
#574=EDGE_LOOP('',(#3438));
#575=EDGE_LOOP('',(#3439,#3440,#3441,#3442));
#576=EDGE_LOOP('',(#3443,#3444,#3445,#3446));
#577=EDGE_LOOP('',(#3447,#3448,#3449,#3450,#3451));
#578=EDGE_LOOP('',(#3452,#3453,#3454,#3455));
#579=EDGE_LOOP('',(#3456,#3457,#3458,#3459,#3460));
#580=EDGE_LOOP('',(#3461,#3462,#3463,#3464,#3465,#3466,#3467,#3468,#3469,
#3470));
#581=EDGE_LOOP('',(#3471));
#582=EDGE_LOOP('',(#3472));
#583=EDGE_LOOP('',(#3473));
#584=EDGE_LOOP('',(#3474));
#585=EDGE_LOOP('',(#3475,#3476,#3477,#3478));
#586=EDGE_LOOP('',(#3479,#3480,#3481,#3482,#3483,#3484));
#587=EDGE_LOOP('',(#3485));
#588=EDGE_LOOP('',(#3486,#3487,#3488,#3489));
#589=EDGE_LOOP('',(#3490,#3491,#3492,#3493,#3494,#3495));
#590=EDGE_LOOP('',(#3496,#3497,#3498,#3499));
#591=EDGE_LOOP('',(#3500,#3501,#3502,#3503));
#592=EDGE_LOOP('',(#3504,#3505,#3506,#3507,#3508,#3509));
#593=EDGE_LOOP('',(#3510,#3511,#3512,#3513,#3514,#3515));
#594=EDGE_LOOP('',(#3516));
#595=EDGE_LOOP('',(#3517,#3518,#3519,#3520));
#596=EDGE_LOOP('',(#3521,#3522,#3523,#3524));
#597=EDGE_LOOP('',(#3525,#3526,#3527,#3528));
#598=EDGE_LOOP('',(#3529,#3530,#3531,#3532));
#599=EDGE_LOOP('',(#3533,#3534,#3535,#3536));
#600=EDGE_LOOP('',(#3537,#3538,#3539,#3540));
#601=EDGE_LOOP('',(#3541,#3542,#3543,#3544));
#602=EDGE_LOOP('',(#3545,#3546,#3547,#3548));
#603=EDGE_LOOP('',(#3549,#3550,#3551,#3552));
#604=EDGE_LOOP('',(#3553,#3554,#3555,#3556));
#605=EDGE_LOOP('',(#3557,#3558,#3559,#3560));
#606=EDGE_LOOP('',(#3561,#3562,#3563,#3564));
#607=EDGE_LOOP('',(#3565,#3566,#3567,#3568));
#608=EDGE_LOOP('',(#3569,#3570,#3571,#3572));
#609=EDGE_LOOP('',(#3573,#3574,#3575,#3576));
#610=EDGE_LOOP('',(#3577,#3578,#3579,#3580));
#611=EDGE_LOOP('',(#3581,#3582,#3583,#3584));
#612=EDGE_LOOP('',(#3585,#3586,#3587,#3588));
#613=EDGE_LOOP('',(#3589,#3590,#3591,#3592));
#614=EDGE_LOOP('',(#3593,#3594,#3595,#3596));
#615=EDGE_LOOP('',(#3597,#3598,#3599,#3600));
#616=EDGE_LOOP('',(#3601,#3602,#3603,#3604));
#617=EDGE_LOOP('',(#3605,#3606,#3607,#3608));
#618=EDGE_LOOP('',(#3609,#3610,#3611,#3612));
#619=EDGE_LOOP('',(#3613,#3614,#3615,#3616));
#620=EDGE_LOOP('',(#3617,#3618,#3619,#3620));
#621=EDGE_LOOP('',(#3621,#3622,#3623,#3624));
#622=EDGE_LOOP('',(#3625,#3626,#3627,#3628));
#623=EDGE_LOOP('',(#3629,#3630,#3631,#3632));
#624=EDGE_LOOP('',(#3633,#3634,#3635,#3636));
#625=EDGE_LOOP('',(#3637,#3638,#3639,#3640));
#626=EDGE_LOOP('',(#3641,#3642,#3643,#3644));
#627=EDGE_LOOP('',(#3645,#3646,#3647,#3648));
#628=EDGE_LOOP('',(#3649,#3650,#3651,#3652));
#629=EDGE_LOOP('',(#3653,#3654,#3655,#3656));
#630=EDGE_LOOP('',(#3657,#3658,#3659,#3660));
#631=EDGE_LOOP('',(#3661,#3662,#3663,#3664,#3665,#3666));
#632=EDGE_LOOP('',(#3667,#3668,#3669,#3670,#3671));
#633=EDGE_LOOP('',(#3672,#3673,#3674,#3675));
#634=EDGE_LOOP('',(#3676,#3677,#3678,#3679));
#635=EDGE_LOOP('',(#3680,#3681,#3682,#3683));
#636=EDGE_LOOP('',(#3684,#3685,#3686,#3687,#3688));
#637=EDGE_LOOP('',(#3689,#3690,#3691,#3692,#3693,#3694));
#638=EDGE_LOOP('',(#3695,#3696,#3697,#3698));
#639=EDGE_LOOP('',(#3699,#3700,#3701,#3702));
#640=EDGE_LOOP('',(#3703,#3704,#3705,#3706));
#641=EDGE_LOOP('',(#3707,#3708,#3709,#3710));
#642=EDGE_LOOP('',(#3711,#3712,#3713,#3714));
#643=EDGE_LOOP('',(#3715,#3716,#3717,#3718));
#644=EDGE_LOOP('',(#3719,#3720,#3721,#3722));
#645=EDGE_LOOP('',(#3723,#3724,#3725,#3726));
#646=EDGE_LOOP('',(#3727,#3728,#3729,#3730));
#647=EDGE_LOOP('',(#3731,#3732,#3733,#3734));
#648=EDGE_LOOP('',(#3735,#3736,#3737,#3738));
#649=EDGE_LOOP('',(#3739,#3740,#3741,#3742));
#650=EDGE_LOOP('',(#3743,#3744,#3745,#3746,#3747,#3748,#3749,#3750));
#651=EDGE_LOOP('',(#3751,#3752,#3753,#3754,#3755,#3756));
#652=EDGE_LOOP('',(#3757,#3758,#3759,#3760,#3761));
#653=EDGE_LOOP('',(#3762,#3763,#3764,#3765));
#654=EDGE_LOOP('',(#3766,#3767,#3768,#3769));
#655=EDGE_LOOP('',(#3770,#3771,#3772,#3773));
#656=EDGE_LOOP('',(#3774,#3775,#3776,#3777));
#657=EDGE_LOOP('',(#3778,#3779,#3780,#3781));
#658=EDGE_LOOP('',(#3782,#3783,#3784,#3785));
#659=EDGE_LOOP('',(#3786,#3787,#3788,#3789));
#660=EDGE_LOOP('',(#3790,#3791,#3792,#3793));
#661=EDGE_LOOP('',(#3794,#3795,#3796,#3797));
#662=EDGE_LOOP('',(#3798,#3799,#3800,#3801));
#663=EDGE_LOOP('',(#3802,#3803,#3804,#3805,#3806,#3807,#3808,#3809));
#664=EDGE_LOOP('',(#3810,#3811,#3812,#3813,#3814,#3815));
#665=EDGE_LOOP('',(#3816,#3817,#3818,#3819,#3820,#3821,#3822,#3823));
#666=EDGE_LOOP('',(#3824,#3825,#3826,#3827));
#667=EDGE_LOOP('',(#3828,#3829,#3830,#3831,#3832,#3833,#3834,#3835));
#668=EDGE_LOOP('',(#3836,#3837,#3838,#3839,#3840,#3841));
#669=EDGE_LOOP('',(#3842,#3843,#3844,#3845,#3846,#3847,#3848,#3849));
#670=EDGE_LOOP('',(#3850,#3851,#3852,#3853));
#671=EDGE_LOOP('',(#3854,#3855,#3856,#3857,#3858,#3859,#3860,#3861));
#672=EDGE_LOOP('',(#3862,#3863,#3864,#3865,#3866));
#673=EDGE_LOOP('',(#3867,#3868,#3869,#3870));
#674=EDGE_LOOP('',(#3871,#3872,#3873,#3874));
#675=EDGE_LOOP('',(#3875,#3876,#3877,#3878,#3879,#3880,#3881,#3882,#3883,
#3884,#3885,#3886,#3887,#3888,#3889,#3890,#3891,#3892,#3893,#3894,#3895,
#3896,#3897,#3898,#3899,#3900,#3901,#3902,#3903,#3904,#3905,#3906,#3907,
#3908,#3909,#3910,#3911,#3912,#3913,#3914,#3915,#3916,#3917,#3918));
#676=EDGE_LOOP('',(#3919,#3920,#3921,#3922));
#677=EDGE_LOOP('',(#3923,#3924,#3925,#3926,#3927,#3928));
#678=EDGE_LOOP('',(#3929,#3930,#3931,#3932));
#679=EDGE_LOOP('',(#3933,#3934,#3935,#3936,#3937,#3938,#3939,#3940));
#680=EDGE_LOOP('',(#3941,#3942,#3943,#3944,#3945,#3946));
#681=EDGE_LOOP('',(#3947,#3948,#3949,#3950));
#682=EDGE_LOOP('',(#3951,#3952,#3953,#3954,#3955,#3956,#3957,#3958,#3959,
#3960));
#683=EDGE_LOOP('',(#3961,#3962,#3963,#3964,#3965,#3966));
#684=EDGE_LOOP('',(#3967,#3968,#3969,#3970,#3971,#3972));
#685=EDGE_LOOP('',(#3973,#3974));
#686=EDGE_LOOP('',(#3975,#3976));
#687=EDGE_LOOP('',(#3977,#3978,#3979,#3980));
#688=EDGE_LOOP('',(#3981,#3982,#3983,#3984));
#689=EDGE_LOOP('',(#3985,#3986,#3987,#3988));
#690=EDGE_LOOP('',(#3989,#3990,#3991,#3992));
#691=EDGE_LOOP('',(#3993,#3994,#3995,#3996,#3997,#3998,#3999));
#692=EDGE_LOOP('',(#4000,#4001,#4002,#4003,#4004,#4005,#4006));
#693=EDGE_LOOP('',(#4007,#4008,#4009,#4010,#4011,#4012));
#694=EDGE_LOOP('',(#4013,#4014,#4015,#4016,#4017));
#695=EDGE_LOOP('',(#4018,#4019,#4020,#4021,#4022));
#696=EDGE_LOOP('',(#4023,#4024,#4025,#4026));
#697=EDGE_LOOP('',(#4027,#4028,#4029,#4030));
#698=EDGE_LOOP('',(#4031,#4032,#4033,#4034));
#699=EDGE_LOOP('',(#4035,#4036,#4037));
#700=EDGE_LOOP('',(#4038,#4039,#4040,#4041));
#701=EDGE_LOOP('',(#4042,#4043,#4044));
#702=EDGE_LOOP('',(#4045,#4046,#4047,#4048));
#703=EDGE_LOOP('',(#4049,#4050,#4051,#4052));
#704=EDGE_LOOP('',(#4053,#4054,#4055,#4056,#4057,#4058));
#705=EDGE_LOOP('',(#4059,#4060,#4061,#4062));
#706=EDGE_LOOP('',(#4063,#4064,#4065));
#707=EDGE_LOOP('',(#4066,#4067,#4068,#4069));
#708=EDGE_LOOP('',(#4070,#4071,#4072));
#709=EDGE_LOOP('',(#4073,#4074,#4075,#4076));
#710=EDGE_LOOP('',(#4077,#4078,#4079,#4080));
#711=EDGE_LOOP('',(#4081,#4082,#4083,#4084,#4085,#4086));
#712=EDGE_LOOP('',(#4087,#4088,#4089,#4090));
#713=EDGE_LOOP('',(#4091,#4092,#4093,#4094));
#714=EDGE_LOOP('',(#4095,#4096,#4097,#4098));
#715=EDGE_LOOP('',(#4099,#4100,#4101,#4102));
#716=EDGE_LOOP('',(#4103,#4104,#4105,#4106));
#717=EDGE_LOOP('',(#4107,#4108,#4109,#4110));
#718=EDGE_LOOP('',(#4111,#4112,#4113,#4114,#4115,#4116));
#719=EDGE_LOOP('',(#4117,#4118,#4119,#4120,#4121,#4122));
#720=EDGE_LOOP('',(#4123,#4124,#4125,#4126));
#721=EDGE_LOOP('',(#4127,#4128,#4129,#4130));
#722=EDGE_LOOP('',(#4131,#4132,#4133,#4134,#4135,#4136));
#723=EDGE_LOOP('',(#4137,#4138,#4139,#4140,#4141,#4142,#4143,#4144,#4145,
#4146,#4147,#4148,#4149,#4150,#4151,#4152,#4153,#4154,#4155,#4156,#4157,
#4158,#4159,#4160,#4161,#4162,#4163,#4164,#4165,#4166,#4167,#4168));
#724=EDGE_LOOP('',(#4169));
#725=EDGE_LOOP('',(#4170));
#726=EDGE_LOOP('',(#4171));
#727=EDGE_LOOP('',(#4172));
#728=EDGE_LOOP('',(#4173,#4174,#4175,#4176));
#729=EDGE_LOOP('',(#4177,#4178,#4179,#4180));
#730=EDGE_LOOP('',(#4181,#4182,#4183,#4184,#4185));
#731=EDGE_LOOP('',(#4186,#4187,#4188,#4189));
#732=EDGE_LOOP('',(#4190,#4191,#4192,#4193,#4194));
#733=EDGE_LOOP('',(#4195,#4196,#4197,#4198,#4199,#4200,#4201,#4202,#4203,
#4204));
#734=EDGE_LOOP('',(#4205));
#735=EDGE_LOOP('',(#4206));
#736=EDGE_LOOP('',(#4207));
#737=EDGE_LOOP('',(#4208));
#738=EDGE_LOOP('',(#4209,#4210,#4211,#4212));
#739=EDGE_LOOP('',(#4213,#4214,#4215,#4216,#4217,#4218));
#740=EDGE_LOOP('',(#4219));
#741=EDGE_LOOP('',(#4220,#4221,#4222,#4223));
#742=EDGE_LOOP('',(#4224,#4225,#4226,#4227,#4228,#4229,#4230,#4231,#4232));
#743=EDGE_LOOP('',(#4233,#4234,#4235,#4236,#4237,#4238));
#744=EDGE_LOOP('',(#4239,#4240,#4241,#4242,#4243,#4244,#4245,#4246,#4247));
#745=EDGE_LOOP('',(#4248,#4249,#4250,#4251));
#746=EDGE_LOOP('',(#4252,#4253,#4254,#4255));
#747=EDGE_LOOP('',(#4256,#4257,#4258,#4259,#4260,#4261));
#748=EDGE_LOOP('',(#4262,#4263,#4264,#4265,#4266,#4267));
#749=EDGE_LOOP('',(#4268));
#750=EDGE_LOOP('',(#4269,#4270,#4271,#4272));
#751=EDGE_LOOP('',(#4273,#4274,#4275,#4276));
#752=EDGE_LOOP('',(#4277,#4278,#4279,#4280));
#753=EDGE_LOOP('',(#4281,#4282,#4283,#4284));
#754=EDGE_LOOP('',(#4285,#4286,#4287,#4288));
#755=EDGE_LOOP('',(#4289,#4290,#4291,#4292));
#756=EDGE_LOOP('',(#4293,#4294,#4295,#4296));
#757=EDGE_LOOP('',(#4297,#4298,#4299,#4300));
#758=EDGE_LOOP('',(#4301,#4302,#4303,#4304));
#759=EDGE_LOOP('',(#4305,#4306,#4307,#4308));
#760=EDGE_LOOP('',(#4309,#4310,#4311,#4312));
#761=EDGE_LOOP('',(#4313,#4314,#4315,#4316));
#762=EDGE_LOOP('',(#4317,#4318,#4319,#4320));
#763=EDGE_LOOP('',(#4321,#4322,#4323,#4324));
#764=EDGE_LOOP('',(#4325,#4326,#4327,#4328));
#765=EDGE_LOOP('',(#4329,#4330,#4331,#4332));
#766=EDGE_LOOP('',(#4333,#4334,#4335,#4336));
#767=EDGE_LOOP('',(#4337,#4338,#4339,#4340));
#768=EDGE_LOOP('',(#4341,#4342,#4343,#4344));
#769=EDGE_LOOP('',(#4345,#4346,#4347,#4348));
#770=EDGE_LOOP('',(#4349,#4350,#4351,#4352));
#771=EDGE_LOOP('',(#4353,#4354,#4355,#4356));
#772=EDGE_LOOP('',(#4357,#4358,#4359,#4360));
#773=EDGE_LOOP('',(#4361,#4362,#4363,#4364));
#774=EDGE_LOOP('',(#4365,#4366,#4367,#4368));
#775=EDGE_LOOP('',(#4369,#4370,#4371,#4372));
#776=EDGE_LOOP('',(#4373,#4374,#4375,#4376));
#777=EDGE_LOOP('',(#4377,#4378,#4379,#4380));
#778=EDGE_LOOP('',(#4381,#4382,#4383,#4384));
#779=EDGE_LOOP('',(#4385,#4386,#4387,#4388));
#780=EDGE_LOOP('',(#4389,#4390,#4391,#4392));
#781=EDGE_LOOP('',(#4393,#4394,#4395,#4396));
#782=EDGE_LOOP('',(#4397,#4398,#4399,#4400));
#783=EDGE_LOOP('',(#4401,#4402,#4403,#4404));
#784=EDGE_LOOP('',(#4405,#4406,#4407,#4408));
#785=EDGE_LOOP('',(#4409,#4410,#4411,#4412));
#786=EDGE_LOOP('',(#4413,#4414,#4415,#4416,#4417,#4418));
#787=EDGE_LOOP('',(#4419,#4420,#4421,#4422,#4423));
#788=EDGE_LOOP('',(#4424,#4425,#4426,#4427));
#789=EDGE_LOOP('',(#4428,#4429,#4430,#4431));
#790=EDGE_LOOP('',(#4432,#4433,#4434,#4435));
#791=EDGE_LOOP('',(#4436,#4437,#4438,#4439,#4440));
#792=EDGE_LOOP('',(#4441,#4442,#4443,#4444,#4445,#4446));
#793=EDGE_LOOP('',(#4447,#4448,#4449,#4450));
#794=EDGE_LOOP('',(#4451,#4452,#4453,#4454));
#795=EDGE_LOOP('',(#4455,#4456,#4457,#4458));
#796=EDGE_LOOP('',(#4459,#4460,#4461,#4462));
#797=EDGE_LOOP('',(#4463,#4464,#4465,#4466));
#798=EDGE_LOOP('',(#4467,#4468,#4469,#4470));
#799=EDGE_LOOP('',(#4471,#4472,#4473,#4474));
#800=EDGE_LOOP('',(#4475,#4476,#4477,#4478));
#801=EDGE_LOOP('',(#4479,#4480,#4481,#4482));
#802=EDGE_LOOP('',(#4483,#4484,#4485,#4486));
#803=EDGE_LOOP('',(#4487,#4488,#4489,#4490));
#804=EDGE_LOOP('',(#4491,#4492,#4493,#4494));
#805=EDGE_LOOP('',(#4495,#4496,#4497,#4498,#4499,#4500,#4501,#4502));
#806=EDGE_LOOP('',(#4503,#4504,#4505,#4506,#4507,#4508));
#807=EDGE_LOOP('',(#4509,#4510,#4511,#4512,#4513));
#808=EDGE_LOOP('',(#4514,#4515,#4516,#4517));
#809=EDGE_LOOP('',(#4518,#4519,#4520,#4521));
#810=EDGE_LOOP('',(#4522,#4523,#4524,#4525));
#811=EDGE_LOOP('',(#4526,#4527,#4528,#4529));
#812=EDGE_LOOP('',(#4530,#4531,#4532,#4533));
#813=EDGE_LOOP('',(#4534,#4535,#4536,#4537));
#814=EDGE_LOOP('',(#4538,#4539,#4540,#4541));
#815=EDGE_LOOP('',(#4542,#4543,#4544,#4545));
#816=EDGE_LOOP('',(#4546,#4547,#4548,#4549));
#817=EDGE_LOOP('',(#4550,#4551,#4552,#4553));
#818=EDGE_LOOP('',(#4554,#4555,#4556,#4557,#4558,#4559,#4560,#4561));
#819=EDGE_LOOP('',(#4562,#4563,#4564,#4565,#4566,#4567));
#820=EDGE_LOOP('',(#4568,#4569,#4570,#4571,#4572,#4573,#4574,#4575));
#821=EDGE_LOOP('',(#4576,#4577,#4578,#4579));
#822=EDGE_LOOP('',(#4580,#4581,#4582,#4583,#4584,#4585,#4586,#4587));
#823=EDGE_LOOP('',(#4588,#4589,#4590,#4591,#4592,#4593));
#824=EDGE_LOOP('',(#4594,#4595,#4596,#4597,#4598,#4599,#4600,#4601));
#825=EDGE_LOOP('',(#4602,#4603,#4604,#4605));
#826=EDGE_LOOP('',(#4606,#4607,#4608,#4609,#4610,#4611,#4612,#4613));
#827=EDGE_LOOP('',(#4614,#4615,#4616,#4617,#4618));
#828=EDGE_LOOP('',(#4619,#4620,#4621,#4622));
#829=EDGE_LOOP('',(#4623,#4624,#4625,#4626));
#830=EDGE_LOOP('',(#4627,#4628,#4629,#4630,#4631,#4632,#4633,#4634,#4635,
#4636,#4637,#4638,#4639,#4640,#4641,#4642,#4643,#4644,#4645,#4646,#4647,
#4648,#4649,#4650,#4651,#4652,#4653,#4654,#4655,#4656,#4657,#4658,#4659,
#4660,#4661,#4662,#4663,#4664,#4665,#4666,#4667,#4668,#4669,#4670));
#831=EDGE_LOOP('',(#4671,#4672,#4673,#4674));
#832=EDGE_LOOP('',(#4675,#4676,#4677,#4678,#4679,#4680));
#833=EDGE_LOOP('',(#4681,#4682,#4683,#4684));
#834=EDGE_LOOP('',(#4685,#4686,#4687,#4688,#4689,#4690,#4691,#4692));
#835=EDGE_LOOP('',(#4693,#4694,#4695,#4696,#4697,#4698));
#836=EDGE_LOOP('',(#4699,#4700,#4701,#4702));
#837=EDGE_LOOP('',(#4703,#4704,#4705,#4706,#4707,#4708,#4709,#4710,#4711,
#4712));
#838=EDGE_LOOP('',(#4713,#4714,#4715,#4716,#4717,#4718));
#839=EDGE_LOOP('',(#4719,#4720,#4721,#4722,#4723,#4724));
#840=EDGE_LOOP('',(#4725,#4726));
#841=EDGE_LOOP('',(#4727,#4728));
#842=EDGE_LOOP('',(#4729,#4730,#4731,#4732,#4733,#4734));
#843=EDGE_LOOP('',(#4735,#4736,#4737,#4738,#4739,#4740));
#844=EDGE_LOOP('',(#4741));
#845=EDGE_LOOP('',(#4742,#4743,#4744,#4745));
#846=EDGE_LOOP('',(#4746,#4747,#4748,#4749));
#847=EDGE_LOOP('',(#4750,#4751,#4752,#4753,#4754,#4755));
#848=EDGE_LOOP('',(#4756));
#849=EDGE_LOOP('',(#4757,#4758,#4759,#4760));
#850=EDGE_LOOP('',(#4761,#4762,#4763,#4764));
#851=EDGE_LOOP('',(#4765,#4766,#4767,#4768));
#852=EDGE_LOOP('',(#4769,#4770,#4771,#4772));
#853=EDGE_LOOP('',(#4773,#4774,#4775,#4776));
#854=EDGE_LOOP('',(#4777,#4778,#4779,#4780,#4781,#4782,#4783));
#855=EDGE_LOOP('',(#4784,#4785,#4786,#4787));
#856=EDGE_LOOP('',(#4788,#4789,#4790,#4791,#4792,#4793,#4794));
#857=EDGE_LOOP('',(#4795,#4796,#4797,#4798,#4799,#4800));
#858=EDGE_LOOP('',(#4801,#4802,#4803,#4804,#4805));
#859=EDGE_LOOP('',(#4806,#4807,#4808,#4809,#4810));
#860=EDGE_LOOP('',(#4811,#4812,#4813,#4814));
#861=EDGE_LOOP('',(#4815,#4816,#4817,#4818));
#862=EDGE_LOOP('',(#4819,#4820,#4821,#4822));
#863=EDGE_LOOP('',(#4823,#4824,#4825));
#864=EDGE_LOOP('',(#4826,#4827,#4828,#4829));
#865=EDGE_LOOP('',(#4830,#4831,#4832));
#866=EDGE_LOOP('',(#4833,#4834,#4835,#4836));
#867=EDGE_LOOP('',(#4837,#4838,#4839,#4840));
#868=EDGE_LOOP('',(#4841,#4842,#4843,#4844,#4845,#4846));
#869=EDGE_LOOP('',(#4847,#4848,#4849,#4850));
#870=EDGE_LOOP('',(#4851,#4852,#4853));
#871=EDGE_LOOP('',(#4854,#4855,#4856,#4857));
#872=EDGE_LOOP('',(#4858,#4859,#4860));
#873=EDGE_LOOP('',(#4861,#4862,#4863,#4864));
#874=EDGE_LOOP('',(#4865,#4866,#4867,#4868));
#875=EDGE_LOOP('',(#4869,#4870,#4871,#4872,#4873,#4874));
#876=EDGE_LOOP('',(#4875,#4876,#4877,#4878));
#877=EDGE_LOOP('',(#4879,#4880,#4881,#4882));
#878=EDGE_LOOP('',(#4883,#4884,#4885,#4886));
#879=EDGE_LOOP('',(#4887,#4888,#4889,#4890));
#880=EDGE_LOOP('',(#4891,#4892,#4893,#4894));
#881=EDGE_LOOP('',(#4895,#4896,#4897,#4898));
#882=EDGE_LOOP('',(#4899,#4900,#4901,#4902,#4903,#4904));
#883=EDGE_LOOP('',(#4905,#4906,#4907,#4908,#4909,#4910));
#884=EDGE_LOOP('',(#4911,#4912,#4913,#4914));
#885=CIRCLE('',#5361,1.);
#886=CIRCLE('',#5364,1.);
#887=CIRCLE('',#5367,1.);
#888=CIRCLE('',#5369,4.00000005960464);
#889=CIRCLE('',#5370,1.75000000000001);
#890=CIRCLE('',#5372,1.);
#891=CIRCLE('',#5374,4.00000110268593);
#892=CIRCLE('',#5375,1.75000000000001);
#893=CIRCLE('',#5377,4.00000110268593);
#894=CIRCLE('',#5379,2.5);
#895=CIRCLE('',#5380,2.09999999999999);
#896=CIRCLE('',#5382,30.);
#897=CIRCLE('',#5383,29.);
#898=CIRCLE('',#5385,0.600000000000019);
#899=CIRCLE('',#5386,5.1);
#900=CIRCLE('',#5387,4.60000000000003);
#901=CIRCLE('',#5388,3.39999999999997);
#902=CIRCLE('',#5389,3.39999999999998);
#903=CIRCLE('',#5390,4.60000000000002);
#904=CIRCLE('',#5391,5.09999999999998);
#905=CIRCLE('',#5392,1.60000000000002);
#906=CIRCLE('',#5393,1.59999999999999);
#907=CIRCLE('',#5394,5.10000000000004);
#908=CIRCLE('',#5395,4.6);
#909=CIRCLE('',#5396,3.39999999999999);
#910=CIRCLE('',#5397,3.4);
#911=CIRCLE('',#5398,4.6);
#912=CIRCLE('',#5399,5.09999999999997);
#913=CIRCLE('',#5400,0.599999999999985);
#914=CIRCLE('',#5401,2.09999999999998);
#915=CIRCLE('',#5402,2.39999999999997);
#916=CIRCLE('',#5403,2.39999999999997);
#917=CIRCLE('',#5404,2.39999999999997);
#918=CIRCLE('',#5405,2.39999999999997);
#919=CIRCLE('',#5407,2.5);
#920=CIRCLE('',#5410,2.5);
#921=CIRCLE('',#5412,29.);
#922=CIRCLE('',#5414,2.5);
#923=CIRCLE('',#5416,1.);
#924=CIRCLE('',#5417,1.);
#925=CIRCLE('',#5418,1.99999999999999);
#926=CIRCLE('',#5419,1.99999999999999);
#927=CIRCLE('',#5420,1.99999999999999);
#928=CIRCLE('',#5421,1.99999999999999);
#929=CIRCLE('',#5424,1.75000000000001);
#930=CIRCLE('',#5426,5.);
#931=CIRCLE('',#5430,5.50000000000001);
#932=CIRCLE('',#5431,5.50000000000001);
#933=CIRCLE('',#5433,5.5);
#934=CIRCLE('',#5434,5.5);
#935=CIRCLE('',#5437,1.75000000000001);
#936=CIRCLE('',#5439,1.99999999999999);
#937=CIRCLE('',#5442,1.99999999999999);
#938=CIRCLE('',#5445,1.99999999999999);
#939=CIRCLE('',#5448,1.99999999999999);
#940=CIRCLE('',#5452,5.5);
#941=CIRCLE('',#5455,5.);
#942=CIRCLE('',#5457,3.);
#943=CIRCLE('',#5460,2.99999999999999);
#944=CIRCLE('',#5462,5.);
#945=CIRCLE('',#5469,5.);
#946=CIRCLE('',#5471,3.00000000000001);
#947=CIRCLE('',#5474,3.);
#948=CIRCLE('',#5476,5.);
#949=CIRCLE('',#5479,5.5);
#950=CIRCLE('',#5481,2.);
#951=CIRCLE('',#5484,2.);
#952=CIRCLE('',#5487,1.);
#953=CIRCLE('',#5490,1.);
#954=CIRCLE('',#5501,5.5);
#955=CIRCLE('',#5504,1.);
#956=CIRCLE('',#5505,2.00000000000001);
#957=CIRCLE('',#5506,2.);
#958=CIRCLE('',#5507,2.00000000000003);
#959=CIRCLE('',#5508,1.99999999999999);
#960=CIRCLE('',#5510,1.99999999999998);
#961=CIRCLE('',#5511,2.00000000000004);
#962=CIRCLE('',#5512,2.00000000000004);
#963=CIRCLE('',#5514,1.99999999999999);
#964=CIRCLE('',#5520,2.00000000000001);
#965=CIRCLE('',#5521,1.99999999999998);
#966=CIRCLE('',#5522,1.99999999999999);
#967=CIRCLE('',#5523,1.99999999999998);
#968=CIRCLE('',#5525,1.99999999999999);
#969=CIRCLE('',#5526,1.99999999999998);
#970=CIRCLE('',#5527,1.99999999999999);
#971=CIRCLE('',#5529,1.99999999999999);
#972=CIRCLE('',#5533,5.);
#973=CIRCLE('',#5536,5.);
#974=CIRCLE('',#5542,5.00000000000001);
#975=CIRCLE('',#5543,1.);
#976=CIRCLE('',#5544,1.);
#977=CIRCLE('',#5545,5.5);
#978=CIRCLE('',#5546,3.4);
#979=CIRCLE('',#5547,3.4);
#980=CIRCLE('',#5548,5.);
#981=CIRCLE('',#5549,1.);
#982=CIRCLE('',#5550,1.);
#983=CIRCLE('',#5551,3.4);
#984=CIRCLE('',#5552,3.4);
#985=CIRCLE('',#5553,5.);
#986=CIRCLE('',#5554,1.);
#987=CIRCLE('',#5568,4.00000005960464);
#988=CIRCLE('',#5582,3.4);
#989=CIRCLE('',#5583,3.39999999999998);
#990=CIRCLE('',#5584,3.4);
#991=CIRCLE('',#5585,3.40000000000003);
#992=CIRCLE('',#5589,3.4);
#993=CIRCLE('',#5590,3.4);
#994=CIRCLE('',#5591,3.4);
#995=CIRCLE('',#5592,3.4);
#996=CIRCLE('',#5607,2.5);
#997=CIRCLE('',#5608,2.09999999999999);
#998=CIRCLE('',#5610,30.);
#999=CIRCLE('',#5611,29.);
#1000=CIRCLE('',#5613,0.600000000000019);
#1001=CIRCLE('',#5614,5.1);
#1002=CIRCLE('',#5615,4.60000000000003);
#1003=CIRCLE('',#5616,3.39999999999997);
#1004=CIRCLE('',#5617,3.39999999999998);
#1005=CIRCLE('',#5618,4.60000000000002);
#1006=CIRCLE('',#5619,5.09999999999998);
#1007=CIRCLE('',#5620,1.60000000000002);
#1008=CIRCLE('',#5621,1.59999999999999);
#1009=CIRCLE('',#5622,5.10000000000004);
#1010=CIRCLE('',#5623,4.6);
#1011=CIRCLE('',#5624,3.39999999999999);
#1012=CIRCLE('',#5625,3.4);
#1013=CIRCLE('',#5626,4.6);
#1014=CIRCLE('',#5627,5.09999999999997);
#1015=CIRCLE('',#5628,0.599999999999985);
#1016=CIRCLE('',#5629,2.09999999999998);
#1017=CIRCLE('',#5630,2.39999999999997);
#1018=CIRCLE('',#5631,2.39999999999997);
#1019=CIRCLE('',#5632,2.39999999999997);
#1020=CIRCLE('',#5633,2.39999999999997);
#1021=CIRCLE('',#5635,2.5);
#1022=CIRCLE('',#5638,2.5);
#1023=CIRCLE('',#5640,29.);
#1024=CIRCLE('',#5642,2.5);
#1025=CIRCLE('',#5644,1.);
#1026=CIRCLE('',#5645,1.);
#1027=CIRCLE('',#5646,1.99999999999999);
#1028=CIRCLE('',#5647,1.99999999999999);
#1029=CIRCLE('',#5648,1.99999999999999);
#1030=CIRCLE('',#5649,1.99999999999999);
#1031=CIRCLE('',#5652,1.75000000000001);
#1032=CIRCLE('',#5654,5.);
#1033=CIRCLE('',#5660,5.50000000000001);
#1034=CIRCLE('',#5661,5.50000000000001);
#1035=CIRCLE('',#5663,5.5);
#1036=CIRCLE('',#5664,5.5);
#1037=CIRCLE('',#5667,1.75000000000001);
#1038=CIRCLE('',#5669,1.99999999999999);
#1039=CIRCLE('',#5672,1.99999999999999);
#1040=CIRCLE('',#5675,1.99999999999999);
#1041=CIRCLE('',#5678,1.99999999999999);
#1042=CIRCLE('',#5682,5.5);
#1043=CIRCLE('',#5685,5.);
#1044=CIRCLE('',#5687,3.);
#1045=CIRCLE('',#5690,2.99999999999999);
#1046=CIRCLE('',#5692,5.);
#1047=CIRCLE('',#5699,5.);
#1048=CIRCLE('',#5701,3.00000000000001);
#1049=CIRCLE('',#5704,3.);
#1050=CIRCLE('',#5706,5.);
#1051=CIRCLE('',#5709,5.5);
#1052=CIRCLE('',#5711,2.);
#1053=CIRCLE('',#5714,2.);
#1054=CIRCLE('',#5717,1.);
#1055=CIRCLE('',#5720,1.);
#1056=CIRCLE('',#5731,5.5);
#1057=CIRCLE('',#5734,1.);
#1058=CIRCLE('',#5735,2.00000000000001);
#1059=CIRCLE('',#5736,2.);
#1060=CIRCLE('',#5737,2.00000000000003);
#1061=CIRCLE('',#5738,1.99999999999999);
#1062=CIRCLE('',#5740,1.99999999999998);
#1063=CIRCLE('',#5741,2.00000000000004);
#1064=CIRCLE('',#5742,2.00000000000004);
#1065=CIRCLE('',#5744,1.99999999999999);
#1066=CIRCLE('',#5750,2.00000000000001);
#1067=CIRCLE('',#5751,1.99999999999998);
#1068=CIRCLE('',#5752,1.99999999999999);
#1069=CIRCLE('',#5753,1.99999999999998);
#1070=CIRCLE('',#5755,1.99999999999999);
#1071=CIRCLE('',#5756,1.99999999999998);
#1072=CIRCLE('',#5757,1.99999999999999);
#1073=CIRCLE('',#5759,1.99999999999999);
#1074=CIRCLE('',#5763,5.);
#1075=CIRCLE('',#5766,5.);
#1076=CIRCLE('',#5772,1.);
#1077=CIRCLE('',#5773,1.);
#1078=CIRCLE('',#5774,1.);
#1079=CIRCLE('',#5775,5.5);
#1080=CIRCLE('',#5776,3.4);
#1081=CIRCLE('',#5777,3.4);
#1082=CIRCLE('',#5778,5.);
#1083=CIRCLE('',#5779,1.);
#1084=CIRCLE('',#5780,1.);
#1085=CIRCLE('',#5781,3.4);
#1086=CIRCLE('',#5782,3.4);
#1087=CIRCLE('',#5783,5.);
#1088=CIRCLE('',#5784,1.);
#1089=CIRCLE('',#5785,1.);
#1090=CIRCLE('',#5786,5.00000000000001);
#1091=CIRCLE('',#5800,4.00000005960464);
#1092=CIRCLE('',#5801,4.00000005960464);
#1093=CIRCLE('',#5804,4.00000110268593);
#1094=CIRCLE('',#5806,4.00000110268593);
#1095=CIRCLE('',#5808,1.75000000000001);
#1096=CIRCLE('',#5811,1.);
#1097=CIRCLE('',#5813,1.75000000000001);
#1098=CIRCLE('',#5821,1.);
#1099=CIRCLE('',#5828,3.4);
#1100=CIRCLE('',#5829,3.39999999999998);
#1101=CIRCLE('',#5830,3.4);
#1102=CIRCLE('',#5831,3.40000000000003);
#1103=CIRCLE('',#5835,3.4);
#1104=CIRCLE('',#5836,3.4);
#1105=CIRCLE('',#5837,3.4);
#1106=CIRCLE('',#5838,3.4);
#1107=LINE('',#7263,#1509);
#1108=LINE('',#7266,#1510);
#1109=LINE('',#7269,#1511);
#1110=LINE('',#7271,#1512);
#1111=LINE('',#7273,#1513);
#1112=LINE('',#7275,#1514);
#1113=LINE('',#7277,#1515);
#1114=LINE('',#7279,#1516);
#1115=LINE('',#7281,#1517);
#1116=LINE('',#7282,#1518);
#1117=LINE('',#7288,#1519);
#1118=LINE('',#7302,#1520);
#1119=LINE('',#7305,#1521);
#1120=LINE('',#7307,#1522);
#1121=LINE('',#7309,#1523);
#1122=LINE('',#7311,#1524);
#1123=LINE('',#7313,#1525);
#1124=LINE('',#7315,#1526);
#1125=LINE('',#7317,#1527);
#1126=LINE('',#7318,#1528);
#1127=LINE('',#7335,#1529);
#1128=LINE('',#7338,#1530);
#1129=LINE('',#7340,#1531);
#1130=LINE('',#7341,#1532);
#1131=LINE('',#7360,#1533);
#1132=LINE('',#7364,#1534);
#1133=LINE('',#7366,#1535);
#1134=LINE('',#7367,#1536);
#1135=LINE('',#7383,#1537);
#1136=LINE('',#7414,#1538);
#1137=LINE('',#7418,#1539);
#1138=LINE('',#7422,#1540);
#1139=LINE('',#7428,#1541);
#1140=LINE('',#7434,#1542);
#1141=LINE('',#7438,#1543);
#1142=LINE('',#7442,#1544);
#1143=LINE('',#7446,#1545);
#1144=LINE('',#7450,#1546);
#1145=LINE('',#7456,#1547);
#1146=LINE('',#7462,#1548);
#1147=LINE('',#7466,#1549);
#1148=LINE('',#7470,#1550);
#1149=LINE('',#7482,#1551);
#1150=LINE('',#7486,#1552);
#1151=LINE('',#7487,#1553);
#1152=LINE('',#7490,#1554);
#1153=LINE('',#7493,#1555);
#1154=LINE('',#7497,#1556);
#1155=LINE('',#7501,#1557);
#1156=LINE('',#7504,#1558);
#1157=LINE('',#7508,#1559);
#1158=LINE('',#7510,#1560);
#1159=LINE('',#7512,#1561);
#1160=LINE('',#7515,#1562);
#1161=LINE('',#7526,#1563);
#1162=LINE('',#7527,#1564);
#1163=LINE('',#7530,#1565);
#1164=LINE('',#7532,#1566);
#1165=LINE('',#7533,#1567);
#1166=LINE('',#7540,#1568);
#1167=LINE('',#7545,#1569);
#1168=LINE('',#7547,#1570);
#1169=LINE('',#7549,#1571);
#1170=LINE('',#7551,#1572);
#1171=LINE('',#7553,#1573);
#1172=LINE('',#7554,#1574);
#1173=LINE('',#7558,#1575);
#1174=LINE('',#7564,#1576);
#1175=LINE('',#7568,#1577);
#1176=LINE('',#7572,#1578);
#1177=LINE('',#7574,#1579);
#1178=LINE('',#7576,#1580);
#1179=LINE('',#7578,#1581);
#1180=LINE('',#7579,#1582);
#1181=LINE('',#7582,#1583);
#1182=LINE('',#7584,#1584);
#1183=LINE('',#7585,#1585);
#1184=LINE('',#7590,#1586);
#1185=LINE('',#7593,#1587);
#1186=LINE('',#7596,#1588);
#1187=LINE('',#7599,#1589);
#1188=LINE('',#7602,#1590);
#1189=LINE('',#7605,#1591);
#1190=LINE('',#7608,#1592);
#1191=LINE('',#7611,#1593);
#1192=LINE('',#7615,#1594);
#1193=LINE('',#7616,#1595);
#1194=LINE('',#7623,#1596);
#1195=LINE('',#7627,#1597);
#1196=LINE('',#7628,#1598);
#1197=LINE('',#7631,#1599);
#1198=LINE('',#7635,#1600);
#1199=LINE('',#7639,#1601);
#1200=LINE('',#7640,#1602);
#1201=LINE('',#7643,#1603);
#1202=LINE('',#7647,#1604);
#1203=LINE('',#7650,#1605);
#1204=LINE('',#7651,#1606);
#1205=LINE('',#7658,#1607);
#1206=LINE('',#7664,#1608);
#1207=LINE('',#7667,#1609);
#1208=LINE('',#7668,#1610);
#1209=LINE('',#7671,#1611);
#1210=LINE('',#7675,#1612);
#1211=LINE('',#7679,#1613);
#1212=LINE('',#7680,#1614);
#1213=LINE('',#7683,#1615);
#1214=LINE('',#7687,#1616);
#1215=LINE('',#7691,#1617);
#1216=LINE('',#7692,#1618);
#1217=LINE('',#7703,#1619);
#1218=LINE('',#7706,#1620);
#1219=LINE('',#7707,#1621);
#1220=LINE('',#7710,#1622);
#1221=LINE('',#7715,#1623);
#1222=LINE('',#7717,#1624);
#1223=LINE('',#7723,#1625);
#1224=LINE('',#7726,#1626);
#1225=LINE('',#7728,#1627);
#1226=LINE('',#7730,#1628);
#1227=LINE('',#7731,#1629);
#1228=LINE('',#7734,#1630);
#1229=LINE('',#7746,#1631);
#1230=LINE('',#7753,#1632);
#1231=LINE('',#7754,#1633);
#1232=LINE('',#7757,#1634);
#1233=LINE('',#7764,#1635);
#1234=LINE('',#7776,#1636);
#1235=LINE('',#7778,#1637);
#1236=LINE('',#7780,#1638);
#1237=LINE('',#7781,#1639);
#1238=LINE('',#7784,#1640);
#1239=LINE('',#7788,#1641);
#1240=LINE('',#7789,#1642);
#1241=LINE('',#7893,#1643);
#1242=LINE('',#7966,#1644);
#1243=LINE('',#7967,#1645);
#1244=LINE('',#8008,#1646);
#1245=LINE('',#8022,#1647);
#1246=LINE('',#8031,#1648);
#1247=LINE('',#8032,#1649);
#1248=LINE('',#8033,#1650);
#1249=LINE('',#8035,#1651);
#1250=LINE('',#8037,#1652);
#1251=LINE('',#8183,#1653);
#1252=LINE('',#8231,#1654);
#1253=LINE('',#8247,#1655);
#1254=LINE('',#8250,#1656);
#1255=LINE('',#8304,#1657);
#1256=LINE('',#8363,#1658);
#1257=LINE('',#8418,#1659);
#1258=LINE('',#8469,#1660);
#1259=LINE('',#8470,#1661);
#1260=LINE('',#8472,#1662);
#1261=LINE('',#8478,#1663);
#1262=LINE('',#8480,#1664);
#1263=LINE('',#8481,#1665);
#1264=LINE('',#8483,#1666);
#1265=LINE('',#8488,#1667);
#1266=LINE('',#8491,#1668);
#1267=LINE('',#8495,#1669);
#1268=LINE('',#8502,#1670);
#1269=LINE('',#8507,#1671);
#1270=LINE('',#8513,#1672);
#1271=LINE('',#8517,#1673);
#1272=LINE('',#8520,#1674);
#1273=LINE('',#8522,#1675);
#1274=LINE('',#8524,#1676);
#1275=LINE('',#8526,#1677);
#1276=LINE('',#8527,#1678);
#1277=LINE('',#8530,#1679);
#1278=LINE('',#8531,#1680);
#1279=LINE('',#8534,#1681);
#1280=LINE('',#8536,#1682);
#1281=LINE('',#8537,#1683);
#1282=LINE('',#8539,#1684);
#1283=LINE('',#8540,#1685);
#1284=LINE('',#8542,#1686);
#1285=LINE('',#8544,#1687);
#1286=LINE('',#8549,#1688);
#1287=LINE('',#8553,#1689);
#1288=LINE('',#8554,#1690);
#1289=LINE('',#8560,#1691);
#1290=LINE('',#8562,#1692);
#1291=LINE('',#8564,#1693);
#1292=LINE('',#8566,#1694);
#1293=LINE('',#8569,#1695);
#1294=LINE('',#8570,#1696);
#1295=LINE('',#8572,#1697);
#1296=LINE('',#8574,#1698);
#1297=LINE('',#8708,#1699);
#1298=LINE('',#8710,#1700);
#1299=LINE('',#8711,#1701);
#1300=LINE('',#8842,#1702);
#1301=LINE('',#8844,#1703);
#1302=LINE('',#8845,#1704);
#1303=LINE('',#8848,#1705);
#1304=LINE('',#8851,#1706);
#1305=LINE('',#8853,#1707);
#1306=LINE('',#8855,#1708);
#1307=LINE('',#8857,#1709);
#1308=LINE('',#8872,#1710);
#1309=LINE('',#8903,#1711);
#1310=LINE('',#8907,#1712);
#1311=LINE('',#8911,#1713);
#1312=LINE('',#8917,#1714);
#1313=LINE('',#8923,#1715);
#1314=LINE('',#8927,#1716);
#1315=LINE('',#8931,#1717);
#1316=LINE('',#8935,#1718);
#1317=LINE('',#8939,#1719);
#1318=LINE('',#8945,#1720);
#1319=LINE('',#8951,#1721);
#1320=LINE('',#8955,#1722);
#1321=LINE('',#8959,#1723);
#1322=LINE('',#8971,#1724);
#1323=LINE('',#8975,#1725);
#1324=LINE('',#8976,#1726);
#1325=LINE('',#8979,#1727);
#1326=LINE('',#8982,#1728);
#1327=LINE('',#8986,#1729);
#1328=LINE('',#8990,#1730);
#1329=LINE('',#8993,#1731);
#1330=LINE('',#8997,#1732);
#1331=LINE('',#8999,#1733);
#1332=LINE('',#9001,#1734);
#1333=LINE('',#9004,#1735);
#1334=LINE('',#9015,#1736);
#1335=LINE('',#9016,#1737);
#1336=LINE('',#9019,#1738);
#1337=LINE('',#9021,#1739);
#1338=LINE('',#9022,#1740);
#1339=LINE('',#9030,#1741);
#1340=LINE('',#9033,#1742);
#1341=LINE('',#9036,#1743);
#1342=LINE('',#9038,#1744);
#1343=LINE('',#9040,#1745);
#1344=LINE('',#9042,#1746);
#1345=LINE('',#9044,#1747);
#1346=LINE('',#9046,#1748);
#1347=LINE('',#9048,#1749);
#1348=LINE('',#9049,#1750);
#1349=LINE('',#9053,#1751);
#1350=LINE('',#9055,#1752);
#1351=LINE('',#9057,#1753);
#1352=LINE('',#9059,#1754);
#1353=LINE('',#9061,#1755);
#1354=LINE('',#9062,#1756);
#1355=LINE('',#9066,#1757);
#1356=LINE('',#9068,#1758);
#1357=LINE('',#9070,#1759);
#1358=LINE('',#9072,#1760);
#1359=LINE('',#9074,#1761);
#1360=LINE('',#9076,#1762);
#1361=LINE('',#9078,#1763);
#1362=LINE('',#9080,#1764);
#1363=LINE('',#9081,#1765);
#1364=LINE('',#9085,#1766);
#1365=LINE('',#9091,#1767);
#1366=LINE('',#9095,#1768);
#1367=LINE('',#9099,#1769);
#1368=LINE('',#9101,#1770);
#1369=LINE('',#9103,#1771);
#1370=LINE('',#9105,#1772);
#1371=LINE('',#9106,#1773);
#1372=LINE('',#9109,#1774);
#1373=LINE('',#9111,#1775);
#1374=LINE('',#9112,#1776);
#1375=LINE('',#9117,#1777);
#1376=LINE('',#9120,#1778);
#1377=LINE('',#9123,#1779);
#1378=LINE('',#9126,#1780);
#1379=LINE('',#9129,#1781);
#1380=LINE('',#9132,#1782);
#1381=LINE('',#9135,#1783);
#1382=LINE('',#9138,#1784);
#1383=LINE('',#9142,#1785);
#1384=LINE('',#9143,#1786);
#1385=LINE('',#9150,#1787);
#1386=LINE('',#9154,#1788);
#1387=LINE('',#9155,#1789);
#1388=LINE('',#9158,#1790);
#1389=LINE('',#9162,#1791);
#1390=LINE('',#9166,#1792);
#1391=LINE('',#9167,#1793);
#1392=LINE('',#9170,#1794);
#1393=LINE('',#9174,#1795);
#1394=LINE('',#9177,#1796);
#1395=LINE('',#9178,#1797);
#1396=LINE('',#9185,#1798);
#1397=LINE('',#9191,#1799);
#1398=LINE('',#9194,#1800);
#1399=LINE('',#9195,#1801);
#1400=LINE('',#9198,#1802);
#1401=LINE('',#9202,#1803);
#1402=LINE('',#9206,#1804);
#1403=LINE('',#9207,#1805);
#1404=LINE('',#9210,#1806);
#1405=LINE('',#9214,#1807);
#1406=LINE('',#9218,#1808);
#1407=LINE('',#9219,#1809);
#1408=LINE('',#9230,#1810);
#1409=LINE('',#9233,#1811);
#1410=LINE('',#9234,#1812);
#1411=LINE('',#9237,#1813);
#1412=LINE('',#9242,#1814);
#1413=LINE('',#9244,#1815);
#1414=LINE('',#9250,#1816);
#1415=LINE('',#9253,#1817);
#1416=LINE('',#9255,#1818);
#1417=LINE('',#9257,#1819);
#1418=LINE('',#9258,#1820);
#1419=LINE('',#9261,#1821);
#1420=LINE('',#9273,#1822);
#1421=LINE('',#9280,#1823);
#1422=LINE('',#9281,#1824);
#1423=LINE('',#9284,#1825);
#1424=LINE('',#9291,#1826);
#1425=LINE('',#9303,#1827);
#1426=LINE('',#9305,#1828);
#1427=LINE('',#9307,#1829);
#1428=LINE('',#9308,#1830);
#1429=LINE('',#9311,#1831);
#1430=LINE('',#9315,#1832);
#1431=LINE('',#9316,#1833);
#1432=LINE('',#9420,#1834);
#1433=LINE('',#9493,#1835);
#1434=LINE('',#9494,#1836);
#1435=LINE('',#9535,#1837);
#1436=LINE('',#9549,#1838);
#1437=LINE('',#9558,#1839);
#1438=LINE('',#9559,#1840);
#1439=LINE('',#9560,#1841);
#1440=LINE('',#9562,#1842);
#1441=LINE('',#9564,#1843);
#1442=LINE('',#9710,#1844);
#1443=LINE('',#9758,#1845);
#1444=LINE('',#9774,#1846);
#1445=LINE('',#9777,#1847);
#1446=LINE('',#9831,#1848);
#1447=LINE('',#9890,#1849);
#1448=LINE('',#9945,#1850);
#1449=LINE('',#9996,#1851);
#1450=LINE('',#9997,#1852);
#1451=LINE('',#9999,#1853);
#1452=LINE('',#10005,#1854);
#1453=LINE('',#10007,#1855);
#1454=LINE('',#10012,#1856);
#1455=LINE('',#10015,#1857);
#1456=LINE('',#10019,#1858);
#1457=LINE('',#10026,#1859);
#1458=LINE('',#10031,#1860);
#1459=LINE('',#10038,#1861);
#1460=LINE('',#10040,#1862);
#1461=LINE('',#10045,#1863);
#1462=LINE('',#10047,#1864);
#1463=LINE('',#10048,#1865);
#1464=LINE('',#10052,#1866);
#1465=LINE('',#10055,#1867);
#1466=LINE('',#10057,#1868);
#1467=LINE('',#10059,#1869);
#1468=LINE('',#10061,#1870);
#1469=LINE('',#10062,#1871);
#1470=LINE('',#10065,#1872);
#1471=LINE('',#10066,#1873);
#1472=LINE('',#10069,#1874);
#1473=LINE('',#10071,#1875);
#1474=LINE('',#10072,#1876);
#1475=LINE('',#10074,#1877);
#1476=LINE('',#10075,#1878);
#1477=LINE('',#10077,#1879);
#1478=LINE('',#10079,#1880);
#1479=LINE('',#10084,#1881);
#1480=LINE('',#10088,#1882);
#1481=LINE('',#10089,#1883);
#1482=LINE('',#10151,#1884);
#1483=LINE('',#10153,#1885);
#1484=LINE('',#10155,#1886);
#1485=LINE('',#10156,#1887);
#1486=LINE('',#10164,#1888);
#1487=LINE('',#10165,#1889);
#1488=LINE('',#10167,#1890);
#1489=LINE('',#10168,#1891);
#1490=LINE('',#10173,#1892);
#1491=LINE('',#10175,#1893);
#1492=LINE('',#10177,#1894);
#1493=LINE('',#10179,#1895);
#1494=LINE('',#10182,#1896);
#1495=LINE('',#10183,#1897);
#1496=LINE('',#10187,#1898);
#1497=LINE('',#10189,#1899);
#1498=LINE('',#10323,#1900);
#1499=LINE('',#10325,#1901);
#1500=LINE('',#10326,#1902);
#1501=LINE('',#10457,#1903);
#1502=LINE('',#10459,#1904);
#1503=LINE('',#10460,#1905);
#1504=LINE('',#10463,#1906);
#1505=LINE('',#10466,#1907);
#1506=LINE('',#10468,#1908);
#1507=LINE('',#10470,#1909);
#1508=LINE('',#10472,#1910);
#1509=VECTOR('',#5859,10.);
#1510=VECTOR('',#5862,10.);
#1511=VECTOR('',#5865,10.);
#1512=VECTOR('',#5866,10.);
#1513=VECTOR('',#5867,10.);
#1514=VECTOR('',#5868,10.);
#1515=VECTOR('',#5869,10.);
#1516=VECTOR('',#5870,10.);
#1517=VECTOR('',#5871,10.);
#1518=VECTOR('',#5872,10.);
#1519=VECTOR('',#5877,10.);
#1520=VECTOR('',#5878,10.);
#1521=VECTOR('',#5881,10.);
#1522=VECTOR('',#5882,10.);
#1523=VECTOR('',#5883,10.);
#1524=VECTOR('',#5884,10.);
#1525=VECTOR('',#5885,10.);
#1526=VECTOR('',#5886,10.);
#1527=VECTOR('',#5887,10.);
#1528=VECTOR('',#5888,10.);
#1529=VECTOR('',#5893,10.);
#1530=VECTOR('',#5896,10.);
#1531=VECTOR('',#5897,10.);
#1532=VECTOR('',#5898,10.);
#1533=VECTOR('',#5905,10.);
#1534=VECTOR('',#5910,10.);
#1535=VECTOR('',#5911,10.);
#1536=VECTOR('',#5912,10.);
#1537=VECTOR('',#5925,10.);
#1538=VECTOR('',#5936,10.);
#1539=VECTOR('',#5939,10.);
#1540=VECTOR('',#5942,10.);
#1541=VECTOR('',#5947,10.);
#1542=VECTOR('',#5952,10.);
#1543=VECTOR('',#5955,10.);
#1544=VECTOR('',#5958,10.);
#1545=VECTOR('',#5961,10.);
#1546=VECTOR('',#5964,10.);
#1547=VECTOR('',#5969,10.);
#1548=VECTOR('',#5974,10.);
#1549=VECTOR('',#5977,10.);
#1550=VECTOR('',#5980,10.);
#1551=VECTOR('',#5993,10.);
#1552=VECTOR('',#5998,10.);
#1553=VECTOR('',#5999,10.);
#1554=VECTOR('',#6002,2.5);
#1555=VECTOR('',#6005,2.5);
#1556=VECTOR('',#6010,2.5);
#1557=VECTOR('',#6015,2.5);
#1558=VECTOR('',#6018,10.);
#1559=VECTOR('',#6021,10.);
#1560=VECTOR('',#6022,10.);
#1561=VECTOR('',#6023,10.);
#1562=VECTOR('',#6026,10.);
#1563=VECTOR('',#6037,10.);
#1564=VECTOR('',#6038,10.);
#1565=VECTOR('',#6041,10.);
#1566=VECTOR('',#6042,10.);
#1567=VECTOR('',#6043,10.);
#1568=VECTOR('',#6050,5.);
#1569=VECTOR('',#6055,10.);
#1570=VECTOR('',#6056,10.);
#1571=VECTOR('',#6057,10.);
#1572=VECTOR('',#6058,10.);
#1573=VECTOR('',#6059,10.);
#1574=VECTOR('',#6060,10.);
#1575=VECTOR('',#6063,5.5);
#1576=VECTOR('',#6070,10.);
#1577=VECTOR('',#6073,5.5);
#1578=VECTOR('',#6078,10.);
#1579=VECTOR('',#6079,10.);
#1580=VECTOR('',#6080,10.);
#1581=VECTOR('',#6081,10.);
#1582=VECTOR('',#6082,10.);
#1583=VECTOR('',#6085,10.);
#1584=VECTOR('',#6086,10.);
#1585=VECTOR('',#6087,10.);
#1586=VECTOR('',#6092,2.19999999999997);
#1587=VECTOR('',#6097,1.99999999999999);
#1588=VECTOR('',#6100,2.19999999999997);
#1589=VECTOR('',#6105,1.99999999999999);
#1590=VECTOR('',#6108,2.19999999999997);
#1591=VECTOR('',#6113,1.99999999999999);
#1592=VECTOR('',#6116,2.19999999999997);
#1593=VECTOR('',#6121,1.99999999999999);
#1594=VECTOR('',#6124,10.);
#1595=VECTOR('',#6125,10.);
#1596=VECTOR('',#6128,10.);
#1597=VECTOR('',#6133,10.);
#1598=VECTOR('',#6134,10.);
#1599=VECTOR('',#6137,10.);
#1600=VECTOR('',#6142,10.);
#1601=VECTOR('',#6147,10.);
#1602=VECTOR('',#6148,10.);
#1603=VECTOR('',#6151,10.);
#1604=VECTOR('',#6156,10.);
#1605=VECTOR('',#6161,10.);
#1606=VECTOR('',#6162,10.);
#1607=VECTOR('',#6167,10.);
#1608=VECTOR('',#6170,10.);
#1609=VECTOR('',#6173,10.);
#1610=VECTOR('',#6174,10.);
#1611=VECTOR('',#6177,10.);
#1612=VECTOR('',#6182,10.);
#1613=VECTOR('',#6187,10.);
#1614=VECTOR('',#6188,10.);
#1615=VECTOR('',#6191,10.);
#1616=VECTOR('',#6196,10.);
#1617=VECTOR('',#6201,10.);
#1618=VECTOR('',#6202,10.);
#1619=VECTOR('',#6211,10.);
#1620=VECTOR('',#6214,10.);
#1621=VECTOR('',#6215,10.);
#1622=VECTOR('',#6220,10.);
#1623=VECTOR('',#6227,10.);
#1624=VECTOR('',#6230,10.);
#1625=VECTOR('',#6239,10.);
#1626=VECTOR('',#6242,10.);
#1627=VECTOR('',#6243,10.);
#1628=VECTOR('',#6244,10.);
#1629=VECTOR('',#6245,10.);
#1630=VECTOR('',#6248,10.);
#1631=VECTOR('',#6251,3.);
#1632=VECTOR('',#6254,3.);
#1633=VECTOR('',#6255,10.);
#1634=VECTOR('',#6258,10.);
#1635=VECTOR('',#6261,10.);
#1636=VECTOR('',#6264,5.5);
#1637=VECTOR('',#6265,10.);
#1638=VECTOR('',#6266,10.);
#1639=VECTOR('',#6267,10.);
#1640=VECTOR('',#6270,10.);
#1641=VECTOR('',#6275,10.);
#1642=VECTOR('',#6276,10.);
#1643=VECTOR('',#6291,10.);
#1644=VECTOR('',#6300,10.);
#1645=VECTOR('',#6301,10.);
#1646=VECTOR('',#6306,10.);
#1647=VECTOR('',#6309,10.);
#1648=VECTOR('',#6312,10.);
#1649=VECTOR('',#6313,10.);
#1650=VECTOR('',#6314,10.);
#1651=VECTOR('',#6317,10.);
#1652=VECTOR('',#6320,3.);
#1653=VECTOR('',#6339,10.);
#1654=VECTOR('',#6346,10.);
#1655=VECTOR('',#6349,10.);
#1656=VECTOR('',#6352,10.);
#1657=VECTOR('',#6355,10.);
#1658=VECTOR('',#6358,10.);
#1659=VECTOR('',#6363,10.);
#1660=VECTOR('',#6366,10.);
#1661=VECTOR('',#6367,10.);
#1662=VECTOR('',#6370,3.);
#1663=VECTOR('',#6377,10.);
#1664=VECTOR('',#6378,10.);
#1665=VECTOR('',#6379,10.);
#1666=VECTOR('',#6380,10.);
#1667=VECTOR('',#6385,10.);
#1668=VECTOR('',#6388,10.);
#1669=VECTOR('',#6391,10.);
#1670=VECTOR('',#6398,10.);
#1671=VECTOR('',#6403,10.);
#1672=VECTOR('',#6410,10.);
#1673=VECTOR('',#6415,5.);
#1674=VECTOR('',#6418,10.);
#1675=VECTOR('',#6419,10.);
#1676=VECTOR('',#6420,10.);
#1677=VECTOR('',#6421,10.);
#1678=VECTOR('',#6422,10.);
#1679=VECTOR('',#6425,10.);
#1680=VECTOR('',#6426,10.);
#1681=VECTOR('',#6429,10.);
#1682=VECTOR('',#6430,10.);
#1683=VECTOR('',#6431,10.);
#1684=VECTOR('',#6432,10.);
#1685=VECTOR('',#6433,10.);
#1686=VECTOR('',#6436,5.5);
#1687=VECTOR('',#6439,10.);
#1688=VECTOR('',#6446,10.);
#1689=VECTOR('',#6451,10.);
#1690=VECTOR('',#6452,10.);
#1691=VECTOR('',#6463,1.75000000000001);
#1692=VECTOR('',#6466,1.75000000000001);
#1693=VECTOR('',#6469,10.);
#1694=VECTOR('',#6472,10.);
#1695=VECTOR('',#6475,10.);
#1696=VECTOR('',#6476,10.);
#1697=VECTOR('',#6479,10.);
#1698=VECTOR('',#6482,10.);
#1699=VECTOR('',#6501,10.);
#1700=VECTOR('',#6504,10.);
#1701=VECTOR('',#6505,3.4);
#1702=VECTOR('',#6518,10.);
#1703=VECTOR('',#6521,10.);
#1704=VECTOR('',#6522,3.4);
#1705=VECTOR('',#6527,10.);
#1706=VECTOR('',#6532,10.);
#1707=VECTOR('',#6535,10.);
#1708=VECTOR('',#6538,3.4);
#1709=VECTOR('',#6541,3.4);
#1710=VECTOR('',#6554,10.);
#1711=VECTOR('',#6565,10.);
#1712=VECTOR('',#6568,10.);
#1713=VECTOR('',#6571,10.);
#1714=VECTOR('',#6576,10.);
#1715=VECTOR('',#6581,10.);
#1716=VECTOR('',#6584,10.);
#1717=VECTOR('',#6587,10.);
#1718=VECTOR('',#6590,10.);
#1719=VECTOR('',#6593,10.);
#1720=VECTOR('',#6598,10.);
#1721=VECTOR('',#6603,10.);
#1722=VECTOR('',#6606,10.);
#1723=VECTOR('',#6609,10.);
#1724=VECTOR('',#6622,10.);
#1725=VECTOR('',#6627,10.);
#1726=VECTOR('',#6628,10.);
#1727=VECTOR('',#6631,2.5);
#1728=VECTOR('',#6634,2.5);
#1729=VECTOR('',#6639,2.5);
#1730=VECTOR('',#6644,2.5);
#1731=VECTOR('',#6647,10.);
#1732=VECTOR('',#6650,10.);
#1733=VECTOR('',#6651,10.);
#1734=VECTOR('',#6652,10.);
#1735=VECTOR('',#6655,10.);
#1736=VECTOR('',#6666,10.);
#1737=VECTOR('',#6667,10.);
#1738=VECTOR('',#6670,10.);
#1739=VECTOR('',#6671,10.);
#1740=VECTOR('',#6672,10.);
#1741=VECTOR('',#6679,5.);
#1742=VECTOR('',#6682,10.);
#1743=VECTOR('',#6685,10.);
#1744=VECTOR('',#6686,10.);
#1745=VECTOR('',#6687,10.);
#1746=VECTOR('',#6688,10.);
#1747=VECTOR('',#6689,10.);
#1748=VECTOR('',#6690,10.);
#1749=VECTOR('',#6691,10.);
#1750=VECTOR('',#6692,10.);
#1751=VECTOR('',#6695,10.);
#1752=VECTOR('',#6696,10.);
#1753=VECTOR('',#6697,10.);
#1754=VECTOR('',#6698,10.);
#1755=VECTOR('',#6699,10.);
#1756=VECTOR('',#6700,10.);
#1757=VECTOR('',#6703,10.);
#1758=VECTOR('',#6704,10.);
#1759=VECTOR('',#6705,10.);
#1760=VECTOR('',#6706,10.);
#1761=VECTOR('',#6707,10.);
#1762=VECTOR('',#6708,10.);
#1763=VECTOR('',#6709,10.);
#1764=VECTOR('',#6710,10.);
#1765=VECTOR('',#6711,10.);
#1766=VECTOR('',#6714,5.5);
#1767=VECTOR('',#6721,10.);
#1768=VECTOR('',#6724,5.5);
#1769=VECTOR('',#6729,10.);
#1770=VECTOR('',#6730,10.);
#1771=VECTOR('',#6731,10.);
#1772=VECTOR('',#6732,10.);
#1773=VECTOR('',#6733,10.);
#1774=VECTOR('',#6736,10.);
#1775=VECTOR('',#6737,10.);
#1776=VECTOR('',#6738,10.);
#1777=VECTOR('',#6743,2.19999999999997);
#1778=VECTOR('',#6748,1.99999999999999);
#1779=VECTOR('',#6751,2.19999999999997);
#1780=VECTOR('',#6756,1.99999999999999);
#1781=VECTOR('',#6759,2.19999999999997);
#1782=VECTOR('',#6764,1.99999999999999);
#1783=VECTOR('',#6767,2.19999999999997);
#1784=VECTOR('',#6772,1.99999999999999);
#1785=VECTOR('',#6775,10.);
#1786=VECTOR('',#6776,10.);
#1787=VECTOR('',#6779,10.);
#1788=VECTOR('',#6784,10.);
#1789=VECTOR('',#6785,10.);
#1790=VECTOR('',#6788,10.);
#1791=VECTOR('',#6793,10.);
#1792=VECTOR('',#6798,10.);
#1793=VECTOR('',#6799,10.);
#1794=VECTOR('',#6802,10.);
#1795=VECTOR('',#6807,10.);
#1796=VECTOR('',#6812,10.);
#1797=VECTOR('',#6813,10.);
#1798=VECTOR('',#6818,10.);
#1799=VECTOR('',#6821,10.);
#1800=VECTOR('',#6824,10.);
#1801=VECTOR('',#6825,10.);
#1802=VECTOR('',#6828,10.);
#1803=VECTOR('',#6833,10.);
#1804=VECTOR('',#6838,10.);
#1805=VECTOR('',#6839,10.);
#1806=VECTOR('',#6842,10.);
#1807=VECTOR('',#6847,10.);
#1808=VECTOR('',#6852,10.);
#1809=VECTOR('',#6853,10.);
#1810=VECTOR('',#6862,10.);
#1811=VECTOR('',#6865,10.);
#1812=VECTOR('',#6866,10.);
#1813=VECTOR('',#6871,10.);
#1814=VECTOR('',#6878,10.);
#1815=VECTOR('',#6881,10.);
#1816=VECTOR('',#6890,10.);
#1817=VECTOR('',#6893,10.);
#1818=VECTOR('',#6894,10.);
#1819=VECTOR('',#6895,10.);
#1820=VECTOR('',#6896,10.);
#1821=VECTOR('',#6899,10.);
#1822=VECTOR('',#6902,3.);
#1823=VECTOR('',#6905,3.);
#1824=VECTOR('',#6906,10.);
#1825=VECTOR('',#6909,10.);
#1826=VECTOR('',#6912,10.);
#1827=VECTOR('',#6915,5.5);
#1828=VECTOR('',#6916,10.);
#1829=VECTOR('',#6917,10.);
#1830=VECTOR('',#6918,10.);
#1831=VECTOR('',#6921,10.);
#1832=VECTOR('',#6926,10.);
#1833=VECTOR('',#6927,10.);
#1834=VECTOR('',#6942,10.);
#1835=VECTOR('',#6951,10.);
#1836=VECTOR('',#6952,10.);
#1837=VECTOR('',#6957,10.);
#1838=VECTOR('',#6960,10.);
#1839=VECTOR('',#6963,10.);
#1840=VECTOR('',#6964,10.);
#1841=VECTOR('',#6965,10.);
#1842=VECTOR('',#6968,10.);
#1843=VECTOR('',#6971,3.);
#1844=VECTOR('',#6990,10.);
#1845=VECTOR('',#6997,10.);
#1846=VECTOR('',#7000,10.);
#1847=VECTOR('',#7003,10.);
#1848=VECTOR('',#7006,10.);
#1849=VECTOR('',#7009,10.);
#1850=VECTOR('',#7014,10.);
#1851=VECTOR('',#7017,10.);
#1852=VECTOR('',#7018,10.);
#1853=VECTOR('',#7021,3.);
#1854=VECTOR('',#7028,10.);
#1855=VECTOR('',#7029,10.);
#1856=VECTOR('',#7034,10.);
#1857=VECTOR('',#7037,10.);
#1858=VECTOR('',#7040,10.);
#1859=VECTOR('',#7047,10.);
#1860=VECTOR('',#7052,10.);
#1861=VECTOR('',#7059,10.);
#1862=VECTOR('',#7060,10.);
#1863=VECTOR('',#7065,10.);
#1864=VECTOR('',#7066,10.);
#1865=VECTOR('',#7067,10.);
#1866=VECTOR('',#7072,5.);
#1867=VECTOR('',#7075,10.);
#1868=VECTOR('',#7076,10.);
#1869=VECTOR('',#7077,10.);
#1870=VECTOR('',#7078,10.);
#1871=VECTOR('',#7079,10.);
#1872=VECTOR('',#7082,10.);
#1873=VECTOR('',#7083,10.);
#1874=VECTOR('',#7086,10.);
#1875=VECTOR('',#7087,10.);
#1876=VECTOR('',#7088,10.);
#1877=VECTOR('',#7089,10.);
#1878=VECTOR('',#7090,10.);
#1879=VECTOR('',#7093,5.5);
#1880=VECTOR('',#7096,10.);
#1881=VECTOR('',#7103,10.);
#1882=VECTOR('',#7108,10.);
#1883=VECTOR('',#7109,10.);
#1884=VECTOR('',#7128,10.);
#1885=VECTOR('',#7129,10.);
#1886=VECTOR('',#7130,10.);
#1887=VECTOR('',#7131,10.);
#1888=VECTOR('',#7142,10.);
#1889=VECTOR('',#7143,10.);
#1890=VECTOR('',#7144,10.);
#1891=VECTOR('',#7145,10.);
#1892=VECTOR('',#7152,1.75000000000001);
#1893=VECTOR('',#7155,1.75000000000001);
#1894=VECTOR('',#7158,10.);
#1895=VECTOR('',#7161,10.);
#1896=VECTOR('',#7164,10.);
#1897=VECTOR('',#7165,10.);
#1898=VECTOR('',#7172,10.);
#1899=VECTOR('',#7175,10.);
#1900=VECTOR('',#7194,10.);
#1901=VECTOR('',#7197,10.);
#1902=VECTOR('',#7198,3.4);
#1903=VECTOR('',#7211,10.);
#1904=VECTOR('',#7214,10.);
#1905=VECTOR('',#7215,3.4);
#1906=VECTOR('',#7220,10.);
#1907=VECTOR('',#7225,10.);
#1908=VECTOR('',#7228,10.);
#1909=VECTOR('',#7231,3.4);
#1910=VECTOR('',#7234,3.4);
#1911=B_SPLINE_CURVE_WITH_KNOTS('',3,(#7250,#7251,#7252,#7253,#7254,#7255,
#7256,#7257,#7258,#7259,#7260,#7261),.UNSPECIFIED.,.F.,.F.,(4,2,2,2,2,4),
(-0.172708419198454,-0.127802832027035,-0.0828972448556152,-0.0414486224278077,
-0.0207243112139038,0.),.UNSPECIFIED.);
#1912=B_SPLINE_CURVE_WITH_KNOTS('',3,(#7290,#7291,#7292,#7293,#7294,#7295,
#7296,#7297,#7298,#7299,#7300,#7301),.UNSPECIFIED.,.F.,.F.,(4,2,2,2,2,4),
(-0.172536918142945,-0.124853013403978,-0.0771691086650119,-0.038584554332506,
-0.019292277166253,0.),.UNSPECIFIED.);
#1913=B_SPLINE_CURVE_WITH_KNOTS('',3,(#7323,#7324,#7325,#7326,#7327,#7328,
#7329,#7330,#7331,#7332,#7333,#7334),.UNSPECIFIED.,.F.,.F.,(4,2,2,2,2,4),
(0.,0.0207243112139037,0.0414486224278074,0.0828972448556147,0.127802832027035,
0.172708419198455),.UNSPECIFIED.);
#1914=B_SPLINE_CURVE_WITH_KNOTS('',3,(#7347,#7348,#7349,#7350,#7351,#7352,
#7353,#7354,#7355,#7356,#7357,#7358),.UNSPECIFIED.,.F.,.F.,(4,2,2,2,2,4),
(0.,0.0192922771662535,0.038584554332507,0.0771691086650139,0.124853013403977,
0.172536918142941),.UNSPECIFIED.);
#1915=B_SPLINE_CURVE_WITH_KNOTS('',3,(#7376,#7377,#7378,#7379),
 .UNSPECIFIED.,.F.,.F.,(4,4),(2.10429914512463,2.16417986364654),
 .UNSPECIFIED.);
#1916=B_SPLINE_CURVE_WITH_KNOTS('',3,(#7389,#7390,#7391,#7392),
 .UNSPECIFIED.,.F.,.F.,(4,4),(1.46507283734247,1.52495355586442),
 .UNSPECIFIED.);
#1917=B_SPLINE_CURVE_WITH_KNOTS('',3,(#7394,#7395,#7396,#7397,#7398,#7399,
#7400,#7401),.UNSPECIFIED.,.F.,.F.,(4,2,2,4),(0.43567727444156,0.523630674650015,
0.611584074858469,0.612613656972104),.UNSPECIFIED.);
#1918=B_SPLINE_CURVE_WITH_KNOTS('',3,(#7404,#7405,#7406,#7407,#7408,#7409,
#7410,#7411),.UNSPECIFIED.,.F.,.F.,(4,2,2,4),(1.22138143900337,1.22241102111703,
1.31036442132549,1.39831782153394),.UNSPECIFIED.);
#1919=B_SPLINE_CURVE_WITH_KNOTS('',3,(#7617,#7618,#7619,#7620),
 .UNSPECIFIED.,.F.,.F.,(4,4),(-0.0588249987436864,0.),.UNSPECIFIED.);
#1920=B_SPLINE_CURVE_WITH_KNOTS('',3,(#7653,#7654,#7655,#7656),
 .UNSPECIFIED.,.F.,.F.,(4,4),(-0.0607464023268882,0.),.UNSPECIFIED.);
#1921=B_SPLINE_CURVE_WITH_KNOTS('',3,(#7659,#7660,#7661,#7662),
 .UNSPECIFIED.,.F.,.F.,(4,4),(-0.0607464023214469,0.),.UNSPECIFIED.);
#1922=B_SPLINE_CURVE_WITH_KNOTS('',3,(#7696,#7697,#7698,#7699),
 .UNSPECIFIED.,.F.,.F.,(4,4),(-0.058824998738059,0.),.UNSPECIFIED.);
#1923=B_SPLINE_CURVE_WITH_KNOTS('',3,(#7736,#7737,#7738,#7739),
 .UNSPECIFIED.,.F.,.F.,(4,4),(-0.431261235161403,0.),.UNSPECIFIED.);
#1924=B_SPLINE_CURVE_WITH_KNOTS('',3,(#7740,#7741,#7742,#7743),
 .UNSPECIFIED.,.F.,.F.,(4,4),(-0.1677079868062,-3.43137361587832E-15),
 .UNSPECIFIED.);
#1925=B_SPLINE_CURVE_WITH_KNOTS('',3,(#7747,#7748,#7749,#7750),
 .UNSPECIFIED.,.F.,.F.,(4,4),(2.67221082887752E-15,0.0824210797893916),
 .UNSPECIFIED.);
#1926=B_SPLINE_CURVE_WITH_KNOTS('',3,(#7758,#7759,#7760,#7761),
 .UNSPECIFIED.,.F.,.F.,(4,4),(0.607901646830997,0.690322222577641),
 .UNSPECIFIED.);
#1927=B_SPLINE_CURVE_WITH_KNOTS('',3,(#7766,#7767,#7768,#7769),
 .UNSPECIFIED.,.F.,.F.,(4,4),(-0.472029211932186,-0.304321225126025),
 .UNSPECIFIED.);
#1928=B_SPLINE_CURVE_WITH_KNOTS('',3,(#7770,#7771,#7772,#7773),
 .UNSPECIFIED.,.F.,.F.,(4,4),(6.45420531313498E-16,0.431315987687415),
 .UNSPECIFIED.);
#1929=B_SPLINE_CURVE_WITH_KNOTS('',3,(#7816,#7817,#7818,#7819),
 .UNSPECIFIED.,.F.,.F.,(4,4),(-0.431261240636165,0.),.UNSPECIFIED.);
#1930=B_SPLINE_CURVE_WITH_KNOTS('',3,(#7822,#7823,#7824,#7825),
 .UNSPECIFIED.,.F.,.F.,(4,4),(0.,0.431261240636165),.UNSPECIFIED.);
#1931=B_SPLINE_CURVE_WITH_KNOTS('',3,(#7849,#7850,#7851,#7852),
 .UNSPECIFIED.,.F.,.F.,(4,4),(-0.0824210807748578,3.13054900728604E-15),
 .UNSPECIFIED.);
#1932=B_SPLINE_CURVE_WITH_KNOTS('',3,(#7853,#7854,#7855,#7856),
 .UNSPECIFIED.,.F.,.F.,(4,4),(-3.13054900728604E-15,0.0824210807748578),
 .UNSPECIFIED.);
#1933=B_SPLINE_CURVE_WITH_KNOTS('',3,(#7874,#7875,#7876,#7877,#7878,#7879),
 .UNSPECIFIED.,.F.,.F.,(4,2,4),(-0.173702791888967,-0.11868516215022,-0.0671577434108342),
 .UNSPECIFIED.);
#1934=B_SPLINE_CURVE_WITH_KNOTS('',3,(#7882,#7883,#7884,#7885),
 .UNSPECIFIED.,.F.,.F.,(4,4),(-0.167707988837257,0.),.UNSPECIFIED.);
#1935=B_SPLINE_CURVE_WITH_KNOTS('',3,(#7889,#7890,#7891,#7892),
 .UNSPECIFIED.,.F.,.F.,(4,4),(1.6106754423807,1.63049489036172),
 .UNSPECIFIED.);
#1936=B_SPLINE_CURVE_WITH_KNOTS('',3,(#7894,#7895,#7896,#7897,#7898,#7899),
 .UNSPECIFIED.,.F.,.F.,(4,2,4),(-0.0471600731533751,-0.0357102194530728,
0.),.UNSPECIFIED.);
#1937=B_SPLINE_CURVE_WITH_KNOTS('',3,(#7924,#7925,#7926,#7927),
 .UNSPECIFIED.,.F.,.F.,(4,4),(0.607901642105041,0.690322218837173),
 .UNSPECIFIED.);
#1938=B_SPLINE_CURVE_WITH_KNOTS('',3,(#7930,#7931,#7932,#7933),
 .UNSPECIFIED.,.F.,.F.,(4,4),(-0.690322218837173,-0.607901642105041),
 .UNSPECIFIED.);
#1939=B_SPLINE_CURVE_WITH_KNOTS('',3,(#7957,#7958,#7959,#7960),
 .UNSPECIFIED.,.F.,.F.,(4,4),(-0.431315993171219,0.),.UNSPECIFIED.);
#1940=B_SPLINE_CURVE_WITH_KNOTS('',3,(#7961,#7962,#7963,#7964),
 .UNSPECIFIED.,.F.,.F.,(4,4),(0.,0.431315993171219),.UNSPECIFIED.);
#1941=B_SPLINE_CURVE_WITH_KNOTS('',3,(#7985,#7986,#7987,#7988,#7989,#7990,
#7991,#7992,#7993,#7994),.UNSPECIFIED.,.F.,.F.,(4,2,2,2,4),(-0.199420315442395,
-0.177377645243771,-0.0855392019847957,-0.0421133943478415,0.),
 .UNSPECIFIED.);
#1942=B_SPLINE_CURVE_WITH_KNOTS('',3,(#7996,#7997,#7998,#7999),
 .UNSPECIFIED.,.F.,.F.,(4,4),(-0.472029208496348,-0.304321219659084),
 .UNSPECIFIED.);
#1943=B_SPLINE_CURVE_WITH_KNOTS('',3,(#8003,#8004,#8005,#8006),
 .UNSPECIFIED.,.F.,.F.,(4,4),(-0.349211686662324,-0.262063941289243),
 .UNSPECIFIED.);
#1944=B_SPLINE_CURVE_WITH_KNOTS('',3,(#8009,#8010,#8011,#8012),
 .UNSPECIFIED.,.F.,.F.,(4,4),(0.,0.0199740543591682),.UNSPECIFIED.);
#1945=B_SPLINE_CURVE_WITH_KNOTS('',3,(#8015,#8016,#8017,#8018,#8019,#8020),
 .UNSPECIFIED.,.F.,.F.,(4,2,4),(-0.169438603701343,0.,0.00301943761873734),
 .UNSPECIFIED.);
#1946=B_SPLINE_CURVE_WITH_KNOTS('',3,(#8023,#8024,#8025,#8026,#8027,#8028),
 .UNSPECIFIED.,.F.,.F.,(4,2,4),(-0.365168530665629,-0.362118334066294,-0.190705310054463),
 .UNSPECIFIED.);
#1947=B_SPLINE_CURVE_WITH_KNOTS('',3,(#8062,#8063,#8064,#8065),
 .UNSPECIFIED.,.F.,.F.,(4,4),(0.,0.431261235161403),.UNSPECIFIED.);
#1948=B_SPLINE_CURVE_WITH_KNOTS('',3,(#8088,#8089,#8090,#8091),
 .UNSPECIFIED.,.F.,.F.,(4,4),(-0.0824210797893916,-2.67221082887752E-15),
 .UNSPECIFIED.);
#1949=B_SPLINE_CURVE_WITH_KNOTS('',3,(#8109,#8110,#8111,#8112,#8113,#8114),
 .UNSPECIFIED.,.F.,.F.,(4,2,4),(-0.173702499049348,-0.118685097568976,-0.067157749010043),
 .UNSPECIFIED.);
#1950=B_SPLINE_CURVE_WITH_KNOTS('',3,(#8118,#8119,#8120,#8121),
 .UNSPECIFIED.,.F.,.F.,(4,4),(1.6105208360027,1.63049489036172),
 .UNSPECIFIED.);
#1951=B_SPLINE_CURVE_WITH_KNOTS('',3,(#8122,#8123,#8124,#8125,#8126,#8127),
 .UNSPECIFIED.,.F.,.F.,(4,2,4),(-0.0471600756463187,-0.0357102191930823,
0.),.UNSPECIFIED.);
#1952=B_SPLINE_CURVE_WITH_KNOTS('',3,(#8152,#8153,#8154,#8155),
 .UNSPECIFIED.,.F.,.F.,(4,4),(-0.690322222577641,-0.607901646830997),
 .UNSPECIFIED.);
#1953=B_SPLINE_CURVE_WITH_KNOTS('',3,(#8178,#8179,#8180,#8181),
 .UNSPECIFIED.,.F.,.F.,(4,4),(-0.431315987687415,-6.45420531313498E-16),
 .UNSPECIFIED.);
#1954=B_SPLINE_CURVE_WITH_KNOTS('',3,(#8201,#8202,#8203,#8204,#8205,#8206,
#8207,#8208,#8209,#8210),.UNSPECIFIED.,.F.,.F.,(4,2,2,2,4),(-0.199420595249128,
-0.177377623405551,-0.0855385204636091,-0.0421130416093408,0.),
 .UNSPECIFIED.);
#1955=B_SPLINE_CURVE_WITH_KNOTS('',3,(#8214,#8215,#8216,#8217),
 .UNSPECIFIED.,.F.,.F.,(4,4),(-0.349211896846894,-0.262063992726607),
 .UNSPECIFIED.);
#1956=B_SPLINE_CURVE_WITH_KNOTS('',3,(#8218,#8219,#8220,#8221),
 .UNSPECIFIED.,.F.,.F.,(4,4),(0.,0.0198194479809577),.UNSPECIFIED.);
#1957=B_SPLINE_CURVE_WITH_KNOTS('',3,(#8224,#8225,#8226,#8227,#8228,#8229),
 .UNSPECIFIED.,.F.,.F.,(4,2,4),(-0.169438612785115,0.,0.00301943916173363),
 .UNSPECIFIED.);
#1958=B_SPLINE_CURVE_WITH_KNOTS('',3,(#8232,#8233,#8234,#8235,#8236,#8237),
 .UNSPECIFIED.,.F.,.F.,(4,2,4),(-0.365168531453839,-0.362118335840257,-0.190705313262281),
 .UNSPECIFIED.);
#1959=B_SPLINE_CURVE_WITH_KNOTS('',3,(#8241,#8242,#8243,#8244,#8245),
 .UNSPECIFIED.,.F.,.F.,(4,1,4),(-0.882326644120564,-0.400112720925509,-0.137839813567765),
 .UNSPECIFIED.);
#1960=B_SPLINE_CURVE_WITH_KNOTS('',3,(#8251,#8252,#8253,#8254),
 .UNSPECIFIED.,.F.,.F.,(4,4),(0.0384522785292181,0.137839813567748),
 .UNSPECIFIED.);
#1961=B_SPLINE_CURVE_WITH_KNOTS('',3,(#8281,#8282,#8283,#8284),
 .UNSPECIFIED.,.F.,.F.,(4,4),(0.561317919269401,0.853774729140353),
 .UNSPECIFIED.);
#1962=B_SPLINE_CURVE_WITH_KNOTS('',3,(#8286,#8287,#8288,#8289,#8290,#8291,
#8292,#8293),.UNSPECIFIED.,.F.,.F.,(4,1,1,2,4),(-0.0585450534487596,-0.0468360427590076,
-0.0351270320692557,0.,0.000333489038330877),.UNSPECIFIED.);
#1963=B_SPLINE_CURVE_WITH_KNOTS('',3,(#8294,#8295,#8296,#8297),
 .UNSPECIFIED.,.F.,.F.,(4,4),(-0.0136253261235547,0.),.UNSPECIFIED.);
#1964=B_SPLINE_CURVE_WITH_KNOTS('',3,(#8300,#8301,#8302,#8303),
 .UNSPECIFIED.,.F.,.F.,(4,4),(-0.853926262773246,-0.561612059384053),
 .UNSPECIFIED.);
#1965=B_SPLINE_CURVE_WITH_KNOTS('',3,(#8332,#8333,#8334,#8335,#8336),
 .UNSPECIFIED.,.F.,.F.,(4,1,4),(0.138084280205505,0.400329920131451,0.88251731577844),
 .UNSPECIFIED.);
#1966=B_SPLINE_CURVE_WITH_KNOTS('',3,(#8338,#8339,#8340,#8341),
 .UNSPECIFIED.,.F.,.F.,(4,4),(0.,0.0136253261235574),.UNSPECIFIED.);
#1967=B_SPLINE_CURVE_WITH_KNOTS('',3,(#8342,#8343,#8344,#8345,#8346,#8347,
#8348,#8349),.UNSPECIFIED.,.F.,.F.,(4,2,1,1,4),(-0.0588785424925892,-0.0585450535130269,
-0.0234180214052113,-0.0117090107026062,-9.87215096722969E-16),
 .UNSPECIFIED.);
#1968=B_SPLINE_CURVE_WITH_KNOTS('',3,(#8350,#8351,#8352,#8353),
 .UNSPECIFIED.,.F.,.F.,(4,4),(0.038689373396209,0.138084280205494),
 .UNSPECIFIED.);
#1969=B_SPLINE_CURVE_WITH_KNOTS('',3,(#8357,#8358,#8359,#8360,#8361),
 .UNSPECIFIED.,.F.,.F.,(4,1,4),(-0.882325488110149,-0.400112240162104,-0.137839594986856),
 .UNSPECIFIED.);
#1970=B_SPLINE_CURVE_WITH_KNOTS('',3,(#8365,#8366,#8367,#8368),
 .UNSPECIFIED.,.F.,.F.,(4,4),(0.0384523042010709,0.137839594986853),
 .UNSPECIFIED.);
#1971=B_SPLINE_CURVE_WITH_KNOTS('',3,(#8395,#8396,#8397,#8398),
 .UNSPECIFIED.,.F.,.F.,(4,4),(0.561315519261038,0.853773488010113),
 .UNSPECIFIED.);
#1972=B_SPLINE_CURVE_WITH_KNOTS('',3,(#8400,#8401,#8402,#8403,#8404,#8405,
#8406,#8407),.UNSPECIFIED.,.F.,.F.,(4,1,1,2,4),(-0.0585450534486675,-0.046836042758934,
-0.0351270320692005,0.,0.000333489038431688),.UNSPECIFIED.);
#1973=B_SPLINE_CURVE_WITH_KNOTS('',3,(#8408,#8409,#8410,#8411),
 .UNSPECIFIED.,.F.,.F.,(4,4),(-0.0136253261235463,0.),.UNSPECIFIED.);
#1974=B_SPLINE_CURVE_WITH_KNOTS('',3,(#8414,#8415,#8416,#8417),
 .UNSPECIFIED.,.F.,.F.,(4,4),(-0.853929722697047,-0.561690988333714),
 .UNSPECIFIED.);
#1975=B_SPLINE_CURVE_WITH_KNOTS('',3,(#8446,#8447,#8448,#8449,#8450),
 .UNSPECIFIED.,.F.,.F.,(4,1,4),(0.137991597070999,0.520876707690018,0.882517244142656),
 .UNSPECIFIED.);
#1976=B_SPLINE_CURVE_WITH_KNOTS('',3,(#8452,#8453,#8454,#8455),
 .UNSPECIFIED.,.F.,.F.,(4,4),(0.,0.0136253261235479),.UNSPECIFIED.);
#1977=B_SPLINE_CURVE_WITH_KNOTS('',3,(#8456,#8457,#8458,#8459,#8460,#8461,
#8462,#8463),.UNSPECIFIED.,.F.,.F.,(4,2,1,1,4),(-0.0588785424926346,-0.0585450535136965,
-0.0234180214054786,-0.0117090107027393,0.),.UNSPECIFIED.);
#1978=B_SPLINE_CURVE_WITH_KNOTS('',3,(#8464,#8465,#8466,#8467),
 .UNSPECIFIED.,.F.,.F.,(4,4),(0.0386893257531682,0.137991597070992),
 .UNSPECIFIED.);
#1979=B_SPLINE_CURVE_WITH_KNOTS('',3,(#8598,#8599,#8600,#8601),
 .UNSPECIFIED.,.F.,.F.,(4,4),(-0.0136253261235574,0.),.UNSPECIFIED.);
#1980=B_SPLINE_CURVE_WITH_KNOTS('',3,(#8635,#8636,#8637,#8638,#8639,#8640,
#8641,#8642),.UNSPECIFIED.,.F.,.F.,(4,1,1,2,4),(9.87215096722969E-16,0.0117090107026062,
0.0234180214052113,0.0585450535130269,0.0588785424925892),.UNSPECIFIED.);
#1981=B_SPLINE_CURVE_WITH_KNOTS('',3,(#8663,#8664,#8665,#8666),
 .UNSPECIFIED.,.F.,.F.,(4,4),(0.,0.0136253261235547),.UNSPECIFIED.);
#1982=B_SPLINE_CURVE_WITH_KNOTS('',3,(#8699,#8700,#8701,#8702,#8703,#8704,
#8705,#8706),.UNSPECIFIED.,.F.,.F.,(4,2,1,1,4),(-0.000333489038330877,0.,
0.0351270320692557,0.0468360427590076,0.0585450534487596),.UNSPECIFIED.);
#1983=B_SPLINE_CURVE_WITH_KNOTS('',3,(#8732,#8733,#8734,#8735),
 .UNSPECIFIED.,.F.,.F.,(4,4),(-0.0136253261235479,0.),.UNSPECIFIED.);
#1984=B_SPLINE_CURVE_WITH_KNOTS('',3,(#8769,#8770,#8771,#8772,#8773,#8774,
#8775,#8776),.UNSPECIFIED.,.F.,.F.,(4,1,1,2,4),(0.,0.0117090107027393,0.0234180214054786,
0.0585450535136965,0.0588785424926346),.UNSPECIFIED.);
#1985=B_SPLINE_CURVE_WITH_KNOTS('',3,(#8797,#8798,#8799,#8800),
 .UNSPECIFIED.,.F.,.F.,(4,4),(0.,0.0136253261235463),.UNSPECIFIED.);
#1986=B_SPLINE_CURVE_WITH_KNOTS('',3,(#8833,#8834,#8835,#8836,#8837,#8838,
#8839,#8840),.UNSPECIFIED.,.F.,.F.,(4,2,1,1,4),(-0.000333489038431688,0.,
0.0351270320692005,0.046836042758934,0.0585450534486675),.UNSPECIFIED.);
#1987=B_SPLINE_CURVE_WITH_KNOTS('',3,(#8865,#8866,#8867,#8868),
 .UNSPECIFIED.,.F.,.F.,(4,4),(2.10429914512463,2.16417986364654),
 .UNSPECIFIED.);
#1988=B_SPLINE_CURVE_WITH_KNOTS('',3,(#8878,#8879,#8880,#8881),
 .UNSPECIFIED.,.F.,.F.,(4,4),(1.46507283734247,1.52495355586442),
 .UNSPECIFIED.);
#1989=B_SPLINE_CURVE_WITH_KNOTS('',3,(#8883,#8884,#8885,#8886,#8887,#8888,
#8889,#8890),.UNSPECIFIED.,.F.,.F.,(4,2,2,4),(0.43567727444156,0.523630674650015,
0.611584074858469,0.612613656972104),.UNSPECIFIED.);
#1990=B_SPLINE_CURVE_WITH_KNOTS('',3,(#8893,#8894,#8895,#8896,#8897,#8898,
#8899,#8900),.UNSPECIFIED.,.F.,.F.,(4,2,2,4),(1.22138143900337,1.22241102111703,
1.31036442132549,1.39831782153394),.UNSPECIFIED.);
#1991=B_SPLINE_CURVE_WITH_KNOTS('',3,(#9144,#9145,#9146,#9147),
 .UNSPECIFIED.,.F.,.F.,(4,4),(-0.0588249987436864,0.),.UNSPECIFIED.);
#1992=B_SPLINE_CURVE_WITH_KNOTS('',3,(#9180,#9181,#9182,#9183),
 .UNSPECIFIED.,.F.,.F.,(4,4),(-0.0607464023268882,0.),.UNSPECIFIED.);
#1993=B_SPLINE_CURVE_WITH_KNOTS('',3,(#9186,#9187,#9188,#9189),
 .UNSPECIFIED.,.F.,.F.,(4,4),(-0.0607464023214469,0.),.UNSPECIFIED.);
#1994=B_SPLINE_CURVE_WITH_KNOTS('',3,(#9223,#9224,#9225,#9226),
 .UNSPECIFIED.,.F.,.F.,(4,4),(-0.058824998738059,0.),.UNSPECIFIED.);
#1995=B_SPLINE_CURVE_WITH_KNOTS('',3,(#9263,#9264,#9265,#9266),
 .UNSPECIFIED.,.F.,.F.,(4,4),(-0.431261235161403,0.),.UNSPECIFIED.);
#1996=B_SPLINE_CURVE_WITH_KNOTS('',3,(#9267,#9268,#9269,#9270),
 .UNSPECIFIED.,.F.,.F.,(4,4),(-0.1677079868062,-3.43137361587832E-15),
 .UNSPECIFIED.);
#1997=B_SPLINE_CURVE_WITH_KNOTS('',3,(#9274,#9275,#9276,#9277),
 .UNSPECIFIED.,.F.,.F.,(4,4),(2.67221082887752E-15,0.0824210797893916),
 .UNSPECIFIED.);
#1998=B_SPLINE_CURVE_WITH_KNOTS('',3,(#9285,#9286,#9287,#9288),
 .UNSPECIFIED.,.F.,.F.,(4,4),(0.607901646830997,0.690322222577641),
 .UNSPECIFIED.);
#1999=B_SPLINE_CURVE_WITH_KNOTS('',3,(#9293,#9294,#9295,#9296),
 .UNSPECIFIED.,.F.,.F.,(4,4),(-0.472029211932186,-0.304321225126025),
 .UNSPECIFIED.);
#2000=B_SPLINE_CURVE_WITH_KNOTS('',3,(#9297,#9298,#9299,#9300),
 .UNSPECIFIED.,.F.,.F.,(4,4),(6.45420531313498E-16,0.431315987687415),
 .UNSPECIFIED.);
#2001=B_SPLINE_CURVE_WITH_KNOTS('',3,(#9343,#9344,#9345,#9346),
 .UNSPECIFIED.,.F.,.F.,(4,4),(-0.431261240636165,0.),.UNSPECIFIED.);
#2002=B_SPLINE_CURVE_WITH_KNOTS('',3,(#9349,#9350,#9351,#9352),
 .UNSPECIFIED.,.F.,.F.,(4,4),(0.,0.431261240636165),.UNSPECIFIED.);
#2003=B_SPLINE_CURVE_WITH_KNOTS('',3,(#9376,#9377,#9378,#9379),
 .UNSPECIFIED.,.F.,.F.,(4,4),(-0.0824210807748578,3.13054900728604E-15),
 .UNSPECIFIED.);
#2004=B_SPLINE_CURVE_WITH_KNOTS('',3,(#9380,#9381,#9382,#9383),
 .UNSPECIFIED.,.F.,.F.,(4,4),(-3.13054900728604E-15,0.0824210807748578),
 .UNSPECIFIED.);
#2005=B_SPLINE_CURVE_WITH_KNOTS('',3,(#9401,#9402,#9403,#9404,#9405,#9406),
 .UNSPECIFIED.,.F.,.F.,(4,2,4),(-0.173702791888967,-0.11868516215022,-0.0671577434108342),
 .UNSPECIFIED.);
#2006=B_SPLINE_CURVE_WITH_KNOTS('',3,(#9409,#9410,#9411,#9412),
 .UNSPECIFIED.,.F.,.F.,(4,4),(-0.167707988837257,0.),.UNSPECIFIED.);
#2007=B_SPLINE_CURVE_WITH_KNOTS('',3,(#9416,#9417,#9418,#9419),
 .UNSPECIFIED.,.F.,.F.,(4,4),(1.6106754423807,1.63049489036172),
 .UNSPECIFIED.);
#2008=B_SPLINE_CURVE_WITH_KNOTS('',3,(#9421,#9422,#9423,#9424,#9425,#9426),
 .UNSPECIFIED.,.F.,.F.,(4,2,4),(-0.0471600731533751,-0.0357102194530728,
0.),.UNSPECIFIED.);
#2009=B_SPLINE_CURVE_WITH_KNOTS('',3,(#9451,#9452,#9453,#9454),
 .UNSPECIFIED.,.F.,.F.,(4,4),(0.607901642105041,0.690322218837173),
 .UNSPECIFIED.);
#2010=B_SPLINE_CURVE_WITH_KNOTS('',3,(#9457,#9458,#9459,#9460),
 .UNSPECIFIED.,.F.,.F.,(4,4),(-0.690322218837173,-0.607901642105041),
 .UNSPECIFIED.);
#2011=B_SPLINE_CURVE_WITH_KNOTS('',3,(#9484,#9485,#9486,#9487),
 .UNSPECIFIED.,.F.,.F.,(4,4),(-0.431315993171219,0.),.UNSPECIFIED.);
#2012=B_SPLINE_CURVE_WITH_KNOTS('',3,(#9488,#9489,#9490,#9491),
 .UNSPECIFIED.,.F.,.F.,(4,4),(0.,0.431315993171219),.UNSPECIFIED.);
#2013=B_SPLINE_CURVE_WITH_KNOTS('',3,(#9512,#9513,#9514,#9515,#9516,#9517,
#9518,#9519,#9520,#9521),.UNSPECIFIED.,.F.,.F.,(4,2,2,2,4),(-0.199420315442395,
-0.177377645243771,-0.0855392019847957,-0.0421133943478415,0.),
 .UNSPECIFIED.);
#2014=B_SPLINE_CURVE_WITH_KNOTS('',3,(#9523,#9524,#9525,#9526),
 .UNSPECIFIED.,.F.,.F.,(4,4),(-0.472029208496348,-0.304321219659084),
 .UNSPECIFIED.);
#2015=B_SPLINE_CURVE_WITH_KNOTS('',3,(#9530,#9531,#9532,#9533),
 .UNSPECIFIED.,.F.,.F.,(4,4),(-0.349211686662324,-0.262063941289243),
 .UNSPECIFIED.);
#2016=B_SPLINE_CURVE_WITH_KNOTS('',3,(#9536,#9537,#9538,#9539),
 .UNSPECIFIED.,.F.,.F.,(4,4),(0.,0.0199740543591682),.UNSPECIFIED.);
#2017=B_SPLINE_CURVE_WITH_KNOTS('',3,(#9542,#9543,#9544,#9545,#9546,#9547),
 .UNSPECIFIED.,.F.,.F.,(4,2,4),(-0.169438603701343,0.,0.00301943761873734),
 .UNSPECIFIED.);
#2018=B_SPLINE_CURVE_WITH_KNOTS('',3,(#9550,#9551,#9552,#9553,#9554,#9555),
 .UNSPECIFIED.,.F.,.F.,(4,2,4),(-0.365168530665629,-0.362118334066294,-0.190705310054463),
 .UNSPECIFIED.);
#2019=B_SPLINE_CURVE_WITH_KNOTS('',3,(#9589,#9590,#9591,#9592),
 .UNSPECIFIED.,.F.,.F.,(4,4),(0.,0.431261235161403),.UNSPECIFIED.);
#2020=B_SPLINE_CURVE_WITH_KNOTS('',3,(#9615,#9616,#9617,#9618),
 .UNSPECIFIED.,.F.,.F.,(4,4),(-0.0824210797893916,-2.67221082887752E-15),
 .UNSPECIFIED.);
#2021=B_SPLINE_CURVE_WITH_KNOTS('',3,(#9636,#9637,#9638,#9639,#9640,#9641),
 .UNSPECIFIED.,.F.,.F.,(4,2,4),(-0.173702499049348,-0.118685097568976,-0.067157749010043),
 .UNSPECIFIED.);
#2022=B_SPLINE_CURVE_WITH_KNOTS('',3,(#9645,#9646,#9647,#9648),
 .UNSPECIFIED.,.F.,.F.,(4,4),(1.6105208360027,1.63049489036172),
 .UNSPECIFIED.);
#2023=B_SPLINE_CURVE_WITH_KNOTS('',3,(#9649,#9650,#9651,#9652,#9653,#9654),
 .UNSPECIFIED.,.F.,.F.,(4,2,4),(-0.0471600756463187,-0.0357102191930823,
0.),.UNSPECIFIED.);
#2024=B_SPLINE_CURVE_WITH_KNOTS('',3,(#9679,#9680,#9681,#9682),
 .UNSPECIFIED.,.F.,.F.,(4,4),(-0.690322222577641,-0.607901646830997),
 .UNSPECIFIED.);
#2025=B_SPLINE_CURVE_WITH_KNOTS('',3,(#9705,#9706,#9707,#9708),
 .UNSPECIFIED.,.F.,.F.,(4,4),(-0.431315987687415,-6.45420531313498E-16),
 .UNSPECIFIED.);
#2026=B_SPLINE_CURVE_WITH_KNOTS('',3,(#9728,#9729,#9730,#9731,#9732,#9733,
#9734,#9735,#9736,#9737),.UNSPECIFIED.,.F.,.F.,(4,2,2,2,4),(-0.199420595249128,
-0.177377623405551,-0.0855385204636091,-0.0421130416093408,0.),
 .UNSPECIFIED.);
#2027=B_SPLINE_CURVE_WITH_KNOTS('',3,(#9741,#9742,#9743,#9744),
 .UNSPECIFIED.,.F.,.F.,(4,4),(-0.349211896846894,-0.262063992726607),
 .UNSPECIFIED.);
#2028=B_SPLINE_CURVE_WITH_KNOTS('',3,(#9745,#9746,#9747,#9748),
 .UNSPECIFIED.,.F.,.F.,(4,4),(0.,0.0198194479809577),.UNSPECIFIED.);
#2029=B_SPLINE_CURVE_WITH_KNOTS('',3,(#9751,#9752,#9753,#9754,#9755,#9756),
 .UNSPECIFIED.,.F.,.F.,(4,2,4),(-0.169438612785115,0.,0.00301943916173363),
 .UNSPECIFIED.);
#2030=B_SPLINE_CURVE_WITH_KNOTS('',3,(#9759,#9760,#9761,#9762,#9763,#9764),
 .UNSPECIFIED.,.F.,.F.,(4,2,4),(-0.365168531453839,-0.362118335840257,-0.190705313262281),
 .UNSPECIFIED.);
#2031=B_SPLINE_CURVE_WITH_KNOTS('',3,(#9768,#9769,#9770,#9771,#9772),
 .UNSPECIFIED.,.F.,.F.,(4,1,4),(-0.882326644120564,-0.400112720925509,-0.137839813567765),
 .UNSPECIFIED.);
#2032=B_SPLINE_CURVE_WITH_KNOTS('',3,(#9778,#9779,#9780,#9781),
 .UNSPECIFIED.,.F.,.F.,(4,4),(0.0384522785292181,0.137839813567748),
 .UNSPECIFIED.);
#2033=B_SPLINE_CURVE_WITH_KNOTS('',3,(#9808,#9809,#9810,#9811),
 .UNSPECIFIED.,.F.,.F.,(4,4),(0.561317919269401,0.853774729140353),
 .UNSPECIFIED.);
#2034=B_SPLINE_CURVE_WITH_KNOTS('',3,(#9813,#9814,#9815,#9816,#9817,#9818,
#9819,#9820),.UNSPECIFIED.,.F.,.F.,(4,1,1,2,4),(-0.0585450534487596,-0.0468360427590076,
-0.0351270320692557,0.,0.000333489038330877),.UNSPECIFIED.);
#2035=B_SPLINE_CURVE_WITH_KNOTS('',3,(#9821,#9822,#9823,#9824),
 .UNSPECIFIED.,.F.,.F.,(4,4),(-0.0136253261235547,0.),.UNSPECIFIED.);
#2036=B_SPLINE_CURVE_WITH_KNOTS('',3,(#9827,#9828,#9829,#9830),
 .UNSPECIFIED.,.F.,.F.,(4,4),(-0.853926262773246,-0.561612059384053),
 .UNSPECIFIED.);
#2037=B_SPLINE_CURVE_WITH_KNOTS('',3,(#9859,#9860,#9861,#9862,#9863),
 .UNSPECIFIED.,.F.,.F.,(4,1,4),(0.138084280205505,0.400329920131451,0.88251731577844),
 .UNSPECIFIED.);
#2038=B_SPLINE_CURVE_WITH_KNOTS('',3,(#9865,#9866,#9867,#9868),
 .UNSPECIFIED.,.F.,.F.,(4,4),(0.,0.0136253261235574),.UNSPECIFIED.);
#2039=B_SPLINE_CURVE_WITH_KNOTS('',3,(#9869,#9870,#9871,#9872,#9873,#9874,
#9875,#9876),.UNSPECIFIED.,.F.,.F.,(4,2,1,1,4),(-0.0588785424925892,-0.0585450535130269,
-0.0234180214052113,-0.0117090107026062,-9.87215096722969E-16),
 .UNSPECIFIED.);
#2040=B_SPLINE_CURVE_WITH_KNOTS('',3,(#9877,#9878,#9879,#9880),
 .UNSPECIFIED.,.F.,.F.,(4,4),(0.038689373396209,0.138084280205494),
 .UNSPECIFIED.);
#2041=B_SPLINE_CURVE_WITH_KNOTS('',3,(#9884,#9885,#9886,#9887,#9888),
 .UNSPECIFIED.,.F.,.F.,(4,1,4),(-0.882325488110149,-0.400112240162104,-0.137839594986856),
 .UNSPECIFIED.);
#2042=B_SPLINE_CURVE_WITH_KNOTS('',3,(#9892,#9893,#9894,#9895),
 .UNSPECIFIED.,.F.,.F.,(4,4),(0.0384523042010709,0.137839594986853),
 .UNSPECIFIED.);
#2043=B_SPLINE_CURVE_WITH_KNOTS('',3,(#9922,#9923,#9924,#9925),
 .UNSPECIFIED.,.F.,.F.,(4,4),(0.561315519261038,0.853773488010113),
 .UNSPECIFIED.);
#2044=B_SPLINE_CURVE_WITH_KNOTS('',3,(#9927,#9928,#9929,#9930,#9931,#9932,
#9933,#9934),.UNSPECIFIED.,.F.,.F.,(4,1,1,2,4),(-0.0585450534486675,-0.046836042758934,
-0.0351270320692005,0.,0.000333489038431688),.UNSPECIFIED.);
#2045=B_SPLINE_CURVE_WITH_KNOTS('',3,(#9935,#9936,#9937,#9938),
 .UNSPECIFIED.,.F.,.F.,(4,4),(-0.0136253261235463,0.),.UNSPECIFIED.);
#2046=B_SPLINE_CURVE_WITH_KNOTS('',3,(#9941,#9942,#9943,#9944),
 .UNSPECIFIED.,.F.,.F.,(4,4),(-0.853929722697047,-0.561690988333714),
 .UNSPECIFIED.);
#2047=B_SPLINE_CURVE_WITH_KNOTS('',3,(#9973,#9974,#9975,#9976,#9977),
 .UNSPECIFIED.,.F.,.F.,(4,1,4),(0.137991597070999,0.520876707690018,0.882517244142656),
 .UNSPECIFIED.);
#2048=B_SPLINE_CURVE_WITH_KNOTS('',3,(#9979,#9980,#9981,#9982),
 .UNSPECIFIED.,.F.,.F.,(4,4),(0.,0.0136253261235479),.UNSPECIFIED.);
#2049=B_SPLINE_CURVE_WITH_KNOTS('',3,(#9983,#9984,#9985,#9986,#9987,#9988,
#9989,#9990),.UNSPECIFIED.,.F.,.F.,(4,2,1,1,4),(-0.0588785424926346,-0.0585450535136965,
-0.0234180214054786,-0.0117090107027393,0.),.UNSPECIFIED.);
#2050=B_SPLINE_CURVE_WITH_KNOTS('',3,(#9991,#9992,#9993,#9994),
 .UNSPECIFIED.,.F.,.F.,(4,4),(0.0386893257531682,0.137991597070992),
 .UNSPECIFIED.);
#2051=B_SPLINE_CURVE_WITH_KNOTS('',3,(#10093,#10094,#10095,#10096,#10097,
#10098,#10099,#10100,#10101,#10102,#10103,#10104),.UNSPECIFIED.,.F.,.F.,
(4,2,2,2,2,4),(0.488082411051349,0.532987998222768,0.577893585394188,0.619342207821995,
0.640066519035899,0.660790830249803),.UNSPECIFIED.);
#2052=B_SPLINE_CURVE_WITH_KNOTS('',3,(#10107,#10108,#10109,#10110,#10111,
#10112,#10113,#10114,#10115,#10116,#10117,#10118),.UNSPECIFIED.,.F.,.F.,
(4,2,2,2,2,4),(0.,0.0207243112139037,0.0414486224278074,0.0828972448556147,
0.127802832027035,0.172708419198455),.UNSPECIFIED.);
#2053=B_SPLINE_CURVE_WITH_KNOTS('',3,(#10124,#10125,#10126,#10127,#10128,
#10129,#10130,#10131,#10132,#10133,#10134,#10135),.UNSPECIFIED.,.F.,.F.,
(4,2,2,2,2,4),(0.157771622707795,0.202677221596907,0.24758282048602,0.289031449328839,
0.309755763750248,0.330480078171658),.UNSPECIFIED.);
#2054=B_SPLINE_CURVE_WITH_KNOTS('',3,(#10138,#10139,#10140,#10141,#10142,
#10143,#10144,#10145,#10146,#10147,#10148,#10149),.UNSPECIFIED.,.F.,.F.,
(4,2,2,2,2,4),(0.330310854731886,0.351035169153296,0.371759483574705,0.413208112417525,
0.458113711306636,0.503019310195748),.UNSPECIFIED.);
#2055=B_SPLINE_CURVE_WITH_KNOTS('',3,(#10213,#10214,#10215,#10216),
 .UNSPECIFIED.,.F.,.F.,(4,4),(-0.0136253261235574,0.),.UNSPECIFIED.);
#2056=B_SPLINE_CURVE_WITH_KNOTS('',3,(#10250,#10251,#10252,#10253,#10254,
#10255,#10256,#10257),.UNSPECIFIED.,.F.,.F.,(4,1,1,2,4),(9.87215096722969E-16,
0.0117090107026062,0.0234180214052113,0.0585450535130269,0.0588785424925892),
 .UNSPECIFIED.);
#2057=B_SPLINE_CURVE_WITH_KNOTS('',3,(#10278,#10279,#10280,#10281),
 .UNSPECIFIED.,.F.,.F.,(4,4),(0.,0.0136253261235547),.UNSPECIFIED.);
#2058=B_SPLINE_CURVE_WITH_KNOTS('',3,(#10314,#10315,#10316,#10317,#10318,
#10319,#10320,#10321),.UNSPECIFIED.,.F.,.F.,(4,2,1,1,4),(-0.000333489038330877,
0.,0.0351270320692557,0.0468360427590076,0.0585450534487596),
 .UNSPECIFIED.);
#2059=B_SPLINE_CURVE_WITH_KNOTS('',3,(#10347,#10348,#10349,#10350),
 .UNSPECIFIED.,.F.,.F.,(4,4),(-0.0136253261235479,0.),.UNSPECIFIED.);
#2060=B_SPLINE_CURVE_WITH_KNOTS('',3,(#10384,#10385,#10386,#10387,#10388,
#10389,#10390,#10391),.UNSPECIFIED.,.F.,.F.,(4,1,1,2,4),(0.,0.0117090107027393,
0.0234180214054786,0.0585450535136965,0.0588785424926346),.UNSPECIFIED.);
#2061=B_SPLINE_CURVE_WITH_KNOTS('',3,(#10412,#10413,#10414,#10415),
 .UNSPECIFIED.,.F.,.F.,(4,4),(0.,0.0136253261235463),.UNSPECIFIED.);
#2062=B_SPLINE_CURVE_WITH_KNOTS('',3,(#10448,#10449,#10450,#10451,#10452,
#10453,#10454,#10455),.UNSPECIFIED.,.F.,.F.,(4,2,1,1,4),(-0.000333489038431688,
0.,0.0351270320692005,0.046836042758934,0.0585450534486675),
 .UNSPECIFIED.);
#2063=VERTEX_POINT('',#7248);
#2064=VERTEX_POINT('',#7249);
#2065=VERTEX_POINT('',#7262);
#2066=VERTEX_POINT('',#7264);
#2067=VERTEX_POINT('',#7268);
#2068=VERTEX_POINT('',#7270);
#2069=VERTEX_POINT('',#7272);
#2070=VERTEX_POINT('',#7274);
#2071=VERTEX_POINT('',#7276);
#2072=VERTEX_POINT('',#7278);
#2073=VERTEX_POINT('',#7280);
#2074=VERTEX_POINT('',#7284);
#2075=VERTEX_POINT('',#7285);
#2076=VERTEX_POINT('',#7287);
#2077=VERTEX_POINT('',#7289);
#2078=VERTEX_POINT('',#7304);
#2079=VERTEX_POINT('',#7306);
#2080=VERTEX_POINT('',#7308);
#2081=VERTEX_POINT('',#7310);
#2082=VERTEX_POINT('',#7312);
#2083=VERTEX_POINT('',#7314);
#2084=VERTEX_POINT('',#7316);
#2085=VERTEX_POINT('',#7320);
#2086=VERTEX_POINT('',#7322);
#2087=VERTEX_POINT('',#7337);
#2088=VERTEX_POINT('',#7339);
#2089=VERTEX_POINT('',#7343);
#2090=VERTEX_POINT('',#7346);
#2091=VERTEX_POINT('',#7359);
#2092=VERTEX_POINT('',#7363);
#2093=VERTEX_POINT('',#7365);
#2094=VERTEX_POINT('',#7369);
#2095=VERTEX_POINT('',#7374);
#2096=VERTEX_POINT('',#7375);
#2097=VERTEX_POINT('',#7380);
#2098=VERTEX_POINT('',#7382);
#2099=VERTEX_POINT('',#7386);
#2100=VERTEX_POINT('',#7388);
#2101=VERTEX_POINT('',#7393);
#2102=VERTEX_POINT('',#7402);
#2103=VERTEX_POINT('',#7413);
#2104=VERTEX_POINT('',#7415);
#2105=VERTEX_POINT('',#7417);
#2106=VERTEX_POINT('',#7419);
#2107=VERTEX_POINT('',#7421);
#2108=VERTEX_POINT('',#7423);
#2109=VERTEX_POINT('',#7425);
#2110=VERTEX_POINT('',#7427);
#2111=VERTEX_POINT('',#7429);
#2112=VERTEX_POINT('',#7431);
#2113=VERTEX_POINT('',#7433);
#2114=VERTEX_POINT('',#7435);
#2115=VERTEX_POINT('',#7437);
#2116=VERTEX_POINT('',#7439);
#2117=VERTEX_POINT('',#7441);
#2118=VERTEX_POINT('',#7443);
#2119=VERTEX_POINT('',#7445);
#2120=VERTEX_POINT('',#7447);
#2121=VERTEX_POINT('',#7449);
#2122=VERTEX_POINT('',#7451);
#2123=VERTEX_POINT('',#7453);
#2124=VERTEX_POINT('',#7455);
#2125=VERTEX_POINT('',#7457);
#2126=VERTEX_POINT('',#7459);
#2127=VERTEX_POINT('',#7461);
#2128=VERTEX_POINT('',#7463);
#2129=VERTEX_POINT('',#7465);
#2130=VERTEX_POINT('',#7467);
#2131=VERTEX_POINT('',#7469);
#2132=VERTEX_POINT('',#7472);
#2133=VERTEX_POINT('',#7474);
#2134=VERTEX_POINT('',#7476);
#2135=VERTEX_POINT('',#7478);
#2136=VERTEX_POINT('',#7481);
#2137=VERTEX_POINT('',#7485);
#2138=VERTEX_POINT('',#7489);
#2139=VERTEX_POINT('',#7491);
#2140=VERTEX_POINT('',#7495);
#2141=VERTEX_POINT('',#7499);
#2142=VERTEX_POINT('',#7503);
#2143=VERTEX_POINT('',#7505);
#2144=VERTEX_POINT('',#7507);
#2145=VERTEX_POINT('',#7509);
#2146=VERTEX_POINT('',#7511);
#2147=VERTEX_POINT('',#7513);
#2148=VERTEX_POINT('',#7516);
#2149=VERTEX_POINT('',#7518);
#2150=VERTEX_POINT('',#7520);
#2151=VERTEX_POINT('',#7522);
#2152=VERTEX_POINT('',#7525);
#2153=VERTEX_POINT('',#7529);
#2154=VERTEX_POINT('',#7531);
#2155=VERTEX_POINT('',#7534);
#2156=VERTEX_POINT('',#7537);
#2157=VERTEX_POINT('',#7539);
#2158=VERTEX_POINT('',#7543);
#2159=VERTEX_POINT('',#7544);
#2160=VERTEX_POINT('',#7546);
#2161=VERTEX_POINT('',#7548);
#2162=VERTEX_POINT('',#7550);
#2163=VERTEX_POINT('',#7552);
#2164=VERTEX_POINT('',#7556);
#2165=VERTEX_POINT('',#7557);
#2166=VERTEX_POINT('',#7562);
#2167=VERTEX_POINT('',#7563);
#2168=VERTEX_POINT('',#7565);
#2169=VERTEX_POINT('',#7567);
#2170=VERTEX_POINT('',#7571);
#2171=VERTEX_POINT('',#7573);
#2172=VERTEX_POINT('',#7575);
#2173=VERTEX_POINT('',#7577);
#2174=VERTEX_POINT('',#7581);
#2175=VERTEX_POINT('',#7583);
#2176=VERTEX_POINT('',#7586);
#2177=VERTEX_POINT('',#7589);
#2178=VERTEX_POINT('',#7595);
#2179=VERTEX_POINT('',#7601);
#2180=VERTEX_POINT('',#7607);
#2181=VERTEX_POINT('',#7613);
#2182=VERTEX_POINT('',#7614);
#2183=VERTEX_POINT('',#7622);
#2184=VERTEX_POINT('',#7626);
#2185=VERTEX_POINT('',#7630);
#2186=VERTEX_POINT('',#7634);
#2187=VERTEX_POINT('',#7638);
#2188=VERTEX_POINT('',#7642);
#2189=VERTEX_POINT('',#7646);
#2190=VERTEX_POINT('',#7666);
#2191=VERTEX_POINT('',#7670);
#2192=VERTEX_POINT('',#7674);
#2193=VERTEX_POINT('',#7678);
#2194=VERTEX_POINT('',#7682);
#2195=VERTEX_POINT('',#7686);
#2196=VERTEX_POINT('',#7690);
#2197=VERTEX_POINT('',#7694);
#2198=VERTEX_POINT('',#7701);
#2199=VERTEX_POINT('',#7705);
#2200=VERTEX_POINT('',#7713);
#2201=VERTEX_POINT('',#7721);
#2202=VERTEX_POINT('',#7725);
#2203=VERTEX_POINT('',#7727);
#2204=VERTEX_POINT('',#7729);
#2205=VERTEX_POINT('',#7733);
#2206=VERTEX_POINT('',#7735);
#2207=VERTEX_POINT('',#7745);
#2208=VERTEX_POINT('',#7752);
#2209=VERTEX_POINT('',#7756);
#2210=VERTEX_POINT('',#7763);
#2211=VERTEX_POINT('',#7765);
#2212=VERTEX_POINT('',#7775);
#2213=VERTEX_POINT('',#7777);
#2214=VERTEX_POINT('',#7779);
#2215=VERTEX_POINT('',#7783);
#2216=VERTEX_POINT('',#7787);
#2217=VERTEX_POINT('',#7812);
#2218=VERTEX_POINT('',#7813);
#2219=VERTEX_POINT('',#7815);
#2220=VERTEX_POINT('',#7820);
#2221=VERTEX_POINT('',#7846);
#2222=VERTEX_POINT('',#7847);
#2223=VERTEX_POINT('',#7873);
#2224=VERTEX_POINT('',#7880);
#2225=VERTEX_POINT('',#7887);
#2226=VERTEX_POINT('',#7888);
#2227=VERTEX_POINT('',#7920);
#2228=VERTEX_POINT('',#7921);
#2229=VERTEX_POINT('',#7923);
#2230=VERTEX_POINT('',#7928);
#2231=VERTEX_POINT('',#7954);
#2232=VERTEX_POINT('',#7955);
#2233=VERTEX_POINT('',#7984);
#2234=VERTEX_POINT('',#7995);
#2235=VERTEX_POINT('',#8002);
#2236=VERTEX_POINT('',#8007);
#2237=VERTEX_POINT('',#8014);
#2238=VERTEX_POINT('',#8021);
#2239=VERTEX_POINT('',#8030);
#2240=VERTEX_POINT('',#8058);
#2241=VERTEX_POINT('',#8060);
#2242=VERTEX_POINT('',#8086);
#2243=VERTEX_POINT('',#8108);
#2244=VERTEX_POINT('',#8117);
#2245=VERTEX_POINT('',#8148);
#2246=VERTEX_POINT('',#8150);
#2247=VERTEX_POINT('',#8176);
#2248=VERTEX_POINT('',#8200);
#2249=VERTEX_POINT('',#8213);
#2250=VERTEX_POINT('',#8223);
#2251=VERTEX_POINT('',#8230);
#2252=VERTEX_POINT('',#8239);
#2253=VERTEX_POINT('',#8240);
#2254=VERTEX_POINT('',#8246);
#2255=VERTEX_POINT('',#8248);
#2256=VERTEX_POINT('',#8280);
#2257=VERTEX_POINT('',#8285);
#2258=VERTEX_POINT('',#8299);
#2259=VERTEX_POINT('',#8330);
#2260=VERTEX_POINT('',#8331);
#2261=VERTEX_POINT('',#8337);
#2262=VERTEX_POINT('',#8355);
#2263=VERTEX_POINT('',#8356);
#2264=VERTEX_POINT('',#8362);
#2265=VERTEX_POINT('',#8394);
#2266=VERTEX_POINT('',#8399);
#2267=VERTEX_POINT('',#8413);
#2268=VERTEX_POINT('',#8444);
#2269=VERTEX_POINT('',#8445);
#2270=VERTEX_POINT('',#8451);
#2271=VERTEX_POINT('',#8475);
#2272=VERTEX_POINT('',#8477);
#2273=VERTEX_POINT('',#8479);
#2274=VERTEX_POINT('',#8482);
#2275=VERTEX_POINT('',#8485);
#2276=VERTEX_POINT('',#8487);
#2277=VERTEX_POINT('',#8489);
#2278=VERTEX_POINT('',#8492);
#2279=VERTEX_POINT('',#8494);
#2280=VERTEX_POINT('',#8496);
#2281=VERTEX_POINT('',#8499);
#2282=VERTEX_POINT('',#8501);
#2283=VERTEX_POINT('',#8504);
#2284=VERTEX_POINT('',#8506);
#2285=VERTEX_POINT('',#8508);
#2286=VERTEX_POINT('',#8511);
#2287=VERTEX_POINT('',#8515);
#2288=VERTEX_POINT('',#8519);
#2289=VERTEX_POINT('',#8521);
#2290=VERTEX_POINT('',#8523);
#2291=VERTEX_POINT('',#8525);
#2292=VERTEX_POINT('',#8529);
#2293=VERTEX_POINT('',#8533);
#2294=VERTEX_POINT('',#8535);
#2295=VERTEX_POINT('',#8538);
#2296=VERTEX_POINT('',#8547);
#2297=VERTEX_POINT('',#8552);
#2298=VERTEX_POINT('',#8568);
#2299=VERTEX_POINT('',#8595);
#2300=VERTEX_POINT('',#8597);
#2301=VERTEX_POINT('',#8659);
#2302=VERTEX_POINT('',#8661);
#2303=VERTEX_POINT('',#8729);
#2304=VERTEX_POINT('',#8731);
#2305=VERTEX_POINT('',#8793);
#2306=VERTEX_POINT('',#8795);
#2307=VERTEX_POINT('',#8863);
#2308=VERTEX_POINT('',#8864);
#2309=VERTEX_POINT('',#8869);
#2310=VERTEX_POINT('',#8871);
#2311=VERTEX_POINT('',#8875);
#2312=VERTEX_POINT('',#8877);
#2313=VERTEX_POINT('',#8882);
#2314=VERTEX_POINT('',#8891);
#2315=VERTEX_POINT('',#8902);
#2316=VERTEX_POINT('',#8904);
#2317=VERTEX_POINT('',#8906);
#2318=VERTEX_POINT('',#8908);
#2319=VERTEX_POINT('',#8910);
#2320=VERTEX_POINT('',#8912);
#2321=VERTEX_POINT('',#8914);
#2322=VERTEX_POINT('',#8916);
#2323=VERTEX_POINT('',#8918);
#2324=VERTEX_POINT('',#8920);
#2325=VERTEX_POINT('',#8922);
#2326=VERTEX_POINT('',#8924);
#2327=VERTEX_POINT('',#8926);
#2328=VERTEX_POINT('',#8928);
#2329=VERTEX_POINT('',#8930);
#2330=VERTEX_POINT('',#8932);
#2331=VERTEX_POINT('',#8934);
#2332=VERTEX_POINT('',#8936);
#2333=VERTEX_POINT('',#8938);
#2334=VERTEX_POINT('',#8940);
#2335=VERTEX_POINT('',#8942);
#2336=VERTEX_POINT('',#8944);
#2337=VERTEX_POINT('',#8946);
#2338=VERTEX_POINT('',#8948);
#2339=VERTEX_POINT('',#8950);
#2340=VERTEX_POINT('',#8952);
#2341=VERTEX_POINT('',#8954);
#2342=VERTEX_POINT('',#8956);
#2343=VERTEX_POINT('',#8958);
#2344=VERTEX_POINT('',#8961);
#2345=VERTEX_POINT('',#8963);
#2346=VERTEX_POINT('',#8965);
#2347=VERTEX_POINT('',#8967);
#2348=VERTEX_POINT('',#8970);
#2349=VERTEX_POINT('',#8974);
#2350=VERTEX_POINT('',#8978);
#2351=VERTEX_POINT('',#8980);
#2352=VERTEX_POINT('',#8984);
#2353=VERTEX_POINT('',#8988);
#2354=VERTEX_POINT('',#8992);
#2355=VERTEX_POINT('',#8994);
#2356=VERTEX_POINT('',#8996);
#2357=VERTEX_POINT('',#8998);
#2358=VERTEX_POINT('',#9000);
#2359=VERTEX_POINT('',#9002);
#2360=VERTEX_POINT('',#9005);
#2361=VERTEX_POINT('',#9007);
#2362=VERTEX_POINT('',#9009);
#2363=VERTEX_POINT('',#9011);
#2364=VERTEX_POINT('',#9014);
#2365=VERTEX_POINT('',#9018);
#2366=VERTEX_POINT('',#9020);
#2367=VERTEX_POINT('',#9023);
#2368=VERTEX_POINT('',#9026);
#2369=VERTEX_POINT('',#9027);
#2370=VERTEX_POINT('',#9029);
#2371=VERTEX_POINT('',#9031);
#2372=VERTEX_POINT('',#9035);
#2373=VERTEX_POINT('',#9037);
#2374=VERTEX_POINT('',#9039);
#2375=VERTEX_POINT('',#9041);
#2376=VERTEX_POINT('',#9043);
#2377=VERTEX_POINT('',#9045);
#2378=VERTEX_POINT('',#9047);
#2379=VERTEX_POINT('',#9051);
#2380=VERTEX_POINT('',#9052);
#2381=VERTEX_POINT('',#9054);
#2382=VERTEX_POINT('',#9056);
#2383=VERTEX_POINT('',#9058);
#2384=VERTEX_POINT('',#9060);
#2385=VERTEX_POINT('',#9064);
#2386=VERTEX_POINT('',#9065);
#2387=VERTEX_POINT('',#9067);
#2388=VERTEX_POINT('',#9069);
#2389=VERTEX_POINT('',#9071);
#2390=VERTEX_POINT('',#9073);
#2391=VERTEX_POINT('',#9075);
#2392=VERTEX_POINT('',#9077);
#2393=VERTEX_POINT('',#9079);
#2394=VERTEX_POINT('',#9083);
#2395=VERTEX_POINT('',#9084);
#2396=VERTEX_POINT('',#9089);
#2397=VERTEX_POINT('',#9090);
#2398=VERTEX_POINT('',#9092);
#2399=VERTEX_POINT('',#9094);
#2400=VERTEX_POINT('',#9098);
#2401=VERTEX_POINT('',#9100);
#2402=VERTEX_POINT('',#9102);
#2403=VERTEX_POINT('',#9104);
#2404=VERTEX_POINT('',#9108);
#2405=VERTEX_POINT('',#9110);
#2406=VERTEX_POINT('',#9113);
#2407=VERTEX_POINT('',#9116);
#2408=VERTEX_POINT('',#9122);
#2409=VERTEX_POINT('',#9128);
#2410=VERTEX_POINT('',#9134);
#2411=VERTEX_POINT('',#9140);
#2412=VERTEX_POINT('',#9141);
#2413=VERTEX_POINT('',#9149);
#2414=VERTEX_POINT('',#9153);
#2415=VERTEX_POINT('',#9157);
#2416=VERTEX_POINT('',#9161);
#2417=VERTEX_POINT('',#9165);
#2418=VERTEX_POINT('',#9169);
#2419=VERTEX_POINT('',#9173);
#2420=VERTEX_POINT('',#9193);
#2421=VERTEX_POINT('',#9197);
#2422=VERTEX_POINT('',#9201);
#2423=VERTEX_POINT('',#9205);
#2424=VERTEX_POINT('',#9209);
#2425=VERTEX_POINT('',#9213);
#2426=VERTEX_POINT('',#9217);
#2427=VERTEX_POINT('',#9221);
#2428=VERTEX_POINT('',#9228);
#2429=VERTEX_POINT('',#9232);
#2430=VERTEX_POINT('',#9240);
#2431=VERTEX_POINT('',#9248);
#2432=VERTEX_POINT('',#9252);
#2433=VERTEX_POINT('',#9254);
#2434=VERTEX_POINT('',#9256);
#2435=VERTEX_POINT('',#9260);
#2436=VERTEX_POINT('',#9262);
#2437=VERTEX_POINT('',#9272);
#2438=VERTEX_POINT('',#9279);
#2439=VERTEX_POINT('',#9283);
#2440=VERTEX_POINT('',#9290);
#2441=VERTEX_POINT('',#9292);
#2442=VERTEX_POINT('',#9302);
#2443=VERTEX_POINT('',#9304);
#2444=VERTEX_POINT('',#9306);
#2445=VERTEX_POINT('',#9310);
#2446=VERTEX_POINT('',#9314);
#2447=VERTEX_POINT('',#9339);
#2448=VERTEX_POINT('',#9340);
#2449=VERTEX_POINT('',#9342);
#2450=VERTEX_POINT('',#9347);
#2451=VERTEX_POINT('',#9373);
#2452=VERTEX_POINT('',#9374);
#2453=VERTEX_POINT('',#9400);
#2454=VERTEX_POINT('',#9407);
#2455=VERTEX_POINT('',#9414);
#2456=VERTEX_POINT('',#9415);
#2457=VERTEX_POINT('',#9447);
#2458=VERTEX_POINT('',#9448);
#2459=VERTEX_POINT('',#9450);
#2460=VERTEX_POINT('',#9455);
#2461=VERTEX_POINT('',#9481);
#2462=VERTEX_POINT('',#9482);
#2463=VERTEX_POINT('',#9511);
#2464=VERTEX_POINT('',#9522);
#2465=VERTEX_POINT('',#9529);
#2466=VERTEX_POINT('',#9534);
#2467=VERTEX_POINT('',#9541);
#2468=VERTEX_POINT('',#9548);
#2469=VERTEX_POINT('',#9557);
#2470=VERTEX_POINT('',#9585);
#2471=VERTEX_POINT('',#9587);
#2472=VERTEX_POINT('',#9613);
#2473=VERTEX_POINT('',#9635);
#2474=VERTEX_POINT('',#9644);
#2475=VERTEX_POINT('',#9675);
#2476=VERTEX_POINT('',#9677);
#2477=VERTEX_POINT('',#9703);
#2478=VERTEX_POINT('',#9727);
#2479=VERTEX_POINT('',#9740);
#2480=VERTEX_POINT('',#9750);
#2481=VERTEX_POINT('',#9757);
#2482=VERTEX_POINT('',#9766);
#2483=VERTEX_POINT('',#9767);
#2484=VERTEX_POINT('',#9773);
#2485=VERTEX_POINT('',#9775);
#2486=VERTEX_POINT('',#9807);
#2487=VERTEX_POINT('',#9812);
#2488=VERTEX_POINT('',#9826);
#2489=VERTEX_POINT('',#9857);
#2490=VERTEX_POINT('',#9858);
#2491=VERTEX_POINT('',#9864);
#2492=VERTEX_POINT('',#9882);
#2493=VERTEX_POINT('',#9883);
#2494=VERTEX_POINT('',#9889);
#2495=VERTEX_POINT('',#9921);
#2496=VERTEX_POINT('',#9926);
#2497=VERTEX_POINT('',#9940);
#2498=VERTEX_POINT('',#9971);
#2499=VERTEX_POINT('',#9972);
#2500=VERTEX_POINT('',#9978);
#2501=VERTEX_POINT('',#10002);
#2502=VERTEX_POINT('',#10004);
#2503=VERTEX_POINT('',#10006);
#2504=VERTEX_POINT('',#10009);
#2505=VERTEX_POINT('',#10011);
#2506=VERTEX_POINT('',#10013);
#2507=VERTEX_POINT('',#10016);
#2508=VERTEX_POINT('',#10018);
#2509=VERTEX_POINT('',#10020);
#2510=VERTEX_POINT('',#10023);
#2511=VERTEX_POINT('',#10025);
#2512=VERTEX_POINT('',#10028);
#2513=VERTEX_POINT('',#10030);
#2514=VERTEX_POINT('',#10032);
#2515=VERTEX_POINT('',#10035);
#2516=VERTEX_POINT('',#10037);
#2517=VERTEX_POINT('',#10039);
#2518=VERTEX_POINT('',#10042);
#2519=VERTEX_POINT('',#10044);
#2520=VERTEX_POINT('',#10046);
#2521=VERTEX_POINT('',#10050);
#2522=VERTEX_POINT('',#10054);
#2523=VERTEX_POINT('',#10056);
#2524=VERTEX_POINT('',#10058);
#2525=VERTEX_POINT('',#10060);
#2526=VERTEX_POINT('',#10064);
#2527=VERTEX_POINT('',#10068);
#2528=VERTEX_POINT('',#10070);
#2529=VERTEX_POINT('',#10073);
#2530=VERTEX_POINT('',#10082);
#2531=VERTEX_POINT('',#10087);
#2532=VERTEX_POINT('',#10092);
#2533=VERTEX_POINT('',#10105);
#2534=VERTEX_POINT('',#10123);
#2535=VERTEX_POINT('',#10136);
#2536=VERTEX_POINT('',#10152);
#2537=VERTEX_POINT('',#10154);
#2538=VERTEX_POINT('',#10157);
#2539=VERTEX_POINT('',#10163);
#2540=VERTEX_POINT('',#10166);
#2541=VERTEX_POINT('',#10169);
#2542=VERTEX_POINT('',#10181);
#2543=VERTEX_POINT('',#10210);
#2544=VERTEX_POINT('',#10212);
#2545=VERTEX_POINT('',#10274);
#2546=VERTEX_POINT('',#10276);
#2547=VERTEX_POINT('',#10344);
#2548=VERTEX_POINT('',#10346);
#2549=VERTEX_POINT('',#10408);
#2550=VERTEX_POINT('',#10410);
#2551=EDGE_CURVE('',#2063,#2064,#1911,.T.);
#2552=EDGE_CURVE('',#2064,#2065,#1107,.T.);
#2553=EDGE_CURVE('',#2065,#2066,#885,.T.);
#2554=EDGE_CURVE('',#2066,#2063,#1108,.T.);
#2555=EDGE_CURVE('',#2064,#2067,#1109,.T.);
#2556=EDGE_CURVE('',#2067,#2068,#1110,.T.);
#2557=EDGE_CURVE('',#2068,#2069,#1111,.T.);
#2558=EDGE_CURVE('',#2070,#2069,#1112,.T.);
#2559=EDGE_CURVE('',#2070,#2071,#1113,.T.);
#2560=EDGE_CURVE('',#2071,#2072,#1114,.T.);
#2561=EDGE_CURVE('',#2072,#2073,#1115,.T.);
#2562=EDGE_CURVE('',#2065,#2073,#1116,.T.);
#2563=EDGE_CURVE('',#2074,#2075,#886,.T.);
#2564=EDGE_CURVE('',#2074,#2076,#1117,.T.);
#2565=EDGE_CURVE('',#2076,#2077,#1912,.T.);
#2566=EDGE_CURVE('',#2077,#2075,#1118,.T.);
#2567=EDGE_CURVE('',#2077,#2078,#1119,.T.);
#2568=EDGE_CURVE('',#2078,#2079,#1120,.T.);
#2569=EDGE_CURVE('',#2079,#2080,#1121,.T.);
#2570=EDGE_CURVE('',#2081,#2080,#1122,.T.);
#2571=EDGE_CURVE('',#2082,#2081,#1123,.T.);
#2572=EDGE_CURVE('',#2083,#2082,#1124,.T.);
#2573=EDGE_CURVE('',#2084,#2083,#1125,.F.);
#2574=EDGE_CURVE('',#2084,#2075,#1126,.T.);
#2575=EDGE_CURVE('',#2070,#2085,#887,.T.);
#2576=EDGE_CURVE('',#2069,#2086,#1913,.T.);
#2577=EDGE_CURVE('',#2086,#2085,#1127,.T.);
#2578=EDGE_CURVE('',#2087,#2066,#1128,.T.);
#2579=EDGE_CURVE('',#2088,#2087,#1129,.T.);
#2580=EDGE_CURVE('',#2088,#2085,#1130,.T.);
#2581=EDGE_CURVE('',#2063,#2086,#888,.T.);
#2582=EDGE_CURVE('',#2089,#2089,#889,.T.);
#2583=EDGE_CURVE('',#2080,#2090,#1914,.T.);
#2584=EDGE_CURVE('',#2090,#2091,#1131,.T.);
#2585=EDGE_CURVE('',#2091,#2081,#890,.T.);
#2586=EDGE_CURVE('',#2074,#2092,#1132,.T.);
#2587=EDGE_CURVE('',#2093,#2092,#1133,.T.);
#2588=EDGE_CURVE('',#2093,#2091,#1134,.T.);
#2589=EDGE_CURVE('',#2076,#2090,#891,.T.);
#2590=EDGE_CURVE('',#2094,#2094,#892,.T.);
#2591=EDGE_CURVE('',#2079,#2078,#893,.T.);
#2592=EDGE_CURVE('',#2095,#2096,#1915,.T.);
#2593=EDGE_CURVE('',#2096,#2097,#894,.T.);
#2594=EDGE_CURVE('',#2098,#2097,#1135,.T.);
#2595=EDGE_CURVE('',#2098,#2095,#895,.T.);
#2596=EDGE_CURVE('',#2095,#2099,#896,.T.);
#2597=EDGE_CURVE('',#2100,#2099,#1916,.T.);
#2598=EDGE_CURVE('',#2101,#2100,#1917,.T.);
#2599=EDGE_CURVE('',#2101,#2102,#897,.T.);
#2600=EDGE_CURVE('',#2096,#2102,#1918,.T.);
#2601=EDGE_CURVE('',#2103,#2098,#1136,.T.);
#2602=EDGE_CURVE('',#2104,#2103,#898,.T.);
#2603=EDGE_CURVE('',#2105,#2104,#1137,.T.);
#2604=EDGE_CURVE('',#2106,#2105,#899,.T.);
#2605=EDGE_CURVE('',#2107,#2106,#1138,.T.);
#2606=EDGE_CURVE('',#2108,#2107,#900,.T.);
#2607=EDGE_CURVE('',#2109,#2108,#901,.T.);
#2608=EDGE_CURVE('',#2110,#2109,#1139,.T.);
#2609=EDGE_CURVE('',#2111,#2110,#902,.T.);
#2610=EDGE_CURVE('',#2112,#2111,#903,.T.);
#2611=EDGE_CURVE('',#2113,#2112,#1140,.T.);
#2612=EDGE_CURVE('',#2114,#2113,#904,.T.);
#2613=EDGE_CURVE('',#2115,#2114,#1141,.T.);
#2614=EDGE_CURVE('',#2116,#2115,#905,.T.);
#2615=EDGE_CURVE('',#2117,#2116,#1142,.T.);
#2616=EDGE_CURVE('',#2118,#2117,#906,.T.);
#2617=EDGE_CURVE('',#2119,#2118,#1143,.T.);
#2618=EDGE_CURVE('',#2120,#2119,#907,.T.);
#2619=EDGE_CURVE('',#2121,#2120,#1144,.T.);
#2620=EDGE_CURVE('',#2122,#2121,#908,.T.);
#2621=EDGE_CURVE('',#2123,#2122,#909,.T.);
#2622=EDGE_CURVE('',#2124,#2123,#1145,.T.);
#2623=EDGE_CURVE('',#2125,#2124,#910,.T.);
#2624=EDGE_CURVE('',#2126,#2125,#911,.T.);
#2625=EDGE_CURVE('',#2127,#2126,#1146,.T.);
#2626=EDGE_CURVE('',#2128,#2127,#912,.T.);
#2627=EDGE_CURVE('',#2129,#2128,#1147,.T.);
#2628=EDGE_CURVE('',#2130,#2129,#913,.T.);
#2629=EDGE_CURVE('',#2131,#2130,#1148,.T.);
#2630=EDGE_CURVE('',#2099,#2131,#914,.T.);
#2631=EDGE_CURVE('',#2132,#2132,#915,.T.);
#2632=EDGE_CURVE('',#2133,#2133,#916,.T.);
#2633=EDGE_CURVE('',#2134,#2134,#917,.T.);
#2634=EDGE_CURVE('',#2135,#2135,#918,.T.);
#2635=EDGE_CURVE('',#2131,#2136,#1149,.T.);
#2636=EDGE_CURVE('',#2136,#2100,#919,.T.);
#2637=EDGE_CURVE('',#2137,#2130,#1150,.T.);
#2638=EDGE_CURVE('',#2137,#2136,#1151,.T.);
#2639=EDGE_CURVE('',#2136,#2138,#1152,.T.);
#2640=EDGE_CURVE('',#2138,#2139,#920,.T.);
#2641=EDGE_CURVE('',#2139,#2101,#1153,.T.);
#2642=EDGE_CURVE('',#2140,#2139,#921,.T.);
#2643=EDGE_CURVE('',#2102,#2140,#1154,.T.);
#2644=EDGE_CURVE('',#2140,#2141,#922,.T.);
#2645=EDGE_CURVE('',#2141,#2097,#1155,.T.);
#2646=EDGE_CURVE('',#2138,#2142,#1156,.T.);
#2647=EDGE_CURVE('',#2143,#2142,#923,.F.);
#2648=EDGE_CURVE('',#2144,#2143,#1157,.T.);
#2649=EDGE_CURVE('',#2145,#2144,#1158,.T.);
#2650=EDGE_CURVE('',#2146,#2145,#1159,.T.);
#2651=EDGE_CURVE('',#2147,#2146,#924,.F.);
#2652=EDGE_CURVE('',#2147,#2141,#1160,.T.);
#2653=EDGE_CURVE('',#2148,#2148,#925,.T.);
#2654=EDGE_CURVE('',#2149,#2149,#926,.T.);
#2655=EDGE_CURVE('',#2150,#2150,#927,.T.);
#2656=EDGE_CURVE('',#2151,#2151,#928,.T.);
#2657=EDGE_CURVE('',#2097,#2152,#1161,.T.);
#2658=EDGE_CURVE('',#2152,#2103,#1162,.T.);
#2659=EDGE_CURVE('',#2153,#2147,#1163,.T.);
#2660=EDGE_CURVE('',#2154,#2153,#1164,.T.);
#2661=EDGE_CURVE('',#2152,#2154,#1165,.T.);
#2662=EDGE_CURVE('',#2155,#2155,#929,.T.);
#2663=EDGE_CURVE('',#2156,#2082,#930,.T.);
#2664=EDGE_CURVE('',#2156,#2157,#1166,.T.);
#2665=EDGE_CURVE('',#2083,#2157,#75,.T.);
#2666=EDGE_CURVE('',#2158,#2159,#1167,.F.);
#2667=EDGE_CURVE('',#2160,#2159,#1168,.T.);
#2668=EDGE_CURVE('',#2161,#2160,#1169,.T.);
#2669=EDGE_CURVE('',#2161,#2162,#1170,.T.);
#2670=EDGE_CURVE('',#2163,#2162,#1171,.T.);
#2671=EDGE_CURVE('',#2158,#2163,#1172,.T.);
#2672=EDGE_CURVE('',#2164,#2165,#1173,.T.);
#2673=EDGE_CURVE('',#2159,#2165,#931,.T.);
#2674=EDGE_CURVE('',#2164,#2158,#932,.T.);
#2675=EDGE_CURVE('',#2166,#2167,#1174,.T.);
#2676=EDGE_CURVE('',#2168,#2166,#933,.T.);
#2677=EDGE_CURVE('',#2168,#2169,#1175,.T.);
#2678=EDGE_CURVE('',#2167,#2169,#934,.T.);
#2679=EDGE_CURVE('',#2170,#2167,#1176,.T.);
#2680=EDGE_CURVE('',#2171,#2170,#1177,.T.);
#2681=EDGE_CURVE('',#2171,#2172,#1178,.T.);
#2682=EDGE_CURVE('',#2173,#2172,#1179,.T.);
#2683=EDGE_CURVE('',#2166,#2173,#1180,.T.);
#2684=EDGE_CURVE('',#2174,#2137,#1181,.T.);
#2685=EDGE_CURVE('',#2175,#2174,#1182,.T.);
#2686=EDGE_CURVE('',#2142,#2175,#1183,.T.);
#2687=EDGE_CURVE('',#2176,#2176,#935,.T.);
#2688=EDGE_CURVE('',#2135,#2177,#1184,.T.);
#2689=EDGE_CURVE('',#2177,#2177,#936,.T.);
#2690=EDGE_CURVE('',#2151,#2177,#1185,.T.);
#2691=EDGE_CURVE('',#2132,#2178,#1186,.T.);
#2692=EDGE_CURVE('',#2178,#2178,#937,.T.);
#2693=EDGE_CURVE('',#2150,#2178,#1187,.T.);
#2694=EDGE_CURVE('',#2134,#2179,#1188,.T.);
#2695=EDGE_CURVE('',#2179,#2179,#938,.T.);
#2696=EDGE_CURVE('',#2148,#2179,#1189,.T.);
#2697=EDGE_CURVE('',#2133,#2180,#1190,.T.);
#2698=EDGE_CURVE('',#2180,#2180,#939,.T.);
#2699=EDGE_CURVE('',#2149,#2180,#1191,.T.);
#2700=EDGE_CURVE('',#2181,#2182,#1192,.T.);
#2701=EDGE_CURVE('',#2182,#2129,#1193,.T.);
#2702=EDGE_CURVE('',#2128,#2181,#1919,.T.);
#2703=EDGE_CURVE('',#2127,#2183,#1194,.T.);
#2704=EDGE_CURVE('',#2183,#2181,#940,.T.);
#2705=EDGE_CURVE('',#2126,#2184,#1195,.T.);
#2706=EDGE_CURVE('',#2184,#2183,#1196,.T.);
#2707=EDGE_CURVE('',#2125,#2185,#1197,.T.);
#2708=EDGE_CURVE('',#2185,#2184,#941,.T.);
#2709=EDGE_CURVE('',#2124,#2186,#1198,.T.);
#2710=EDGE_CURVE('',#2186,#2185,#942,.T.);
#2711=EDGE_CURVE('',#2123,#2187,#1199,.T.);
#2712=EDGE_CURVE('',#2187,#2186,#1200,.T.);
#2713=EDGE_CURVE('',#2122,#2188,#1201,.T.);
#2714=EDGE_CURVE('',#2188,#2187,#943,.T.);
#2715=EDGE_CURVE('',#2121,#2189,#1202,.T.);
#2716=EDGE_CURVE('',#2189,#2188,#944,.T.);
#2717=EDGE_CURVE('',#2120,#2165,#1203,.T.);
#2718=EDGE_CURVE('',#2165,#2189,#1204,.T.);
#2719=EDGE_CURVE('',#2119,#2159,#1920,.T.);
#2720=EDGE_CURVE('',#2173,#2115,#1205,.T.);
#2721=EDGE_CURVE('',#2114,#2166,#1921,.T.);
#2722=EDGE_CURVE('',#2113,#2168,#1206,.T.);
#2723=EDGE_CURVE('',#2112,#2190,#1207,.T.);
#2724=EDGE_CURVE('',#2190,#2168,#1208,.T.);
#2725=EDGE_CURVE('',#2111,#2191,#1209,.T.);
#2726=EDGE_CURVE('',#2191,#2190,#945,.T.);
#2727=EDGE_CURVE('',#2110,#2192,#1210,.T.);
#2728=EDGE_CURVE('',#2192,#2191,#946,.T.);
#2729=EDGE_CURVE('',#2109,#2193,#1211,.T.);
#2730=EDGE_CURVE('',#2193,#2192,#1212,.T.);
#2731=EDGE_CURVE('',#2108,#2194,#1213,.T.);
#2732=EDGE_CURVE('',#2194,#2193,#947,.T.);
#2733=EDGE_CURVE('',#2107,#2195,#1214,.T.);
#2734=EDGE_CURVE('',#2195,#2194,#948,.T.);
#2735=EDGE_CURVE('',#2106,#2196,#1215,.T.);
#2736=EDGE_CURVE('',#2196,#2195,#1216,.T.);
#2737=EDGE_CURVE('',#2197,#2196,#949,.T.);
#2738=EDGE_CURVE('',#2105,#2197,#1922,.T.);
#2739=EDGE_CURVE('',#2173,#2198,#950,.T.);
#2740=EDGE_CURVE('',#2198,#2116,#1217,.T.);
#2741=EDGE_CURVE('',#2199,#2117,#1218,.T.);
#2742=EDGE_CURVE('',#2198,#2199,#1219,.T.);
#2743=EDGE_CURVE('',#2199,#2160,#951,.T.);
#2744=EDGE_CURVE('',#2160,#2118,#1220,.T.);
#2745=EDGE_CURVE('',#2152,#2200,#952,.T.);
#2746=EDGE_CURVE('',#2200,#2104,#1221,.T.);
#2747=EDGE_CURVE('',#2200,#2197,#1222,.T.);
#2748=EDGE_CURVE('',#2182,#2137,#953,.T.);
#2749=EDGE_CURVE('',#2172,#2201,#76,.T.);
#2750=EDGE_CURVE('',#2201,#2198,#1223,.T.);
#2751=EDGE_CURVE('',#2190,#2202,#1224,.T.);
#2752=EDGE_CURVE('',#2203,#2202,#1225,.T.);
#2753=EDGE_CURVE('',#2204,#2203,#1226,.T.);
#2754=EDGE_CURVE('',#2169,#2204,#1227,.T.);
#2755=EDGE_CURVE('',#2191,#2205,#1228,.T.);
#2756=EDGE_CURVE('',#2206,#2205,#1923,.T.);
#2757=EDGE_CURVE('',#2202,#2206,#1924,.T.);
#2758=EDGE_CURVE('',#2192,#2207,#1229,.T.);
#2759=EDGE_CURVE('',#2205,#2207,#1925,.T.);
#2760=EDGE_CURVE('',#2208,#2193,#1230,.T.);
#2761=EDGE_CURVE('',#2207,#2208,#1231,.T.);
#2762=EDGE_CURVE('',#2209,#2194,#1232,.T.);
#2763=EDGE_CURVE('',#2208,#2209,#1926,.T.);
#2764=EDGE_CURVE('',#2195,#2210,#1233,.T.);
#2765=EDGE_CURVE('',#2211,#2210,#1927,.T.);
#2766=EDGE_CURVE('',#2209,#2211,#1928,.T.);
#2767=EDGE_CURVE('',#2212,#2196,#1234,.T.);
#2768=EDGE_CURVE('',#2213,#2212,#1235,.T.);
#2769=EDGE_CURVE('',#2213,#2214,#1236,.T.);
#2770=EDGE_CURVE('',#2210,#2214,#1237,.T.);
#2771=EDGE_CURVE('',#2215,#2197,#1238,.T.);
#2772=EDGE_CURVE('',#2212,#2215,#954,.T.);
#2773=EDGE_CURVE('',#2216,#2200,#1239,.T.);
#2774=EDGE_CURVE('',#2215,#2216,#1240,.T.);
#2775=EDGE_CURVE('',#2216,#2154,#955,.T.);
#2776=EDGE_CURVE('',#2217,#2218,#956,.T.);
#2777=EDGE_CURVE('',#2218,#2219,#1929,.T.);
#2778=EDGE_CURVE('',#2219,#2220,#957,.T.);
#2779=EDGE_CURVE('',#2220,#2217,#1930,.T.);
#2780=EDGE_CURVE('',#2221,#2222,#958,.T.);
#2781=EDGE_CURVE('',#2222,#2220,#1931,.T.);
#2782=EDGE_CURVE('',#2219,#2221,#1932,.T.);
#2783=EDGE_CURVE('',#2217,#2223,#1933,.T.);
#2784=EDGE_CURVE('',#2223,#2224,#959,.T.);
#2785=EDGE_CURVE('',#2224,#2218,#1934,.T.);
#2786=EDGE_CURVE('',#2225,#2226,#1935,.F.);
#2787=EDGE_CURVE('',#2225,#2224,#1241,.T.);
#2788=EDGE_CURVE('',#2223,#2226,#1936,.T.);
#2789=EDGE_CURVE('',#2227,#2228,#960,.T.);
#2790=EDGE_CURVE('',#2228,#2229,#1937,.T.);
#2791=EDGE_CURVE('',#2229,#2230,#961,.T.);
#2792=EDGE_CURVE('',#2230,#2227,#1938,.T.);
#2793=EDGE_CURVE('',#2231,#2232,#962,.T.);
#2794=EDGE_CURVE('',#2232,#2230,#1939,.T.);
#2795=EDGE_CURVE('',#2229,#2231,#1940,.T.);
#2796=EDGE_CURVE('',#2227,#2222,#1242,.T.);
#2797=EDGE_CURVE('',#2221,#2228,#1243,.T.);
#2798=EDGE_CURVE('',#2232,#2233,#1941,.F.);
#2799=EDGE_CURVE('',#2231,#2234,#1942,.T.);
#2800=EDGE_CURVE('',#2234,#2233,#963,.T.);
#2801=EDGE_CURVE('',#2233,#2235,#1943,.F.);
#2802=EDGE_CURVE('',#2234,#2236,#1244,.T.);
#2803=EDGE_CURVE('',#2236,#2235,#1944,.T.);
#2804=EDGE_CURVE('',#2232,#2237,#1945,.T.);
#2805=EDGE_CURVE('',#2237,#2238,#1245,.T.);
#2806=EDGE_CURVE('',#2238,#2217,#1946,.T.);
#2807=EDGE_CURVE('',#2239,#2164,#1246,.T.);
#2808=EDGE_CURVE('',#2239,#2236,#1247,.T.);
#2809=EDGE_CURVE('',#2189,#2234,#1248,.T.);
#2810=EDGE_CURVE('',#2229,#2188,#1249,.T.);
#2811=EDGE_CURVE('',#2228,#2187,#1250,.T.);
#2812=EDGE_CURVE('',#2240,#2206,#964,.T.);
#2813=EDGE_CURVE('',#2205,#2241,#965,.T.);
#2814=EDGE_CURVE('',#2241,#2240,#1947,.T.);
#2815=EDGE_CURVE('',#2207,#2242,#966,.T.);
#2816=EDGE_CURVE('',#2242,#2241,#1948,.T.);
#2817=EDGE_CURVE('',#2240,#2243,#1949,.T.);
#2818=EDGE_CURVE('',#2243,#2202,#967,.T.);
#2819=EDGE_CURVE('',#2203,#2244,#1950,.F.);
#2820=EDGE_CURVE('',#2243,#2244,#1951,.T.);
#2821=EDGE_CURVE('',#2245,#2208,#968,.T.);
#2822=EDGE_CURVE('',#2209,#2246,#969,.T.);
#2823=EDGE_CURVE('',#2246,#2245,#1952,.T.);
#2824=EDGE_CURVE('',#2211,#2247,#970,.T.);
#2825=EDGE_CURVE('',#2247,#2246,#1953,.T.);
#2826=EDGE_CURVE('',#2245,#2242,#1251,.T.);
#2827=EDGE_CURVE('',#2247,#2248,#1954,.F.);
#2828=EDGE_CURVE('',#2210,#2248,#971,.T.);
#2829=EDGE_CURVE('',#2248,#2249,#1955,.F.);
#2830=EDGE_CURVE('',#2214,#2249,#1956,.T.);
#2831=EDGE_CURVE('',#2247,#2250,#1957,.T.);
#2832=EDGE_CURVE('',#2250,#2251,#1252,.T.);
#2833=EDGE_CURVE('',#2251,#2240,#1958,.T.);
#2834=EDGE_CURVE('',#2252,#2253,#1959,.T.);
#2835=EDGE_CURVE('',#2252,#2254,#1253,.T.);
#2836=EDGE_CURVE('',#2255,#2254,#972,.T.);
#2837=EDGE_CURVE('',#2255,#2225,#1254,.T.);
#2838=EDGE_CURVE('',#2226,#2253,#1960,.T.);
#2839=EDGE_CURVE('',#2238,#2256,#1961,.T.);
#2840=EDGE_CURVE('',#2257,#2256,#1962,.T.);
#2841=EDGE_CURVE('',#2252,#2257,#1963,.T.);
#2842=EDGE_CURVE('',#2258,#2237,#1964,.T.);
#2843=EDGE_CURVE('',#2256,#2258,#1255,.T.);
#2844=EDGE_CURVE('',#2259,#2260,#1965,.T.);
#2845=EDGE_CURVE('',#2261,#2260,#1966,.T.);
#2846=EDGE_CURVE('',#2258,#2261,#1967,.T.);
#2847=EDGE_CURVE('',#2235,#2259,#1968,.T.);
#2848=EDGE_CURVE('',#2262,#2263,#1969,.T.);
#2849=EDGE_CURVE('',#2262,#2264,#1256,.T.);
#2850=EDGE_CURVE('',#2204,#2264,#973,.T.);
#2851=EDGE_CURVE('',#2244,#2263,#1970,.T.);
#2852=EDGE_CURVE('',#2251,#2265,#1971,.T.);
#2853=EDGE_CURVE('',#2266,#2265,#1972,.T.);
#2854=EDGE_CURVE('',#2262,#2266,#1973,.T.);
#2855=EDGE_CURVE('',#2267,#2250,#1974,.T.);
#2856=EDGE_CURVE('',#2265,#2267,#1257,.T.);
#2857=EDGE_CURVE('',#2268,#2269,#1975,.T.);
#2858=EDGE_CURVE('',#2270,#2269,#1976,.T.);
#2859=EDGE_CURVE('',#2267,#2270,#1977,.T.);
#2860=EDGE_CURVE('',#2249,#2268,#1978,.T.);
#2861=EDGE_CURVE('',#2185,#2219,#1258,.T.);
#2862=EDGE_CURVE('',#2184,#2224,#1259,.T.);
#2863=EDGE_CURVE('',#2186,#2221,#1260,.T.);
#2864=EDGE_CURVE('',#2271,#2073,#974,.T.);
#2865=EDGE_CURVE('',#2271,#2272,#1261,.T.);
#2866=EDGE_CURVE('',#2272,#2273,#1262,.T.);
#2867=EDGE_CURVE('',#2273,#2156,#1263,.T.);
#2868=EDGE_CURVE('',#2093,#2274,#1264,.T.);
#2869=EDGE_CURVE('',#2274,#2175,#975,.T.);
#2870=EDGE_CURVE('',#2174,#2275,#976,.T.);
#2871=EDGE_CURVE('',#2275,#2276,#1265,.T.);
#2872=EDGE_CURVE('',#2276,#2277,#977,.T.);
#2873=EDGE_CURVE('',#2277,#2255,#1266,.T.);
#2874=EDGE_CURVE('',#2254,#2278,#978,.T.);
#2875=EDGE_CURVE('',#2278,#2279,#1267,.T.);
#2876=EDGE_CURVE('',#2279,#2280,#979,.T.);
#2877=EDGE_CURVE('',#2280,#2239,#980,.T.);
#2878=EDGE_CURVE('',#2163,#2281,#981,.T.);
#2879=EDGE_CURVE('',#2281,#2282,#1268,.T.);
#2880=EDGE_CURVE('',#2282,#2170,#982,.T.);
#2881=EDGE_CURVE('',#2264,#2283,#983,.T.);
#2882=EDGE_CURVE('',#2283,#2284,#1269,.T.);
#2883=EDGE_CURVE('',#2284,#2285,#984,.T.);
#2884=EDGE_CURVE('',#2285,#2213,#985,.T.);
#2885=EDGE_CURVE('',#2153,#2286,#986,.T.);
#2886=EDGE_CURVE('',#2286,#2087,#1270,.T.);
#2887=EDGE_CURVE('',#2072,#2287,#77,.F.);
#2888=EDGE_CURVE('',#2287,#2271,#1271,.T.);
#2889=EDGE_CURVE('',#2288,#2281,#1272,.T.);
#2890=EDGE_CURVE('',#2288,#2289,#1273,.T.);
#2891=EDGE_CURVE('',#2289,#2290,#1274,.T.);
#2892=EDGE_CURVE('',#2290,#2291,#1275,.T.);
#2893=EDGE_CURVE('',#2282,#2291,#1276,.T.);
#2894=EDGE_CURVE('',#2292,#2273,#1277,.T.);
#2895=EDGE_CURVE('',#2157,#2292,#1278,.T.);
#2896=EDGE_CURVE('',#2272,#2293,#1279,.T.);
#2897=EDGE_CURVE('',#2294,#2293,#1280,.T.);
#2898=EDGE_CURVE('',#2145,#2294,#1281,.T.);
#2899=EDGE_CURVE('',#2144,#2295,#1282,.T.);
#2900=EDGE_CURVE('',#2292,#2295,#1283,.T.);
#2901=EDGE_CURVE('',#2183,#2277,#1284,.T.);
#2902=EDGE_CURVE('',#2293,#2287,#1285,.T.);
#2903=EDGE_CURVE('',#2162,#2288,#78,.F.);
#2904=EDGE_CURVE('',#2296,#2161,#79,.T.);
#2905=EDGE_CURVE('',#2201,#2296,#1286,.T.);
#2906=EDGE_CURVE('',#2291,#2171,#80,.F.);
#2907=EDGE_CURVE('',#2295,#2297,#1287,.T.);
#2908=EDGE_CURVE('',#2297,#2084,#1288,.T.);
#2909=EDGE_CURVE('',#2068,#2067,#987,.T.);
#2910=EDGE_CURVE('',#2176,#2094,#1289,.T.);
#2911=EDGE_CURVE('',#2155,#2089,#1290,.T.);
#2912=EDGE_CURVE('',#2274,#2143,#1291,.T.);
#2913=EDGE_CURVE('',#2146,#2286,#1292,.T.);
#2914=EDGE_CURVE('',#2298,#2294,#1293,.T.);
#2915=EDGE_CURVE('',#2298,#2088,#1294,.T.);
#2916=EDGE_CURVE('',#2092,#2297,#1295,.T.);
#2917=EDGE_CURVE('',#2071,#2298,#1296,.T.);
#2918=EDGE_CURVE('',#2260,#2299,#988,.T.);
#2919=EDGE_CURVE('',#2299,#2300,#1979,.T.);
#2920=EDGE_CURVE('',#2261,#2300,#989,.T.);
#2921=EDGE_CURVE('',#2300,#2258,#1980,.T.);
#2922=EDGE_CURVE('',#2301,#2252,#990,.T.);
#2923=EDGE_CURVE('',#2302,#2257,#991,.T.);
#2924=EDGE_CURVE('',#2302,#2301,#1981,.T.);
#2925=EDGE_CURVE('',#2256,#2302,#1982,.T.);
#2926=EDGE_CURVE('',#2300,#2302,#1297,.T.);
#2927=EDGE_CURVE('',#2260,#2280,#1298,.T.);
#2928=EDGE_CURVE('',#2279,#2299,#1299,.T.);
#2929=EDGE_CURVE('',#2269,#2303,#992,.T.);
#2930=EDGE_CURVE('',#2303,#2304,#1983,.T.);
#2931=EDGE_CURVE('',#2270,#2304,#993,.T.);
#2932=EDGE_CURVE('',#2304,#2267,#1984,.T.);
#2933=EDGE_CURVE('',#2305,#2262,#994,.T.);
#2934=EDGE_CURVE('',#2306,#2266,#995,.T.);
#2935=EDGE_CURVE('',#2306,#2305,#1985,.T.);
#2936=EDGE_CURVE('',#2265,#2306,#1986,.T.);
#2937=EDGE_CURVE('',#2304,#2306,#1300,.T.);
#2938=EDGE_CURVE('',#2269,#2285,#1301,.T.);
#2939=EDGE_CURVE('',#2284,#2303,#1302,.T.);
#2940=EDGE_CURVE('',#2199,#2296,#1303,.T.);
#2941=EDGE_CURVE('',#2182,#2275,#1304,.T.);
#2942=EDGE_CURVE('',#2181,#2276,#1305,.T.);
#2943=EDGE_CURVE('',#2301,#2278,#1306,.T.);
#2944=EDGE_CURVE('',#2305,#2283,#1307,.T.);
#2945=EDGE_CURVE('',#2307,#2308,#1987,.T.);
#2946=EDGE_CURVE('',#2308,#2309,#996,.T.);
#2947=EDGE_CURVE('',#2310,#2309,#1308,.T.);
#2948=EDGE_CURVE('',#2310,#2307,#997,.T.);
#2949=EDGE_CURVE('',#2307,#2311,#998,.T.);
#2950=EDGE_CURVE('',#2312,#2311,#1988,.T.);
#2951=EDGE_CURVE('',#2313,#2312,#1989,.T.);
#2952=EDGE_CURVE('',#2313,#2314,#999,.T.);
#2953=EDGE_CURVE('',#2308,#2314,#1990,.T.);
#2954=EDGE_CURVE('',#2315,#2310,#1309,.T.);
#2955=EDGE_CURVE('',#2316,#2315,#1000,.T.);
#2956=EDGE_CURVE('',#2317,#2316,#1310,.T.);
#2957=EDGE_CURVE('',#2318,#2317,#1001,.T.);
#2958=EDGE_CURVE('',#2319,#2318,#1311,.T.);
#2959=EDGE_CURVE('',#2320,#2319,#1002,.T.);
#2960=EDGE_CURVE('',#2321,#2320,#1003,.T.);
#2961=EDGE_CURVE('',#2322,#2321,#1312,.T.);
#2962=EDGE_CURVE('',#2323,#2322,#1004,.T.);
#2963=EDGE_CURVE('',#2324,#2323,#1005,.T.);
#2964=EDGE_CURVE('',#2325,#2324,#1313,.T.);
#2965=EDGE_CURVE('',#2326,#2325,#1006,.T.);
#2966=EDGE_CURVE('',#2327,#2326,#1314,.T.);
#2967=EDGE_CURVE('',#2328,#2327,#1007,.T.);
#2968=EDGE_CURVE('',#2329,#2328,#1315,.T.);
#2969=EDGE_CURVE('',#2330,#2329,#1008,.T.);
#2970=EDGE_CURVE('',#2331,#2330,#1316,.T.);
#2971=EDGE_CURVE('',#2332,#2331,#1009,.T.);
#2972=EDGE_CURVE('',#2333,#2332,#1317,.T.);
#2973=EDGE_CURVE('',#2334,#2333,#1010,.T.);
#2974=EDGE_CURVE('',#2335,#2334,#1011,.T.);
#2975=EDGE_CURVE('',#2336,#2335,#1318,.T.);
#2976=EDGE_CURVE('',#2337,#2336,#1012,.T.);
#2977=EDGE_CURVE('',#2338,#2337,#1013,.T.);
#2978=EDGE_CURVE('',#2339,#2338,#1319,.T.);
#2979=EDGE_CURVE('',#2340,#2339,#1014,.T.);
#2980=EDGE_CURVE('',#2341,#2340,#1320,.T.);
#2981=EDGE_CURVE('',#2342,#2341,#1015,.T.);
#2982=EDGE_CURVE('',#2343,#2342,#1321,.T.);
#2983=EDGE_CURVE('',#2311,#2343,#1016,.T.);
#2984=EDGE_CURVE('',#2344,#2344,#1017,.T.);
#2985=EDGE_CURVE('',#2345,#2345,#1018,.T.);
#2986=EDGE_CURVE('',#2346,#2346,#1019,.T.);
#2987=EDGE_CURVE('',#2347,#2347,#1020,.T.);
#2988=EDGE_CURVE('',#2343,#2348,#1322,.T.);
#2989=EDGE_CURVE('',#2348,#2312,#1021,.T.);
#2990=EDGE_CURVE('',#2349,#2342,#1323,.T.);
#2991=EDGE_CURVE('',#2349,#2348,#1324,.T.);
#2992=EDGE_CURVE('',#2348,#2350,#1325,.T.);
#2993=EDGE_CURVE('',#2350,#2351,#1022,.T.);
#2994=EDGE_CURVE('',#2351,#2313,#1326,.T.);
#2995=EDGE_CURVE('',#2352,#2351,#1023,.T.);
#2996=EDGE_CURVE('',#2314,#2352,#1327,.T.);
#2997=EDGE_CURVE('',#2352,#2353,#1024,.T.);
#2998=EDGE_CURVE('',#2353,#2309,#1328,.T.);
#2999=EDGE_CURVE('',#2350,#2354,#1329,.T.);
#3000=EDGE_CURVE('',#2355,#2354,#1025,.F.);
#3001=EDGE_CURVE('',#2356,#2355,#1330,.T.);
#3002=EDGE_CURVE('',#2357,#2356,#1331,.T.);
#3003=EDGE_CURVE('',#2358,#2357,#1332,.T.);
#3004=EDGE_CURVE('',#2359,#2358,#1026,.F.);
#3005=EDGE_CURVE('',#2359,#2353,#1333,.T.);
#3006=EDGE_CURVE('',#2360,#2360,#1027,.T.);
#3007=EDGE_CURVE('',#2361,#2361,#1028,.T.);
#3008=EDGE_CURVE('',#2362,#2362,#1029,.T.);
#3009=EDGE_CURVE('',#2363,#2363,#1030,.T.);
#3010=EDGE_CURVE('',#2309,#2364,#1334,.T.);
#3011=EDGE_CURVE('',#2364,#2315,#1335,.T.);
#3012=EDGE_CURVE('',#2365,#2359,#1336,.T.);
#3013=EDGE_CURVE('',#2366,#2365,#1337,.T.);
#3014=EDGE_CURVE('',#2364,#2366,#1338,.T.);
#3015=EDGE_CURVE('',#2367,#2367,#1031,.T.);
#3016=EDGE_CURVE('',#2368,#2369,#1032,.T.);
#3017=EDGE_CURVE('',#2368,#2370,#1339,.T.);
#3018=EDGE_CURVE('',#2371,#2370,#81,.T.);
#3019=EDGE_CURVE('',#2371,#2369,#1340,.T.);
#3020=EDGE_CURVE('',#2372,#2371,#1341,.F.);
#3021=EDGE_CURVE('',#2372,#2373,#1342,.T.);
#3022=EDGE_CURVE('',#2374,#2373,#1343,.T.);
#3023=EDGE_CURVE('',#2374,#2375,#1344,.T.);
#3024=EDGE_CURVE('',#2375,#2376,#1345,.T.);
#3025=EDGE_CURVE('',#2376,#2377,#1346,.T.);
#3026=EDGE_CURVE('',#2378,#2377,#1347,.T.);
#3027=EDGE_CURVE('',#2369,#2378,#1348,.T.);
#3028=EDGE_CURVE('',#2379,#2380,#1349,.F.);
#3029=EDGE_CURVE('',#2381,#2380,#1350,.T.);
#3030=EDGE_CURVE('',#2382,#2381,#1351,.T.);
#3031=EDGE_CURVE('',#2382,#2383,#1352,.T.);
#3032=EDGE_CURVE('',#2384,#2383,#1353,.T.);
#3033=EDGE_CURVE('',#2379,#2384,#1354,.T.);
#3034=EDGE_CURVE('',#2385,#2386,#1355,.T.);
#3035=EDGE_CURVE('',#2387,#2386,#1356,.T.);
#3036=EDGE_CURVE('',#2388,#2387,#1357,.T.);
#3037=EDGE_CURVE('',#2388,#2389,#1358,.T.);
#3038=EDGE_CURVE('',#2389,#2390,#1359,.T.);
#3039=EDGE_CURVE('',#2390,#2391,#1360,.T.);
#3040=EDGE_CURVE('',#2392,#2391,#1361,.T.);
#3041=EDGE_CURVE('',#2392,#2393,#1362,.T.);
#3042=EDGE_CURVE('',#2393,#2385,#1363,.T.);
#3043=EDGE_CURVE('',#2394,#2395,#1364,.T.);
#3044=EDGE_CURVE('',#2380,#2395,#1033,.T.);
#3045=EDGE_CURVE('',#2394,#2379,#1034,.T.);
#3046=EDGE_CURVE('',#2396,#2397,#1365,.T.);
#3047=EDGE_CURVE('',#2398,#2396,#1035,.T.);
#3048=EDGE_CURVE('',#2398,#2399,#1366,.T.);
#3049=EDGE_CURVE('',#2397,#2399,#1036,.T.);
#3050=EDGE_CURVE('',#2400,#2397,#1367,.T.);
#3051=EDGE_CURVE('',#2401,#2400,#1368,.T.);
#3052=EDGE_CURVE('',#2401,#2402,#1369,.T.);
#3053=EDGE_CURVE('',#2403,#2402,#1370,.T.);
#3054=EDGE_CURVE('',#2396,#2403,#1371,.T.);
#3055=EDGE_CURVE('',#2404,#2349,#1372,.T.);
#3056=EDGE_CURVE('',#2405,#2404,#1373,.T.);
#3057=EDGE_CURVE('',#2354,#2405,#1374,.T.);
#3058=EDGE_CURVE('',#2406,#2406,#1037,.T.);
#3059=EDGE_CURVE('',#2347,#2407,#1375,.T.);
#3060=EDGE_CURVE('',#2407,#2407,#1038,.T.);
#3061=EDGE_CURVE('',#2363,#2407,#1376,.T.);
#3062=EDGE_CURVE('',#2344,#2408,#1377,.T.);
#3063=EDGE_CURVE('',#2408,#2408,#1039,.T.);
#3064=EDGE_CURVE('',#2362,#2408,#1378,.T.);
#3065=EDGE_CURVE('',#2346,#2409,#1379,.T.);
#3066=EDGE_CURVE('',#2409,#2409,#1040,.T.);
#3067=EDGE_CURVE('',#2360,#2409,#1380,.T.);
#3068=EDGE_CURVE('',#2345,#2410,#1381,.T.);
#3069=EDGE_CURVE('',#2410,#2410,#1041,.T.);
#3070=EDGE_CURVE('',#2361,#2410,#1382,.T.);
#3071=EDGE_CURVE('',#2411,#2412,#1383,.T.);
#3072=EDGE_CURVE('',#2412,#2341,#1384,.T.);
#3073=EDGE_CURVE('',#2340,#2411,#1991,.T.);
#3074=EDGE_CURVE('',#2339,#2413,#1385,.T.);
#3075=EDGE_CURVE('',#2413,#2411,#1042,.T.);
#3076=EDGE_CURVE('',#2338,#2414,#1386,.T.);
#3077=EDGE_CURVE('',#2414,#2413,#1387,.T.);
#3078=EDGE_CURVE('',#2337,#2415,#1388,.T.);
#3079=EDGE_CURVE('',#2415,#2414,#1043,.T.);
#3080=EDGE_CURVE('',#2336,#2416,#1389,.T.);
#3081=EDGE_CURVE('',#2416,#2415,#1044,.T.);
#3082=EDGE_CURVE('',#2335,#2417,#1390,.T.);
#3083=EDGE_CURVE('',#2417,#2416,#1391,.T.);
#3084=EDGE_CURVE('',#2334,#2418,#1392,.T.);
#3085=EDGE_CURVE('',#2418,#2417,#1045,.T.);
#3086=EDGE_CURVE('',#2333,#2419,#1393,.T.);
#3087=EDGE_CURVE('',#2419,#2418,#1046,.T.);
#3088=EDGE_CURVE('',#2332,#2395,#1394,.T.);
#3089=EDGE_CURVE('',#2395,#2419,#1395,.T.);
#3090=EDGE_CURVE('',#2331,#2380,#1992,.T.);
#3091=EDGE_CURVE('',#2403,#2327,#1396,.T.);
#3092=EDGE_CURVE('',#2326,#2396,#1993,.T.);
#3093=EDGE_CURVE('',#2325,#2398,#1397,.T.);
#3094=EDGE_CURVE('',#2324,#2420,#1398,.T.);
#3095=EDGE_CURVE('',#2420,#2398,#1399,.T.);
#3096=EDGE_CURVE('',#2323,#2421,#1400,.T.);
#3097=EDGE_CURVE('',#2421,#2420,#1047,.T.);
#3098=EDGE_CURVE('',#2322,#2422,#1401,.T.);
#3099=EDGE_CURVE('',#2422,#2421,#1048,.T.);
#3100=EDGE_CURVE('',#2321,#2423,#1402,.T.);
#3101=EDGE_CURVE('',#2423,#2422,#1403,.T.);
#3102=EDGE_CURVE('',#2320,#2424,#1404,.T.);
#3103=EDGE_CURVE('',#2424,#2423,#1049,.T.);
#3104=EDGE_CURVE('',#2319,#2425,#1405,.T.);
#3105=EDGE_CURVE('',#2425,#2424,#1050,.T.);
#3106=EDGE_CURVE('',#2318,#2426,#1406,.T.);
#3107=EDGE_CURVE('',#2426,#2425,#1407,.T.);
#3108=EDGE_CURVE('',#2427,#2426,#1051,.T.);
#3109=EDGE_CURVE('',#2317,#2427,#1994,.T.);
#3110=EDGE_CURVE('',#2403,#2428,#1052,.T.);
#3111=EDGE_CURVE('',#2428,#2328,#1408,.T.);
#3112=EDGE_CURVE('',#2429,#2329,#1409,.T.);
#3113=EDGE_CURVE('',#2428,#2429,#1410,.T.);
#3114=EDGE_CURVE('',#2429,#2381,#1053,.T.);
#3115=EDGE_CURVE('',#2381,#2330,#1411,.T.);
#3116=EDGE_CURVE('',#2364,#2430,#1054,.T.);
#3117=EDGE_CURVE('',#2430,#2316,#1412,.T.);
#3118=EDGE_CURVE('',#2430,#2427,#1413,.T.);
#3119=EDGE_CURVE('',#2412,#2349,#1055,.T.);
#3120=EDGE_CURVE('',#2402,#2431,#82,.T.);
#3121=EDGE_CURVE('',#2431,#2428,#1414,.T.);
#3122=EDGE_CURVE('',#2420,#2432,#1415,.T.);
#3123=EDGE_CURVE('',#2433,#2432,#1416,.T.);
#3124=EDGE_CURVE('',#2434,#2433,#1417,.T.);
#3125=EDGE_CURVE('',#2399,#2434,#1418,.T.);
#3126=EDGE_CURVE('',#2421,#2435,#1419,.T.);
#3127=EDGE_CURVE('',#2436,#2435,#1995,.T.);
#3128=EDGE_CURVE('',#2432,#2436,#1996,.T.);
#3129=EDGE_CURVE('',#2422,#2437,#1420,.T.);
#3130=EDGE_CURVE('',#2435,#2437,#1997,.T.);
#3131=EDGE_CURVE('',#2438,#2423,#1421,.T.);
#3132=EDGE_CURVE('',#2437,#2438,#1422,.T.);
#3133=EDGE_CURVE('',#2439,#2424,#1423,.T.);
#3134=EDGE_CURVE('',#2438,#2439,#1998,.T.);
#3135=EDGE_CURVE('',#2425,#2440,#1424,.T.);
#3136=EDGE_CURVE('',#2441,#2440,#1999,.T.);
#3137=EDGE_CURVE('',#2439,#2441,#2000,.T.);
#3138=EDGE_CURVE('',#2442,#2426,#1425,.T.);
#3139=EDGE_CURVE('',#2443,#2442,#1426,.T.);
#3140=EDGE_CURVE('',#2443,#2444,#1427,.T.);
#3141=EDGE_CURVE('',#2440,#2444,#1428,.T.);
#3142=EDGE_CURVE('',#2445,#2427,#1429,.T.);
#3143=EDGE_CURVE('',#2442,#2445,#1056,.T.);
#3144=EDGE_CURVE('',#2446,#2430,#1430,.T.);
#3145=EDGE_CURVE('',#2445,#2446,#1431,.T.);
#3146=EDGE_CURVE('',#2446,#2366,#1057,.T.);
#3147=EDGE_CURVE('',#2447,#2448,#1058,.T.);
#3148=EDGE_CURVE('',#2448,#2449,#2001,.T.);
#3149=EDGE_CURVE('',#2449,#2450,#1059,.T.);
#3150=EDGE_CURVE('',#2450,#2447,#2002,.T.);
#3151=EDGE_CURVE('',#2451,#2452,#1060,.T.);
#3152=EDGE_CURVE('',#2452,#2450,#2003,.T.);
#3153=EDGE_CURVE('',#2449,#2451,#2004,.T.);
#3154=EDGE_CURVE('',#2447,#2453,#2005,.T.);
#3155=EDGE_CURVE('',#2453,#2454,#1061,.T.);
#3156=EDGE_CURVE('',#2454,#2448,#2006,.T.);
#3157=EDGE_CURVE('',#2455,#2456,#2007,.F.);
#3158=EDGE_CURVE('',#2455,#2454,#1432,.T.);
#3159=EDGE_CURVE('',#2453,#2456,#2008,.T.);
#3160=EDGE_CURVE('',#2457,#2458,#1062,.T.);
#3161=EDGE_CURVE('',#2458,#2459,#2009,.T.);
#3162=EDGE_CURVE('',#2459,#2460,#1063,.T.);
#3163=EDGE_CURVE('',#2460,#2457,#2010,.T.);
#3164=EDGE_CURVE('',#2461,#2462,#1064,.T.);
#3165=EDGE_CURVE('',#2462,#2460,#2011,.T.);
#3166=EDGE_CURVE('',#2459,#2461,#2012,.T.);
#3167=EDGE_CURVE('',#2457,#2452,#1433,.T.);
#3168=EDGE_CURVE('',#2451,#2458,#1434,.T.);
#3169=EDGE_CURVE('',#2462,#2463,#2013,.F.);
#3170=EDGE_CURVE('',#2461,#2464,#2014,.T.);
#3171=EDGE_CURVE('',#2464,#2463,#1065,.T.);
#3172=EDGE_CURVE('',#2463,#2465,#2015,.F.);
#3173=EDGE_CURVE('',#2464,#2466,#1435,.T.);
#3174=EDGE_CURVE('',#2466,#2465,#2016,.T.);
#3175=EDGE_CURVE('',#2462,#2467,#2017,.T.);
#3176=EDGE_CURVE('',#2467,#2468,#1436,.T.);
#3177=EDGE_CURVE('',#2468,#2447,#2018,.T.);
#3178=EDGE_CURVE('',#2469,#2394,#1437,.T.);
#3179=EDGE_CURVE('',#2469,#2466,#1438,.T.);
#3180=EDGE_CURVE('',#2419,#2464,#1439,.T.);
#3181=EDGE_CURVE('',#2459,#2418,#1440,.T.);
#3182=EDGE_CURVE('',#2458,#2417,#1441,.T.);
#3183=EDGE_CURVE('',#2470,#2436,#1066,.T.);
#3184=EDGE_CURVE('',#2435,#2471,#1067,.T.);
#3185=EDGE_CURVE('',#2471,#2470,#2019,.T.);
#3186=EDGE_CURVE('',#2437,#2472,#1068,.T.);
#3187=EDGE_CURVE('',#2472,#2471,#2020,.T.);
#3188=EDGE_CURVE('',#2470,#2473,#2021,.T.);
#3189=EDGE_CURVE('',#2473,#2432,#1069,.T.);
#3190=EDGE_CURVE('',#2433,#2474,#2022,.F.);
#3191=EDGE_CURVE('',#2473,#2474,#2023,.T.);
#3192=EDGE_CURVE('',#2475,#2438,#1070,.T.);
#3193=EDGE_CURVE('',#2439,#2476,#1071,.T.);
#3194=EDGE_CURVE('',#2476,#2475,#2024,.T.);
#3195=EDGE_CURVE('',#2441,#2477,#1072,.T.);
#3196=EDGE_CURVE('',#2477,#2476,#2025,.T.);
#3197=EDGE_CURVE('',#2475,#2472,#1442,.T.);
#3198=EDGE_CURVE('',#2477,#2478,#2026,.F.);
#3199=EDGE_CURVE('',#2440,#2478,#1073,.T.);
#3200=EDGE_CURVE('',#2478,#2479,#2027,.F.);
#3201=EDGE_CURVE('',#2444,#2479,#2028,.T.);
#3202=EDGE_CURVE('',#2477,#2480,#2029,.T.);
#3203=EDGE_CURVE('',#2480,#2481,#1443,.T.);
#3204=EDGE_CURVE('',#2481,#2470,#2030,.T.);
#3205=EDGE_CURVE('',#2482,#2483,#2031,.T.);
#3206=EDGE_CURVE('',#2482,#2484,#1444,.T.);
#3207=EDGE_CURVE('',#2485,#2484,#1074,.T.);
#3208=EDGE_CURVE('',#2485,#2455,#1445,.T.);
#3209=EDGE_CURVE('',#2456,#2483,#2032,.T.);
#3210=EDGE_CURVE('',#2468,#2486,#2033,.T.);
#3211=EDGE_CURVE('',#2487,#2486,#2034,.T.);
#3212=EDGE_CURVE('',#2482,#2487,#2035,.T.);
#3213=EDGE_CURVE('',#2488,#2467,#2036,.T.);
#3214=EDGE_CURVE('',#2486,#2488,#1446,.T.);
#3215=EDGE_CURVE('',#2489,#2490,#2037,.T.);
#3216=EDGE_CURVE('',#2491,#2490,#2038,.T.);
#3217=EDGE_CURVE('',#2488,#2491,#2039,.T.);
#3218=EDGE_CURVE('',#2465,#2489,#2040,.T.);
#3219=EDGE_CURVE('',#2492,#2493,#2041,.T.);
#3220=EDGE_CURVE('',#2492,#2494,#1447,.T.);
#3221=EDGE_CURVE('',#2434,#2494,#1075,.T.);
#3222=EDGE_CURVE('',#2474,#2493,#2042,.T.);
#3223=EDGE_CURVE('',#2481,#2495,#2043,.T.);
#3224=EDGE_CURVE('',#2496,#2495,#2044,.T.);
#3225=EDGE_CURVE('',#2492,#2496,#2045,.T.);
#3226=EDGE_CURVE('',#2497,#2480,#2046,.T.);
#3227=EDGE_CURVE('',#2495,#2497,#1448,.T.);
#3228=EDGE_CURVE('',#2498,#2499,#2047,.T.);
#3229=EDGE_CURVE('',#2500,#2499,#2048,.T.);
#3230=EDGE_CURVE('',#2497,#2500,#2049,.T.);
#3231=EDGE_CURVE('',#2479,#2498,#2050,.T.);
#3232=EDGE_CURVE('',#2415,#2449,#1449,.T.);
#3233=EDGE_CURVE('',#2414,#2454,#1450,.T.);
#3234=EDGE_CURVE('',#2416,#2451,#1451,.T.);
#3235=EDGE_CURVE('',#2378,#2501,#1076,.T.);
#3236=EDGE_CURVE('',#2501,#2502,#1452,.T.);
#3237=EDGE_CURVE('',#2502,#2503,#1453,.T.);
#3238=EDGE_CURVE('',#2503,#2405,#1077,.T.);
#3239=EDGE_CURVE('',#2404,#2504,#1078,.T.);
#3240=EDGE_CURVE('',#2504,#2505,#1454,.T.);
#3241=EDGE_CURVE('',#2505,#2506,#1079,.T.);
#3242=EDGE_CURVE('',#2506,#2485,#1455,.T.);
#3243=EDGE_CURVE('',#2484,#2507,#1080,.T.);
#3244=EDGE_CURVE('',#2507,#2508,#1456,.T.);
#3245=EDGE_CURVE('',#2508,#2509,#1081,.T.);
#3246=EDGE_CURVE('',#2509,#2469,#1082,.T.);
#3247=EDGE_CURVE('',#2384,#2510,#1083,.T.);
#3248=EDGE_CURVE('',#2510,#2511,#1457,.T.);
#3249=EDGE_CURVE('',#2511,#2400,#1084,.T.);
#3250=EDGE_CURVE('',#2494,#2512,#1085,.T.);
#3251=EDGE_CURVE('',#2512,#2513,#1458,.T.);
#3252=EDGE_CURVE('',#2513,#2514,#1086,.T.);
#3253=EDGE_CURVE('',#2514,#2443,#1087,.T.);
#3254=EDGE_CURVE('',#2365,#2515,#1088,.T.);
#3255=EDGE_CURVE('',#2515,#2516,#1459,.T.);
#3256=EDGE_CURVE('',#2516,#2517,#1460,.T.);
#3257=EDGE_CURVE('',#2517,#2387,#1089,.T.);
#3258=EDGE_CURVE('',#2518,#2386,#1090,.T.);
#3259=EDGE_CURVE('',#2518,#2519,#1461,.T.);
#3260=EDGE_CURVE('',#2519,#2520,#1462,.T.);
#3261=EDGE_CURVE('',#2520,#2368,#1463,.T.);
#3262=EDGE_CURVE('',#2385,#2521,#83,.F.);
#3263=EDGE_CURVE('',#2521,#2518,#1464,.T.);
#3264=EDGE_CURVE('',#2522,#2510,#1465,.T.);
#3265=EDGE_CURVE('',#2522,#2523,#1466,.T.);
#3266=EDGE_CURVE('',#2523,#2524,#1467,.T.);
#3267=EDGE_CURVE('',#2524,#2525,#1468,.T.);
#3268=EDGE_CURVE('',#2511,#2525,#1469,.T.);
#3269=EDGE_CURVE('',#2526,#2520,#1470,.T.);
#3270=EDGE_CURVE('',#2370,#2526,#1471,.T.);
#3271=EDGE_CURVE('',#2519,#2527,#1472,.T.);
#3272=EDGE_CURVE('',#2528,#2527,#1473,.T.);
#3273=EDGE_CURVE('',#2357,#2528,#1474,.T.);
#3274=EDGE_CURVE('',#2356,#2529,#1475,.T.);
#3275=EDGE_CURVE('',#2526,#2529,#1476,.T.);
#3276=EDGE_CURVE('',#2413,#2506,#1477,.T.);
#3277=EDGE_CURVE('',#2527,#2521,#1478,.T.);
#3278=EDGE_CURVE('',#2383,#2522,#84,.F.);
#3279=EDGE_CURVE('',#2530,#2382,#85,.T.);
#3280=EDGE_CURVE('',#2431,#2530,#1479,.T.);
#3281=EDGE_CURVE('',#2525,#2401,#86,.F.);
#3282=EDGE_CURVE('',#2529,#2531,#1480,.T.);
#3283=EDGE_CURVE('',#2531,#2372,#1481,.T.);
#3284=EDGE_CURVE('',#2390,#2389,#1091,.T.);
#3285=EDGE_CURVE('',#2532,#2388,#2051,.T.);
#3286=EDGE_CURVE('',#2532,#2533,#1092,.T.);
#3287=EDGE_CURVE('',#2391,#2533,#2052,.T.);
#3288=EDGE_CURVE('',#2376,#2375,#1093,.T.);
#3289=EDGE_CURVE('',#2534,#2374,#2053,.T.);
#3290=EDGE_CURVE('',#2534,#2535,#1094,.T.);
#3291=EDGE_CURVE('',#2377,#2535,#2054,.T.);
#3292=EDGE_CURVE('',#2517,#2532,#1482,.T.);
#3293=EDGE_CURVE('',#2536,#2516,#1483,.T.);
#3294=EDGE_CURVE('',#2536,#2537,#1484,.T.);
#3295=EDGE_CURVE('',#2533,#2537,#1485,.T.);
#3296=EDGE_CURVE('',#2538,#2538,#1095,.T.);
#3297=EDGE_CURVE('',#2392,#2537,#1096,.T.);
#3298=EDGE_CURVE('',#2502,#2539,#1486,.T.);
#3299=EDGE_CURVE('',#2535,#2501,#1487,.T.);
#3300=EDGE_CURVE('',#2540,#2534,#1488,.T.);
#3301=EDGE_CURVE('',#2540,#2539,#1489,.T.);
#3302=EDGE_CURVE('',#2541,#2541,#1097,.T.);
#3303=EDGE_CURVE('',#2406,#2541,#1490,.T.);
#3304=EDGE_CURVE('',#2367,#2538,#1491,.T.);
#3305=EDGE_CURVE('',#2503,#2355,#1492,.T.);
#3306=EDGE_CURVE('',#2358,#2515,#1493,.T.);
#3307=EDGE_CURVE('',#2542,#2528,#1494,.T.);
#3308=EDGE_CURVE('',#2542,#2536,#1495,.T.);
#3309=EDGE_CURVE('',#2540,#2373,#1098,.T.);
#3310=EDGE_CURVE('',#2539,#2531,#1496,.T.);
#3311=EDGE_CURVE('',#2393,#2542,#1497,.T.);
#3312=EDGE_CURVE('',#2490,#2543,#1099,.T.);
#3313=EDGE_CURVE('',#2543,#2544,#2055,.T.);
#3314=EDGE_CURVE('',#2491,#2544,#1100,.T.);
#3315=EDGE_CURVE('',#2544,#2488,#2056,.T.);
#3316=EDGE_CURVE('',#2545,#2482,#1101,.T.);
#3317=EDGE_CURVE('',#2546,#2487,#1102,.T.);
#3318=EDGE_CURVE('',#2546,#2545,#2057,.T.);
#3319=EDGE_CURVE('',#2486,#2546,#2058,.T.);
#3320=EDGE_CURVE('',#2544,#2546,#1498,.T.);
#3321=EDGE_CURVE('',#2490,#2509,#1499,.T.);
#3322=EDGE_CURVE('',#2508,#2543,#1500,.T.);
#3323=EDGE_CURVE('',#2499,#2547,#1103,.T.);
#3324=EDGE_CURVE('',#2547,#2548,#2059,.T.);
#3325=EDGE_CURVE('',#2500,#2548,#1104,.T.);
#3326=EDGE_CURVE('',#2548,#2497,#2060,.T.);
#3327=EDGE_CURVE('',#2549,#2492,#1105,.T.);
#3328=EDGE_CURVE('',#2550,#2496,#1106,.T.);
#3329=EDGE_CURVE('',#2550,#2549,#2061,.T.);
#3330=EDGE_CURVE('',#2495,#2550,#2062,.T.);
#3331=EDGE_CURVE('',#2548,#2550,#1501,.T.);
#3332=EDGE_CURVE('',#2499,#2514,#1502,.T.);
#3333=EDGE_CURVE('',#2513,#2547,#1503,.T.);
#3334=EDGE_CURVE('',#2429,#2530,#1504,.T.);
#3335=EDGE_CURVE('',#2412,#2504,#1505,.T.);
#3336=EDGE_CURVE('',#2411,#2505,#1506,.T.);
#3337=EDGE_CURVE('',#2545,#2507,#1507,.T.);
#3338=EDGE_CURVE('',#2549,#2512,#1508,.T.);
#3339=ORIENTED_EDGE('',*,*,#2551,.T.);
#3340=ORIENTED_EDGE('',*,*,#2552,.T.);
#3341=ORIENTED_EDGE('',*,*,#2553,.T.);
#3342=ORIENTED_EDGE('',*,*,#2554,.T.);
#3343=ORIENTED_EDGE('',*,*,#2552,.F.);
#3344=ORIENTED_EDGE('',*,*,#2555,.T.);
#3345=ORIENTED_EDGE('',*,*,#2556,.T.);
#3346=ORIENTED_EDGE('',*,*,#2557,.T.);
#3347=ORIENTED_EDGE('',*,*,#2558,.F.);
#3348=ORIENTED_EDGE('',*,*,#2559,.T.);
#3349=ORIENTED_EDGE('',*,*,#2560,.T.);
#3350=ORIENTED_EDGE('',*,*,#2561,.T.);
#3351=ORIENTED_EDGE('',*,*,#2562,.F.);
#3352=ORIENTED_EDGE('',*,*,#2563,.F.);
#3353=ORIENTED_EDGE('',*,*,#2564,.T.);
#3354=ORIENTED_EDGE('',*,*,#2565,.T.);
#3355=ORIENTED_EDGE('',*,*,#2566,.T.);
#3356=ORIENTED_EDGE('',*,*,#2566,.F.);
#3357=ORIENTED_EDGE('',*,*,#2567,.T.);
#3358=ORIENTED_EDGE('',*,*,#2568,.T.);
#3359=ORIENTED_EDGE('',*,*,#2569,.T.);
#3360=ORIENTED_EDGE('',*,*,#2570,.F.);
#3361=ORIENTED_EDGE('',*,*,#2571,.F.);
#3362=ORIENTED_EDGE('',*,*,#2572,.F.);
#3363=ORIENTED_EDGE('',*,*,#2573,.F.);
#3364=ORIENTED_EDGE('',*,*,#2574,.T.);
#3365=ORIENTED_EDGE('',*,*,#2575,.F.);
#3366=ORIENTED_EDGE('',*,*,#2558,.T.);
#3367=ORIENTED_EDGE('',*,*,#2576,.T.);
#3368=ORIENTED_EDGE('',*,*,#2577,.T.);
#3369=ORIENTED_EDGE('',*,*,#2554,.F.);
#3370=ORIENTED_EDGE('',*,*,#2578,.F.);
#3371=ORIENTED_EDGE('',*,*,#2579,.F.);
#3372=ORIENTED_EDGE('',*,*,#2580,.T.);
#3373=ORIENTED_EDGE('',*,*,#2577,.F.);
#3374=ORIENTED_EDGE('',*,*,#2581,.F.);
#3375=ORIENTED_EDGE('',*,*,#2582,.T.);
#3376=ORIENTED_EDGE('',*,*,#2583,.T.);
#3377=ORIENTED_EDGE('',*,*,#2584,.T.);
#3378=ORIENTED_EDGE('',*,*,#2585,.T.);
#3379=ORIENTED_EDGE('',*,*,#2570,.T.);
#3380=ORIENTED_EDGE('',*,*,#2564,.F.);
#3381=ORIENTED_EDGE('',*,*,#2586,.T.);
#3382=ORIENTED_EDGE('',*,*,#2587,.F.);
#3383=ORIENTED_EDGE('',*,*,#2588,.T.);
#3384=ORIENTED_EDGE('',*,*,#2584,.F.);
#3385=ORIENTED_EDGE('',*,*,#2589,.F.);
#3386=ORIENTED_EDGE('',*,*,#2590,.T.);
#3387=ORIENTED_EDGE('',*,*,#2589,.T.);
#3388=ORIENTED_EDGE('',*,*,#2583,.F.);
#3389=ORIENTED_EDGE('',*,*,#2569,.F.);
#3390=ORIENTED_EDGE('',*,*,#2591,.T.);
#3391=ORIENTED_EDGE('',*,*,#2567,.F.);
#3392=ORIENTED_EDGE('',*,*,#2565,.F.);
#3393=ORIENTED_EDGE('',*,*,#2592,.T.);
#3394=ORIENTED_EDGE('',*,*,#2593,.T.);
#3395=ORIENTED_EDGE('',*,*,#2594,.F.);
#3396=ORIENTED_EDGE('',*,*,#2595,.T.);
#3397=ORIENTED_EDGE('',*,*,#2592,.F.);
#3398=ORIENTED_EDGE('',*,*,#2596,.T.);
#3399=ORIENTED_EDGE('',*,*,#2597,.F.);
#3400=ORIENTED_EDGE('',*,*,#2598,.F.);
#3401=ORIENTED_EDGE('',*,*,#2599,.T.);
#3402=ORIENTED_EDGE('',*,*,#2600,.F.);
#3403=ORIENTED_EDGE('',*,*,#2595,.F.);
#3404=ORIENTED_EDGE('',*,*,#2601,.F.);
#3405=ORIENTED_EDGE('',*,*,#2602,.F.);
#3406=ORIENTED_EDGE('',*,*,#2603,.F.);
#3407=ORIENTED_EDGE('',*,*,#2604,.F.);
#3408=ORIENTED_EDGE('',*,*,#2605,.F.);
#3409=ORIENTED_EDGE('',*,*,#2606,.F.);
#3410=ORIENTED_EDGE('',*,*,#2607,.F.);
#3411=ORIENTED_EDGE('',*,*,#2608,.F.);
#3412=ORIENTED_EDGE('',*,*,#2609,.F.);
#3413=ORIENTED_EDGE('',*,*,#2610,.F.);
#3414=ORIENTED_EDGE('',*,*,#2611,.F.);
#3415=ORIENTED_EDGE('',*,*,#2612,.F.);
#3416=ORIENTED_EDGE('',*,*,#2613,.F.);
#3417=ORIENTED_EDGE('',*,*,#2614,.F.);
#3418=ORIENTED_EDGE('',*,*,#2615,.F.);
#3419=ORIENTED_EDGE('',*,*,#2616,.F.);
#3420=ORIENTED_EDGE('',*,*,#2617,.F.);
#3421=ORIENTED_EDGE('',*,*,#2618,.F.);
#3422=ORIENTED_EDGE('',*,*,#2619,.F.);
#3423=ORIENTED_EDGE('',*,*,#2620,.F.);
#3424=ORIENTED_EDGE('',*,*,#2621,.F.);
#3425=ORIENTED_EDGE('',*,*,#2622,.F.);
#3426=ORIENTED_EDGE('',*,*,#2623,.F.);
#3427=ORIENTED_EDGE('',*,*,#2624,.F.);
#3428=ORIENTED_EDGE('',*,*,#2625,.F.);
#3429=ORIENTED_EDGE('',*,*,#2626,.F.);
#3430=ORIENTED_EDGE('',*,*,#2627,.F.);
#3431=ORIENTED_EDGE('',*,*,#2628,.F.);
#3432=ORIENTED_EDGE('',*,*,#2629,.F.);
#3433=ORIENTED_EDGE('',*,*,#2630,.F.);
#3434=ORIENTED_EDGE('',*,*,#2596,.F.);
#3435=ORIENTED_EDGE('',*,*,#2631,.F.);
#3436=ORIENTED_EDGE('',*,*,#2632,.F.);
#3437=ORIENTED_EDGE('',*,*,#2633,.F.);
#3438=ORIENTED_EDGE('',*,*,#2634,.F.);
#3439=ORIENTED_EDGE('',*,*,#2635,.T.);
#3440=ORIENTED_EDGE('',*,*,#2636,.T.);
#3441=ORIENTED_EDGE('',*,*,#2597,.T.);
#3442=ORIENTED_EDGE('',*,*,#2630,.T.);
#3443=ORIENTED_EDGE('',*,*,#2635,.F.);
#3444=ORIENTED_EDGE('',*,*,#2629,.T.);
#3445=ORIENTED_EDGE('',*,*,#2637,.F.);
#3446=ORIENTED_EDGE('',*,*,#2638,.T.);
#3447=ORIENTED_EDGE('',*,*,#2636,.F.);
#3448=ORIENTED_EDGE('',*,*,#2639,.T.);
#3449=ORIENTED_EDGE('',*,*,#2640,.T.);
#3450=ORIENTED_EDGE('',*,*,#2641,.T.);
#3451=ORIENTED_EDGE('',*,*,#2598,.T.);
#3452=ORIENTED_EDGE('',*,*,#2641,.F.);
#3453=ORIENTED_EDGE('',*,*,#2642,.F.);
#3454=ORIENTED_EDGE('',*,*,#2643,.F.);
#3455=ORIENTED_EDGE('',*,*,#2599,.F.);
#3456=ORIENTED_EDGE('',*,*,#2593,.F.);
#3457=ORIENTED_EDGE('',*,*,#2600,.T.);
#3458=ORIENTED_EDGE('',*,*,#2643,.T.);
#3459=ORIENTED_EDGE('',*,*,#2644,.T.);
#3460=ORIENTED_EDGE('',*,*,#2645,.T.);
#3461=ORIENTED_EDGE('',*,*,#2640,.F.);
#3462=ORIENTED_EDGE('',*,*,#2646,.T.);
#3463=ORIENTED_EDGE('',*,*,#2647,.F.);
#3464=ORIENTED_EDGE('',*,*,#2648,.F.);
#3465=ORIENTED_EDGE('',*,*,#2649,.F.);
#3466=ORIENTED_EDGE('',*,*,#2650,.F.);
#3467=ORIENTED_EDGE('',*,*,#2651,.F.);
#3468=ORIENTED_EDGE('',*,*,#2652,.T.);
#3469=ORIENTED_EDGE('',*,*,#2644,.F.);
#3470=ORIENTED_EDGE('',*,*,#2642,.T.);
#3471=ORIENTED_EDGE('',*,*,#2653,.T.);
#3472=ORIENTED_EDGE('',*,*,#2654,.T.);
#3473=ORIENTED_EDGE('',*,*,#2655,.T.);
#3474=ORIENTED_EDGE('',*,*,#2656,.T.);
#3475=ORIENTED_EDGE('',*,*,#2594,.T.);
#3476=ORIENTED_EDGE('',*,*,#2657,.T.);
#3477=ORIENTED_EDGE('',*,*,#2658,.T.);
#3478=ORIENTED_EDGE('',*,*,#2601,.T.);
#3479=ORIENTED_EDGE('',*,*,#2645,.F.);
#3480=ORIENTED_EDGE('',*,*,#2652,.F.);
#3481=ORIENTED_EDGE('',*,*,#2659,.F.);
#3482=ORIENTED_EDGE('',*,*,#2660,.F.);
#3483=ORIENTED_EDGE('',*,*,#2661,.F.);
#3484=ORIENTED_EDGE('',*,*,#2657,.F.);
#3485=ORIENTED_EDGE('',*,*,#2662,.T.);
#3486=ORIENTED_EDGE('',*,*,#2663,.F.);
#3487=ORIENTED_EDGE('',*,*,#2664,.T.);
#3488=ORIENTED_EDGE('',*,*,#2665,.F.);
#3489=ORIENTED_EDGE('',*,*,#2572,.T.);
#3490=ORIENTED_EDGE('',*,*,#2666,.T.);
#3491=ORIENTED_EDGE('',*,*,#2667,.F.);
#3492=ORIENTED_EDGE('',*,*,#2668,.F.);
#3493=ORIENTED_EDGE('',*,*,#2669,.T.);
#3494=ORIENTED_EDGE('',*,*,#2670,.F.);
#3495=ORIENTED_EDGE('',*,*,#2671,.F.);
#3496=ORIENTED_EDGE('',*,*,#2672,.T.);
#3497=ORIENTED_EDGE('',*,*,#2673,.F.);
#3498=ORIENTED_EDGE('',*,*,#2666,.F.);
#3499=ORIENTED_EDGE('',*,*,#2674,.F.);
#3500=ORIENTED_EDGE('',*,*,#2675,.F.);
#3501=ORIENTED_EDGE('',*,*,#2676,.F.);
#3502=ORIENTED_EDGE('',*,*,#2677,.T.);
#3503=ORIENTED_EDGE('',*,*,#2678,.F.);
#3504=ORIENTED_EDGE('',*,*,#2675,.T.);
#3505=ORIENTED_EDGE('',*,*,#2679,.F.);
#3506=ORIENTED_EDGE('',*,*,#2680,.F.);
#3507=ORIENTED_EDGE('',*,*,#2681,.T.);
#3508=ORIENTED_EDGE('',*,*,#2682,.F.);
#3509=ORIENTED_EDGE('',*,*,#2683,.F.);
#3510=ORIENTED_EDGE('',*,*,#2639,.F.);
#3511=ORIENTED_EDGE('',*,*,#2638,.F.);
#3512=ORIENTED_EDGE('',*,*,#2684,.F.);
#3513=ORIENTED_EDGE('',*,*,#2685,.F.);
#3514=ORIENTED_EDGE('',*,*,#2686,.F.);
#3515=ORIENTED_EDGE('',*,*,#2646,.F.);
#3516=ORIENTED_EDGE('',*,*,#2687,.T.);
#3517=ORIENTED_EDGE('',*,*,#2634,.T.);
#3518=ORIENTED_EDGE('',*,*,#2688,.T.);
#3519=ORIENTED_EDGE('',*,*,#2689,.T.);
#3520=ORIENTED_EDGE('',*,*,#2688,.F.);
#3521=ORIENTED_EDGE('',*,*,#2656,.F.);
#3522=ORIENTED_EDGE('',*,*,#2690,.T.);
#3523=ORIENTED_EDGE('',*,*,#2689,.F.);
#3524=ORIENTED_EDGE('',*,*,#2690,.F.);
#3525=ORIENTED_EDGE('',*,*,#2631,.T.);
#3526=ORIENTED_EDGE('',*,*,#2691,.T.);
#3527=ORIENTED_EDGE('',*,*,#2692,.T.);
#3528=ORIENTED_EDGE('',*,*,#2691,.F.);
#3529=ORIENTED_EDGE('',*,*,#2655,.F.);
#3530=ORIENTED_EDGE('',*,*,#2693,.T.);
#3531=ORIENTED_EDGE('',*,*,#2692,.F.);
#3532=ORIENTED_EDGE('',*,*,#2693,.F.);
#3533=ORIENTED_EDGE('',*,*,#2633,.T.);
#3534=ORIENTED_EDGE('',*,*,#2694,.T.);
#3535=ORIENTED_EDGE('',*,*,#2695,.T.);
#3536=ORIENTED_EDGE('',*,*,#2694,.F.);
#3537=ORIENTED_EDGE('',*,*,#2653,.F.);
#3538=ORIENTED_EDGE('',*,*,#2696,.T.);
#3539=ORIENTED_EDGE('',*,*,#2695,.F.);
#3540=ORIENTED_EDGE('',*,*,#2696,.F.);
#3541=ORIENTED_EDGE('',*,*,#2632,.T.);
#3542=ORIENTED_EDGE('',*,*,#2697,.T.);
#3543=ORIENTED_EDGE('',*,*,#2698,.T.);
#3544=ORIENTED_EDGE('',*,*,#2697,.F.);
#3545=ORIENTED_EDGE('',*,*,#2654,.F.);
#3546=ORIENTED_EDGE('',*,*,#2699,.T.);
#3547=ORIENTED_EDGE('',*,*,#2698,.F.);
#3548=ORIENTED_EDGE('',*,*,#2699,.F.);
#3549=ORIENTED_EDGE('',*,*,#2700,.T.);
#3550=ORIENTED_EDGE('',*,*,#2701,.T.);
#3551=ORIENTED_EDGE('',*,*,#2627,.T.);
#3552=ORIENTED_EDGE('',*,*,#2702,.T.);
#3553=ORIENTED_EDGE('',*,*,#2626,.T.);
#3554=ORIENTED_EDGE('',*,*,#2703,.T.);
#3555=ORIENTED_EDGE('',*,*,#2704,.T.);
#3556=ORIENTED_EDGE('',*,*,#2702,.F.);
#3557=ORIENTED_EDGE('',*,*,#2703,.F.);
#3558=ORIENTED_EDGE('',*,*,#2625,.T.);
#3559=ORIENTED_EDGE('',*,*,#2705,.T.);
#3560=ORIENTED_EDGE('',*,*,#2706,.T.);
#3561=ORIENTED_EDGE('',*,*,#2707,.T.);
#3562=ORIENTED_EDGE('',*,*,#2708,.T.);
#3563=ORIENTED_EDGE('',*,*,#2705,.F.);
#3564=ORIENTED_EDGE('',*,*,#2624,.T.);
#3565=ORIENTED_EDGE('',*,*,#2707,.F.);
#3566=ORIENTED_EDGE('',*,*,#2623,.T.);
#3567=ORIENTED_EDGE('',*,*,#2709,.T.);
#3568=ORIENTED_EDGE('',*,*,#2710,.T.);
#3569=ORIENTED_EDGE('',*,*,#2709,.F.);
#3570=ORIENTED_EDGE('',*,*,#2622,.T.);
#3571=ORIENTED_EDGE('',*,*,#2711,.T.);
#3572=ORIENTED_EDGE('',*,*,#2712,.T.);
#3573=ORIENTED_EDGE('',*,*,#2711,.F.);
#3574=ORIENTED_EDGE('',*,*,#2621,.T.);
#3575=ORIENTED_EDGE('',*,*,#2713,.T.);
#3576=ORIENTED_EDGE('',*,*,#2714,.T.);
#3577=ORIENTED_EDGE('',*,*,#2715,.T.);
#3578=ORIENTED_EDGE('',*,*,#2716,.T.);
#3579=ORIENTED_EDGE('',*,*,#2713,.F.);
#3580=ORIENTED_EDGE('',*,*,#2620,.T.);
#3581=ORIENTED_EDGE('',*,*,#2715,.F.);
#3582=ORIENTED_EDGE('',*,*,#2619,.T.);
#3583=ORIENTED_EDGE('',*,*,#2717,.T.);
#3584=ORIENTED_EDGE('',*,*,#2718,.T.);
#3585=ORIENTED_EDGE('',*,*,#2673,.T.);
#3586=ORIENTED_EDGE('',*,*,#2717,.F.);
#3587=ORIENTED_EDGE('',*,*,#2618,.T.);
#3588=ORIENTED_EDGE('',*,*,#2719,.T.);
#3589=ORIENTED_EDGE('',*,*,#2683,.T.);
#3590=ORIENTED_EDGE('',*,*,#2720,.T.);
#3591=ORIENTED_EDGE('',*,*,#2613,.T.);
#3592=ORIENTED_EDGE('',*,*,#2721,.T.);
#3593=ORIENTED_EDGE('',*,*,#2612,.T.);
#3594=ORIENTED_EDGE('',*,*,#2722,.T.);
#3595=ORIENTED_EDGE('',*,*,#2676,.T.);
#3596=ORIENTED_EDGE('',*,*,#2721,.F.);
#3597=ORIENTED_EDGE('',*,*,#2723,.T.);
#3598=ORIENTED_EDGE('',*,*,#2724,.T.);
#3599=ORIENTED_EDGE('',*,*,#2722,.F.);
#3600=ORIENTED_EDGE('',*,*,#2611,.T.);
#3601=ORIENTED_EDGE('',*,*,#2725,.T.);
#3602=ORIENTED_EDGE('',*,*,#2726,.T.);
#3603=ORIENTED_EDGE('',*,*,#2723,.F.);
#3604=ORIENTED_EDGE('',*,*,#2610,.T.);
#3605=ORIENTED_EDGE('',*,*,#2725,.F.);
#3606=ORIENTED_EDGE('',*,*,#2609,.T.);
#3607=ORIENTED_EDGE('',*,*,#2727,.T.);
#3608=ORIENTED_EDGE('',*,*,#2728,.T.);
#3609=ORIENTED_EDGE('',*,*,#2727,.F.);
#3610=ORIENTED_EDGE('',*,*,#2608,.T.);
#3611=ORIENTED_EDGE('',*,*,#2729,.T.);
#3612=ORIENTED_EDGE('',*,*,#2730,.T.);
#3613=ORIENTED_EDGE('',*,*,#2729,.F.);
#3614=ORIENTED_EDGE('',*,*,#2607,.T.);
#3615=ORIENTED_EDGE('',*,*,#2731,.T.);
#3616=ORIENTED_EDGE('',*,*,#2732,.T.);
#3617=ORIENTED_EDGE('',*,*,#2733,.T.);
#3618=ORIENTED_EDGE('',*,*,#2734,.T.);
#3619=ORIENTED_EDGE('',*,*,#2731,.F.);
#3620=ORIENTED_EDGE('',*,*,#2606,.T.);
#3621=ORIENTED_EDGE('',*,*,#2735,.T.);
#3622=ORIENTED_EDGE('',*,*,#2736,.T.);
#3623=ORIENTED_EDGE('',*,*,#2733,.F.);
#3624=ORIENTED_EDGE('',*,*,#2605,.T.);
#3625=ORIENTED_EDGE('',*,*,#2737,.T.);
#3626=ORIENTED_EDGE('',*,*,#2735,.F.);
#3627=ORIENTED_EDGE('',*,*,#2604,.T.);
#3628=ORIENTED_EDGE('',*,*,#2738,.T.);
#3629=ORIENTED_EDGE('',*,*,#2720,.F.);
#3630=ORIENTED_EDGE('',*,*,#2739,.T.);
#3631=ORIENTED_EDGE('',*,*,#2740,.T.);
#3632=ORIENTED_EDGE('',*,*,#2614,.T.);
#3633=ORIENTED_EDGE('',*,*,#2741,.T.);
#3634=ORIENTED_EDGE('',*,*,#2615,.T.);
#3635=ORIENTED_EDGE('',*,*,#2740,.F.);
#3636=ORIENTED_EDGE('',*,*,#2742,.T.);
#3637=ORIENTED_EDGE('',*,*,#2741,.F.);
#3638=ORIENTED_EDGE('',*,*,#2743,.T.);
#3639=ORIENTED_EDGE('',*,*,#2744,.T.);
#3640=ORIENTED_EDGE('',*,*,#2616,.T.);
#3641=ORIENTED_EDGE('',*,*,#2617,.T.);
#3642=ORIENTED_EDGE('',*,*,#2744,.F.);
#3643=ORIENTED_EDGE('',*,*,#2667,.T.);
#3644=ORIENTED_EDGE('',*,*,#2719,.F.);
#3645=ORIENTED_EDGE('',*,*,#2658,.F.);
#3646=ORIENTED_EDGE('',*,*,#2745,.T.);
#3647=ORIENTED_EDGE('',*,*,#2746,.T.);
#3648=ORIENTED_EDGE('',*,*,#2602,.T.);
#3649=ORIENTED_EDGE('',*,*,#2603,.T.);
#3650=ORIENTED_EDGE('',*,*,#2746,.F.);
#3651=ORIENTED_EDGE('',*,*,#2747,.T.);
#3652=ORIENTED_EDGE('',*,*,#2738,.F.);
#3653=ORIENTED_EDGE('',*,*,#2701,.F.);
#3654=ORIENTED_EDGE('',*,*,#2748,.T.);
#3655=ORIENTED_EDGE('',*,*,#2637,.T.);
#3656=ORIENTED_EDGE('',*,*,#2628,.T.);
#3657=ORIENTED_EDGE('',*,*,#2739,.F.);
#3658=ORIENTED_EDGE('',*,*,#2682,.T.);
#3659=ORIENTED_EDGE('',*,*,#2749,.T.);
#3660=ORIENTED_EDGE('',*,*,#2750,.T.);
#3661=ORIENTED_EDGE('',*,*,#2724,.F.);
#3662=ORIENTED_EDGE('',*,*,#2751,.T.);
#3663=ORIENTED_EDGE('',*,*,#2752,.F.);
#3664=ORIENTED_EDGE('',*,*,#2753,.F.);
#3665=ORIENTED_EDGE('',*,*,#2754,.F.);
#3666=ORIENTED_EDGE('',*,*,#2677,.F.);
#3667=ORIENTED_EDGE('',*,*,#2726,.F.);
#3668=ORIENTED_EDGE('',*,*,#2755,.T.);
#3669=ORIENTED_EDGE('',*,*,#2756,.F.);
#3670=ORIENTED_EDGE('',*,*,#2757,.F.);
#3671=ORIENTED_EDGE('',*,*,#2751,.F.);
#3672=ORIENTED_EDGE('',*,*,#2728,.F.);
#3673=ORIENTED_EDGE('',*,*,#2758,.T.);
#3674=ORIENTED_EDGE('',*,*,#2759,.F.);
#3675=ORIENTED_EDGE('',*,*,#2755,.F.);
#3676=ORIENTED_EDGE('',*,*,#2730,.F.);
#3677=ORIENTED_EDGE('',*,*,#2760,.F.);
#3678=ORIENTED_EDGE('',*,*,#2761,.F.);
#3679=ORIENTED_EDGE('',*,*,#2758,.F.);
#3680=ORIENTED_EDGE('',*,*,#2732,.F.);
#3681=ORIENTED_EDGE('',*,*,#2762,.F.);
#3682=ORIENTED_EDGE('',*,*,#2763,.F.);
#3683=ORIENTED_EDGE('',*,*,#2760,.T.);
#3684=ORIENTED_EDGE('',*,*,#2734,.F.);
#3685=ORIENTED_EDGE('',*,*,#2764,.T.);
#3686=ORIENTED_EDGE('',*,*,#2765,.F.);
#3687=ORIENTED_EDGE('',*,*,#2766,.F.);
#3688=ORIENTED_EDGE('',*,*,#2762,.T.);
#3689=ORIENTED_EDGE('',*,*,#2736,.F.);
#3690=ORIENTED_EDGE('',*,*,#2767,.F.);
#3691=ORIENTED_EDGE('',*,*,#2768,.F.);
#3692=ORIENTED_EDGE('',*,*,#2769,.T.);
#3693=ORIENTED_EDGE('',*,*,#2770,.F.);
#3694=ORIENTED_EDGE('',*,*,#2764,.F.);
#3695=ORIENTED_EDGE('',*,*,#2737,.F.);
#3696=ORIENTED_EDGE('',*,*,#2771,.F.);
#3697=ORIENTED_EDGE('',*,*,#2772,.F.);
#3698=ORIENTED_EDGE('',*,*,#2767,.T.);
#3699=ORIENTED_EDGE('',*,*,#2747,.F.);
#3700=ORIENTED_EDGE('',*,*,#2773,.F.);
#3701=ORIENTED_EDGE('',*,*,#2774,.F.);
#3702=ORIENTED_EDGE('',*,*,#2771,.T.);
#3703=ORIENTED_EDGE('',*,*,#2745,.F.);
#3704=ORIENTED_EDGE('',*,*,#2661,.T.);
#3705=ORIENTED_EDGE('',*,*,#2775,.F.);
#3706=ORIENTED_EDGE('',*,*,#2773,.T.);
#3707=ORIENTED_EDGE('',*,*,#2776,.T.);
#3708=ORIENTED_EDGE('',*,*,#2777,.T.);
#3709=ORIENTED_EDGE('',*,*,#2778,.T.);
#3710=ORIENTED_EDGE('',*,*,#2779,.T.);
#3711=ORIENTED_EDGE('',*,*,#2780,.T.);
#3712=ORIENTED_EDGE('',*,*,#2781,.T.);
#3713=ORIENTED_EDGE('',*,*,#2778,.F.);
#3714=ORIENTED_EDGE('',*,*,#2782,.T.);
#3715=ORIENTED_EDGE('',*,*,#2783,.T.);
#3716=ORIENTED_EDGE('',*,*,#2784,.T.);
#3717=ORIENTED_EDGE('',*,*,#2785,.T.);
#3718=ORIENTED_EDGE('',*,*,#2776,.F.);
#3719=ORIENTED_EDGE('',*,*,#2786,.F.);
#3720=ORIENTED_EDGE('',*,*,#2787,.T.);
#3721=ORIENTED_EDGE('',*,*,#2784,.F.);
#3722=ORIENTED_EDGE('',*,*,#2788,.T.);
#3723=ORIENTED_EDGE('',*,*,#2789,.T.);
#3724=ORIENTED_EDGE('',*,*,#2790,.T.);
#3725=ORIENTED_EDGE('',*,*,#2791,.T.);
#3726=ORIENTED_EDGE('',*,*,#2792,.T.);
#3727=ORIENTED_EDGE('',*,*,#2793,.T.);
#3728=ORIENTED_EDGE('',*,*,#2794,.T.);
#3729=ORIENTED_EDGE('',*,*,#2791,.F.);
#3730=ORIENTED_EDGE('',*,*,#2795,.T.);
#3731=ORIENTED_EDGE('',*,*,#2789,.F.);
#3732=ORIENTED_EDGE('',*,*,#2796,.T.);
#3733=ORIENTED_EDGE('',*,*,#2780,.F.);
#3734=ORIENTED_EDGE('',*,*,#2797,.T.);
#3735=ORIENTED_EDGE('',*,*,#2798,.F.);
#3736=ORIENTED_EDGE('',*,*,#2793,.F.);
#3737=ORIENTED_EDGE('',*,*,#2799,.T.);
#3738=ORIENTED_EDGE('',*,*,#2800,.T.);
#3739=ORIENTED_EDGE('',*,*,#2801,.F.);
#3740=ORIENTED_EDGE('',*,*,#2800,.F.);
#3741=ORIENTED_EDGE('',*,*,#2802,.T.);
#3742=ORIENTED_EDGE('',*,*,#2803,.T.);
#3743=ORIENTED_EDGE('',*,*,#2779,.F.);
#3744=ORIENTED_EDGE('',*,*,#2781,.F.);
#3745=ORIENTED_EDGE('',*,*,#2796,.F.);
#3746=ORIENTED_EDGE('',*,*,#2792,.F.);
#3747=ORIENTED_EDGE('',*,*,#2794,.F.);
#3748=ORIENTED_EDGE('',*,*,#2804,.T.);
#3749=ORIENTED_EDGE('',*,*,#2805,.T.);
#3750=ORIENTED_EDGE('',*,*,#2806,.T.);
#3751=ORIENTED_EDGE('',*,*,#2718,.F.);
#3752=ORIENTED_EDGE('',*,*,#2672,.F.);
#3753=ORIENTED_EDGE('',*,*,#2807,.F.);
#3754=ORIENTED_EDGE('',*,*,#2808,.T.);
#3755=ORIENTED_EDGE('',*,*,#2802,.F.);
#3756=ORIENTED_EDGE('',*,*,#2809,.F.);
#3757=ORIENTED_EDGE('',*,*,#2716,.F.);
#3758=ORIENTED_EDGE('',*,*,#2809,.T.);
#3759=ORIENTED_EDGE('',*,*,#2799,.F.);
#3760=ORIENTED_EDGE('',*,*,#2795,.F.);
#3761=ORIENTED_EDGE('',*,*,#2810,.T.);
#3762=ORIENTED_EDGE('',*,*,#2714,.F.);
#3763=ORIENTED_EDGE('',*,*,#2810,.F.);
#3764=ORIENTED_EDGE('',*,*,#2790,.F.);
#3765=ORIENTED_EDGE('',*,*,#2811,.T.);
#3766=ORIENTED_EDGE('',*,*,#2812,.T.);
#3767=ORIENTED_EDGE('',*,*,#2756,.T.);
#3768=ORIENTED_EDGE('',*,*,#2813,.T.);
#3769=ORIENTED_EDGE('',*,*,#2814,.T.);
#3770=ORIENTED_EDGE('',*,*,#2815,.T.);
#3771=ORIENTED_EDGE('',*,*,#2816,.T.);
#3772=ORIENTED_EDGE('',*,*,#2813,.F.);
#3773=ORIENTED_EDGE('',*,*,#2759,.T.);
#3774=ORIENTED_EDGE('',*,*,#2817,.T.);
#3775=ORIENTED_EDGE('',*,*,#2818,.T.);
#3776=ORIENTED_EDGE('',*,*,#2757,.T.);
#3777=ORIENTED_EDGE('',*,*,#2812,.F.);
#3778=ORIENTED_EDGE('',*,*,#2819,.F.);
#3779=ORIENTED_EDGE('',*,*,#2752,.T.);
#3780=ORIENTED_EDGE('',*,*,#2818,.F.);
#3781=ORIENTED_EDGE('',*,*,#2820,.T.);
#3782=ORIENTED_EDGE('',*,*,#2821,.T.);
#3783=ORIENTED_EDGE('',*,*,#2763,.T.);
#3784=ORIENTED_EDGE('',*,*,#2822,.T.);
#3785=ORIENTED_EDGE('',*,*,#2823,.T.);
#3786=ORIENTED_EDGE('',*,*,#2824,.T.);
#3787=ORIENTED_EDGE('',*,*,#2825,.T.);
#3788=ORIENTED_EDGE('',*,*,#2822,.F.);
#3789=ORIENTED_EDGE('',*,*,#2766,.T.);
#3790=ORIENTED_EDGE('',*,*,#2821,.F.);
#3791=ORIENTED_EDGE('',*,*,#2826,.T.);
#3792=ORIENTED_EDGE('',*,*,#2815,.F.);
#3793=ORIENTED_EDGE('',*,*,#2761,.T.);
#3794=ORIENTED_EDGE('',*,*,#2827,.F.);
#3795=ORIENTED_EDGE('',*,*,#2824,.F.);
#3796=ORIENTED_EDGE('',*,*,#2765,.T.);
#3797=ORIENTED_EDGE('',*,*,#2828,.T.);
#3798=ORIENTED_EDGE('',*,*,#2829,.F.);
#3799=ORIENTED_EDGE('',*,*,#2828,.F.);
#3800=ORIENTED_EDGE('',*,*,#2770,.T.);
#3801=ORIENTED_EDGE('',*,*,#2830,.T.);
#3802=ORIENTED_EDGE('',*,*,#2814,.F.);
#3803=ORIENTED_EDGE('',*,*,#2816,.F.);
#3804=ORIENTED_EDGE('',*,*,#2826,.F.);
#3805=ORIENTED_EDGE('',*,*,#2823,.F.);
#3806=ORIENTED_EDGE('',*,*,#2825,.F.);
#3807=ORIENTED_EDGE('',*,*,#2831,.T.);
#3808=ORIENTED_EDGE('',*,*,#2832,.T.);
#3809=ORIENTED_EDGE('',*,*,#2833,.T.);
#3810=ORIENTED_EDGE('',*,*,#2834,.F.);
#3811=ORIENTED_EDGE('',*,*,#2835,.T.);
#3812=ORIENTED_EDGE('',*,*,#2836,.F.);
#3813=ORIENTED_EDGE('',*,*,#2837,.T.);
#3814=ORIENTED_EDGE('',*,*,#2786,.T.);
#3815=ORIENTED_EDGE('',*,*,#2838,.T.);
#3816=ORIENTED_EDGE('',*,*,#2806,.F.);
#3817=ORIENTED_EDGE('',*,*,#2839,.T.);
#3818=ORIENTED_EDGE('',*,*,#2840,.F.);
#3819=ORIENTED_EDGE('',*,*,#2841,.F.);
#3820=ORIENTED_EDGE('',*,*,#2834,.T.);
#3821=ORIENTED_EDGE('',*,*,#2838,.F.);
#3822=ORIENTED_EDGE('',*,*,#2788,.F.);
#3823=ORIENTED_EDGE('',*,*,#2783,.F.);
#3824=ORIENTED_EDGE('',*,*,#2805,.F.);
#3825=ORIENTED_EDGE('',*,*,#2842,.F.);
#3826=ORIENTED_EDGE('',*,*,#2843,.F.);
#3827=ORIENTED_EDGE('',*,*,#2839,.F.);
#3828=ORIENTED_EDGE('',*,*,#2844,.T.);
#3829=ORIENTED_EDGE('',*,*,#2845,.F.);
#3830=ORIENTED_EDGE('',*,*,#2846,.F.);
#3831=ORIENTED_EDGE('',*,*,#2842,.T.);
#3832=ORIENTED_EDGE('',*,*,#2804,.F.);
#3833=ORIENTED_EDGE('',*,*,#2798,.T.);
#3834=ORIENTED_EDGE('',*,*,#2801,.T.);
#3835=ORIENTED_EDGE('',*,*,#2847,.T.);
#3836=ORIENTED_EDGE('',*,*,#2848,.F.);
#3837=ORIENTED_EDGE('',*,*,#2849,.T.);
#3838=ORIENTED_EDGE('',*,*,#2850,.F.);
#3839=ORIENTED_EDGE('',*,*,#2753,.T.);
#3840=ORIENTED_EDGE('',*,*,#2819,.T.);
#3841=ORIENTED_EDGE('',*,*,#2851,.T.);
#3842=ORIENTED_EDGE('',*,*,#2833,.F.);
#3843=ORIENTED_EDGE('',*,*,#2852,.T.);
#3844=ORIENTED_EDGE('',*,*,#2853,.F.);
#3845=ORIENTED_EDGE('',*,*,#2854,.F.);
#3846=ORIENTED_EDGE('',*,*,#2848,.T.);
#3847=ORIENTED_EDGE('',*,*,#2851,.F.);
#3848=ORIENTED_EDGE('',*,*,#2820,.F.);
#3849=ORIENTED_EDGE('',*,*,#2817,.F.);
#3850=ORIENTED_EDGE('',*,*,#2832,.F.);
#3851=ORIENTED_EDGE('',*,*,#2855,.F.);
#3852=ORIENTED_EDGE('',*,*,#2856,.F.);
#3853=ORIENTED_EDGE('',*,*,#2852,.F.);
#3854=ORIENTED_EDGE('',*,*,#2857,.T.);
#3855=ORIENTED_EDGE('',*,*,#2858,.F.);
#3856=ORIENTED_EDGE('',*,*,#2859,.F.);
#3857=ORIENTED_EDGE('',*,*,#2855,.T.);
#3858=ORIENTED_EDGE('',*,*,#2831,.F.);
#3859=ORIENTED_EDGE('',*,*,#2827,.T.);
#3860=ORIENTED_EDGE('',*,*,#2829,.T.);
#3861=ORIENTED_EDGE('',*,*,#2860,.T.);
#3862=ORIENTED_EDGE('',*,*,#2708,.F.);
#3863=ORIENTED_EDGE('',*,*,#2861,.T.);
#3864=ORIENTED_EDGE('',*,*,#2777,.F.);
#3865=ORIENTED_EDGE('',*,*,#2785,.F.);
#3866=ORIENTED_EDGE('',*,*,#2862,.F.);
#3867=ORIENTED_EDGE('',*,*,#2710,.F.);
#3868=ORIENTED_EDGE('',*,*,#2863,.T.);
#3869=ORIENTED_EDGE('',*,*,#2782,.F.);
#3870=ORIENTED_EDGE('',*,*,#2861,.F.);
#3871=ORIENTED_EDGE('',*,*,#2712,.F.);
#3872=ORIENTED_EDGE('',*,*,#2811,.F.);
#3873=ORIENTED_EDGE('',*,*,#2797,.F.);
#3874=ORIENTED_EDGE('',*,*,#2863,.F.);
#3875=ORIENTED_EDGE('',*,*,#2562,.T.);
#3876=ORIENTED_EDGE('',*,*,#2864,.F.);
#3877=ORIENTED_EDGE('',*,*,#2865,.T.);
#3878=ORIENTED_EDGE('',*,*,#2866,.T.);
#3879=ORIENTED_EDGE('',*,*,#2867,.T.);
#3880=ORIENTED_EDGE('',*,*,#2663,.T.);
#3881=ORIENTED_EDGE('',*,*,#2571,.T.);
#3882=ORIENTED_EDGE('',*,*,#2585,.F.);
#3883=ORIENTED_EDGE('',*,*,#2588,.F.);
#3884=ORIENTED_EDGE('',*,*,#2868,.T.);
#3885=ORIENTED_EDGE('',*,*,#2869,.T.);
#3886=ORIENTED_EDGE('',*,*,#2685,.T.);
#3887=ORIENTED_EDGE('',*,*,#2870,.T.);
#3888=ORIENTED_EDGE('',*,*,#2871,.T.);
#3889=ORIENTED_EDGE('',*,*,#2872,.T.);
#3890=ORIENTED_EDGE('',*,*,#2873,.T.);
#3891=ORIENTED_EDGE('',*,*,#2836,.T.);
#3892=ORIENTED_EDGE('',*,*,#2874,.T.);
#3893=ORIENTED_EDGE('',*,*,#2875,.T.);
#3894=ORIENTED_EDGE('',*,*,#2876,.T.);
#3895=ORIENTED_EDGE('',*,*,#2877,.T.);
#3896=ORIENTED_EDGE('',*,*,#2807,.T.);
#3897=ORIENTED_EDGE('',*,*,#2674,.T.);
#3898=ORIENTED_EDGE('',*,*,#2671,.T.);
#3899=ORIENTED_EDGE('',*,*,#2878,.T.);
#3900=ORIENTED_EDGE('',*,*,#2879,.T.);
#3901=ORIENTED_EDGE('',*,*,#2880,.T.);
#3902=ORIENTED_EDGE('',*,*,#2679,.T.);
#3903=ORIENTED_EDGE('',*,*,#2678,.T.);
#3904=ORIENTED_EDGE('',*,*,#2754,.T.);
#3905=ORIENTED_EDGE('',*,*,#2850,.T.);
#3906=ORIENTED_EDGE('',*,*,#2881,.T.);
#3907=ORIENTED_EDGE('',*,*,#2882,.T.);
#3908=ORIENTED_EDGE('',*,*,#2883,.T.);
#3909=ORIENTED_EDGE('',*,*,#2884,.T.);
#3910=ORIENTED_EDGE('',*,*,#2768,.T.);
#3911=ORIENTED_EDGE('',*,*,#2772,.T.);
#3912=ORIENTED_EDGE('',*,*,#2774,.T.);
#3913=ORIENTED_EDGE('',*,*,#2775,.T.);
#3914=ORIENTED_EDGE('',*,*,#2660,.T.);
#3915=ORIENTED_EDGE('',*,*,#2885,.T.);
#3916=ORIENTED_EDGE('',*,*,#2886,.T.);
#3917=ORIENTED_EDGE('',*,*,#2578,.T.);
#3918=ORIENTED_EDGE('',*,*,#2553,.F.);
#3919=ORIENTED_EDGE('',*,*,#2864,.T.);
#3920=ORIENTED_EDGE('',*,*,#2561,.F.);
#3921=ORIENTED_EDGE('',*,*,#2887,.T.);
#3922=ORIENTED_EDGE('',*,*,#2888,.T.);
#3923=ORIENTED_EDGE('',*,*,#2889,.F.);
#3924=ORIENTED_EDGE('',*,*,#2890,.T.);
#3925=ORIENTED_EDGE('',*,*,#2891,.T.);
#3926=ORIENTED_EDGE('',*,*,#2892,.T.);
#3927=ORIENTED_EDGE('',*,*,#2893,.F.);
#3928=ORIENTED_EDGE('',*,*,#2879,.F.);
#3929=ORIENTED_EDGE('',*,*,#2664,.F.);
#3930=ORIENTED_EDGE('',*,*,#2867,.F.);
#3931=ORIENTED_EDGE('',*,*,#2894,.F.);
#3932=ORIENTED_EDGE('',*,*,#2895,.F.);
#3933=ORIENTED_EDGE('',*,*,#2896,.T.);
#3934=ORIENTED_EDGE('',*,*,#2897,.F.);
#3935=ORIENTED_EDGE('',*,*,#2898,.F.);
#3936=ORIENTED_EDGE('',*,*,#2649,.T.);
#3937=ORIENTED_EDGE('',*,*,#2899,.T.);
#3938=ORIENTED_EDGE('',*,*,#2900,.F.);
#3939=ORIENTED_EDGE('',*,*,#2894,.T.);
#3940=ORIENTED_EDGE('',*,*,#2866,.F.);
#3941=ORIENTED_EDGE('',*,*,#2706,.F.);
#3942=ORIENTED_EDGE('',*,*,#2862,.T.);
#3943=ORIENTED_EDGE('',*,*,#2787,.F.);
#3944=ORIENTED_EDGE('',*,*,#2837,.F.);
#3945=ORIENTED_EDGE('',*,*,#2873,.F.);
#3946=ORIENTED_EDGE('',*,*,#2901,.F.);
#3947=ORIENTED_EDGE('',*,*,#2888,.F.);
#3948=ORIENTED_EDGE('',*,*,#2902,.F.);
#3949=ORIENTED_EDGE('',*,*,#2896,.F.);
#3950=ORIENTED_EDGE('',*,*,#2865,.F.);
#3951=ORIENTED_EDGE('',*,*,#2892,.F.);
#3952=ORIENTED_EDGE('',*,*,#2891,.F.);
#3953=ORIENTED_EDGE('',*,*,#2890,.F.);
#3954=ORIENTED_EDGE('',*,*,#2903,.F.);
#3955=ORIENTED_EDGE('',*,*,#2669,.F.);
#3956=ORIENTED_EDGE('',*,*,#2904,.F.);
#3957=ORIENTED_EDGE('',*,*,#2905,.F.);
#3958=ORIENTED_EDGE('',*,*,#2749,.F.);
#3959=ORIENTED_EDGE('',*,*,#2681,.F.);
#3960=ORIENTED_EDGE('',*,*,#2906,.F.);
#3961=ORIENTED_EDGE('',*,*,#2895,.T.);
#3962=ORIENTED_EDGE('',*,*,#2900,.T.);
#3963=ORIENTED_EDGE('',*,*,#2907,.T.);
#3964=ORIENTED_EDGE('',*,*,#2908,.T.);
#3965=ORIENTED_EDGE('',*,*,#2573,.T.);
#3966=ORIENTED_EDGE('',*,*,#2665,.T.);
#3967=ORIENTED_EDGE('',*,*,#2581,.T.);
#3968=ORIENTED_EDGE('',*,*,#2576,.F.);
#3969=ORIENTED_EDGE('',*,*,#2557,.F.);
#3970=ORIENTED_EDGE('',*,*,#2909,.T.);
#3971=ORIENTED_EDGE('',*,*,#2555,.F.);
#3972=ORIENTED_EDGE('',*,*,#2551,.F.);
#3973=ORIENTED_EDGE('',*,*,#2556,.F.);
#3974=ORIENTED_EDGE('',*,*,#2909,.F.);
#3975=ORIENTED_EDGE('',*,*,#2568,.F.);
#3976=ORIENTED_EDGE('',*,*,#2591,.F.);
#3977=ORIENTED_EDGE('',*,*,#2687,.F.);
#3978=ORIENTED_EDGE('',*,*,#2910,.T.);
#3979=ORIENTED_EDGE('',*,*,#2590,.F.);
#3980=ORIENTED_EDGE('',*,*,#2910,.F.);
#3981=ORIENTED_EDGE('',*,*,#2662,.F.);
#3982=ORIENTED_EDGE('',*,*,#2911,.T.);
#3983=ORIENTED_EDGE('',*,*,#2582,.F.);
#3984=ORIENTED_EDGE('',*,*,#2911,.F.);
#3985=ORIENTED_EDGE('',*,*,#2912,.T.);
#3986=ORIENTED_EDGE('',*,*,#2647,.T.);
#3987=ORIENTED_EDGE('',*,*,#2686,.T.);
#3988=ORIENTED_EDGE('',*,*,#2869,.F.);
#3989=ORIENTED_EDGE('',*,*,#2659,.T.);
#3990=ORIENTED_EDGE('',*,*,#2651,.T.);
#3991=ORIENTED_EDGE('',*,*,#2913,.T.);
#3992=ORIENTED_EDGE('',*,*,#2885,.F.);
#3993=ORIENTED_EDGE('',*,*,#2913,.F.);
#3994=ORIENTED_EDGE('',*,*,#2650,.T.);
#3995=ORIENTED_EDGE('',*,*,#2898,.T.);
#3996=ORIENTED_EDGE('',*,*,#2914,.F.);
#3997=ORIENTED_EDGE('',*,*,#2915,.T.);
#3998=ORIENTED_EDGE('',*,*,#2579,.T.);
#3999=ORIENTED_EDGE('',*,*,#2886,.F.);
#4000=ORIENTED_EDGE('',*,*,#2912,.F.);
#4001=ORIENTED_EDGE('',*,*,#2868,.F.);
#4002=ORIENTED_EDGE('',*,*,#2587,.T.);
#4003=ORIENTED_EDGE('',*,*,#2916,.T.);
#4004=ORIENTED_EDGE('',*,*,#2907,.F.);
#4005=ORIENTED_EDGE('',*,*,#2899,.F.);
#4006=ORIENTED_EDGE('',*,*,#2648,.T.);
#4007=ORIENTED_EDGE('',*,*,#2560,.F.);
#4008=ORIENTED_EDGE('',*,*,#2917,.T.);
#4009=ORIENTED_EDGE('',*,*,#2914,.T.);
#4010=ORIENTED_EDGE('',*,*,#2897,.T.);
#4011=ORIENTED_EDGE('',*,*,#2902,.T.);
#4012=ORIENTED_EDGE('',*,*,#2887,.F.);
#4013=ORIENTED_EDGE('',*,*,#2563,.T.);
#4014=ORIENTED_EDGE('',*,*,#2574,.F.);
#4015=ORIENTED_EDGE('',*,*,#2908,.F.);
#4016=ORIENTED_EDGE('',*,*,#2916,.F.);
#4017=ORIENTED_EDGE('',*,*,#2586,.F.);
#4018=ORIENTED_EDGE('',*,*,#2575,.T.);
#4019=ORIENTED_EDGE('',*,*,#2580,.F.);
#4020=ORIENTED_EDGE('',*,*,#2915,.F.);
#4021=ORIENTED_EDGE('',*,*,#2917,.F.);
#4022=ORIENTED_EDGE('',*,*,#2559,.F.);
#4023=ORIENTED_EDGE('',*,*,#2680,.T.);
#4024=ORIENTED_EDGE('',*,*,#2880,.F.);
#4025=ORIENTED_EDGE('',*,*,#2893,.T.);
#4026=ORIENTED_EDGE('',*,*,#2906,.T.);
#4027=ORIENTED_EDGE('',*,*,#2889,.T.);
#4028=ORIENTED_EDGE('',*,*,#2878,.F.);
#4029=ORIENTED_EDGE('',*,*,#2670,.T.);
#4030=ORIENTED_EDGE('',*,*,#2903,.T.);
#4031=ORIENTED_EDGE('',*,*,#2918,.T.);
#4032=ORIENTED_EDGE('',*,*,#2919,.T.);
#4033=ORIENTED_EDGE('',*,*,#2920,.F.);
#4034=ORIENTED_EDGE('',*,*,#2845,.T.);
#4035=ORIENTED_EDGE('',*,*,#2920,.T.);
#4036=ORIENTED_EDGE('',*,*,#2921,.T.);
#4037=ORIENTED_EDGE('',*,*,#2846,.T.);
#4038=ORIENTED_EDGE('',*,*,#2922,.T.);
#4039=ORIENTED_EDGE('',*,*,#2841,.T.);
#4040=ORIENTED_EDGE('',*,*,#2923,.F.);
#4041=ORIENTED_EDGE('',*,*,#2924,.T.);
#4042=ORIENTED_EDGE('',*,*,#2923,.T.);
#4043=ORIENTED_EDGE('',*,*,#2840,.T.);
#4044=ORIENTED_EDGE('',*,*,#2925,.T.);
#4045=ORIENTED_EDGE('',*,*,#2921,.F.);
#4046=ORIENTED_EDGE('',*,*,#2926,.T.);
#4047=ORIENTED_EDGE('',*,*,#2925,.F.);
#4048=ORIENTED_EDGE('',*,*,#2843,.T.);
#4049=ORIENTED_EDGE('',*,*,#2918,.F.);
#4050=ORIENTED_EDGE('',*,*,#2927,.T.);
#4051=ORIENTED_EDGE('',*,*,#2876,.F.);
#4052=ORIENTED_EDGE('',*,*,#2928,.T.);
#4053=ORIENTED_EDGE('',*,*,#2808,.F.);
#4054=ORIENTED_EDGE('',*,*,#2877,.F.);
#4055=ORIENTED_EDGE('',*,*,#2927,.F.);
#4056=ORIENTED_EDGE('',*,*,#2844,.F.);
#4057=ORIENTED_EDGE('',*,*,#2847,.F.);
#4058=ORIENTED_EDGE('',*,*,#2803,.F.);
#4059=ORIENTED_EDGE('',*,*,#2929,.T.);
#4060=ORIENTED_EDGE('',*,*,#2930,.T.);
#4061=ORIENTED_EDGE('',*,*,#2931,.F.);
#4062=ORIENTED_EDGE('',*,*,#2858,.T.);
#4063=ORIENTED_EDGE('',*,*,#2931,.T.);
#4064=ORIENTED_EDGE('',*,*,#2932,.T.);
#4065=ORIENTED_EDGE('',*,*,#2859,.T.);
#4066=ORIENTED_EDGE('',*,*,#2933,.T.);
#4067=ORIENTED_EDGE('',*,*,#2854,.T.);
#4068=ORIENTED_EDGE('',*,*,#2934,.F.);
#4069=ORIENTED_EDGE('',*,*,#2935,.T.);
#4070=ORIENTED_EDGE('',*,*,#2934,.T.);
#4071=ORIENTED_EDGE('',*,*,#2853,.T.);
#4072=ORIENTED_EDGE('',*,*,#2936,.T.);
#4073=ORIENTED_EDGE('',*,*,#2932,.F.);
#4074=ORIENTED_EDGE('',*,*,#2937,.T.);
#4075=ORIENTED_EDGE('',*,*,#2936,.F.);
#4076=ORIENTED_EDGE('',*,*,#2856,.T.);
#4077=ORIENTED_EDGE('',*,*,#2929,.F.);
#4078=ORIENTED_EDGE('',*,*,#2938,.T.);
#4079=ORIENTED_EDGE('',*,*,#2883,.F.);
#4080=ORIENTED_EDGE('',*,*,#2939,.T.);
#4081=ORIENTED_EDGE('',*,*,#2769,.F.);
#4082=ORIENTED_EDGE('',*,*,#2884,.F.);
#4083=ORIENTED_EDGE('',*,*,#2938,.F.);
#4084=ORIENTED_EDGE('',*,*,#2857,.F.);
#4085=ORIENTED_EDGE('',*,*,#2860,.F.);
#4086=ORIENTED_EDGE('',*,*,#2830,.F.);
#4087=ORIENTED_EDGE('',*,*,#2742,.F.);
#4088=ORIENTED_EDGE('',*,*,#2750,.F.);
#4089=ORIENTED_EDGE('',*,*,#2905,.T.);
#4090=ORIENTED_EDGE('',*,*,#2940,.F.);
#4091=ORIENTED_EDGE('',*,*,#2743,.F.);
#4092=ORIENTED_EDGE('',*,*,#2940,.T.);
#4093=ORIENTED_EDGE('',*,*,#2904,.T.);
#4094=ORIENTED_EDGE('',*,*,#2668,.T.);
#4095=ORIENTED_EDGE('',*,*,#2748,.F.);
#4096=ORIENTED_EDGE('',*,*,#2941,.T.);
#4097=ORIENTED_EDGE('',*,*,#2870,.F.);
#4098=ORIENTED_EDGE('',*,*,#2684,.T.);
#4099=ORIENTED_EDGE('',*,*,#2700,.F.);
#4100=ORIENTED_EDGE('',*,*,#2942,.T.);
#4101=ORIENTED_EDGE('',*,*,#2871,.F.);
#4102=ORIENTED_EDGE('',*,*,#2941,.F.);
#4103=ORIENTED_EDGE('',*,*,#2922,.F.);
#4104=ORIENTED_EDGE('',*,*,#2943,.T.);
#4105=ORIENTED_EDGE('',*,*,#2874,.F.);
#4106=ORIENTED_EDGE('',*,*,#2835,.F.);
#4107=ORIENTED_EDGE('',*,*,#2933,.F.);
#4108=ORIENTED_EDGE('',*,*,#2944,.T.);
#4109=ORIENTED_EDGE('',*,*,#2881,.F.);
#4110=ORIENTED_EDGE('',*,*,#2849,.F.);
#4111=ORIENTED_EDGE('',*,*,#2919,.F.);
#4112=ORIENTED_EDGE('',*,*,#2928,.F.);
#4113=ORIENTED_EDGE('',*,*,#2875,.F.);
#4114=ORIENTED_EDGE('',*,*,#2943,.F.);
#4115=ORIENTED_EDGE('',*,*,#2924,.F.);
#4116=ORIENTED_EDGE('',*,*,#2926,.F.);
#4117=ORIENTED_EDGE('',*,*,#2930,.F.);
#4118=ORIENTED_EDGE('',*,*,#2939,.F.);
#4119=ORIENTED_EDGE('',*,*,#2882,.F.);
#4120=ORIENTED_EDGE('',*,*,#2944,.F.);
#4121=ORIENTED_EDGE('',*,*,#2935,.F.);
#4122=ORIENTED_EDGE('',*,*,#2937,.F.);
#4123=ORIENTED_EDGE('',*,*,#2704,.F.);
#4124=ORIENTED_EDGE('',*,*,#2901,.T.);
#4125=ORIENTED_EDGE('',*,*,#2872,.F.);
#4126=ORIENTED_EDGE('',*,*,#2942,.F.);
#4127=ORIENTED_EDGE('',*,*,#2945,.T.);
#4128=ORIENTED_EDGE('',*,*,#2946,.T.);
#4129=ORIENTED_EDGE('',*,*,#2947,.F.);
#4130=ORIENTED_EDGE('',*,*,#2948,.T.);
#4131=ORIENTED_EDGE('',*,*,#2945,.F.);
#4132=ORIENTED_EDGE('',*,*,#2949,.T.);
#4133=ORIENTED_EDGE('',*,*,#2950,.F.);
#4134=ORIENTED_EDGE('',*,*,#2951,.F.);
#4135=ORIENTED_EDGE('',*,*,#2952,.T.);
#4136=ORIENTED_EDGE('',*,*,#2953,.F.);
#4137=ORIENTED_EDGE('',*,*,#2948,.F.);
#4138=ORIENTED_EDGE('',*,*,#2954,.F.);
#4139=ORIENTED_EDGE('',*,*,#2955,.F.);
#4140=ORIENTED_EDGE('',*,*,#2956,.F.);
#4141=ORIENTED_EDGE('',*,*,#2957,.F.);
#4142=ORIENTED_EDGE('',*,*,#2958,.F.);
#4143=ORIENTED_EDGE('',*,*,#2959,.F.);
#4144=ORIENTED_EDGE('',*,*,#2960,.F.);
#4145=ORIENTED_EDGE('',*,*,#2961,.F.);
#4146=ORIENTED_EDGE('',*,*,#2962,.F.);
#4147=ORIENTED_EDGE('',*,*,#2963,.F.);
#4148=ORIENTED_EDGE('',*,*,#2964,.F.);
#4149=ORIENTED_EDGE('',*,*,#2965,.F.);
#4150=ORIENTED_EDGE('',*,*,#2966,.F.);
#4151=ORIENTED_EDGE('',*,*,#2967,.F.);
#4152=ORIENTED_EDGE('',*,*,#2968,.F.);
#4153=ORIENTED_EDGE('',*,*,#2969,.F.);
#4154=ORIENTED_EDGE('',*,*,#2970,.F.);
#4155=ORIENTED_EDGE('',*,*,#2971,.F.);
#4156=ORIENTED_EDGE('',*,*,#2972,.F.);
#4157=ORIENTED_EDGE('',*,*,#2973,.F.);
#4158=ORIENTED_EDGE('',*,*,#2974,.F.);
#4159=ORIENTED_EDGE('',*,*,#2975,.F.);
#4160=ORIENTED_EDGE('',*,*,#2976,.F.);
#4161=ORIENTED_EDGE('',*,*,#2977,.F.);
#4162=ORIENTED_EDGE('',*,*,#2978,.F.);
#4163=ORIENTED_EDGE('',*,*,#2979,.F.);
#4164=ORIENTED_EDGE('',*,*,#2980,.F.);
#4165=ORIENTED_EDGE('',*,*,#2981,.F.);
#4166=ORIENTED_EDGE('',*,*,#2982,.F.);
#4167=ORIENTED_EDGE('',*,*,#2983,.F.);
#4168=ORIENTED_EDGE('',*,*,#2949,.F.);
#4169=ORIENTED_EDGE('',*,*,#2984,.F.);
#4170=ORIENTED_EDGE('',*,*,#2985,.F.);
#4171=ORIENTED_EDGE('',*,*,#2986,.F.);
#4172=ORIENTED_EDGE('',*,*,#2987,.F.);
#4173=ORIENTED_EDGE('',*,*,#2988,.T.);
#4174=ORIENTED_EDGE('',*,*,#2989,.T.);
#4175=ORIENTED_EDGE('',*,*,#2950,.T.);
#4176=ORIENTED_EDGE('',*,*,#2983,.T.);
#4177=ORIENTED_EDGE('',*,*,#2988,.F.);
#4178=ORIENTED_EDGE('',*,*,#2982,.T.);
#4179=ORIENTED_EDGE('',*,*,#2990,.F.);
#4180=ORIENTED_EDGE('',*,*,#2991,.T.);
#4181=ORIENTED_EDGE('',*,*,#2989,.F.);
#4182=ORIENTED_EDGE('',*,*,#2992,.T.);
#4183=ORIENTED_EDGE('',*,*,#2993,.T.);
#4184=ORIENTED_EDGE('',*,*,#2994,.T.);
#4185=ORIENTED_EDGE('',*,*,#2951,.T.);
#4186=ORIENTED_EDGE('',*,*,#2994,.F.);
#4187=ORIENTED_EDGE('',*,*,#2995,.F.);
#4188=ORIENTED_EDGE('',*,*,#2996,.F.);
#4189=ORIENTED_EDGE('',*,*,#2952,.F.);
#4190=ORIENTED_EDGE('',*,*,#2946,.F.);
#4191=ORIENTED_EDGE('',*,*,#2953,.T.);
#4192=ORIENTED_EDGE('',*,*,#2996,.T.);
#4193=ORIENTED_EDGE('',*,*,#2997,.T.);
#4194=ORIENTED_EDGE('',*,*,#2998,.T.);
#4195=ORIENTED_EDGE('',*,*,#2993,.F.);
#4196=ORIENTED_EDGE('',*,*,#2999,.T.);
#4197=ORIENTED_EDGE('',*,*,#3000,.F.);
#4198=ORIENTED_EDGE('',*,*,#3001,.F.);
#4199=ORIENTED_EDGE('',*,*,#3002,.F.);
#4200=ORIENTED_EDGE('',*,*,#3003,.F.);
#4201=ORIENTED_EDGE('',*,*,#3004,.F.);
#4202=ORIENTED_EDGE('',*,*,#3005,.T.);
#4203=ORIENTED_EDGE('',*,*,#2997,.F.);
#4204=ORIENTED_EDGE('',*,*,#2995,.T.);
#4205=ORIENTED_EDGE('',*,*,#3006,.T.);
#4206=ORIENTED_EDGE('',*,*,#3007,.T.);
#4207=ORIENTED_EDGE('',*,*,#3008,.T.);
#4208=ORIENTED_EDGE('',*,*,#3009,.T.);
#4209=ORIENTED_EDGE('',*,*,#2947,.T.);
#4210=ORIENTED_EDGE('',*,*,#3010,.T.);
#4211=ORIENTED_EDGE('',*,*,#3011,.T.);
#4212=ORIENTED_EDGE('',*,*,#2954,.T.);
#4213=ORIENTED_EDGE('',*,*,#2998,.F.);
#4214=ORIENTED_EDGE('',*,*,#3005,.F.);
#4215=ORIENTED_EDGE('',*,*,#3012,.F.);
#4216=ORIENTED_EDGE('',*,*,#3013,.F.);
#4217=ORIENTED_EDGE('',*,*,#3014,.F.);
#4218=ORIENTED_EDGE('',*,*,#3010,.F.);
#4219=ORIENTED_EDGE('',*,*,#3015,.T.);
#4220=ORIENTED_EDGE('',*,*,#3016,.F.);
#4221=ORIENTED_EDGE('',*,*,#3017,.T.);
#4222=ORIENTED_EDGE('',*,*,#3018,.F.);
#4223=ORIENTED_EDGE('',*,*,#3019,.T.);
#4224=ORIENTED_EDGE('',*,*,#3019,.F.);
#4225=ORIENTED_EDGE('',*,*,#3020,.F.);
#4226=ORIENTED_EDGE('',*,*,#3021,.T.);
#4227=ORIENTED_EDGE('',*,*,#3022,.F.);
#4228=ORIENTED_EDGE('',*,*,#3023,.T.);
#4229=ORIENTED_EDGE('',*,*,#3024,.T.);
#4230=ORIENTED_EDGE('',*,*,#3025,.T.);
#4231=ORIENTED_EDGE('',*,*,#3026,.F.);
#4232=ORIENTED_EDGE('',*,*,#3027,.F.);
#4233=ORIENTED_EDGE('',*,*,#3028,.T.);
#4234=ORIENTED_EDGE('',*,*,#3029,.F.);
#4235=ORIENTED_EDGE('',*,*,#3030,.F.);
#4236=ORIENTED_EDGE('',*,*,#3031,.T.);
#4237=ORIENTED_EDGE('',*,*,#3032,.F.);
#4238=ORIENTED_EDGE('',*,*,#3033,.F.);
#4239=ORIENTED_EDGE('',*,*,#3034,.T.);
#4240=ORIENTED_EDGE('',*,*,#3035,.F.);
#4241=ORIENTED_EDGE('',*,*,#3036,.F.);
#4242=ORIENTED_EDGE('',*,*,#3037,.T.);
#4243=ORIENTED_EDGE('',*,*,#3038,.T.);
#4244=ORIENTED_EDGE('',*,*,#3039,.T.);
#4245=ORIENTED_EDGE('',*,*,#3040,.F.);
#4246=ORIENTED_EDGE('',*,*,#3041,.T.);
#4247=ORIENTED_EDGE('',*,*,#3042,.T.);
#4248=ORIENTED_EDGE('',*,*,#3043,.T.);
#4249=ORIENTED_EDGE('',*,*,#3044,.F.);
#4250=ORIENTED_EDGE('',*,*,#3028,.F.);
#4251=ORIENTED_EDGE('',*,*,#3045,.F.);
#4252=ORIENTED_EDGE('',*,*,#3046,.F.);
#4253=ORIENTED_EDGE('',*,*,#3047,.F.);
#4254=ORIENTED_EDGE('',*,*,#3048,.T.);
#4255=ORIENTED_EDGE('',*,*,#3049,.F.);
#4256=ORIENTED_EDGE('',*,*,#3046,.T.);
#4257=ORIENTED_EDGE('',*,*,#3050,.F.);
#4258=ORIENTED_EDGE('',*,*,#3051,.F.);
#4259=ORIENTED_EDGE('',*,*,#3052,.T.);
#4260=ORIENTED_EDGE('',*,*,#3053,.F.);
#4261=ORIENTED_EDGE('',*,*,#3054,.F.);
#4262=ORIENTED_EDGE('',*,*,#2992,.F.);
#4263=ORIENTED_EDGE('',*,*,#2991,.F.);
#4264=ORIENTED_EDGE('',*,*,#3055,.F.);
#4265=ORIENTED_EDGE('',*,*,#3056,.F.);
#4266=ORIENTED_EDGE('',*,*,#3057,.F.);
#4267=ORIENTED_EDGE('',*,*,#2999,.F.);
#4268=ORIENTED_EDGE('',*,*,#3058,.T.);
#4269=ORIENTED_EDGE('',*,*,#2987,.T.);
#4270=ORIENTED_EDGE('',*,*,#3059,.T.);
#4271=ORIENTED_EDGE('',*,*,#3060,.T.);
#4272=ORIENTED_EDGE('',*,*,#3059,.F.);
#4273=ORIENTED_EDGE('',*,*,#3009,.F.);
#4274=ORIENTED_EDGE('',*,*,#3061,.T.);
#4275=ORIENTED_EDGE('',*,*,#3060,.F.);
#4276=ORIENTED_EDGE('',*,*,#3061,.F.);
#4277=ORIENTED_EDGE('',*,*,#2984,.T.);
#4278=ORIENTED_EDGE('',*,*,#3062,.T.);
#4279=ORIENTED_EDGE('',*,*,#3063,.T.);
#4280=ORIENTED_EDGE('',*,*,#3062,.F.);
#4281=ORIENTED_EDGE('',*,*,#3008,.F.);
#4282=ORIENTED_EDGE('',*,*,#3064,.T.);
#4283=ORIENTED_EDGE('',*,*,#3063,.F.);
#4284=ORIENTED_EDGE('',*,*,#3064,.F.);
#4285=ORIENTED_EDGE('',*,*,#2986,.T.);
#4286=ORIENTED_EDGE('',*,*,#3065,.T.);
#4287=ORIENTED_EDGE('',*,*,#3066,.T.);
#4288=ORIENTED_EDGE('',*,*,#3065,.F.);
#4289=ORIENTED_EDGE('',*,*,#3006,.F.);
#4290=ORIENTED_EDGE('',*,*,#3067,.T.);
#4291=ORIENTED_EDGE('',*,*,#3066,.F.);
#4292=ORIENTED_EDGE('',*,*,#3067,.F.);
#4293=ORIENTED_EDGE('',*,*,#2985,.T.);
#4294=ORIENTED_EDGE('',*,*,#3068,.T.);
#4295=ORIENTED_EDGE('',*,*,#3069,.T.);
#4296=ORIENTED_EDGE('',*,*,#3068,.F.);
#4297=ORIENTED_EDGE('',*,*,#3007,.F.);
#4298=ORIENTED_EDGE('',*,*,#3070,.T.);
#4299=ORIENTED_EDGE('',*,*,#3069,.F.);
#4300=ORIENTED_EDGE('',*,*,#3070,.F.);
#4301=ORIENTED_EDGE('',*,*,#3071,.T.);
#4302=ORIENTED_EDGE('',*,*,#3072,.T.);
#4303=ORIENTED_EDGE('',*,*,#2980,.T.);
#4304=ORIENTED_EDGE('',*,*,#3073,.T.);
#4305=ORIENTED_EDGE('',*,*,#2979,.T.);
#4306=ORIENTED_EDGE('',*,*,#3074,.T.);
#4307=ORIENTED_EDGE('',*,*,#3075,.T.);
#4308=ORIENTED_EDGE('',*,*,#3073,.F.);
#4309=ORIENTED_EDGE('',*,*,#3074,.F.);
#4310=ORIENTED_EDGE('',*,*,#2978,.T.);
#4311=ORIENTED_EDGE('',*,*,#3076,.T.);
#4312=ORIENTED_EDGE('',*,*,#3077,.T.);
#4313=ORIENTED_EDGE('',*,*,#3078,.T.);
#4314=ORIENTED_EDGE('',*,*,#3079,.T.);
#4315=ORIENTED_EDGE('',*,*,#3076,.F.);
#4316=ORIENTED_EDGE('',*,*,#2977,.T.);
#4317=ORIENTED_EDGE('',*,*,#3078,.F.);
#4318=ORIENTED_EDGE('',*,*,#2976,.T.);
#4319=ORIENTED_EDGE('',*,*,#3080,.T.);
#4320=ORIENTED_EDGE('',*,*,#3081,.T.);
#4321=ORIENTED_EDGE('',*,*,#3080,.F.);
#4322=ORIENTED_EDGE('',*,*,#2975,.T.);
#4323=ORIENTED_EDGE('',*,*,#3082,.T.);
#4324=ORIENTED_EDGE('',*,*,#3083,.T.);
#4325=ORIENTED_EDGE('',*,*,#3082,.F.);
#4326=ORIENTED_EDGE('',*,*,#2974,.T.);
#4327=ORIENTED_EDGE('',*,*,#3084,.T.);
#4328=ORIENTED_EDGE('',*,*,#3085,.T.);
#4329=ORIENTED_EDGE('',*,*,#3086,.T.);
#4330=ORIENTED_EDGE('',*,*,#3087,.T.);
#4331=ORIENTED_EDGE('',*,*,#3084,.F.);
#4332=ORIENTED_EDGE('',*,*,#2973,.T.);
#4333=ORIENTED_EDGE('',*,*,#3086,.F.);
#4334=ORIENTED_EDGE('',*,*,#2972,.T.);
#4335=ORIENTED_EDGE('',*,*,#3088,.T.);
#4336=ORIENTED_EDGE('',*,*,#3089,.T.);
#4337=ORIENTED_EDGE('',*,*,#3044,.T.);
#4338=ORIENTED_EDGE('',*,*,#3088,.F.);
#4339=ORIENTED_EDGE('',*,*,#2971,.T.);
#4340=ORIENTED_EDGE('',*,*,#3090,.T.);
#4341=ORIENTED_EDGE('',*,*,#3054,.T.);
#4342=ORIENTED_EDGE('',*,*,#3091,.T.);
#4343=ORIENTED_EDGE('',*,*,#2966,.T.);
#4344=ORIENTED_EDGE('',*,*,#3092,.T.);
#4345=ORIENTED_EDGE('',*,*,#2965,.T.);
#4346=ORIENTED_EDGE('',*,*,#3093,.T.);
#4347=ORIENTED_EDGE('',*,*,#3047,.T.);
#4348=ORIENTED_EDGE('',*,*,#3092,.F.);
#4349=ORIENTED_EDGE('',*,*,#3094,.T.);
#4350=ORIENTED_EDGE('',*,*,#3095,.T.);
#4351=ORIENTED_EDGE('',*,*,#3093,.F.);
#4352=ORIENTED_EDGE('',*,*,#2964,.T.);
#4353=ORIENTED_EDGE('',*,*,#3096,.T.);
#4354=ORIENTED_EDGE('',*,*,#3097,.T.);
#4355=ORIENTED_EDGE('',*,*,#3094,.F.);
#4356=ORIENTED_EDGE('',*,*,#2963,.T.);
#4357=ORIENTED_EDGE('',*,*,#3096,.F.);
#4358=ORIENTED_EDGE('',*,*,#2962,.T.);
#4359=ORIENTED_EDGE('',*,*,#3098,.T.);
#4360=ORIENTED_EDGE('',*,*,#3099,.T.);
#4361=ORIENTED_EDGE('',*,*,#3098,.F.);
#4362=ORIENTED_EDGE('',*,*,#2961,.T.);
#4363=ORIENTED_EDGE('',*,*,#3100,.T.);
#4364=ORIENTED_EDGE('',*,*,#3101,.T.);
#4365=ORIENTED_EDGE('',*,*,#3100,.F.);
#4366=ORIENTED_EDGE('',*,*,#2960,.T.);
#4367=ORIENTED_EDGE('',*,*,#3102,.T.);
#4368=ORIENTED_EDGE('',*,*,#3103,.T.);
#4369=ORIENTED_EDGE('',*,*,#3104,.T.);
#4370=ORIENTED_EDGE('',*,*,#3105,.T.);
#4371=ORIENTED_EDGE('',*,*,#3102,.F.);
#4372=ORIENTED_EDGE('',*,*,#2959,.T.);
#4373=ORIENTED_EDGE('',*,*,#3106,.T.);
#4374=ORIENTED_EDGE('',*,*,#3107,.T.);
#4375=ORIENTED_EDGE('',*,*,#3104,.F.);
#4376=ORIENTED_EDGE('',*,*,#2958,.T.);
#4377=ORIENTED_EDGE('',*,*,#3108,.T.);
#4378=ORIENTED_EDGE('',*,*,#3106,.F.);
#4379=ORIENTED_EDGE('',*,*,#2957,.T.);
#4380=ORIENTED_EDGE('',*,*,#3109,.T.);
#4381=ORIENTED_EDGE('',*,*,#3091,.F.);
#4382=ORIENTED_EDGE('',*,*,#3110,.T.);
#4383=ORIENTED_EDGE('',*,*,#3111,.T.);
#4384=ORIENTED_EDGE('',*,*,#2967,.T.);
#4385=ORIENTED_EDGE('',*,*,#3112,.T.);
#4386=ORIENTED_EDGE('',*,*,#2968,.T.);
#4387=ORIENTED_EDGE('',*,*,#3111,.F.);
#4388=ORIENTED_EDGE('',*,*,#3113,.T.);
#4389=ORIENTED_EDGE('',*,*,#3112,.F.);
#4390=ORIENTED_EDGE('',*,*,#3114,.T.);
#4391=ORIENTED_EDGE('',*,*,#3115,.T.);
#4392=ORIENTED_EDGE('',*,*,#2969,.T.);
#4393=ORIENTED_EDGE('',*,*,#2970,.T.);
#4394=ORIENTED_EDGE('',*,*,#3115,.F.);
#4395=ORIENTED_EDGE('',*,*,#3029,.T.);
#4396=ORIENTED_EDGE('',*,*,#3090,.F.);
#4397=ORIENTED_EDGE('',*,*,#3011,.F.);
#4398=ORIENTED_EDGE('',*,*,#3116,.T.);
#4399=ORIENTED_EDGE('',*,*,#3117,.T.);
#4400=ORIENTED_EDGE('',*,*,#2955,.T.);
#4401=ORIENTED_EDGE('',*,*,#2956,.T.);
#4402=ORIENTED_EDGE('',*,*,#3117,.F.);
#4403=ORIENTED_EDGE('',*,*,#3118,.T.);
#4404=ORIENTED_EDGE('',*,*,#3109,.F.);
#4405=ORIENTED_EDGE('',*,*,#3072,.F.);
#4406=ORIENTED_EDGE('',*,*,#3119,.T.);
#4407=ORIENTED_EDGE('',*,*,#2990,.T.);
#4408=ORIENTED_EDGE('',*,*,#2981,.T.);
#4409=ORIENTED_EDGE('',*,*,#3110,.F.);
#4410=ORIENTED_EDGE('',*,*,#3053,.T.);
#4411=ORIENTED_EDGE('',*,*,#3120,.T.);
#4412=ORIENTED_EDGE('',*,*,#3121,.T.);
#4413=ORIENTED_EDGE('',*,*,#3095,.F.);
#4414=ORIENTED_EDGE('',*,*,#3122,.T.);
#4415=ORIENTED_EDGE('',*,*,#3123,.F.);
#4416=ORIENTED_EDGE('',*,*,#3124,.F.);
#4417=ORIENTED_EDGE('',*,*,#3125,.F.);
#4418=ORIENTED_EDGE('',*,*,#3048,.F.);
#4419=ORIENTED_EDGE('',*,*,#3097,.F.);
#4420=ORIENTED_EDGE('',*,*,#3126,.T.);
#4421=ORIENTED_EDGE('',*,*,#3127,.F.);
#4422=ORIENTED_EDGE('',*,*,#3128,.F.);
#4423=ORIENTED_EDGE('',*,*,#3122,.F.);
#4424=ORIENTED_EDGE('',*,*,#3099,.F.);
#4425=ORIENTED_EDGE('',*,*,#3129,.T.);
#4426=ORIENTED_EDGE('',*,*,#3130,.F.);
#4427=ORIENTED_EDGE('',*,*,#3126,.F.);
#4428=ORIENTED_EDGE('',*,*,#3101,.F.);
#4429=ORIENTED_EDGE('',*,*,#3131,.F.);
#4430=ORIENTED_EDGE('',*,*,#3132,.F.);
#4431=ORIENTED_EDGE('',*,*,#3129,.F.);
#4432=ORIENTED_EDGE('',*,*,#3103,.F.);
#4433=ORIENTED_EDGE('',*,*,#3133,.F.);
#4434=ORIENTED_EDGE('',*,*,#3134,.F.);
#4435=ORIENTED_EDGE('',*,*,#3131,.T.);
#4436=ORIENTED_EDGE('',*,*,#3105,.F.);
#4437=ORIENTED_EDGE('',*,*,#3135,.T.);
#4438=ORIENTED_EDGE('',*,*,#3136,.F.);
#4439=ORIENTED_EDGE('',*,*,#3137,.F.);
#4440=ORIENTED_EDGE('',*,*,#3133,.T.);
#4441=ORIENTED_EDGE('',*,*,#3107,.F.);
#4442=ORIENTED_EDGE('',*,*,#3138,.F.);
#4443=ORIENTED_EDGE('',*,*,#3139,.F.);
#4444=ORIENTED_EDGE('',*,*,#3140,.T.);
#4445=ORIENTED_EDGE('',*,*,#3141,.F.);
#4446=ORIENTED_EDGE('',*,*,#3135,.F.);
#4447=ORIENTED_EDGE('',*,*,#3108,.F.);
#4448=ORIENTED_EDGE('',*,*,#3142,.F.);
#4449=ORIENTED_EDGE('',*,*,#3143,.F.);
#4450=ORIENTED_EDGE('',*,*,#3138,.T.);
#4451=ORIENTED_EDGE('',*,*,#3118,.F.);
#4452=ORIENTED_EDGE('',*,*,#3144,.F.);
#4453=ORIENTED_EDGE('',*,*,#3145,.F.);
#4454=ORIENTED_EDGE('',*,*,#3142,.T.);
#4455=ORIENTED_EDGE('',*,*,#3116,.F.);
#4456=ORIENTED_EDGE('',*,*,#3014,.T.);
#4457=ORIENTED_EDGE('',*,*,#3146,.F.);
#4458=ORIENTED_EDGE('',*,*,#3144,.T.);
#4459=ORIENTED_EDGE('',*,*,#3147,.T.);
#4460=ORIENTED_EDGE('',*,*,#3148,.T.);
#4461=ORIENTED_EDGE('',*,*,#3149,.T.);
#4462=ORIENTED_EDGE('',*,*,#3150,.T.);
#4463=ORIENTED_EDGE('',*,*,#3151,.T.);
#4464=ORIENTED_EDGE('',*,*,#3152,.T.);
#4465=ORIENTED_EDGE('',*,*,#3149,.F.);
#4466=ORIENTED_EDGE('',*,*,#3153,.T.);
#4467=ORIENTED_EDGE('',*,*,#3154,.T.);
#4468=ORIENTED_EDGE('',*,*,#3155,.T.);
#4469=ORIENTED_EDGE('',*,*,#3156,.T.);
#4470=ORIENTED_EDGE('',*,*,#3147,.F.);
#4471=ORIENTED_EDGE('',*,*,#3157,.F.);
#4472=ORIENTED_EDGE('',*,*,#3158,.T.);
#4473=ORIENTED_EDGE('',*,*,#3155,.F.);
#4474=ORIENTED_EDGE('',*,*,#3159,.T.);
#4475=ORIENTED_EDGE('',*,*,#3160,.T.);
#4476=ORIENTED_EDGE('',*,*,#3161,.T.);
#4477=ORIENTED_EDGE('',*,*,#3162,.T.);
#4478=ORIENTED_EDGE('',*,*,#3163,.T.);
#4479=ORIENTED_EDGE('',*,*,#3164,.T.);
#4480=ORIENTED_EDGE('',*,*,#3165,.T.);
#4481=ORIENTED_EDGE('',*,*,#3162,.F.);
#4482=ORIENTED_EDGE('',*,*,#3166,.T.);
#4483=ORIENTED_EDGE('',*,*,#3160,.F.);
#4484=ORIENTED_EDGE('',*,*,#3167,.T.);
#4485=ORIENTED_EDGE('',*,*,#3151,.F.);
#4486=ORIENTED_EDGE('',*,*,#3168,.T.);
#4487=ORIENTED_EDGE('',*,*,#3169,.F.);
#4488=ORIENTED_EDGE('',*,*,#3164,.F.);
#4489=ORIENTED_EDGE('',*,*,#3170,.T.);
#4490=ORIENTED_EDGE('',*,*,#3171,.T.);
#4491=ORIENTED_EDGE('',*,*,#3172,.F.);
#4492=ORIENTED_EDGE('',*,*,#3171,.F.);
#4493=ORIENTED_EDGE('',*,*,#3173,.T.);
#4494=ORIENTED_EDGE('',*,*,#3174,.T.);
#4495=ORIENTED_EDGE('',*,*,#3150,.F.);
#4496=ORIENTED_EDGE('',*,*,#3152,.F.);
#4497=ORIENTED_EDGE('',*,*,#3167,.F.);
#4498=ORIENTED_EDGE('',*,*,#3163,.F.);
#4499=ORIENTED_EDGE('',*,*,#3165,.F.);
#4500=ORIENTED_EDGE('',*,*,#3175,.T.);
#4501=ORIENTED_EDGE('',*,*,#3176,.T.);
#4502=ORIENTED_EDGE('',*,*,#3177,.T.);
#4503=ORIENTED_EDGE('',*,*,#3089,.F.);
#4504=ORIENTED_EDGE('',*,*,#3043,.F.);
#4505=ORIENTED_EDGE('',*,*,#3178,.F.);
#4506=ORIENTED_EDGE('',*,*,#3179,.T.);
#4507=ORIENTED_EDGE('',*,*,#3173,.F.);
#4508=ORIENTED_EDGE('',*,*,#3180,.F.);
#4509=ORIENTED_EDGE('',*,*,#3087,.F.);
#4510=ORIENTED_EDGE('',*,*,#3180,.T.);
#4511=ORIENTED_EDGE('',*,*,#3170,.F.);
#4512=ORIENTED_EDGE('',*,*,#3166,.F.);
#4513=ORIENTED_EDGE('',*,*,#3181,.T.);
#4514=ORIENTED_EDGE('',*,*,#3085,.F.);
#4515=ORIENTED_EDGE('',*,*,#3181,.F.);
#4516=ORIENTED_EDGE('',*,*,#3161,.F.);
#4517=ORIENTED_EDGE('',*,*,#3182,.T.);
#4518=ORIENTED_EDGE('',*,*,#3183,.T.);
#4519=ORIENTED_EDGE('',*,*,#3127,.T.);
#4520=ORIENTED_EDGE('',*,*,#3184,.T.);
#4521=ORIENTED_EDGE('',*,*,#3185,.T.);
#4522=ORIENTED_EDGE('',*,*,#3186,.T.);
#4523=ORIENTED_EDGE('',*,*,#3187,.T.);
#4524=ORIENTED_EDGE('',*,*,#3184,.F.);
#4525=ORIENTED_EDGE('',*,*,#3130,.T.);
#4526=ORIENTED_EDGE('',*,*,#3188,.T.);
#4527=ORIENTED_EDGE('',*,*,#3189,.T.);
#4528=ORIENTED_EDGE('',*,*,#3128,.T.);
#4529=ORIENTED_EDGE('',*,*,#3183,.F.);
#4530=ORIENTED_EDGE('',*,*,#3190,.F.);
#4531=ORIENTED_EDGE('',*,*,#3123,.T.);
#4532=ORIENTED_EDGE('',*,*,#3189,.F.);
#4533=ORIENTED_EDGE('',*,*,#3191,.T.);
#4534=ORIENTED_EDGE('',*,*,#3192,.T.);
#4535=ORIENTED_EDGE('',*,*,#3134,.T.);
#4536=ORIENTED_EDGE('',*,*,#3193,.T.);
#4537=ORIENTED_EDGE('',*,*,#3194,.T.);
#4538=ORIENTED_EDGE('',*,*,#3195,.T.);
#4539=ORIENTED_EDGE('',*,*,#3196,.T.);
#4540=ORIENTED_EDGE('',*,*,#3193,.F.);
#4541=ORIENTED_EDGE('',*,*,#3137,.T.);
#4542=ORIENTED_EDGE('',*,*,#3192,.F.);
#4543=ORIENTED_EDGE('',*,*,#3197,.T.);
#4544=ORIENTED_EDGE('',*,*,#3186,.F.);
#4545=ORIENTED_EDGE('',*,*,#3132,.T.);
#4546=ORIENTED_EDGE('',*,*,#3198,.F.);
#4547=ORIENTED_EDGE('',*,*,#3195,.F.);
#4548=ORIENTED_EDGE('',*,*,#3136,.T.);
#4549=ORIENTED_EDGE('',*,*,#3199,.T.);
#4550=ORIENTED_EDGE('',*,*,#3200,.F.);
#4551=ORIENTED_EDGE('',*,*,#3199,.F.);
#4552=ORIENTED_EDGE('',*,*,#3141,.T.);
#4553=ORIENTED_EDGE('',*,*,#3201,.T.);
#4554=ORIENTED_EDGE('',*,*,#3185,.F.);
#4555=ORIENTED_EDGE('',*,*,#3187,.F.);
#4556=ORIENTED_EDGE('',*,*,#3197,.F.);
#4557=ORIENTED_EDGE('',*,*,#3194,.F.);
#4558=ORIENTED_EDGE('',*,*,#3196,.F.);
#4559=ORIENTED_EDGE('',*,*,#3202,.T.);
#4560=ORIENTED_EDGE('',*,*,#3203,.T.);
#4561=ORIENTED_EDGE('',*,*,#3204,.T.);
#4562=ORIENTED_EDGE('',*,*,#3205,.F.);
#4563=ORIENTED_EDGE('',*,*,#3206,.T.);
#4564=ORIENTED_EDGE('',*,*,#3207,.F.);
#4565=ORIENTED_EDGE('',*,*,#3208,.T.);
#4566=ORIENTED_EDGE('',*,*,#3157,.T.);
#4567=ORIENTED_EDGE('',*,*,#3209,.T.);
#4568=ORIENTED_EDGE('',*,*,#3177,.F.);
#4569=ORIENTED_EDGE('',*,*,#3210,.T.);
#4570=ORIENTED_EDGE('',*,*,#3211,.F.);
#4571=ORIENTED_EDGE('',*,*,#3212,.F.);
#4572=ORIENTED_EDGE('',*,*,#3205,.T.);
#4573=ORIENTED_EDGE('',*,*,#3209,.F.);
#4574=ORIENTED_EDGE('',*,*,#3159,.F.);
#4575=ORIENTED_EDGE('',*,*,#3154,.F.);
#4576=ORIENTED_EDGE('',*,*,#3176,.F.);
#4577=ORIENTED_EDGE('',*,*,#3213,.F.);
#4578=ORIENTED_EDGE('',*,*,#3214,.F.);
#4579=ORIENTED_EDGE('',*,*,#3210,.F.);
#4580=ORIENTED_EDGE('',*,*,#3215,.T.);
#4581=ORIENTED_EDGE('',*,*,#3216,.F.);
#4582=ORIENTED_EDGE('',*,*,#3217,.F.);
#4583=ORIENTED_EDGE('',*,*,#3213,.T.);
#4584=ORIENTED_EDGE('',*,*,#3175,.F.);
#4585=ORIENTED_EDGE('',*,*,#3169,.T.);
#4586=ORIENTED_EDGE('',*,*,#3172,.T.);
#4587=ORIENTED_EDGE('',*,*,#3218,.T.);
#4588=ORIENTED_EDGE('',*,*,#3219,.F.);
#4589=ORIENTED_EDGE('',*,*,#3220,.T.);
#4590=ORIENTED_EDGE('',*,*,#3221,.F.);
#4591=ORIENTED_EDGE('',*,*,#3124,.T.);
#4592=ORIENTED_EDGE('',*,*,#3190,.T.);
#4593=ORIENTED_EDGE('',*,*,#3222,.T.);
#4594=ORIENTED_EDGE('',*,*,#3204,.F.);
#4595=ORIENTED_EDGE('',*,*,#3223,.T.);
#4596=ORIENTED_EDGE('',*,*,#3224,.F.);
#4597=ORIENTED_EDGE('',*,*,#3225,.F.);
#4598=ORIENTED_EDGE('',*,*,#3219,.T.);
#4599=ORIENTED_EDGE('',*,*,#3222,.F.);
#4600=ORIENTED_EDGE('',*,*,#3191,.F.);
#4601=ORIENTED_EDGE('',*,*,#3188,.F.);
#4602=ORIENTED_EDGE('',*,*,#3203,.F.);
#4603=ORIENTED_EDGE('',*,*,#3226,.F.);
#4604=ORIENTED_EDGE('',*,*,#3227,.F.);
#4605=ORIENTED_EDGE('',*,*,#3223,.F.);
#4606=ORIENTED_EDGE('',*,*,#3228,.T.);
#4607=ORIENTED_EDGE('',*,*,#3229,.F.);
#4608=ORIENTED_EDGE('',*,*,#3230,.F.);
#4609=ORIENTED_EDGE('',*,*,#3226,.T.);
#4610=ORIENTED_EDGE('',*,*,#3202,.F.);
#4611=ORIENTED_EDGE('',*,*,#3198,.T.);
#4612=ORIENTED_EDGE('',*,*,#3200,.T.);
#4613=ORIENTED_EDGE('',*,*,#3231,.T.);
#4614=ORIENTED_EDGE('',*,*,#3079,.F.);
#4615=ORIENTED_EDGE('',*,*,#3232,.T.);
#4616=ORIENTED_EDGE('',*,*,#3148,.F.);
#4617=ORIENTED_EDGE('',*,*,#3156,.F.);
#4618=ORIENTED_EDGE('',*,*,#3233,.F.);
#4619=ORIENTED_EDGE('',*,*,#3081,.F.);
#4620=ORIENTED_EDGE('',*,*,#3234,.T.);
#4621=ORIENTED_EDGE('',*,*,#3153,.F.);
#4622=ORIENTED_EDGE('',*,*,#3232,.F.);
#4623=ORIENTED_EDGE('',*,*,#3083,.F.);
#4624=ORIENTED_EDGE('',*,*,#3182,.F.);
#4625=ORIENTED_EDGE('',*,*,#3168,.F.);
#4626=ORIENTED_EDGE('',*,*,#3234,.F.);
#4627=ORIENTED_EDGE('',*,*,#3016,.T.);
#4628=ORIENTED_EDGE('',*,*,#3027,.T.);
#4629=ORIENTED_EDGE('',*,*,#3235,.T.);
#4630=ORIENTED_EDGE('',*,*,#3236,.T.);
#4631=ORIENTED_EDGE('',*,*,#3237,.T.);
#4632=ORIENTED_EDGE('',*,*,#3238,.T.);
#4633=ORIENTED_EDGE('',*,*,#3056,.T.);
#4634=ORIENTED_EDGE('',*,*,#3239,.T.);
#4635=ORIENTED_EDGE('',*,*,#3240,.T.);
#4636=ORIENTED_EDGE('',*,*,#3241,.T.);
#4637=ORIENTED_EDGE('',*,*,#3242,.T.);
#4638=ORIENTED_EDGE('',*,*,#3207,.T.);
#4639=ORIENTED_EDGE('',*,*,#3243,.T.);
#4640=ORIENTED_EDGE('',*,*,#3244,.T.);
#4641=ORIENTED_EDGE('',*,*,#3245,.T.);
#4642=ORIENTED_EDGE('',*,*,#3246,.T.);
#4643=ORIENTED_EDGE('',*,*,#3178,.T.);
#4644=ORIENTED_EDGE('',*,*,#3045,.T.);
#4645=ORIENTED_EDGE('',*,*,#3033,.T.);
#4646=ORIENTED_EDGE('',*,*,#3247,.T.);
#4647=ORIENTED_EDGE('',*,*,#3248,.T.);
#4648=ORIENTED_EDGE('',*,*,#3249,.T.);
#4649=ORIENTED_EDGE('',*,*,#3050,.T.);
#4650=ORIENTED_EDGE('',*,*,#3049,.T.);
#4651=ORIENTED_EDGE('',*,*,#3125,.T.);
#4652=ORIENTED_EDGE('',*,*,#3221,.T.);
#4653=ORIENTED_EDGE('',*,*,#3250,.T.);
#4654=ORIENTED_EDGE('',*,*,#3251,.T.);
#4655=ORIENTED_EDGE('',*,*,#3252,.T.);
#4656=ORIENTED_EDGE('',*,*,#3253,.T.);
#4657=ORIENTED_EDGE('',*,*,#3139,.T.);
#4658=ORIENTED_EDGE('',*,*,#3143,.T.);
#4659=ORIENTED_EDGE('',*,*,#3145,.T.);
#4660=ORIENTED_EDGE('',*,*,#3146,.T.);
#4661=ORIENTED_EDGE('',*,*,#3013,.T.);
#4662=ORIENTED_EDGE('',*,*,#3254,.T.);
#4663=ORIENTED_EDGE('',*,*,#3255,.T.);
#4664=ORIENTED_EDGE('',*,*,#3256,.T.);
#4665=ORIENTED_EDGE('',*,*,#3257,.T.);
#4666=ORIENTED_EDGE('',*,*,#3035,.T.);
#4667=ORIENTED_EDGE('',*,*,#3258,.F.);
#4668=ORIENTED_EDGE('',*,*,#3259,.T.);
#4669=ORIENTED_EDGE('',*,*,#3260,.T.);
#4670=ORIENTED_EDGE('',*,*,#3261,.T.);
#4671=ORIENTED_EDGE('',*,*,#3258,.T.);
#4672=ORIENTED_EDGE('',*,*,#3034,.F.);
#4673=ORIENTED_EDGE('',*,*,#3262,.T.);
#4674=ORIENTED_EDGE('',*,*,#3263,.T.);
#4675=ORIENTED_EDGE('',*,*,#3264,.F.);
#4676=ORIENTED_EDGE('',*,*,#3265,.T.);
#4677=ORIENTED_EDGE('',*,*,#3266,.T.);
#4678=ORIENTED_EDGE('',*,*,#3267,.T.);
#4679=ORIENTED_EDGE('',*,*,#3268,.F.);
#4680=ORIENTED_EDGE('',*,*,#3248,.F.);
#4681=ORIENTED_EDGE('',*,*,#3017,.F.);
#4682=ORIENTED_EDGE('',*,*,#3261,.F.);
#4683=ORIENTED_EDGE('',*,*,#3269,.F.);
#4684=ORIENTED_EDGE('',*,*,#3270,.F.);
#4685=ORIENTED_EDGE('',*,*,#3271,.T.);
#4686=ORIENTED_EDGE('',*,*,#3272,.F.);
#4687=ORIENTED_EDGE('',*,*,#3273,.F.);
#4688=ORIENTED_EDGE('',*,*,#3002,.T.);
#4689=ORIENTED_EDGE('',*,*,#3274,.T.);
#4690=ORIENTED_EDGE('',*,*,#3275,.F.);
#4691=ORIENTED_EDGE('',*,*,#3269,.T.);
#4692=ORIENTED_EDGE('',*,*,#3260,.F.);
#4693=ORIENTED_EDGE('',*,*,#3077,.F.);
#4694=ORIENTED_EDGE('',*,*,#3233,.T.);
#4695=ORIENTED_EDGE('',*,*,#3158,.F.);
#4696=ORIENTED_EDGE('',*,*,#3208,.F.);
#4697=ORIENTED_EDGE('',*,*,#3242,.F.);
#4698=ORIENTED_EDGE('',*,*,#3276,.F.);
#4699=ORIENTED_EDGE('',*,*,#3263,.F.);
#4700=ORIENTED_EDGE('',*,*,#3277,.F.);
#4701=ORIENTED_EDGE('',*,*,#3271,.F.);
#4702=ORIENTED_EDGE('',*,*,#3259,.F.);
#4703=ORIENTED_EDGE('',*,*,#3267,.F.);
#4704=ORIENTED_EDGE('',*,*,#3266,.F.);
#4705=ORIENTED_EDGE('',*,*,#3265,.F.);
#4706=ORIENTED_EDGE('',*,*,#3278,.F.);
#4707=ORIENTED_EDGE('',*,*,#3031,.F.);
#4708=ORIENTED_EDGE('',*,*,#3279,.F.);
#4709=ORIENTED_EDGE('',*,*,#3280,.F.);
#4710=ORIENTED_EDGE('',*,*,#3120,.F.);
#4711=ORIENTED_EDGE('',*,*,#3052,.F.);
#4712=ORIENTED_EDGE('',*,*,#3281,.F.);
#4713=ORIENTED_EDGE('',*,*,#3270,.T.);
#4714=ORIENTED_EDGE('',*,*,#3275,.T.);
#4715=ORIENTED_EDGE('',*,*,#3282,.T.);
#4716=ORIENTED_EDGE('',*,*,#3283,.T.);
#4717=ORIENTED_EDGE('',*,*,#3020,.T.);
#4718=ORIENTED_EDGE('',*,*,#3018,.T.);
#4719=ORIENTED_EDGE('',*,*,#3039,.F.);
#4720=ORIENTED_EDGE('',*,*,#3284,.T.);
#4721=ORIENTED_EDGE('',*,*,#3037,.F.);
#4722=ORIENTED_EDGE('',*,*,#3285,.F.);
#4723=ORIENTED_EDGE('',*,*,#3286,.T.);
#4724=ORIENTED_EDGE('',*,*,#3287,.F.);
#4725=ORIENTED_EDGE('',*,*,#3038,.F.);
#4726=ORIENTED_EDGE('',*,*,#3284,.F.);
#4727=ORIENTED_EDGE('',*,*,#3024,.F.);
#4728=ORIENTED_EDGE('',*,*,#3288,.F.);
#4729=ORIENTED_EDGE('',*,*,#3023,.F.);
#4730=ORIENTED_EDGE('',*,*,#3289,.F.);
#4731=ORIENTED_EDGE('',*,*,#3290,.T.);
#4732=ORIENTED_EDGE('',*,*,#3291,.F.);
#4733=ORIENTED_EDGE('',*,*,#3025,.F.);
#4734=ORIENTED_EDGE('',*,*,#3288,.T.);
#4735=ORIENTED_EDGE('',*,*,#3292,.F.);
#4736=ORIENTED_EDGE('',*,*,#3256,.F.);
#4737=ORIENTED_EDGE('',*,*,#3293,.F.);
#4738=ORIENTED_EDGE('',*,*,#3294,.T.);
#4739=ORIENTED_EDGE('',*,*,#3295,.F.);
#4740=ORIENTED_EDGE('',*,*,#3286,.F.);
#4741=ORIENTED_EDGE('',*,*,#3296,.T.);
#4742=ORIENTED_EDGE('',*,*,#3285,.T.);
#4743=ORIENTED_EDGE('',*,*,#3036,.T.);
#4744=ORIENTED_EDGE('',*,*,#3257,.F.);
#4745=ORIENTED_EDGE('',*,*,#3292,.T.);
#4746=ORIENTED_EDGE('',*,*,#3287,.T.);
#4747=ORIENTED_EDGE('',*,*,#3295,.T.);
#4748=ORIENTED_EDGE('',*,*,#3297,.F.);
#4749=ORIENTED_EDGE('',*,*,#3040,.T.);
#4750=ORIENTED_EDGE('',*,*,#3298,.F.);
#4751=ORIENTED_EDGE('',*,*,#3236,.F.);
#4752=ORIENTED_EDGE('',*,*,#3299,.F.);
#4753=ORIENTED_EDGE('',*,*,#3290,.F.);
#4754=ORIENTED_EDGE('',*,*,#3300,.F.);
#4755=ORIENTED_EDGE('',*,*,#3301,.T.);
#4756=ORIENTED_EDGE('',*,*,#3302,.T.);
#4757=ORIENTED_EDGE('',*,*,#3291,.T.);
#4758=ORIENTED_EDGE('',*,*,#3299,.T.);
#4759=ORIENTED_EDGE('',*,*,#3235,.F.);
#4760=ORIENTED_EDGE('',*,*,#3026,.T.);
#4761=ORIENTED_EDGE('',*,*,#3058,.F.);
#4762=ORIENTED_EDGE('',*,*,#3303,.T.);
#4763=ORIENTED_EDGE('',*,*,#3302,.F.);
#4764=ORIENTED_EDGE('',*,*,#3303,.F.);
#4765=ORIENTED_EDGE('',*,*,#3015,.F.);
#4766=ORIENTED_EDGE('',*,*,#3304,.T.);
#4767=ORIENTED_EDGE('',*,*,#3296,.F.);
#4768=ORIENTED_EDGE('',*,*,#3304,.F.);
#4769=ORIENTED_EDGE('',*,*,#3305,.T.);
#4770=ORIENTED_EDGE('',*,*,#3000,.T.);
#4771=ORIENTED_EDGE('',*,*,#3057,.T.);
#4772=ORIENTED_EDGE('',*,*,#3238,.F.);
#4773=ORIENTED_EDGE('',*,*,#3012,.T.);
#4774=ORIENTED_EDGE('',*,*,#3004,.T.);
#4775=ORIENTED_EDGE('',*,*,#3306,.T.);
#4776=ORIENTED_EDGE('',*,*,#3254,.F.);
#4777=ORIENTED_EDGE('',*,*,#3306,.F.);
#4778=ORIENTED_EDGE('',*,*,#3003,.T.);
#4779=ORIENTED_EDGE('',*,*,#3273,.T.);
#4780=ORIENTED_EDGE('',*,*,#3307,.F.);
#4781=ORIENTED_EDGE('',*,*,#3308,.T.);
#4782=ORIENTED_EDGE('',*,*,#3293,.T.);
#4783=ORIENTED_EDGE('',*,*,#3255,.F.);
#4784=ORIENTED_EDGE('',*,*,#3289,.T.);
#4785=ORIENTED_EDGE('',*,*,#3022,.T.);
#4786=ORIENTED_EDGE('',*,*,#3309,.F.);
#4787=ORIENTED_EDGE('',*,*,#3300,.T.);
#4788=ORIENTED_EDGE('',*,*,#3305,.F.);
#4789=ORIENTED_EDGE('',*,*,#3237,.F.);
#4790=ORIENTED_EDGE('',*,*,#3298,.T.);
#4791=ORIENTED_EDGE('',*,*,#3310,.T.);
#4792=ORIENTED_EDGE('',*,*,#3282,.F.);
#4793=ORIENTED_EDGE('',*,*,#3274,.F.);
#4794=ORIENTED_EDGE('',*,*,#3001,.T.);
#4795=ORIENTED_EDGE('',*,*,#3042,.F.);
#4796=ORIENTED_EDGE('',*,*,#3311,.T.);
#4797=ORIENTED_EDGE('',*,*,#3307,.T.);
#4798=ORIENTED_EDGE('',*,*,#3272,.T.);
#4799=ORIENTED_EDGE('',*,*,#3277,.T.);
#4800=ORIENTED_EDGE('',*,*,#3262,.F.);
#4801=ORIENTED_EDGE('',*,*,#3309,.T.);
#4802=ORIENTED_EDGE('',*,*,#3021,.F.);
#4803=ORIENTED_EDGE('',*,*,#3283,.F.);
#4804=ORIENTED_EDGE('',*,*,#3310,.F.);
#4805=ORIENTED_EDGE('',*,*,#3301,.F.);
#4806=ORIENTED_EDGE('',*,*,#3297,.T.);
#4807=ORIENTED_EDGE('',*,*,#3294,.F.);
#4808=ORIENTED_EDGE('',*,*,#3308,.F.);
#4809=ORIENTED_EDGE('',*,*,#3311,.F.);
#4810=ORIENTED_EDGE('',*,*,#3041,.F.);
#4811=ORIENTED_EDGE('',*,*,#3051,.T.);
#4812=ORIENTED_EDGE('',*,*,#3249,.F.);
#4813=ORIENTED_EDGE('',*,*,#3268,.T.);
#4814=ORIENTED_EDGE('',*,*,#3281,.T.);
#4815=ORIENTED_EDGE('',*,*,#3264,.T.);
#4816=ORIENTED_EDGE('',*,*,#3247,.F.);
#4817=ORIENTED_EDGE('',*,*,#3032,.T.);
#4818=ORIENTED_EDGE('',*,*,#3278,.T.);
#4819=ORIENTED_EDGE('',*,*,#3312,.T.);
#4820=ORIENTED_EDGE('',*,*,#3313,.T.);
#4821=ORIENTED_EDGE('',*,*,#3314,.F.);
#4822=ORIENTED_EDGE('',*,*,#3216,.T.);
#4823=ORIENTED_EDGE('',*,*,#3314,.T.);
#4824=ORIENTED_EDGE('',*,*,#3315,.T.);
#4825=ORIENTED_EDGE('',*,*,#3217,.T.);
#4826=ORIENTED_EDGE('',*,*,#3316,.T.);
#4827=ORIENTED_EDGE('',*,*,#3212,.T.);
#4828=ORIENTED_EDGE('',*,*,#3317,.F.);
#4829=ORIENTED_EDGE('',*,*,#3318,.T.);
#4830=ORIENTED_EDGE('',*,*,#3317,.T.);
#4831=ORIENTED_EDGE('',*,*,#3211,.T.);
#4832=ORIENTED_EDGE('',*,*,#3319,.T.);
#4833=ORIENTED_EDGE('',*,*,#3315,.F.);
#4834=ORIENTED_EDGE('',*,*,#3320,.T.);
#4835=ORIENTED_EDGE('',*,*,#3319,.F.);
#4836=ORIENTED_EDGE('',*,*,#3214,.T.);
#4837=ORIENTED_EDGE('',*,*,#3312,.F.);
#4838=ORIENTED_EDGE('',*,*,#3321,.T.);
#4839=ORIENTED_EDGE('',*,*,#3245,.F.);
#4840=ORIENTED_EDGE('',*,*,#3322,.T.);
#4841=ORIENTED_EDGE('',*,*,#3179,.F.);
#4842=ORIENTED_EDGE('',*,*,#3246,.F.);
#4843=ORIENTED_EDGE('',*,*,#3321,.F.);
#4844=ORIENTED_EDGE('',*,*,#3215,.F.);
#4845=ORIENTED_EDGE('',*,*,#3218,.F.);
#4846=ORIENTED_EDGE('',*,*,#3174,.F.);
#4847=ORIENTED_EDGE('',*,*,#3323,.T.);
#4848=ORIENTED_EDGE('',*,*,#3324,.T.);
#4849=ORIENTED_EDGE('',*,*,#3325,.F.);
#4850=ORIENTED_EDGE('',*,*,#3229,.T.);
#4851=ORIENTED_EDGE('',*,*,#3325,.T.);
#4852=ORIENTED_EDGE('',*,*,#3326,.T.);
#4853=ORIENTED_EDGE('',*,*,#3230,.T.);
#4854=ORIENTED_EDGE('',*,*,#3327,.T.);
#4855=ORIENTED_EDGE('',*,*,#3225,.T.);
#4856=ORIENTED_EDGE('',*,*,#3328,.F.);
#4857=ORIENTED_EDGE('',*,*,#3329,.T.);
#4858=ORIENTED_EDGE('',*,*,#3328,.T.);
#4859=ORIENTED_EDGE('',*,*,#3224,.T.);
#4860=ORIENTED_EDGE('',*,*,#3330,.T.);
#4861=ORIENTED_EDGE('',*,*,#3326,.F.);
#4862=ORIENTED_EDGE('',*,*,#3331,.T.);
#4863=ORIENTED_EDGE('',*,*,#3330,.F.);
#4864=ORIENTED_EDGE('',*,*,#3227,.T.);
#4865=ORIENTED_EDGE('',*,*,#3323,.F.);
#4866=ORIENTED_EDGE('',*,*,#3332,.T.);
#4867=ORIENTED_EDGE('',*,*,#3252,.F.);
#4868=ORIENTED_EDGE('',*,*,#3333,.T.);
#4869=ORIENTED_EDGE('',*,*,#3140,.F.);
#4870=ORIENTED_EDGE('',*,*,#3253,.F.);
#4871=ORIENTED_EDGE('',*,*,#3332,.F.);
#4872=ORIENTED_EDGE('',*,*,#3228,.F.);
#4873=ORIENTED_EDGE('',*,*,#3231,.F.);
#4874=ORIENTED_EDGE('',*,*,#3201,.F.);
#4875=ORIENTED_EDGE('',*,*,#3113,.F.);
#4876=ORIENTED_EDGE('',*,*,#3121,.F.);
#4877=ORIENTED_EDGE('',*,*,#3280,.T.);
#4878=ORIENTED_EDGE('',*,*,#3334,.F.);
#4879=ORIENTED_EDGE('',*,*,#3114,.F.);
#4880=ORIENTED_EDGE('',*,*,#3334,.T.);
#4881=ORIENTED_EDGE('',*,*,#3279,.T.);
#4882=ORIENTED_EDGE('',*,*,#3030,.T.);
#4883=ORIENTED_EDGE('',*,*,#3119,.F.);
#4884=ORIENTED_EDGE('',*,*,#3335,.T.);
#4885=ORIENTED_EDGE('',*,*,#3239,.F.);
#4886=ORIENTED_EDGE('',*,*,#3055,.T.);
#4887=ORIENTED_EDGE('',*,*,#3071,.F.);
#4888=ORIENTED_EDGE('',*,*,#3336,.T.);
#4889=ORIENTED_EDGE('',*,*,#3240,.F.);
#4890=ORIENTED_EDGE('',*,*,#3335,.F.);
#4891=ORIENTED_EDGE('',*,*,#3316,.F.);
#4892=ORIENTED_EDGE('',*,*,#3337,.T.);
#4893=ORIENTED_EDGE('',*,*,#3243,.F.);
#4894=ORIENTED_EDGE('',*,*,#3206,.F.);
#4895=ORIENTED_EDGE('',*,*,#3327,.F.);
#4896=ORIENTED_EDGE('',*,*,#3338,.T.);
#4897=ORIENTED_EDGE('',*,*,#3250,.F.);
#4898=ORIENTED_EDGE('',*,*,#3220,.F.);
#4899=ORIENTED_EDGE('',*,*,#3313,.F.);
#4900=ORIENTED_EDGE('',*,*,#3322,.F.);
#4901=ORIENTED_EDGE('',*,*,#3244,.F.);
#4902=ORIENTED_EDGE('',*,*,#3337,.F.);
#4903=ORIENTED_EDGE('',*,*,#3318,.F.);
#4904=ORIENTED_EDGE('',*,*,#3320,.F.);
#4905=ORIENTED_EDGE('',*,*,#3324,.F.);
#4906=ORIENTED_EDGE('',*,*,#3333,.F.);
#4907=ORIENTED_EDGE('',*,*,#3251,.F.);
#4908=ORIENTED_EDGE('',*,*,#3338,.F.);
#4909=ORIENTED_EDGE('',*,*,#3329,.F.);
#4910=ORIENTED_EDGE('',*,*,#3331,.F.);
#4911=ORIENTED_EDGE('',*,*,#3075,.F.);
#4912=ORIENTED_EDGE('',*,*,#3276,.T.);
#4913=ORIENTED_EDGE('',*,*,#3241,.F.);
#4914=ORIENTED_EDGE('',*,*,#3336,.F.);
#4915=CYLINDRICAL_SURFACE('',#5360,1.);
#4916=CYLINDRICAL_SURFACE('',#5363,1.);
#4917=CYLINDRICAL_SURFACE('',#5366,1.);
#4918=CYLINDRICAL_SURFACE('',#5371,1.);
#4919=CYLINDRICAL_SURFACE('',#5376,4.00000110268593);
#4920=CYLINDRICAL_SURFACE('',#5409,2.5);
#4921=CYLINDRICAL_SURFACE('',#5411,29.);
#4922=CYLINDRICAL_SURFACE('',#5413,2.5);
#4923=CYLINDRICAL_SURFACE('',#5425,5.);
#4924=CYLINDRICAL_SURFACE('',#5429,5.50000000000001);
#4925=CYLINDRICAL_SURFACE('',#5432,5.5);
#4926=CYLINDRICAL_SURFACE('',#5440,1.99999999999999);
#4927=CYLINDRICAL_SURFACE('',#5443,1.99999999999999);
#4928=CYLINDRICAL_SURFACE('',#5446,1.99999999999999);
#4929=CYLINDRICAL_SURFACE('',#5449,1.99999999999999);
#4930=CYLINDRICAL_SURFACE('',#5491,2.);
#4931=CYLINDRICAL_SURFACE('',#5494,5.);
#4932=CYLINDRICAL_SURFACE('',#5495,3.00000000000001);
#4933=CYLINDRICAL_SURFACE('',#5497,3.);
#4934=CYLINDRICAL_SURFACE('',#5498,5.);
#4935=CYLINDRICAL_SURFACE('',#5500,5.5);
#4936=CYLINDRICAL_SURFACE('',#5503,1.);
#4937=CYLINDRICAL_SURFACE('',#5509,2.);
#4938=CYLINDRICAL_SURFACE('',#5513,2.);
#4939=CYLINDRICAL_SURFACE('',#5515,2.);
#4940=CYLINDRICAL_SURFACE('',#5516,3.);
#4941=CYLINDRICAL_SURFACE('',#5518,5.);
#4942=CYLINDRICAL_SURFACE('',#5519,2.99999999999999);
#4943=CYLINDRICAL_SURFACE('',#5524,2.);
#4944=CYLINDRICAL_SURFACE('',#5528,2.);
#4945=CYLINDRICAL_SURFACE('',#5530,2.);
#4946=CYLINDRICAL_SURFACE('',#5531,3.);
#4947=CYLINDRICAL_SURFACE('',#5532,5.);
#4948=CYLINDRICAL_SURFACE('',#5534,2.5);
#4949=CYLINDRICAL_SURFACE('',#5535,5.);
#4950=CYLINDRICAL_SURFACE('',#5537,2.5);
#4951=CYLINDRICAL_SURFACE('',#5538,5.);
#4952=CYLINDRICAL_SURFACE('',#5539,3.);
#4953=CYLINDRICAL_SURFACE('',#5555,5.00000000000001);
#4954=CYLINDRICAL_SURFACE('',#5567,4.00000005960464);
#4955=CYLINDRICAL_SURFACE('',#5571,1.75000000000001);
#4956=CYLINDRICAL_SURFACE('',#5572,1.75000000000001);
#4957=CYLINDRICAL_SURFACE('',#5573,1.);
#4958=CYLINDRICAL_SURFACE('',#5574,1.);
#4959=CYLINDRICAL_SURFACE('',#5580,1.);
#4960=CYLINDRICAL_SURFACE('',#5581,1.);
#4961=CYLINDRICAL_SURFACE('',#5586,4.);
#4962=CYLINDRICAL_SURFACE('',#5587,3.4);
#4963=CYLINDRICAL_SURFACE('',#5588,5.);
#4964=CYLINDRICAL_SURFACE('',#5593,4.);
#4965=CYLINDRICAL_SURFACE('',#5594,3.4);
#4966=CYLINDRICAL_SURFACE('',#5595,5.);
#4967=CYLINDRICAL_SURFACE('',#5597,2.);
#4968=CYLINDRICAL_SURFACE('',#5598,1.);
#4969=CYLINDRICAL_SURFACE('',#5600,3.4);
#4970=CYLINDRICAL_SURFACE('',#5601,3.4);
#4971=CYLINDRICAL_SURFACE('',#5604,5.5);
#4972=CYLINDRICAL_SURFACE('',#5637,2.5);
#4973=CYLINDRICAL_SURFACE('',#5639,29.);
#4974=CYLINDRICAL_SURFACE('',#5641,2.5);
#4975=CYLINDRICAL_SURFACE('',#5653,5.);
#4976=CYLINDRICAL_SURFACE('',#5659,5.50000000000001);
#4977=CYLINDRICAL_SURFACE('',#5662,5.5);
#4978=CYLINDRICAL_SURFACE('',#5670,1.99999999999999);
#4979=CYLINDRICAL_SURFACE('',#5673,1.99999999999999);
#4980=CYLINDRICAL_SURFACE('',#5676,1.99999999999999);
#4981=CYLINDRICAL_SURFACE('',#5679,1.99999999999999);
#4982=CYLINDRICAL_SURFACE('',#5721,2.);
#4983=CYLINDRICAL_SURFACE('',#5724,5.);
#4984=CYLINDRICAL_SURFACE('',#5725,3.00000000000001);
#4985=CYLINDRICAL_SURFACE('',#5727,3.);
#4986=CYLINDRICAL_SURFACE('',#5728,5.);
#4987=CYLINDRICAL_SURFACE('',#5730,5.5);
#4988=CYLINDRICAL_SURFACE('',#5733,1.);
#4989=CYLINDRICAL_SURFACE('',#5739,2.);
#4990=CYLINDRICAL_SURFACE('',#5743,2.);
#4991=CYLINDRICAL_SURFACE('',#5745,2.);
#4992=CYLINDRICAL_SURFACE('',#5746,3.);
#4993=CYLINDRICAL_SURFACE('',#5748,5.);
#4994=CYLINDRICAL_SURFACE('',#5749,2.99999999999999);
#4995=CYLINDRICAL_SURFACE('',#5754,2.);
#4996=CYLINDRICAL_SURFACE('',#5758,2.);
#4997=CYLINDRICAL_SURFACE('',#5760,2.);
#4998=CYLINDRICAL_SURFACE('',#5761,3.);
#4999=CYLINDRICAL_SURFACE('',#5762,5.);
#5000=CYLINDRICAL_SURFACE('',#5764,2.5);
#5001=CYLINDRICAL_SURFACE('',#5765,5.);
#5002=CYLINDRICAL_SURFACE('',#5767,2.5);
#5003=CYLINDRICAL_SURFACE('',#5768,5.);
#5004=CYLINDRICAL_SURFACE('',#5769,3.);
#5005=CYLINDRICAL_SURFACE('',#5787,5.00000000000001);
#5006=CYLINDRICAL_SURFACE('',#5799,4.00000005960464);
#5007=CYLINDRICAL_SURFACE('',#5805,4.00000110268593);
#5008=CYLINDRICAL_SURFACE('',#5809,1.);
#5009=CYLINDRICAL_SURFACE('',#5810,1.);
#5010=CYLINDRICAL_SURFACE('',#5814,1.);
#5011=CYLINDRICAL_SURFACE('',#5815,1.75000000000001);
#5012=CYLINDRICAL_SURFACE('',#5816,1.75000000000001);
#5013=CYLINDRICAL_SURFACE('',#5817,1.);
#5014=CYLINDRICAL_SURFACE('',#5818,1.);
#5015=CYLINDRICAL_SURFACE('',#5820,1.);
#5016=CYLINDRICAL_SURFACE('',#5826,1.);
#5017=CYLINDRICAL_SURFACE('',#5827,1.);
#5018=CYLINDRICAL_SURFACE('',#5832,4.);
#5019=CYLINDRICAL_SURFACE('',#5833,3.4);
#5020=CYLINDRICAL_SURFACE('',#5834,5.);
#5021=CYLINDRICAL_SURFACE('',#5839,4.);
#5022=CYLINDRICAL_SURFACE('',#5840,3.4);
#5023=CYLINDRICAL_SURFACE('',#5841,5.);
#5024=CYLINDRICAL_SURFACE('',#5843,2.);
#5025=CYLINDRICAL_SURFACE('',#5844,1.);
#5026=CYLINDRICAL_SURFACE('',#5846,3.4);
#5027=CYLINDRICAL_SURFACE('',#5847,3.4);
#5028=CYLINDRICAL_SURFACE('',#5850,5.5);
#5029=ADVANCED_FACE('',(#253),#4915,.F.);
#5030=ADVANCED_FACE('',(#254),#157,.F.);
#5031=ADVANCED_FACE('',(#255),#4916,.F.);
#5032=ADVANCED_FACE('',(#256),#158,.F.);
#5033=ADVANCED_FACE('',(#257),#4917,.F.);
#5034=ADVANCED_FACE('',(#258,#133),#159,.F.);
#5035=ADVANCED_FACE('',(#259),#4918,.F.);
#5036=ADVANCED_FACE('',(#260,#134),#160,.F.);
#5037=ADVANCED_FACE('',(#261),#4919,.F.);
#5038=ADVANCED_FACE('',(#262),#87,.T.);
#5039=ADVANCED_FACE('',(#263),#88,.F.);
#5040=ADVANCED_FACE('',(#264,#135,#136,#137,#138),#161,.T.);
#5041=ADVANCED_FACE('',(#265),#89,.T.);
#5042=ADVANCED_FACE('',(#266),#162,.T.);
#5043=ADVANCED_FACE('',(#267),#4920,.T.);
#5044=ADVANCED_FACE('',(#268),#4921,.F.);
#5045=ADVANCED_FACE('',(#269),#4922,.T.);
#5046=ADVANCED_FACE('',(#270,#139,#140,#141,#142),#163,.F.);
#5047=ADVANCED_FACE('',(#271),#164,.T.);
#5048=ADVANCED_FACE('',(#272,#143),#165,.T.);
#5049=ADVANCED_FACE('',(#273),#4923,.T.);
#5050=ADVANCED_FACE('',(#274),#166,.T.);
#5051=ADVANCED_FACE('',(#275),#4924,.T.);
#5052=ADVANCED_FACE('',(#276),#4925,.T.);
#5053=ADVANCED_FACE('',(#277),#167,.T.);
#5054=ADVANCED_FACE('',(#278,#144),#168,.T.);
#5055=ADVANCED_FACE('',(#279),#90,.F.);
#5056=ADVANCED_FACE('',(#280),#4926,.F.);
#5057=ADVANCED_FACE('',(#281),#91,.F.);
#5058=ADVANCED_FACE('',(#282),#4927,.F.);
#5059=ADVANCED_FACE('',(#283),#92,.F.);
#5060=ADVANCED_FACE('',(#284),#4928,.F.);
#5061=ADVANCED_FACE('',(#285),#93,.F.);
#5062=ADVANCED_FACE('',(#286),#4929,.F.);
#5063=ADVANCED_FACE('',(#287),#169,.T.);
#5064=ADVANCED_FACE('',(#288),#94,.T.);
#5065=ADVANCED_FACE('',(#289),#170,.T.);
#5066=ADVANCED_FACE('',(#290),#95,.T.);
#5067=ADVANCED_FACE('',(#291),#96,.F.);
#5068=ADVANCED_FACE('',(#292),#171,.T.);
#5069=ADVANCED_FACE('',(#293),#97,.F.);
#5070=ADVANCED_FACE('',(#294),#98,.T.);
#5071=ADVANCED_FACE('',(#295),#172,.T.);
#5072=ADVANCED_FACE('',(#296),#99,.T.);
#5073=ADVANCED_FACE('',(#297),#173,.T.);
#5074=ADVANCED_FACE('',(#298),#100,.T.);
#5075=ADVANCED_FACE('',(#299),#174,.T.);
#5076=ADVANCED_FACE('',(#300),#101,.T.);
#5077=ADVANCED_FACE('',(#301),#102,.F.);
#5078=ADVANCED_FACE('',(#302),#175,.T.);
#5079=ADVANCED_FACE('',(#303),#103,.F.);
#5080=ADVANCED_FACE('',(#304),#104,.T.);
#5081=ADVANCED_FACE('',(#305),#176,.T.);
#5082=ADVANCED_FACE('',(#306),#105,.T.);
#5083=ADVANCED_FACE('',(#307),#106,.T.);
#5084=ADVANCED_FACE('',(#308),#177,.T.);
#5085=ADVANCED_FACE('',(#309),#107,.T.);
#5086=ADVANCED_FACE('',(#310),#178,.T.);
#5087=ADVANCED_FACE('',(#311),#108,.T.);
#5088=ADVANCED_FACE('',(#312),#179,.T.);
#5089=ADVANCED_FACE('',(#313),#109,.T.);
#5090=ADVANCED_FACE('',(#314),#4930,.T.);
#5091=ADVANCED_FACE('',(#315),#180,.T.);
#5092=ADVANCED_FACE('',(#316),#4931,.T.);
#5093=ADVANCED_FACE('',(#317),#4932,.F.);
#5094=ADVANCED_FACE('',(#318),#181,.F.);
#5095=ADVANCED_FACE('',(#319),#4933,.F.);
#5096=ADVANCED_FACE('',(#320),#4934,.T.);
#5097=ADVANCED_FACE('',(#321),#182,.T.);
#5098=ADVANCED_FACE('',(#322),#4935,.T.);
#5099=ADVANCED_FACE('',(#323),#183,.T.);
#5100=ADVANCED_FACE('',(#324),#4936,.T.);
#5101=ADVANCED_FACE('',(#325),#27,.T.);
#5102=ADVANCED_FACE('',(#326),#28,.T.);
#5103=ADVANCED_FACE('',(#327),#29,.T.);
#5104=ADVANCED_FACE('',(#328),#4937,.F.);
#5105=ADVANCED_FACE('',(#329),#30,.T.);
#5106=ADVANCED_FACE('',(#330),#31,.T.);
#5107=ADVANCED_FACE('',(#331),#4938,.F.);
#5108=ADVANCED_FACE('',(#332),#32,.T.);
#5109=ADVANCED_FACE('',(#333),#4939,.F.);
#5110=ADVANCED_FACE('',(#334),#4940,.T.);
#5111=ADVANCED_FACE('',(#335),#184,.T.);
#5112=ADVANCED_FACE('',(#336),#4941,.T.);
#5113=ADVANCED_FACE('',(#337),#4942,.F.);
#5114=ADVANCED_FACE('',(#338),#33,.T.);
#5115=ADVANCED_FACE('',(#339),#34,.T.);
#5116=ADVANCED_FACE('',(#340),#35,.T.);
#5117=ADVANCED_FACE('',(#341),#4943,.F.);
#5118=ADVANCED_FACE('',(#342),#36,.T.);
#5119=ADVANCED_FACE('',(#343),#37,.T.);
#5120=ADVANCED_FACE('',(#344),#4944,.F.);
#5121=ADVANCED_FACE('',(#345),#38,.T.);
#5122=ADVANCED_FACE('',(#346),#4945,.F.);
#5123=ADVANCED_FACE('',(#347),#4946,.T.);
#5124=ADVANCED_FACE('',(#348),#4947,.F.);
#5125=ADVANCED_FACE('',(#349),#39,.F.);
#5126=ADVANCED_FACE('',(#350),#4948,.F.);
#5127=ADVANCED_FACE('',(#351),#40,.F.);
#5128=ADVANCED_FACE('',(#352),#4949,.F.);
#5129=ADVANCED_FACE('',(#353),#41,.F.);
#5130=ADVANCED_FACE('',(#354),#4950,.F.);
#5131=ADVANCED_FACE('',(#355),#42,.F.);
#5132=ADVANCED_FACE('',(#356),#4951,.T.);
#5133=ADVANCED_FACE('',(#357),#4952,.F.);
#5134=ADVANCED_FACE('',(#358),#185,.F.);
#5135=ADVANCED_FACE('',(#359),#186,.T.);
#5136=ADVANCED_FACE('',(#360),#4953,.T.);
#5137=ADVANCED_FACE('',(#361),#187,.F.);
#5138=ADVANCED_FACE('',(#362),#188,.T.);
#5139=ADVANCED_FACE('',(#363),#189,.T.);
#5140=ADVANCED_FACE('',(#364),#190,.T.);
#5141=ADVANCED_FACE('',(#365),#191,.T.);
#5142=ADVANCED_FACE('',(#366),#192,.F.);
#5143=ADVANCED_FACE('',(#367),#193,.T.);
#5144=ADVANCED_FACE('',(#368),#4954,.F.);
#5145=ADVANCED_FACE('',(#369),#194,.T.);
#5146=ADVANCED_FACE('',(#370),#195,.T.);
#5147=ADVANCED_FACE('',(#371),#4955,.F.);
#5148=ADVANCED_FACE('',(#372),#4956,.F.);
#5149=ADVANCED_FACE('',(#373),#4957,.T.);
#5150=ADVANCED_FACE('',(#374),#4958,.T.);
#5151=ADVANCED_FACE('',(#375),#196,.T.);
#5152=ADVANCED_FACE('',(#376),#197,.T.);
#5153=ADVANCED_FACE('',(#377),#198,.T.);
#5154=ADVANCED_FACE('',(#378),#199,.F.);
#5155=ADVANCED_FACE('',(#379),#200,.F.);
#5156=ADVANCED_FACE('',(#380),#4959,.T.);
#5157=ADVANCED_FACE('',(#381),#4960,.T.);
#5158=ADVANCED_FACE('',(#382),#43,.F.);
#5159=ADVANCED_FACE('',(#383),#44,.F.);
#5160=ADVANCED_FACE('',(#384),#45,.F.);
#5161=ADVANCED_FACE('',(#385),#46,.F.);
#5162=ADVANCED_FACE('',(#386),#4961,.T.);
#5163=ADVANCED_FACE('',(#387),#4962,.T.);
#5164=ADVANCED_FACE('',(#388),#4963,.F.);
#5165=ADVANCED_FACE('',(#389),#47,.F.);
#5166=ADVANCED_FACE('',(#390),#48,.F.);
#5167=ADVANCED_FACE('',(#391),#49,.F.);
#5168=ADVANCED_FACE('',(#392),#50,.F.);
#5169=ADVANCED_FACE('',(#393),#4964,.T.);
#5170=ADVANCED_FACE('',(#394),#4965,.T.);
#5171=ADVANCED_FACE('',(#395),#4966,.F.);
#5172=ADVANCED_FACE('',(#396),#201,.T.);
#5173=ADVANCED_FACE('',(#397),#4967,.T.);
#5174=ADVANCED_FACE('',(#398),#4968,.T.);
#5175=ADVANCED_FACE('',(#399),#202,.T.);
#5176=ADVANCED_FACE('',(#400),#4969,.T.);
#5177=ADVANCED_FACE('',(#401),#4970,.T.);
#5178=ADVANCED_FACE('',(#402),#203,.T.);
#5179=ADVANCED_FACE('',(#403),#204,.T.);
#5180=ADVANCED_FACE('',(#404),#4971,.T.);
#5181=ADVANCED_FACE('',(#405),#110,.T.);
#5182=ADVANCED_FACE('',(#406),#111,.F.);
#5183=ADVANCED_FACE('',(#407,#145,#146,#147,#148),#205,.T.);
#5184=ADVANCED_FACE('',(#408),#112,.T.);
#5185=ADVANCED_FACE('',(#409),#206,.T.);
#5186=ADVANCED_FACE('',(#410),#4972,.T.);
#5187=ADVANCED_FACE('',(#411),#4973,.F.);
#5188=ADVANCED_FACE('',(#412),#4974,.T.);
#5189=ADVANCED_FACE('',(#413,#149,#150,#151,#152),#207,.F.);
#5190=ADVANCED_FACE('',(#414),#208,.T.);
#5191=ADVANCED_FACE('',(#415,#153),#209,.T.);
#5192=ADVANCED_FACE('',(#416),#4975,.T.);
#5193=ADVANCED_FACE('',(#417),#210,.F.);
#5194=ADVANCED_FACE('',(#418),#211,.T.);
#5195=ADVANCED_FACE('',(#419),#212,.F.);
#5196=ADVANCED_FACE('',(#420),#4976,.T.);
#5197=ADVANCED_FACE('',(#421),#4977,.T.);
#5198=ADVANCED_FACE('',(#422),#213,.T.);
#5199=ADVANCED_FACE('',(#423,#154),#214,.T.);
#5200=ADVANCED_FACE('',(#424),#113,.F.);
#5201=ADVANCED_FACE('',(#425),#4978,.F.);
#5202=ADVANCED_FACE('',(#426),#114,.F.);
#5203=ADVANCED_FACE('',(#427),#4979,.F.);
#5204=ADVANCED_FACE('',(#428),#115,.F.);
#5205=ADVANCED_FACE('',(#429),#4980,.F.);
#5206=ADVANCED_FACE('',(#430),#116,.F.);
#5207=ADVANCED_FACE('',(#431),#4981,.F.);
#5208=ADVANCED_FACE('',(#432),#215,.T.);
#5209=ADVANCED_FACE('',(#433),#117,.T.);
#5210=ADVANCED_FACE('',(#434),#216,.T.);
#5211=ADVANCED_FACE('',(#435),#118,.T.);
#5212=ADVANCED_FACE('',(#436),#119,.F.);
#5213=ADVANCED_FACE('',(#437),#217,.T.);
#5214=ADVANCED_FACE('',(#438),#120,.F.);
#5215=ADVANCED_FACE('',(#439),#121,.T.);
#5216=ADVANCED_FACE('',(#440),#218,.T.);
#5217=ADVANCED_FACE('',(#441),#122,.T.);
#5218=ADVANCED_FACE('',(#442),#219,.T.);
#5219=ADVANCED_FACE('',(#443),#123,.T.);
#5220=ADVANCED_FACE('',(#444),#220,.T.);
#5221=ADVANCED_FACE('',(#445),#124,.T.);
#5222=ADVANCED_FACE('',(#446),#125,.F.);
#5223=ADVANCED_FACE('',(#447),#221,.T.);
#5224=ADVANCED_FACE('',(#448),#126,.F.);
#5225=ADVANCED_FACE('',(#449),#127,.T.);
#5226=ADVANCED_FACE('',(#450),#222,.T.);
#5227=ADVANCED_FACE('',(#451),#128,.T.);
#5228=ADVANCED_FACE('',(#452),#129,.T.);
#5229=ADVANCED_FACE('',(#453),#223,.T.);
#5230=ADVANCED_FACE('',(#454),#130,.T.);
#5231=ADVANCED_FACE('',(#455),#224,.T.);
#5232=ADVANCED_FACE('',(#456),#131,.T.);
#5233=ADVANCED_FACE('',(#457),#225,.T.);
#5234=ADVANCED_FACE('',(#458),#132,.T.);
#5235=ADVANCED_FACE('',(#459),#4982,.T.);
#5236=ADVANCED_FACE('',(#460),#226,.T.);
#5237=ADVANCED_FACE('',(#461),#4983,.T.);
#5238=ADVANCED_FACE('',(#462),#4984,.F.);
#5239=ADVANCED_FACE('',(#463),#227,.F.);
#5240=ADVANCED_FACE('',(#464),#4985,.F.);
#5241=ADVANCED_FACE('',(#465),#4986,.T.);
#5242=ADVANCED_FACE('',(#466),#228,.T.);
#5243=ADVANCED_FACE('',(#467),#4987,.T.);
#5244=ADVANCED_FACE('',(#468),#229,.T.);
#5245=ADVANCED_FACE('',(#469),#4988,.T.);
#5246=ADVANCED_FACE('',(#470),#51,.T.);
#5247=ADVANCED_FACE('',(#471),#52,.T.);
#5248=ADVANCED_FACE('',(#472),#53,.T.);
#5249=ADVANCED_FACE('',(#473),#4989,.F.);
#5250=ADVANCED_FACE('',(#474),#54,.T.);
#5251=ADVANCED_FACE('',(#475),#55,.T.);
#5252=ADVANCED_FACE('',(#476),#4990,.F.);
#5253=ADVANCED_FACE('',(#477),#56,.T.);
#5254=ADVANCED_FACE('',(#478),#4991,.F.);
#5255=ADVANCED_FACE('',(#479),#4992,.T.);
#5256=ADVANCED_FACE('',(#480),#230,.T.);
#5257=ADVANCED_FACE('',(#481),#4993,.T.);
#5258=ADVANCED_FACE('',(#482),#4994,.F.);
#5259=ADVANCED_FACE('',(#483),#57,.T.);
#5260=ADVANCED_FACE('',(#484),#58,.T.);
#5261=ADVANCED_FACE('',(#485),#59,.T.);
#5262=ADVANCED_FACE('',(#486),#4995,.F.);
#5263=ADVANCED_FACE('',(#487),#60,.T.);
#5264=ADVANCED_FACE('',(#488),#61,.T.);
#5265=ADVANCED_FACE('',(#489),#4996,.F.);
#5266=ADVANCED_FACE('',(#490),#62,.T.);
#5267=ADVANCED_FACE('',(#491),#4997,.F.);
#5268=ADVANCED_FACE('',(#492),#4998,.T.);
#5269=ADVANCED_FACE('',(#493),#4999,.F.);
#5270=ADVANCED_FACE('',(#494),#63,.F.);
#5271=ADVANCED_FACE('',(#495),#5000,.F.);
#5272=ADVANCED_FACE('',(#496),#64,.F.);
#5273=ADVANCED_FACE('',(#497),#5001,.F.);
#5274=ADVANCED_FACE('',(#498),#65,.F.);
#5275=ADVANCED_FACE('',(#499),#5002,.F.);
#5276=ADVANCED_FACE('',(#500),#66,.F.);
#5277=ADVANCED_FACE('',(#501),#5003,.T.);
#5278=ADVANCED_FACE('',(#502),#5004,.F.);
#5279=ADVANCED_FACE('',(#503),#231,.F.);
#5280=ADVANCED_FACE('',(#504),#232,.T.);
#5281=ADVANCED_FACE('',(#505),#5005,.T.);
#5282=ADVANCED_FACE('',(#506),#233,.F.);
#5283=ADVANCED_FACE('',(#507),#234,.T.);
#5284=ADVANCED_FACE('',(#508),#235,.T.);
#5285=ADVANCED_FACE('',(#509),#236,.T.);
#5286=ADVANCED_FACE('',(#510),#237,.T.);
#5287=ADVANCED_FACE('',(#511),#238,.F.);
#5288=ADVANCED_FACE('',(#512),#239,.T.);
#5289=ADVANCED_FACE('',(#513),#5006,.F.);
#5290=ADVANCED_FACE('',(#514),#240,.T.);
#5291=ADVANCED_FACE('',(#515),#241,.T.);
#5292=ADVANCED_FACE('',(#516),#5007,.F.);
#5293=ADVANCED_FACE('',(#517,#155),#242,.F.);
#5294=ADVANCED_FACE('',(#518),#5008,.F.);
#5295=ADVANCED_FACE('',(#519),#5009,.F.);
#5296=ADVANCED_FACE('',(#520,#156),#243,.F.);
#5297=ADVANCED_FACE('',(#521),#5010,.F.);
#5298=ADVANCED_FACE('',(#522),#5011,.F.);
#5299=ADVANCED_FACE('',(#523),#5012,.F.);
#5300=ADVANCED_FACE('',(#524),#5013,.T.);
#5301=ADVANCED_FACE('',(#525),#5014,.T.);
#5302=ADVANCED_FACE('',(#526),#244,.T.);
#5303=ADVANCED_FACE('',(#527),#5015,.F.);
#5304=ADVANCED_FACE('',(#528),#245,.T.);
#5305=ADVANCED_FACE('',(#529),#246,.T.);
#5306=ADVANCED_FACE('',(#530),#247,.F.);
#5307=ADVANCED_FACE('',(#531),#248,.F.);
#5308=ADVANCED_FACE('',(#532),#5016,.T.);
#5309=ADVANCED_FACE('',(#533),#5017,.T.);
#5310=ADVANCED_FACE('',(#534),#67,.F.);
#5311=ADVANCED_FACE('',(#535),#68,.F.);
#5312=ADVANCED_FACE('',(#536),#69,.F.);
#5313=ADVANCED_FACE('',(#537),#70,.F.);
#5314=ADVANCED_FACE('',(#538),#5018,.T.);
#5315=ADVANCED_FACE('',(#539),#5019,.T.);
#5316=ADVANCED_FACE('',(#540),#5020,.F.);
#5317=ADVANCED_FACE('',(#541),#71,.F.);
#5318=ADVANCED_FACE('',(#542),#72,.F.);
#5319=ADVANCED_FACE('',(#543),#73,.F.);
#5320=ADVANCED_FACE('',(#544),#74,.F.);
#5321=ADVANCED_FACE('',(#545),#5021,.T.);
#5322=ADVANCED_FACE('',(#546),#5022,.T.);
#5323=ADVANCED_FACE('',(#547),#5023,.F.);
#5324=ADVANCED_FACE('',(#548),#249,.T.);
#5325=ADVANCED_FACE('',(#549),#5024,.T.);
#5326=ADVANCED_FACE('',(#550),#5025,.T.);
#5327=ADVANCED_FACE('',(#551),#250,.T.);
#5328=ADVANCED_FACE('',(#552),#5026,.T.);
#5329=ADVANCED_FACE('',(#553),#5027,.T.);
#5330=ADVANCED_FACE('',(#554),#251,.T.);
#5331=ADVANCED_FACE('',(#555),#252,.T.);
#5332=ADVANCED_FACE('',(#556),#5028,.T.);
#5333=CLOSED_SHELL('',(#5029,#5030,#5031,#5032,#5033,#5034,#5035,#5036,
#5037,#5038,#5039,#5040,#5041,#5042,#5043,#5044,#5045,#5046,#5047,#5048,
#5049,#5050,#5051,#5052,#5053,#5054,#5055,#5056,#5057,#5058,#5059,#5060,
#5061,#5062,#5063,#5064,#5065,#5066,#5067,#5068,#5069,#5070,#5071,#5072,
#5073,#5074,#5075,#5076,#5077,#5078,#5079,#5080,#5081,#5082,#5083,#5084,
#5085,#5086,#5087,#5088,#5089,#5090,#5091,#5092,#5093,#5094,#5095,#5096,
#5097,#5098,#5099,#5100,#5101,#5102,#5103,#5104,#5105,#5106,#5107,#5108,
#5109,#5110,#5111,#5112,#5113,#5114,#5115,#5116,#5117,#5118,#5119,#5120,
#5121,#5122,#5123,#5124,#5125,#5126,#5127,#5128,#5129,#5130,#5131,#5132,
#5133,#5134,#5135,#5136,#5137,#5138,#5139,#5140,#5141,#5142,#5143,#5144,
#5145,#5146,#5147,#5148,#5149,#5150,#5151,#5152,#5153,#5154,#5155,#5156,
#5157,#5158,#5159,#5160,#5161,#5162,#5163,#5164,#5165,#5166,#5167,#5168,
#5169,#5170,#5171,#5172,#5173,#5174,#5175,#5176,#5177,#5178,#5179,#5180));
#5334=CLOSED_SHELL('',(#5181,#5182,#5183,#5184,#5185,#5186,#5187,#5188,
#5189,#5190,#5191,#5192,#5193,#5194,#5195,#5196,#5197,#5198,#5199,#5200,
#5201,#5202,#5203,#5204,#5205,#5206,#5207,#5208,#5209,#5210,#5211,#5212,
#5213,#5214,#5215,#5216,#5217,#5218,#5219,#5220,#5221,#5222,#5223,#5224,
#5225,#5226,#5227,#5228,#5229,#5230,#5231,#5232,#5233,#5234,#5235,#5236,
#5237,#5238,#5239,#5240,#5241,#5242,#5243,#5244,#5245,#5246,#5247,#5248,
#5249,#5250,#5251,#5252,#5253,#5254,#5255,#5256,#5257,#5258,#5259,#5260,
#5261,#5262,#5263,#5264,#5265,#5266,#5267,#5268,#5269,#5270,#5271,#5272,
#5273,#5274,#5275,#5276,#5277,#5278,#5279,#5280,#5281,#5282,#5283,#5284,
#5285,#5286,#5287,#5288,#5289,#5290,#5291,#5292,#5293,#5294,#5295,#5296,
#5297,#5298,#5299,#5300,#5301,#5302,#5303,#5304,#5305,#5306,#5307,#5308,
#5309,#5310,#5311,#5312,#5313,#5314,#5315,#5316,#5317,#5318,#5319,#5320,
#5321,#5322,#5323,#5324,#5325,#5326,#5327,#5328,#5329,#5330,#5331,#5332));
#5335=DERIVED_UNIT_ELEMENT(#5339,1.);
#5336=DERIVED_UNIT_ELEMENT(#10487,-3.);
#5337=DERIVED_UNIT_ELEMENT(#5339,1.);
#5338=DERIVED_UNIT_ELEMENT(#10487,-3.);
#5339=(
MASS_UNIT()
NAMED_UNIT(*)
SI_UNIT(.KILO.,.GRAM.)
);
#5340=DERIVED_UNIT((#5335,#5336));
#5341=DERIVED_UNIT((#5337,#5338));
#5342=MEASURE_REPRESENTATION_ITEM('density measure',
POSITIVE_RATIO_MEASURE(7850.),#5340);
#5343=MEASURE_REPRESENTATION_ITEM('density measure',
POSITIVE_RATIO_MEASURE(7850.),#5341);
#5344=PROPERTY_DEFINITION_REPRESENTATION(#5354,#5348);
#5345=PROPERTY_DEFINITION_REPRESENTATION(#5355,#5349);
#5346=PROPERTY_DEFINITION_REPRESENTATION(#5356,#5350);
#5347=PROPERTY_DEFINITION_REPRESENTATION(#5357,#5351);
#5348=REPRESENTATION('material name',(#5352),#10483);
#5349=REPRESENTATION('density',(#5342),#10483);
#5350=REPRESENTATION('material name',(#5353),#10484);
#5351=REPRESENTATION('density',(#5343),#10484);
#5352=DESCRIPTIVE_REPRESENTATION_ITEM('Steel','Steel');
#5353=DESCRIPTIVE_REPRESENTATION_ITEM('Steel','Steel');
#5354=PROPERTY_DEFINITION('material property','material name',#10503);
#5355=PROPERTY_DEFINITION('material property','density of part',#10503);
#5356=PROPERTY_DEFINITION('material property','material name',#10504);
#5357=PROPERTY_DEFINITION('material property','density of part',#10504);
#5358=AXIS2_PLACEMENT_3D('',#7245,#5853,#5854);
#5359=AXIS2_PLACEMENT_3D('',#7246,#5855,#5856);
#5360=AXIS2_PLACEMENT_3D('',#7247,#5857,#5858);
#5361=AXIS2_PLACEMENT_3D('',#7265,#5860,#5861);
#5362=AXIS2_PLACEMENT_3D('',#7267,#5863,#5864);
#5363=AXIS2_PLACEMENT_3D('',#7283,#5873,#5874);
#5364=AXIS2_PLACEMENT_3D('',#7286,#5875,#5876);
#5365=AXIS2_PLACEMENT_3D('',#7303,#5879,#5880);
#5366=AXIS2_PLACEMENT_3D('',#7319,#5889,#5890);
#5367=AXIS2_PLACEMENT_3D('',#7321,#5891,#5892);
#5368=AXIS2_PLACEMENT_3D('',#7336,#5894,#5895);
#5369=AXIS2_PLACEMENT_3D('',#7342,#5899,#5900);
#5370=AXIS2_PLACEMENT_3D('',#7344,#5901,#5902);
#5371=AXIS2_PLACEMENT_3D('',#7345,#5903,#5904);
#5372=AXIS2_PLACEMENT_3D('',#7361,#5906,#5907);
#5373=AXIS2_PLACEMENT_3D('',#7362,#5908,#5909);
#5374=AXIS2_PLACEMENT_3D('',#7368,#5913,#5914);
#5375=AXIS2_PLACEMENT_3D('',#7370,#5915,#5916);
#5376=AXIS2_PLACEMENT_3D('',#7371,#5917,#5918);
#5377=AXIS2_PLACEMENT_3D('',#7372,#5919,#5920);
#5378=AXIS2_PLACEMENT_3D('',#7373,#5921,#5922);
#5379=AXIS2_PLACEMENT_3D('',#7381,#5923,#5924);
#5380=AXIS2_PLACEMENT_3D('',#7384,#5926,#5927);
#5381=AXIS2_PLACEMENT_3D('',#7385,#5928,#5929);
#5382=AXIS2_PLACEMENT_3D('',#7387,#5930,#5931);
#5383=AXIS2_PLACEMENT_3D('',#7403,#5932,#5933);
#5384=AXIS2_PLACEMENT_3D('',#7412,#5934,#5935);
#5385=AXIS2_PLACEMENT_3D('',#7416,#5937,#5938);
#5386=AXIS2_PLACEMENT_3D('',#7420,#5940,#5941);
#5387=AXIS2_PLACEMENT_3D('',#7424,#5943,#5944);
#5388=AXIS2_PLACEMENT_3D('',#7426,#5945,#5946);
#5389=AXIS2_PLACEMENT_3D('',#7430,#5948,#5949);
#5390=AXIS2_PLACEMENT_3D('',#7432,#5950,#5951);
#5391=AXIS2_PLACEMENT_3D('',#7436,#5953,#5954);
#5392=AXIS2_PLACEMENT_3D('',#7440,#5956,#5957);
#5393=AXIS2_PLACEMENT_3D('',#7444,#5959,#5960);
#5394=AXIS2_PLACEMENT_3D('',#7448,#5962,#5963);
#5395=AXIS2_PLACEMENT_3D('',#7452,#5965,#5966);
#5396=AXIS2_PLACEMENT_3D('',#7454,#5967,#5968);
#5397=AXIS2_PLACEMENT_3D('',#7458,#5970,#5971);
#5398=AXIS2_PLACEMENT_3D('',#7460,#5972,#5973);
#5399=AXIS2_PLACEMENT_3D('',#7464,#5975,#5976);
#5400=AXIS2_PLACEMENT_3D('',#7468,#5978,#5979);
#5401=AXIS2_PLACEMENT_3D('',#7471,#5981,#5982);
#5402=AXIS2_PLACEMENT_3D('',#7473,#5983,#5984);
#5403=AXIS2_PLACEMENT_3D('',#7475,#5985,#5986);
#5404=AXIS2_PLACEMENT_3D('',#7477,#5987,#5988);
#5405=AXIS2_PLACEMENT_3D('',#7479,#5989,#5990);
#5406=AXIS2_PLACEMENT_3D('',#7480,#5991,#5992);
#5407=AXIS2_PLACEMENT_3D('',#7483,#5994,#5995);
#5408=AXIS2_PLACEMENT_3D('',#7484,#5996,#5997);
#5409=AXIS2_PLACEMENT_3D('',#7488,#6000,#6001);
#5410=AXIS2_PLACEMENT_3D('',#7492,#6003,#6004);
#5411=AXIS2_PLACEMENT_3D('',#7494,#6006,#6007);
#5412=AXIS2_PLACEMENT_3D('',#7496,#6008,#6009);
#5413=AXIS2_PLACEMENT_3D('',#7498,#6011,#6012);
#5414=AXIS2_PLACEMENT_3D('',#7500,#6013,#6014);
#5415=AXIS2_PLACEMENT_3D('',#7502,#6016,#6017);
#5416=AXIS2_PLACEMENT_3D('',#7506,#6019,#6020);
#5417=AXIS2_PLACEMENT_3D('',#7514,#6024,#6025);
#5418=AXIS2_PLACEMENT_3D('',#7517,#6027,#6028);
#5419=AXIS2_PLACEMENT_3D('',#7519,#6029,#6030);
#5420=AXIS2_PLACEMENT_3D('',#7521,#6031,#6032);
#5421=AXIS2_PLACEMENT_3D('',#7523,#6033,#6034);
#5422=AXIS2_PLACEMENT_3D('',#7524,#6035,#6036);
#5423=AXIS2_PLACEMENT_3D('',#7528,#6039,#6040);
#5424=AXIS2_PLACEMENT_3D('',#7535,#6044,#6045);
#5425=AXIS2_PLACEMENT_3D('',#7536,#6046,#6047);
#5426=AXIS2_PLACEMENT_3D('',#7538,#6048,#6049);
#5427=AXIS2_PLACEMENT_3D('',#7541,#6051,#6052);
#5428=AXIS2_PLACEMENT_3D('',#7542,#6053,#6054);
#5429=AXIS2_PLACEMENT_3D('',#7555,#6061,#6062);
#5430=AXIS2_PLACEMENT_3D('',#7559,#6064,#6065);
#5431=AXIS2_PLACEMENT_3D('',#7560,#6066,#6067);
#5432=AXIS2_PLACEMENT_3D('',#7561,#6068,#6069);
#5433=AXIS2_PLACEMENT_3D('',#7566,#6071,#6072);
#5434=AXIS2_PLACEMENT_3D('',#7569,#6074,#6075);
#5435=AXIS2_PLACEMENT_3D('',#7570,#6076,#6077);
#5436=AXIS2_PLACEMENT_3D('',#7580,#6083,#6084);
#5437=AXIS2_PLACEMENT_3D('',#7587,#6088,#6089);
#5438=AXIS2_PLACEMENT_3D('',#7588,#6090,#6091);
#5439=AXIS2_PLACEMENT_3D('',#7591,#6093,#6094);
#5440=AXIS2_PLACEMENT_3D('',#7592,#6095,#6096);
#5441=AXIS2_PLACEMENT_3D('',#7594,#6098,#6099);
#5442=AXIS2_PLACEMENT_3D('',#7597,#6101,#6102);
#5443=AXIS2_PLACEMENT_3D('',#7598,#6103,#6104);
#5444=AXIS2_PLACEMENT_3D('',#7600,#6106,#6107);
#5445=AXIS2_PLACEMENT_3D('',#7603,#6109,#6110);
#5446=AXIS2_PLACEMENT_3D('',#7604,#6111,#6112);
#5447=AXIS2_PLACEMENT_3D('',#7606,#6114,#6115);
#5448=AXIS2_PLACEMENT_3D('',#7609,#6117,#6118);
#5449=AXIS2_PLACEMENT_3D('',#7610,#6119,#6120);
#5450=AXIS2_PLACEMENT_3D('',#7612,#6122,#6123);
#5451=AXIS2_PLACEMENT_3D('',#7621,#6126,#6127);
#5452=AXIS2_PLACEMENT_3D('',#7624,#6129,#6130);
#5453=AXIS2_PLACEMENT_3D('',#7625,#6131,#6132);
#5454=AXIS2_PLACEMENT_3D('',#7629,#6135,#6136);
#5455=AXIS2_PLACEMENT_3D('',#7632,#6138,#6139);
#5456=AXIS2_PLACEMENT_3D('',#7633,#6140,#6141);
#5457=AXIS2_PLACEMENT_3D('',#7636,#6143,#6144);
#5458=AXIS2_PLACEMENT_3D('',#7637,#6145,#6146);
#5459=AXIS2_PLACEMENT_3D('',#7641,#6149,#6150);
#5460=AXIS2_PLACEMENT_3D('',#7644,#6152,#6153);
#5461=AXIS2_PLACEMENT_3D('',#7645,#6154,#6155);
#5462=AXIS2_PLACEMENT_3D('',#7648,#6157,#6158);
#5463=AXIS2_PLACEMENT_3D('',#7649,#6159,#6160);
#5464=AXIS2_PLACEMENT_3D('',#7652,#6163,#6164);
#5465=AXIS2_PLACEMENT_3D('',#7657,#6165,#6166);
#5466=AXIS2_PLACEMENT_3D('',#7663,#6168,#6169);
#5467=AXIS2_PLACEMENT_3D('',#7665,#6171,#6172);
#5468=AXIS2_PLACEMENT_3D('',#7669,#6175,#6176);
#5469=AXIS2_PLACEMENT_3D('',#7672,#6178,#6179);
#5470=AXIS2_PLACEMENT_3D('',#7673,#6180,#6181);
#5471=AXIS2_PLACEMENT_3D('',#7676,#6183,#6184);
#5472=AXIS2_PLACEMENT_3D('',#7677,#6185,#6186);
#5473=AXIS2_PLACEMENT_3D('',#7681,#6189,#6190);
#5474=AXIS2_PLACEMENT_3D('',#7684,#6192,#6193);
#5475=AXIS2_PLACEMENT_3D('',#7685,#6194,#6195);
#5476=AXIS2_PLACEMENT_3D('',#7688,#6197,#6198);
#5477=AXIS2_PLACEMENT_3D('',#7689,#6199,#6200);
#5478=AXIS2_PLACEMENT_3D('',#7693,#6203,#6204);
#5479=AXIS2_PLACEMENT_3D('',#7695,#6205,#6206);
#5480=AXIS2_PLACEMENT_3D('',#7700,#6207,#6208);
#5481=AXIS2_PLACEMENT_3D('',#7702,#6209,#6210);
#5482=AXIS2_PLACEMENT_3D('',#7704,#6212,#6213);
#5483=AXIS2_PLACEMENT_3D('',#7708,#6216,#6217);
#5484=AXIS2_PLACEMENT_3D('',#7709,#6218,#6219);
#5485=AXIS2_PLACEMENT_3D('',#7711,#6221,#6222);
#5486=AXIS2_PLACEMENT_3D('',#7712,#6223,#6224);
#5487=AXIS2_PLACEMENT_3D('',#7714,#6225,#6226);
#5488=AXIS2_PLACEMENT_3D('',#7716,#6228,#6229);
#5489=AXIS2_PLACEMENT_3D('',#7718,#6231,#6232);
#5490=AXIS2_PLACEMENT_3D('',#7719,#6233,#6234);
#5491=AXIS2_PLACEMENT_3D('',#7720,#6235,#6236);
#5492=AXIS2_PLACEMENT_3D('',#7722,#6237,#6238);
#5493=AXIS2_PLACEMENT_3D('',#7724,#6240,#6241);
#5494=AXIS2_PLACEMENT_3D('',#7732,#6246,#6247);
#5495=AXIS2_PLACEMENT_3D('',#7744,#6249,#6250);
#5496=AXIS2_PLACEMENT_3D('',#7751,#6252,#6253);
#5497=AXIS2_PLACEMENT_3D('',#7755,#6256,#6257);
#5498=AXIS2_PLACEMENT_3D('',#7762,#6259,#6260);
#5499=AXIS2_PLACEMENT_3D('',#7774,#6262,#6263);
#5500=AXIS2_PLACEMENT_3D('',#7782,#6268,#6269);
#5501=AXIS2_PLACEMENT_3D('',#7785,#6271,#6272);
#5502=AXIS2_PLACEMENT_3D('',#7786,#6273,#6274);
#5503=AXIS2_PLACEMENT_3D('',#7790,#6277,#6278);
#5504=AXIS2_PLACEMENT_3D('',#7791,#6279,#6280);
#5505=AXIS2_PLACEMENT_3D('',#7814,#6281,#6282);
#5506=AXIS2_PLACEMENT_3D('',#7821,#6283,#6284);
#5507=AXIS2_PLACEMENT_3D('',#7848,#6285,#6286);
#5508=AXIS2_PLACEMENT_3D('',#7881,#6287,#6288);
#5509=AXIS2_PLACEMENT_3D('',#7886,#6289,#6290);
#5510=AXIS2_PLACEMENT_3D('',#7922,#6292,#6293);
#5511=AXIS2_PLACEMENT_3D('',#7929,#6294,#6295);
#5512=AXIS2_PLACEMENT_3D('',#7956,#6296,#6297);
#5513=AXIS2_PLACEMENT_3D('',#7965,#6298,#6299);
#5514=AXIS2_PLACEMENT_3D('',#8000,#6302,#6303);
#5515=AXIS2_PLACEMENT_3D('',#8001,#6304,#6305);
#5516=AXIS2_PLACEMENT_3D('',#8013,#6307,#6308);
#5517=AXIS2_PLACEMENT_3D('',#8029,#6310,#6311);
#5518=AXIS2_PLACEMENT_3D('',#8034,#6315,#6316);
#5519=AXIS2_PLACEMENT_3D('',#8036,#6318,#6319);
#5520=AXIS2_PLACEMENT_3D('',#8059,#6321,#6322);
#5521=AXIS2_PLACEMENT_3D('',#8061,#6323,#6324);
#5522=AXIS2_PLACEMENT_3D('',#8087,#6325,#6326);
#5523=AXIS2_PLACEMENT_3D('',#8115,#6327,#6328);
#5524=AXIS2_PLACEMENT_3D('',#8116,#6329,#6330);
#5525=AXIS2_PLACEMENT_3D('',#8149,#6331,#6332);
#5526=AXIS2_PLACEMENT_3D('',#8151,#6333,#6334);
#5527=AXIS2_PLACEMENT_3D('',#8177,#6335,#6336);
#5528=AXIS2_PLACEMENT_3D('',#8182,#6337,#6338);
#5529=AXIS2_PLACEMENT_3D('',#8211,#6340,#6341);
#5530=AXIS2_PLACEMENT_3D('',#8212,#6342,#6343);
#5531=AXIS2_PLACEMENT_3D('',#8222,#6344,#6345);
#5532=AXIS2_PLACEMENT_3D('',#8238,#6347,#6348);
#5533=AXIS2_PLACEMENT_3D('',#8249,#6350,#6351);
#5534=AXIS2_PLACEMENT_3D('',#8298,#6353,#6354);
#5535=AXIS2_PLACEMENT_3D('',#8354,#6356,#6357);
#5536=AXIS2_PLACEMENT_3D('',#8364,#6359,#6360);
#5537=AXIS2_PLACEMENT_3D('',#8412,#6361,#6362);
#5538=AXIS2_PLACEMENT_3D('',#8468,#6364,#6365);
#5539=AXIS2_PLACEMENT_3D('',#8471,#6368,#6369);
#5540=AXIS2_PLACEMENT_3D('',#8473,#6371,#6372);
#5541=AXIS2_PLACEMENT_3D('',#8474,#6373,#6374);
#5542=AXIS2_PLACEMENT_3D('',#8476,#6375,#6376);
#5543=AXIS2_PLACEMENT_3D('',#8484,#6381,#6382);
#5544=AXIS2_PLACEMENT_3D('',#8486,#6383,#6384);
#5545=AXIS2_PLACEMENT_3D('',#8490,#6386,#6387);
#5546=AXIS2_PLACEMENT_3D('',#8493,#6389,#6390);
#5547=AXIS2_PLACEMENT_3D('',#8497,#6392,#6393);
#5548=AXIS2_PLACEMENT_3D('',#8498,#6394,#6395);
#5549=AXIS2_PLACEMENT_3D('',#8500,#6396,#6397);
#5550=AXIS2_PLACEMENT_3D('',#8503,#6399,#6400);
#5551=AXIS2_PLACEMENT_3D('',#8505,#6401,#6402);
#5552=AXIS2_PLACEMENT_3D('',#8509,#6404,#6405);
#5553=AXIS2_PLACEMENT_3D('',#8510,#6406,#6407);
#5554=AXIS2_PLACEMENT_3D('',#8512,#6408,#6409);
#5555=AXIS2_PLACEMENT_3D('',#8514,#6411,#6412);
#5556=AXIS2_PLACEMENT_3D('',#8516,#6413,#6414);
#5557=AXIS2_PLACEMENT_3D('',#8518,#6416,#6417);
#5558=AXIS2_PLACEMENT_3D('',#8528,#6423,#6424);
#5559=AXIS2_PLACEMENT_3D('',#8532,#6427,#6428);
#5560=AXIS2_PLACEMENT_3D('',#8541,#6434,#6435);
#5561=AXIS2_PLACEMENT_3D('',#8543,#6437,#6438);
#5562=AXIS2_PLACEMENT_3D('',#8545,#6440,#6441);
#5563=AXIS2_PLACEMENT_3D('',#8546,#6442,#6443);
#5564=AXIS2_PLACEMENT_3D('',#8548,#6444,#6445);
#5565=AXIS2_PLACEMENT_3D('',#8550,#6447,#6448);
#5566=AXIS2_PLACEMENT_3D('',#8551,#6449,#6450);
#5567=AXIS2_PLACEMENT_3D('',#8555,#6453,#6454);
#5568=AXIS2_PLACEMENT_3D('',#8556,#6455,#6456);
#5569=AXIS2_PLACEMENT_3D('',#8557,#6457,#6458);
#5570=AXIS2_PLACEMENT_3D('',#8558,#6459,#6460);
#5571=AXIS2_PLACEMENT_3D('',#8559,#6461,#6462);
#5572=AXIS2_PLACEMENT_3D('',#8561,#6464,#6465);
#5573=AXIS2_PLACEMENT_3D('',#8563,#6467,#6468);
#5574=AXIS2_PLACEMENT_3D('',#8565,#6470,#6471);
#5575=AXIS2_PLACEMENT_3D('',#8567,#6473,#6474);
#5576=AXIS2_PLACEMENT_3D('',#8571,#6477,#6478);
#5577=AXIS2_PLACEMENT_3D('',#8573,#6480,#6481);
#5578=AXIS2_PLACEMENT_3D('',#8575,#6483,#6484);
#5579=AXIS2_PLACEMENT_3D('',#8576,#6485,#6486);
#5580=AXIS2_PLACEMENT_3D('',#8577,#6487,#6488);
#5581=AXIS2_PLACEMENT_3D('',#8578,#6489,#6490);
#5582=AXIS2_PLACEMENT_3D('',#8596,#6491,#6492);
#5583=AXIS2_PLACEMENT_3D('',#8602,#6493,#6494);
#5584=AXIS2_PLACEMENT_3D('',#8660,#6495,#6496);
#5585=AXIS2_PLACEMENT_3D('',#8662,#6497,#6498);
#5586=AXIS2_PLACEMENT_3D('',#8707,#6499,#6500);
#5587=AXIS2_PLACEMENT_3D('',#8709,#6502,#6503);
#5588=AXIS2_PLACEMENT_3D('',#8712,#6506,#6507);
#5589=AXIS2_PLACEMENT_3D('',#8730,#6508,#6509);
#5590=AXIS2_PLACEMENT_3D('',#8736,#6510,#6511);
#5591=AXIS2_PLACEMENT_3D('',#8794,#6512,#6513);
#5592=AXIS2_PLACEMENT_3D('',#8796,#6514,#6515);
#5593=AXIS2_PLACEMENT_3D('',#8841,#6516,#6517);
#5594=AXIS2_PLACEMENT_3D('',#8843,#6519,#6520);
#5595=AXIS2_PLACEMENT_3D('',#8846,#6523,#6524);
#5596=AXIS2_PLACEMENT_3D('',#8847,#6525,#6526);
#5597=AXIS2_PLACEMENT_3D('',#8849,#6528,#6529);
#5598=AXIS2_PLACEMENT_3D('',#8850,#6530,#6531);
#5599=AXIS2_PLACEMENT_3D('',#8852,#6533,#6534);
#5600=AXIS2_PLACEMENT_3D('',#8854,#6536,#6537);
#5601=AXIS2_PLACEMENT_3D('',#8856,#6539,#6540);
#5602=AXIS2_PLACEMENT_3D('',#8858,#6542,#6543);
#5603=AXIS2_PLACEMENT_3D('',#8859,#6544,#6545);
#5604=AXIS2_PLACEMENT_3D('',#8860,#6546,#6547);
#5605=AXIS2_PLACEMENT_3D('',#8861,#6548,#6549);
#5606=AXIS2_PLACEMENT_3D('',#8862,#6550,#6551);
#5607=AXIS2_PLACEMENT_3D('',#8870,#6552,#6553);
#5608=AXIS2_PLACEMENT_3D('',#8873,#6555,#6556);
#5609=AXIS2_PLACEMENT_3D('',#8874,#6557,#6558);
#5610=AXIS2_PLACEMENT_3D('',#8876,#6559,#6560);
#5611=AXIS2_PLACEMENT_3D('',#8892,#6561,#6562);
#5612=AXIS2_PLACEMENT_3D('',#8901,#6563,#6564);
#5613=AXIS2_PLACEMENT_3D('',#8905,#6566,#6567);
#5614=AXIS2_PLACEMENT_3D('',#8909,#6569,#6570);
#5615=AXIS2_PLACEMENT_3D('',#8913,#6572,#6573);
#5616=AXIS2_PLACEMENT_3D('',#8915,#6574,#6575);
#5617=AXIS2_PLACEMENT_3D('',#8919,#6577,#6578);
#5618=AXIS2_PLACEMENT_3D('',#8921,#6579,#6580);
#5619=AXIS2_PLACEMENT_3D('',#8925,#6582,#6583);
#5620=AXIS2_PLACEMENT_3D('',#8929,#6585,#6586);
#5621=AXIS2_PLACEMENT_3D('',#8933,#6588,#6589);
#5622=AXIS2_PLACEMENT_3D('',#8937,#6591,#6592);
#5623=AXIS2_PLACEMENT_3D('',#8941,#6594,#6595);
#5624=AXIS2_PLACEMENT_3D('',#8943,#6596,#6597);
#5625=AXIS2_PLACEMENT_3D('',#8947,#6599,#6600);
#5626=AXIS2_PLACEMENT_3D('',#8949,#6601,#6602);
#5627=AXIS2_PLACEMENT_3D('',#8953,#6604,#6605);
#5628=AXIS2_PLACEMENT_3D('',#8957,#6607,#6608);
#5629=AXIS2_PLACEMENT_3D('',#8960,#6610,#6611);
#5630=AXIS2_PLACEMENT_3D('',#8962,#6612,#6613);
#5631=AXIS2_PLACEMENT_3D('',#8964,#6614,#6615);
#5632=AXIS2_PLACEMENT_3D('',#8966,#6616,#6617);
#5633=AXIS2_PLACEMENT_3D('',#8968,#6618,#6619);
#5634=AXIS2_PLACEMENT_3D('',#8969,#6620,#6621);
#5635=AXIS2_PLACEMENT_3D('',#8972,#6623,#6624);
#5636=AXIS2_PLACEMENT_3D('',#8973,#6625,#6626);
#5637=AXIS2_PLACEMENT_3D('',#8977,#6629,#6630);
#5638=AXIS2_PLACEMENT_3D('',#8981,#6632,#6633);
#5639=AXIS2_PLACEMENT_3D('',#8983,#6635,#6636);
#5640=AXIS2_PLACEMENT_3D('',#8985,#6637,#6638);
#5641=AXIS2_PLACEMENT_3D('',#8987,#6640,#6641);
#5642=AXIS2_PLACEMENT_3D('',#8989,#6642,#6643);
#5643=AXIS2_PLACEMENT_3D('',#8991,#6645,#6646);
#5644=AXIS2_PLACEMENT_3D('',#8995,#6648,#6649);
#5645=AXIS2_PLACEMENT_3D('',#9003,#6653,#6654);
#5646=AXIS2_PLACEMENT_3D('',#9006,#6656,#6657);
#5647=AXIS2_PLACEMENT_3D('',#9008,#6658,#6659);
#5648=AXIS2_PLACEMENT_3D('',#9010,#6660,#6661);
#5649=AXIS2_PLACEMENT_3D('',#9012,#6662,#6663);
#5650=AXIS2_PLACEMENT_3D('',#9013,#6664,#6665);
#5651=AXIS2_PLACEMENT_3D('',#9017,#6668,#6669);
#5652=AXIS2_PLACEMENT_3D('',#9024,#6673,#6674);
#5653=AXIS2_PLACEMENT_3D('',#9025,#6675,#6676);
#5654=AXIS2_PLACEMENT_3D('',#9028,#6677,#6678);
#5655=AXIS2_PLACEMENT_3D('',#9032,#6680,#6681);
#5656=AXIS2_PLACEMENT_3D('',#9034,#6683,#6684);
#5657=AXIS2_PLACEMENT_3D('',#9050,#6693,#6694);
#5658=AXIS2_PLACEMENT_3D('',#9063,#6701,#6702);
#5659=AXIS2_PLACEMENT_3D('',#9082,#6712,#6713);
#5660=AXIS2_PLACEMENT_3D('',#9086,#6715,#6716);
#5661=AXIS2_PLACEMENT_3D('',#9087,#6717,#6718);
#5662=AXIS2_PLACEMENT_3D('',#9088,#6719,#6720);
#5663=AXIS2_PLACEMENT_3D('',#9093,#6722,#6723);
#5664=AXIS2_PLACEMENT_3D('',#9096,#6725,#6726);
#5665=AXIS2_PLACEMENT_3D('',#9097,#6727,#6728);
#5666=AXIS2_PLACEMENT_3D('',#9107,#6734,#6735);
#5667=AXIS2_PLACEMENT_3D('',#9114,#6739,#6740);
#5668=AXIS2_PLACEMENT_3D('',#9115,#6741,#6742);
#5669=AXIS2_PLACEMENT_3D('',#9118,#6744,#6745);
#5670=AXIS2_PLACEMENT_3D('',#9119,#6746,#6747);
#5671=AXIS2_PLACEMENT_3D('',#9121,#6749,#6750);
#5672=AXIS2_PLACEMENT_3D('',#9124,#6752,#6753);
#5673=AXIS2_PLACEMENT_3D('',#9125,#6754,#6755);
#5674=AXIS2_PLACEMENT_3D('',#9127,#6757,#6758);
#5675=AXIS2_PLACEMENT_3D('',#9130,#6760,#6761);
#5676=AXIS2_PLACEMENT_3D('',#9131,#6762,#6763);
#5677=AXIS2_PLACEMENT_3D('',#9133,#6765,#6766);
#5678=AXIS2_PLACEMENT_3D('',#9136,#6768,#6769);
#5679=AXIS2_PLACEMENT_3D('',#9137,#6770,#6771);
#5680=AXIS2_PLACEMENT_3D('',#9139,#6773,#6774);
#5681=AXIS2_PLACEMENT_3D('',#9148,#6777,#6778);
#5682=AXIS2_PLACEMENT_3D('',#9151,#6780,#6781);
#5683=AXIS2_PLACEMENT_3D('',#9152,#6782,#6783);
#5684=AXIS2_PLACEMENT_3D('',#9156,#6786,#6787);
#5685=AXIS2_PLACEMENT_3D('',#9159,#6789,#6790);
#5686=AXIS2_PLACEMENT_3D('',#9160,#6791,#6792);
#5687=AXIS2_PLACEMENT_3D('',#9163,#6794,#6795);
#5688=AXIS2_PLACEMENT_3D('',#9164,#6796,#6797);
#5689=AXIS2_PLACEMENT_3D('',#9168,#6800,#6801);
#5690=AXIS2_PLACEMENT_3D('',#9171,#6803,#6804);
#5691=AXIS2_PLACEMENT_3D('',#9172,#6805,#6806);
#5692=AXIS2_PLACEMENT_3D('',#9175,#6808,#6809);
#5693=AXIS2_PLACEMENT_3D('',#9176,#6810,#6811);
#5694=AXIS2_PLACEMENT_3D('',#9179,#6814,#6815);
#5695=AXIS2_PLACEMENT_3D('',#9184,#6816,#6817);
#5696=AXIS2_PLACEMENT_3D('',#9190,#6819,#6820);
#5697=AXIS2_PLACEMENT_3D('',#9192,#6822,#6823);
#5698=AXIS2_PLACEMENT_3D('',#9196,#6826,#6827);
#5699=AXIS2_PLACEMENT_3D('',#9199,#6829,#6830);
#5700=AXIS2_PLACEMENT_3D('',#9200,#6831,#6832);
#5701=AXIS2_PLACEMENT_3D('',#9203,#6834,#6835);
#5702=AXIS2_PLACEMENT_3D('',#9204,#6836,#6837);
#5703=AXIS2_PLACEMENT_3D('',#9208,#6840,#6841);
#5704=AXIS2_PLACEMENT_3D('',#9211,#6843,#6844);
#5705=AXIS2_PLACEMENT_3D('',#9212,#6845,#6846);
#5706=AXIS2_PLACEMENT_3D('',#9215,#6848,#6849);
#5707=AXIS2_PLACEMENT_3D('',#9216,#6850,#6851);
#5708=AXIS2_PLACEMENT_3D('',#9220,#6854,#6855);
#5709=AXIS2_PLACEMENT_3D('',#9222,#6856,#6857);
#5710=AXIS2_PLACEMENT_3D('',#9227,#6858,#6859);
#5711=AXIS2_PLACEMENT_3D('',#9229,#6860,#6861);
#5712=AXIS2_PLACEMENT_3D('',#9231,#6863,#6864);
#5713=AXIS2_PLACEMENT_3D('',#9235,#6867,#6868);
#5714=AXIS2_PLACEMENT_3D('',#9236,#6869,#6870);
#5715=AXIS2_PLACEMENT_3D('',#9238,#6872,#6873);
#5716=AXIS2_PLACEMENT_3D('',#9239,#6874,#6875);
#5717=AXIS2_PLACEMENT_3D('',#9241,#6876,#6877);
#5718=AXIS2_PLACEMENT_3D('',#9243,#6879,#6880);
#5719=AXIS2_PLACEMENT_3D('',#9245,#6882,#6883);
#5720=AXIS2_PLACEMENT_3D('',#9246,#6884,#6885);
#5721=AXIS2_PLACEMENT_3D('',#9247,#6886,#6887);
#5722=AXIS2_PLACEMENT_3D('',#9249,#6888,#6889);
#5723=AXIS2_PLACEMENT_3D('',#9251,#6891,#6892);
#5724=AXIS2_PLACEMENT_3D('',#9259,#6897,#6898);
#5725=AXIS2_PLACEMENT_3D('',#9271,#6900,#6901);
#5726=AXIS2_PLACEMENT_3D('',#9278,#6903,#6904);
#5727=AXIS2_PLACEMENT_3D('',#9282,#6907,#6908);
#5728=AXIS2_PLACEMENT_3D('',#9289,#6910,#6911);
#5729=AXIS2_PLACEMENT_3D('',#9301,#6913,#6914);
#5730=AXIS2_PLACEMENT_3D('',#9309,#6919,#6920);
#5731=AXIS2_PLACEMENT_3D('',#9312,#6922,#6923);
#5732=AXIS2_PLACEMENT_3D('',#9313,#6924,#6925);
#5733=AXIS2_PLACEMENT_3D('',#9317,#6928,#6929);
#5734=AXIS2_PLACEMENT_3D('',#9318,#6930,#6931);
#5735=AXIS2_PLACEMENT_3D('',#9341,#6932,#6933);
#5736=AXIS2_PLACEMENT_3D('',#9348,#6934,#6935);
#5737=AXIS2_PLACEMENT_3D('',#9375,#6936,#6937);
#5738=AXIS2_PLACEMENT_3D('',#9408,#6938,#6939);
#5739=AXIS2_PLACEMENT_3D('',#9413,#6940,#6941);
#5740=AXIS2_PLACEMENT_3D('',#9449,#6943,#6944);
#5741=AXIS2_PLACEMENT_3D('',#9456,#6945,#6946);
#5742=AXIS2_PLACEMENT_3D('',#9483,#6947,#6948);
#5743=AXIS2_PLACEMENT_3D('',#9492,#6949,#6950);
#5744=AXIS2_PLACEMENT_3D('',#9527,#6953,#6954);
#5745=AXIS2_PLACEMENT_3D('',#9528,#6955,#6956);
#5746=AXIS2_PLACEMENT_3D('',#9540,#6958,#6959);
#5747=AXIS2_PLACEMENT_3D('',#9556,#6961,#6962);
#5748=AXIS2_PLACEMENT_3D('',#9561,#6966,#6967);
#5749=AXIS2_PLACEMENT_3D('',#9563,#6969,#6970);
#5750=AXIS2_PLACEMENT_3D('',#9586,#6972,#6973);
#5751=AXIS2_PLACEMENT_3D('',#9588,#6974,#6975);
#5752=AXIS2_PLACEMENT_3D('',#9614,#6976,#6977);
#5753=AXIS2_PLACEMENT_3D('',#9642,#6978,#6979);
#5754=AXIS2_PLACEMENT_3D('',#9643,#6980,#6981);
#5755=AXIS2_PLACEMENT_3D('',#9676,#6982,#6983);
#5756=AXIS2_PLACEMENT_3D('',#9678,#6984,#6985);
#5757=AXIS2_PLACEMENT_3D('',#9704,#6986,#6987);
#5758=AXIS2_PLACEMENT_3D('',#9709,#6988,#6989);
#5759=AXIS2_PLACEMENT_3D('',#9738,#6991,#6992);
#5760=AXIS2_PLACEMENT_3D('',#9739,#6993,#6994);
#5761=AXIS2_PLACEMENT_3D('',#9749,#6995,#6996);
#5762=AXIS2_PLACEMENT_3D('',#9765,#6998,#6999);
#5763=AXIS2_PLACEMENT_3D('',#9776,#7001,#7002);
#5764=AXIS2_PLACEMENT_3D('',#9825,#7004,#7005);
#5765=AXIS2_PLACEMENT_3D('',#9881,#7007,#7008);
#5766=AXIS2_PLACEMENT_3D('',#9891,#7010,#7011);
#5767=AXIS2_PLACEMENT_3D('',#9939,#7012,#7013);
#5768=AXIS2_PLACEMENT_3D('',#9995,#7015,#7016);
#5769=AXIS2_PLACEMENT_3D('',#9998,#7019,#7020);
#5770=AXIS2_PLACEMENT_3D('',#10000,#7022,#7023);
#5771=AXIS2_PLACEMENT_3D('',#10001,#7024,#7025);
#5772=AXIS2_PLACEMENT_3D('',#10003,#7026,#7027);
#5773=AXIS2_PLACEMENT_3D('',#10008,#7030,#7031);
#5774=AXIS2_PLACEMENT_3D('',#10010,#7032,#7033);
#5775=AXIS2_PLACEMENT_3D('',#10014,#7035,#7036);
#5776=AXIS2_PLACEMENT_3D('',#10017,#7038,#7039);
#5777=AXIS2_PLACEMENT_3D('',#10021,#7041,#7042);
#5778=AXIS2_PLACEMENT_3D('',#10022,#7043,#7044);
#5779=AXIS2_PLACEMENT_3D('',#10024,#7045,#7046);
#5780=AXIS2_PLACEMENT_3D('',#10027,#7048,#7049);
#5781=AXIS2_PLACEMENT_3D('',#10029,#7050,#7051);
#5782=AXIS2_PLACEMENT_3D('',#10033,#7053,#7054);
#5783=AXIS2_PLACEMENT_3D('',#10034,#7055,#7056);
#5784=AXIS2_PLACEMENT_3D('',#10036,#7057,#7058);
#5785=AXIS2_PLACEMENT_3D('',#10041,#7061,#7062);
#5786=AXIS2_PLACEMENT_3D('',#10043,#7063,#7064);
#5787=AXIS2_PLACEMENT_3D('',#10049,#7068,#7069);
#5788=AXIS2_PLACEMENT_3D('',#10051,#7070,#7071);
#5789=AXIS2_PLACEMENT_3D('',#10053,#7073,#7074);
#5790=AXIS2_PLACEMENT_3D('',#10063,#7080,#7081);
#5791=AXIS2_PLACEMENT_3D('',#10067,#7084,#7085);
#5792=AXIS2_PLACEMENT_3D('',#10076,#7091,#7092);
#5793=AXIS2_PLACEMENT_3D('',#10078,#7094,#7095);
#5794=AXIS2_PLACEMENT_3D('',#10080,#7097,#7098);
#5795=AXIS2_PLACEMENT_3D('',#10081,#7099,#7100);
#5796=AXIS2_PLACEMENT_3D('',#10083,#7101,#7102);
#5797=AXIS2_PLACEMENT_3D('',#10085,#7104,#7105);
#5798=AXIS2_PLACEMENT_3D('',#10086,#7106,#7107);
#5799=AXIS2_PLACEMENT_3D('',#10090,#7110,#7111);
#5800=AXIS2_PLACEMENT_3D('',#10091,#7112,#7113);
#5801=AXIS2_PLACEMENT_3D('',#10106,#7114,#7115);
#5802=AXIS2_PLACEMENT_3D('',#10119,#7116,#7117);
#5803=AXIS2_PLACEMENT_3D('',#10120,#7118,#7119);
#5804=AXIS2_PLACEMENT_3D('',#10121,#7120,#7121);
#5805=AXIS2_PLACEMENT_3D('',#10122,#7122,#7123);
#5806=AXIS2_PLACEMENT_3D('',#10137,#7124,#7125);
#5807=AXIS2_PLACEMENT_3D('',#10150,#7126,#7127);
#5808=AXIS2_PLACEMENT_3D('',#10158,#7132,#7133);
#5809=AXIS2_PLACEMENT_3D('',#10159,#7134,#7135);
#5810=AXIS2_PLACEMENT_3D('',#10160,#7136,#7137);
#5811=AXIS2_PLACEMENT_3D('',#10161,#7138,#7139);
#5812=AXIS2_PLACEMENT_3D('',#10162,#7140,#7141);
#5813=AXIS2_PLACEMENT_3D('',#10170,#7146,#7147);
#5814=AXIS2_PLACEMENT_3D('',#10171,#7148,#7149);
#5815=AXIS2_PLACEMENT_3D('',#10172,#7150,#7151);
#5816=AXIS2_PLACEMENT_3D('',#10174,#7153,#7154);
#5817=AXIS2_PLACEMENT_3D('',#10176,#7156,#7157);
#5818=AXIS2_PLACEMENT_3D('',#10178,#7159,#7160);
#5819=AXIS2_PLACEMENT_3D('',#10180,#7162,#7163);
#5820=AXIS2_PLACEMENT_3D('',#10184,#7166,#7167);
#5821=AXIS2_PLACEMENT_3D('',#10185,#7168,#7169);
#5822=AXIS2_PLACEMENT_3D('',#10186,#7170,#7171);
#5823=AXIS2_PLACEMENT_3D('',#10188,#7173,#7174);
#5824=AXIS2_PLACEMENT_3D('',#10190,#7176,#7177);
#5825=AXIS2_PLACEMENT_3D('',#10191,#7178,#7179);
#5826=AXIS2_PLACEMENT_3D('',#10192,#7180,#7181);
#5827=AXIS2_PLACEMENT_3D('',#10193,#7182,#7183);
#5828=AXIS2_PLACEMENT_3D('',#10211,#7184,#7185);
#5829=AXIS2_PLACEMENT_3D('',#10217,#7186,#7187);
#5830=AXIS2_PLACEMENT_3D('',#10275,#7188,#7189);
#5831=AXIS2_PLACEMENT_3D('',#10277,#7190,#7191);
#5832=AXIS2_PLACEMENT_3D('',#10322,#7192,#7193);
#5833=AXIS2_PLACEMENT_3D('',#10324,#7195,#7196);
#5834=AXIS2_PLACEMENT_3D('',#10327,#7199,#7200);
#5835=AXIS2_PLACEMENT_3D('',#10345,#7201,#7202);
#5836=AXIS2_PLACEMENT_3D('',#10351,#7203,#7204);
#5837=AXIS2_PLACEMENT_3D('',#10409,#7205,#7206);
#5838=AXIS2_PLACEMENT_3D('',#10411,#7207,#7208);
#5839=AXIS2_PLACEMENT_3D('',#10456,#7209,#7210);
#5840=AXIS2_PLACEMENT_3D('',#10458,#7212,#7213);
#5841=AXIS2_PLACEMENT_3D('',#10461,#7216,#7217);
#5842=AXIS2_PLACEMENT_3D('',#10462,#7218,#7219);
#5843=AXIS2_PLACEMENT_3D('',#10464,#7221,#7222);
#5844=AXIS2_PLACEMENT_3D('',#10465,#7223,#7224);
#5845=AXIS2_PLACEMENT_3D('',#10467,#7226,#7227);
#5846=AXIS2_PLACEMENT_3D('',#10469,#7229,#7230);
#5847=AXIS2_PLACEMENT_3D('',#10471,#7232,#7233);
#5848=AXIS2_PLACEMENT_3D('',#10473,#7235,#7236);
#5849=AXIS2_PLACEMENT_3D('',#10474,#7237,#7238);
#5850=AXIS2_PLACEMENT_3D('',#10475,#7239,#7240);
#5851=AXIS2_PLACEMENT_3D('',#10476,#7241,#7242);
#5852=AXIS2_PLACEMENT_3D('',#10477,#7243,#7244);
#5853=DIRECTION('axis',(0.,0.,1.));
#5854=DIRECTION('refdir',(1.,0.,0.));
#5855=DIRECTION('axis',(0.,0.,1.));
#5856=DIRECTION('refdir',(1.,0.,0.));
#5857=DIRECTION('center_axis',(1.,-2.25005199657365E-13,7.63833440942106E-13));
#5858=DIRECTION('ref_axis',(-6.53158462812447E-13,-0.707106781186554,0.707106781186541));
#5859=DIRECTION('',(-1.,2.25005199657365E-13,-7.63833440942106E-13));
#5860=DIRECTION('center_axis',(-1.,2.28705943072782E-13,-7.64943663966732E-13));
#5861=DIRECTION('ref_axis',(-6.53158462812447E-13,-0.707106781186554,0.707106781186541));
#5862=DIRECTION('',(1.,-2.25005199657365E-13,7.63833440942106E-13));
#5863=DIRECTION('center_axis',(-2.25005199657365E-13,-1.,2.82974790250112E-27));
#5864=DIRECTION('ref_axis',(7.64643095955327E-13,-1.74878420374555E-25,
-1.));
#5865=DIRECTION('',(7.63833440942108E-13,0.,-1.));
#5866=DIRECTION('',(1.,-2.25005199657365E-13,7.64943663966732E-13));
#5867=DIRECTION('',(-7.63833440942108E-13,0.,1.));
#5868=DIRECTION('',(-1.,2.25005199657365E-13,-7.63833440942106E-13));
#5869=DIRECTION('',(7.64643095955327E-13,-1.74878420374555E-25,-1.));
#5870=DIRECTION('',(-0.287347885565612,6.46547683628094E-14,-0.957826285221371));
#5871=DIRECTION('',(-1.,2.25005199657365E-13,-9.84101689027739E-13));
#5872=DIRECTION('',(7.64943663966732E-13,-1.75148880447622E-25,-1.));
#5873=DIRECTION('center_axis',(-1.,2.25005199657365E-13,-7.63833440942106E-13));
#5874=DIRECTION('ref_axis',(-4.01943669423044E-13,0.707106781186554,0.707106781186541));
#5875=DIRECTION('center_axis',(-1.,2.25005199657365E-13,-7.65313738308275E-13));
#5876=DIRECTION('ref_axis',(-4.01943669423044E-13,0.707106781186554,0.707106781186541));
#5877=DIRECTION('',(-1.,2.25005199657365E-13,-7.63833440942106E-13));
#5878=DIRECTION('',(1.,-2.25005199657365E-13,7.63833440942106E-13));
#5879=DIRECTION('center_axis',(2.25005199657365E-13,1.,-2.83086022759023E-27));
#5880=DIRECTION('ref_axis',(-7.64943663966732E-13,1.74947162065061E-25,
1.));
#5881=DIRECTION('',(7.63833440942108E-13,0.,-1.));
#5882=DIRECTION('',(-1.,2.25005199657365E-13,-7.64943663966732E-13));
#5883=DIRECTION('',(-7.63833440942108E-13,0.,1.));
#5884=DIRECTION('',(1.,-2.25005199657365E-13,7.63833440942106E-13));
#5885=DIRECTION('',(-7.64943663966732E-13,1.74947162065061E-25,1.));
#5886=DIRECTION('',(-1.,2.27373675443232E-13,-9.84101689027739E-13));
#5887=DIRECTION('',(0.287347885565612,-6.46547683628094E-14,0.957826285221371));
#5888=DIRECTION('',(-7.64943663966732E-13,1.26882631200652E-15,1.));
#5889=DIRECTION('center_axis',(1.,-2.25005199657365E-13,7.63833440942106E-13));
#5890=DIRECTION('ref_axis',(-6.53158462812447E-13,-0.707106781186554,0.707106781186541));
#5891=DIRECTION('center_axis',(-1.,2.25005199657365E-13,-7.65313738308275E-13));
#5892=DIRECTION('ref_axis',(-6.53158462812447E-13,-0.707106781186554,0.707106781186541));
#5893=DIRECTION('',(1.,-2.25005199657365E-13,7.63833440942106E-13));
#5894=DIRECTION('center_axis',(-7.63833440942106E-13,1.74696064821568E-25,
1.));
#5895=DIRECTION('ref_axis',(-2.26168290445067E-13,-1.,1.94116129891884E-27));
#5896=DIRECTION('',(-2.28705943072782E-13,-1.,2.81736037580573E-30));
#5897=DIRECTION('',(-1.,2.28705943072782E-13,-7.63833440942106E-13));
#5898=DIRECTION('',(-2.26168290445067E-13,-1.,1.94116129891884E-27));
#5899=DIRECTION('center_axis',(-7.64943663966732E-13,1.75148860856145E-25,
1.));
#5900=DIRECTION('ref_axis',(-1.,1.33438696311704E-37,-7.64943663966732E-13));
#5901=DIRECTION('center_axis',(-7.63833440942106E-13,1.74696064821568E-25,
1.));
#5902=DIRECTION('ref_axis',(-1.,1.33438696311704E-37,-7.69754630406776E-13));
#5903=DIRECTION('center_axis',(-1.,2.25005199657365E-13,-7.63833440942106E-13));
#5904=DIRECTION('ref_axis',(-4.01943669423044E-13,0.707106781186554,0.707106781186541));
#5905=DIRECTION('',(-1.,2.25005199657365E-13,-7.63833440942106E-13));
#5906=DIRECTION('center_axis',(-1.,2.28705943072782E-13,-7.64943663966732E-13));
#5907=DIRECTION('ref_axis',(-4.01943669423044E-13,0.707106781186554,0.707106781186541));
#5908=DIRECTION('center_axis',(-7.63833440942106E-13,1.74696064821568E-25,
1.));
#5909=DIRECTION('ref_axis',(-2.26168290445067E-13,-1.,1.94116129891884E-27));
#5910=DIRECTION('',(-2.26168290445067E-13,-1.,1.94116129891884E-27));
#5911=DIRECTION('',(1.,-2.28705943072782E-13,7.63833440942106E-13));
#5912=DIRECTION('',(2.28705943072782E-13,1.,-2.81736037575981E-30));
#5913=DIRECTION('center_axis',(-7.64943663966732E-13,1.75148860856145E-25,
1.));
#5914=DIRECTION('ref_axis',(-1.,1.33438696311704E-37,-7.64943663966732E-13));
#5915=DIRECTION('center_axis',(-7.63833440942106E-13,1.74696064821568E-25,
1.));
#5916=DIRECTION('ref_axis',(-1.,1.33438696311704E-37,-7.69754630406776E-13));
#5917=DIRECTION('center_axis',(7.63833440942108E-13,0.,-1.));
#5918=DIRECTION('ref_axis',(-1.,0.,-7.63833440942108E-13));
#5919=DIRECTION('center_axis',(7.64943663966732E-13,-1.75148860856145E-25,
-1.));
#5920=DIRECTION('ref_axis',(-1.,0.,-7.64943663966732E-13));
#5921=DIRECTION('center_axis',(-1.,2.66453525909972E-13,-7.54951656744921E-13));
#5922=DIRECTION('ref_axis',(-7.66305024458609E-13,-2.47545963557621E-28,
1.));
#5923=DIRECTION('center_axis',(1.,-2.28969621040958E-13,7.65017964741586E-13));
#5924=DIRECTION('ref_axis',(-7.67386154620908E-13,0.,1.));
#5925=DIRECTION('',(-0.70710678118709,2.10255859684561E-13,0.707106781186005));
#5926=DIRECTION('center_axis',(-1.,2.28969621040958E-13,-7.65017964741586E-13));
#5927=DIRECTION('ref_axis',(-7.65017964741586E-13,-5.42243539221457E-28,
1.));
#5928=DIRECTION('center_axis',(1.,-2.13162820728027E-13,7.63833440942097E-13));
#5929=DIRECTION('ref_axis',(7.80602042515214E-13,-1.43945517352526E-14,
-1.));
#5930=DIRECTION('center_axis',(1.,-2.28969621040958E-13,7.65017964741586E-13));
#5931=DIRECTION('ref_axis',(2.28969621040958E-13,1.,-2.31783836209374E-30));
#5932=DIRECTION('center_axis',(-1.,2.28969621040958E-13,-7.65017964741586E-13));
#5933=DIRECTION('ref_axis',(2.30926389122033E-13,1.,1.49464489649326E-27));
#5934=DIRECTION('center_axis',(1.,-2.28969621040958E-13,7.65017964741586E-13));
#5935=DIRECTION('ref_axis',(2.28969621040958E-13,1.,0.));
#5936=DIRECTION('',(2.28969621040958E-13,1.,0.));
#5937=DIRECTION('center_axis',(-1.,2.28969621040958E-13,-7.65017964741586E-13));
#5938=DIRECTION('ref_axis',(-7.02855362322079E-13,-0.707106781186554,0.707106781186541));
#5939=DIRECTION('',(-7.65017964741586E-13,1.75165873476406E-25,1.));
#5940=DIRECTION('center_axis',(-1.,2.28969621040958E-13,-7.65017964741586E-13));
#5941=DIRECTION('ref_axis',(-6.91592361527659E-13,-0.727272721854126,0.686348590766304));
#5942=DIRECTION('',(-7.65017964741586E-13,1.75165873476406E-25,1.));
#5943=DIRECTION('center_axis',(-1.,2.28969621040958E-13,-7.65017964741586E-13));
#5944=DIRECTION('ref_axis',(9.20778756354312E-14,-0.918558653543692,-0.395284707521046));
#5945=DIRECTION('center_axis',(1.,-2.28969621040958E-13,7.65017964741586E-13));
#5946=DIRECTION('ref_axis',(-7.16156282312458E-13,0.166666666666669,0.986013297183269));
#5947=DIRECTION('',(-7.65017964741586E-13,1.75165873476406E-25,1.));
#5948=DIRECTION('center_axis',(1.,-2.28969621040958E-13,7.65017964741586E-13));
#5949=DIRECTION('ref_axis',(7.92479489326112E-13,0.166666666666669,-0.986013297183269));
#5950=DIRECTION('center_axis',(-1.,2.28969621040958E-13,-7.65017964741586E-13));
#5951=DIRECTION('ref_axis',(-5.12721929247018E-13,-0.918558653543691,0.395284707521049));
#5952=DIRECTION('',(-7.65017964741586E-13,1.75165873476406E-25,1.));
#5953=DIRECTION('center_axis',(-1.,2.28969621040958E-13,-7.65017964741586E-13));
#5954=DIRECTION('ref_axis',(3.58545642494929E-13,-0.727272721854125,-0.686348590766305));
#5955=DIRECTION('',(-7.65017964741586E-13,1.75165873476406E-25,1.));
#5956=DIRECTION('center_axis',(-1.,2.28969621040958E-13,-7.65017964741586E-13));
#5957=DIRECTION('ref_axis',(3.79043418874518E-13,-0.70710678118656,-0.707106781186535));
#5958=DIRECTION('',(-2.28969621040958E-13,-1.,0.));
#5959=DIRECTION('center_axis',(-1.,2.28969621040958E-13,-7.65017964741586E-13));
#5960=DIRECTION('ref_axis',(7.02855362322089E-13,0.707106781186535,-0.70710678118656));
#5961=DIRECTION('',(7.65017964741586E-13,-1.75165873476406E-25,-1.));
#5962=DIRECTION('center_axis',(-1.,2.28969621040958E-13,-7.65017964741586E-13));
#5963=DIRECTION('ref_axis',(6.91592361527656E-13,0.727272721854132,-0.686348590766298));
#5964=DIRECTION('',(7.65017964741586E-13,-1.75165873476406E-25,-1.));
#5965=DIRECTION('center_axis',(-1.,2.28969621040958E-13,-7.65017964741586E-13));
#5966=DIRECTION('ref_axis',(-9.20778797046199E-14,0.918558651515902,0.395284712233205));
#5967=DIRECTION('center_axis',(1.,-2.28969621040958E-13,7.65017964741586E-13));
#5968=DIRECTION('ref_axis',(7.1615628943086E-13,-0.166666646798474,-0.986013300541607));
#5969=DIRECTION('',(7.65017964741586E-13,-1.75165873476406E-25,-1.));
#5970=DIRECTION('center_axis',(1.,-2.28969621040958E-13,7.65017964741586E-13));
#5971=DIRECTION('ref_axis',(-7.92479487346087E-13,-0.166666646798473,0.986013300541607));
#5972=DIRECTION('center_axis',(-1.,2.28969621040958E-13,-7.65017964741586E-13));
#5973=DIRECTION('ref_axis',(5.127219323876E-13,0.918558651515902,-0.395284712233205));
#5974=DIRECTION('',(7.65017964741586E-13,-1.75165873476406E-25,-1.));
#5975=DIRECTION('center_axis',(-1.,2.28969621040958E-13,-7.65017964741586E-13));
#5976=DIRECTION('ref_axis',(-3.58545642494921E-13,0.727272721854132,0.686348590766297));
#5977=DIRECTION('',(7.65017964741586E-13,-1.75165873476406E-25,-1.));
#5978=DIRECTION('center_axis',(-1.,2.28969621040958E-13,-7.65017964741586E-13));
#5979=DIRECTION('ref_axis',(-3.79043418874518E-13,0.70710678118656,0.707106781186535));
#5980=DIRECTION('',(2.28969621040958E-13,1.,0.));
#5981=DIRECTION('center_axis',(-1.,2.28969621040958E-13,-7.65017964741586E-13));
#5982=DIRECTION('ref_axis',(-7.65017964741586E-13,-5.42243539221458E-28,
1.));
#5983=DIRECTION('center_axis',(1.,-2.28969621040958E-13,7.65017964741586E-13));
#5984=DIRECTION('ref_axis',(2.28969621040958E-13,1.,-2.31783836207682E-30));
#5985=DIRECTION('center_axis',(1.,-2.28969621040958E-13,7.65017964741586E-13));
#5986=DIRECTION('ref_axis',(2.28969621040958E-13,1.,-2.31783836207682E-30));
#5987=DIRECTION('center_axis',(1.,-2.28969621040958E-13,7.65017964741586E-13));
#5988=DIRECTION('ref_axis',(2.28969621040958E-13,1.,-2.31783836207682E-30));
#5989=DIRECTION('center_axis',(1.,-2.28969621040958E-13,7.65017964741586E-13));
#5990=DIRECTION('ref_axis',(2.28969621040958E-13,1.,-2.31783836207682E-30));
#5991=DIRECTION('center_axis',(-1.,2.66453525909641E-13,-7.54951656743983E-13));
#5992=DIRECTION('ref_axis',(-7.66305024458609E-13,-2.47545963557621E-28,
1.));
#5993=DIRECTION('',(-0.707106781187086,2.10255859684302E-13,0.707106781186008));
#5994=DIRECTION('center_axis',(1.,-2.28969621040958E-13,7.65017964741586E-13));
#5995=DIRECTION('ref_axis',(-7.67386154620908E-13,0.,1.));
#5996=DIRECTION('center_axis',(0.707106781186006,-1.61905971723652E-13,
0.707106781187089));
#5997=DIRECTION('ref_axis',(0.707106781187089,0.,-0.707106781186006));
#5998=DIRECTION('',(0.707106781187089,-1.88411095042051E-13,-0.707106781186006));
#5999=DIRECTION('',(-2.28969621040958E-13,-1.,0.));
#6000=DIRECTION('center_axis',(1.,-2.156634553681E-13,7.67386154620908E-13));
#6001=DIRECTION('ref_axis',(7.67386154620908E-13,0.,-1.));
#6002=DIRECTION('',(-1.,2.156634553681E-13,-7.67386154620908E-13));
#6003=DIRECTION('center_axis',(1.,-2.28969621040958E-13,7.65017964741586E-13));
#6004=DIRECTION('ref_axis',(7.67386154620908E-13,0.,-1.));
#6005=DIRECTION('',(1.,-2.156634553681E-13,7.67386154620908E-13));
#6006=DIRECTION('center_axis',(-1.,2.30926389122033E-13,-7.6383344094211E-13));
#6007=DIRECTION('ref_axis',(7.63833440942111E-13,7.27366154557567E-16,-1.));
#6008=DIRECTION('center_axis',(1.,-2.28969621040958E-13,7.65017964741586E-13));
#6009=DIRECTION('ref_axis',(2.30926389122033E-13,1.,1.49464489649326E-27));
#6010=DIRECTION('',(-1.,2.2661516309486E-13,-7.67386154620908E-13));
#6011=DIRECTION('center_axis',(-1.,2.2661516309486E-13,-7.67386154620908E-13));
#6012=DIRECTION('ref_axis',(7.67386154620908E-13,0.,-1.));
#6013=DIRECTION('center_axis',(1.,-2.28969621040958E-13,7.65017964741586E-13));
#6014=DIRECTION('ref_axis',(7.67386154620908E-13,0.,-1.));
#6015=DIRECTION('',(1.,-2.2661516309486E-13,7.67386154620908E-13));
#6016=DIRECTION('center_axis',(1.,-2.28969621040958E-13,7.65017964741586E-13));
#6017=DIRECTION('ref_axis',(2.28969621040958E-13,1.,0.));
#6018=DIRECTION('',(2.28969621040958E-13,1.,0.));
#6019=DIRECTION('center_axis',(1.,-2.28969621040958E-13,7.65017964741586E-13));
#6020=DIRECTION('ref_axis',(-7.03401421490328E-13,-0.707106781186554,0.707106781186541));
#6021=DIRECTION('',(-7.65017964741586E-13,1.75165873476406E-25,1.));
#6022=DIRECTION('',(2.28969621040958E-13,1.,0.));
#6023=DIRECTION('',(7.65017964741586E-13,-1.75165873476406E-25,-1.));
#6024=DIRECTION('center_axis',(1.,-2.28969621040958E-13,7.65017964741586E-13));
#6025=DIRECTION('ref_axis',(-4.01943669423048E-13,0.70710678118656,0.707106781186535));
#6026=DIRECTION('',(2.28969621040958E-13,1.,0.));
#6027=DIRECTION('center_axis',(1.,-2.28969621040958E-13,7.65017964741586E-13));
#6028=DIRECTION('ref_axis',(2.28969621040958E-13,1.,0.));
#6029=DIRECTION('center_axis',(1.,-2.28969621040958E-13,7.65017964741586E-13));
#6030=DIRECTION('ref_axis',(2.28969621040958E-13,1.,0.));
#6031=DIRECTION('center_axis',(1.,-2.28969621040958E-13,7.65017964741586E-13));
#6032=DIRECTION('ref_axis',(2.28969621040958E-13,1.,0.));
#6033=DIRECTION('center_axis',(1.,-2.28969621040958E-13,7.65017964741586E-13));
#6034=DIRECTION('ref_axis',(2.28969621040958E-13,1.,0.));
#6035=DIRECTION('center_axis',(0.707106781186006,-1.61905971723652E-13,
0.707106781187089));
#6036=DIRECTION('ref_axis',(0.707106781187089,0.,-0.707106781186006));
#6037=DIRECTION('',(-2.28969621040958E-13,-1.,0.));
#6038=DIRECTION('',(0.707106781187089,-1.88411095042051E-13,-0.707106781186006));
#6039=DIRECTION('center_axis',(-7.64943663966732E-13,1.75148860856145E-25,
1.));
#6040=DIRECTION('ref_axis',(2.28969621040958E-13,1.,0.));
#6041=DIRECTION('',(1.,-2.28705943072782E-13,7.64943663966732E-13));
#6042=DIRECTION('',(2.28969621040958E-13,1.,0.));
#6043=DIRECTION('',(-1.,2.28705943072782E-13,-7.64943663966732E-13));
#6044=DIRECTION('center_axis',(7.64943663966732E-13,-1.75148860856145E-25,
-1.));
#6045=DIRECTION('ref_axis',(-1.,0.,-7.69754630406776E-13));
#6046=DIRECTION('center_axis',(1.,-2.27373675443232E-13,9.84101689027739E-13));
#6047=DIRECTION('ref_axis',(-9.9475983006414E-13,-0.400000029802207,0.916515125984418));
#6048=DIRECTION('center_axis',(-1.,2.28705943072782E-13,-7.64943663966732E-13));
#6049=DIRECTION('ref_axis',(-9.9475983006414E-13,-0.400000029802207,0.916515125984418));
#6050=DIRECTION('',(1.,-2.27373675443232E-13,7.6383344094211E-13));
#6051=DIRECTION('center_axis',(0.957826285221371,-2.19127726016955E-13,
-0.287347885565612));
#6052=DIRECTION('ref_axis',(0.287347885565612,-6.08796955391481E-14,0.957826285221371));
#6053=DIRECTION('center_axis',(2.28705943072782E-13,1.,-2.0171838256139E-28));
#6054=DIRECTION('ref_axis',(7.65017964741586E-13,-1.75165873476406E-25,
-1.));
#6055=DIRECTION('',(-1.,2.28705943072782E-13,-7.64943663966732E-13));
#6056=DIRECTION('',(-7.65017964741586E-13,1.75165873476406E-25,1.));
#6057=DIRECTION('',(1.,-2.28705943072782E-13,7.64943663966732E-13));
#6058=DIRECTION('',(-0.818556692462125,1.87208780308088E-13,0.57442574909684));
#6059=DIRECTION('',(1.,-2.28705943072782E-13,7.75137547245784E-13));
#6060=DIRECTION('',(7.64943663966732E-13,-1.74947162065061E-25,-1.));
#6061=DIRECTION('center_axis',(1.,-2.28705943072782E-13,7.64943663966732E-13));
#6062=DIRECTION('ref_axis',(6.84704818096096E-13,0.727272721854131,-0.686348590766298));
#6063=DIRECTION('',(1.,-2.28705943072782E-13,7.64943663966732E-13));
#6064=DIRECTION('center_axis',(1.,-2.28969621040958E-13,7.65017964741586E-13));
#6065=DIRECTION('ref_axis',(6.84704818096096E-13,0.727272721854131,-0.686348590766298));
#6066=DIRECTION('center_axis',(-1.,2.28705943072782E-13,-7.64943663966732E-13));
#6067=DIRECTION('ref_axis',(6.89618677588365E-13,0.727272721854131,-0.686348590766298));
#6068=DIRECTION('center_axis',(-1.,2.28705943072782E-13,-7.64943663966732E-13));
#6069=DIRECTION('ref_axis',(3.61730847296051E-13,-0.727272721854125,-0.686348590766305));
#6070=DIRECTION('',(-1.,2.30926389122033E-13,-7.6383344094211E-13));
#6071=DIRECTION('center_axis',(1.,-2.28969621040958E-13,7.65017964741586E-13));
#6072=DIRECTION('ref_axis',(3.61730847296051E-13,-0.727272721854125,-0.686348590766305));
#6073=DIRECTION('',(-1.,2.28705943072782E-13,-7.64943663966732E-13));
#6074=DIRECTION('center_axis',(-1.,2.28705943072782E-13,-7.64943663966732E-13));
#6075=DIRECTION('ref_axis',(3.58893333953217E-13,-0.727272721854125,-0.686348590766305));
#6076=DIRECTION('center_axis',(-2.28705943072782E-13,-1.,2.0171838256139E-28));
#6077=DIRECTION('ref_axis',(-7.65017964741586E-13,1.75165873476406E-25,
1.));
#6078=DIRECTION('',(-7.64943663966732E-13,1.75148880447622E-25,1.));
#6079=DIRECTION('',(-1.,2.28388736494318E-13,-7.63833440942109E-13));
#6080=DIRECTION('',(0.818556692462125,-1.87208780308088E-13,-0.57442574909684));
#6081=DIRECTION('',(-1.,2.28705943072782E-13,-7.64943663966732E-13));
#6082=DIRECTION('',(7.65017964741586E-13,-1.75165873476406E-25,-1.));
#6083=DIRECTION('center_axis',(-7.64943663966732E-13,1.75148860856145E-25,
1.));
#6084=DIRECTION('ref_axis',(2.28969621040958E-13,1.,0.));
#6085=DIRECTION('',(1.,-2.28705943072782E-13,7.64943663966732E-13));
#6086=DIRECTION('',(2.28969621040958E-13,1.,0.));
#6087=DIRECTION('',(-1.,2.28705943072782E-13,-7.64943663966732E-13));
#6088=DIRECTION('center_axis',(7.64943663966732E-13,-1.75148860856145E-25,
-1.));
#6089=DIRECTION('ref_axis',(-1.,0.,-7.69754630406776E-13));
#6090=DIRECTION('center_axis',(1.,-2.6645352591002E-13,7.54951656745055E-13));
#6091=DIRECTION('ref_axis',(2.29859061077811E-13,1.,6.78119768390352E-28));
#6092=DIRECTION('',(-0.707106781186417,0.707106781186678,-5.33744840346847E-13));
#6093=DIRECTION('center_axis',(-1.,2.28969621040958E-13,-7.65017964741586E-13));
#6094=DIRECTION('ref_axis',(2.30926389122033E-13,1.,1.49464489649326E-27));
#6095=DIRECTION('center_axis',(-1.,2.30926389122033E-13,-7.6383344094211E-13));
#6096=DIRECTION('ref_axis',(2.30926389122033E-13,1.,1.49464489649326E-27));
#6097=DIRECTION('',(1.,-2.30926389122033E-13,7.6383344094211E-13));
#6098=DIRECTION('center_axis',(1.,-2.66453525910114E-13,7.54951656745324E-13));
#6099=DIRECTION('ref_axis',(2.29859061077811E-13,1.,6.78119768390352E-28));
#6100=DIRECTION('',(-0.707106781186291,0.707106781186804,-5.33744840346942E-13));
#6101=DIRECTION('center_axis',(-1.,2.28969621040958E-13,-7.65017964741586E-13));
#6102=DIRECTION('ref_axis',(2.30926389122033E-13,1.,1.49464489649326E-27));
#6103=DIRECTION('center_axis',(-1.,2.30926389122033E-13,-7.6383344094211E-13));
#6104=DIRECTION('ref_axis',(2.30926389122033E-13,1.,1.49464489649326E-27));
#6105=DIRECTION('',(1.,-2.30926389122033E-13,7.6383344094211E-13));
#6106=DIRECTION('center_axis',(1.,-2.66453525910138E-13,7.54951656745391E-13));
#6107=DIRECTION('ref_axis',(2.29859061077811E-13,1.,6.78119768390352E-28));
#6108=DIRECTION('',(-0.70710678118626,0.707106781186835,-5.33744840346966E-13));
#6109=DIRECTION('center_axis',(-1.,2.28969621040958E-13,-7.65017964741586E-13));
#6110=DIRECTION('ref_axis',(2.30926389122033E-13,1.,1.49464489649326E-27));
#6111=DIRECTION('center_axis',(-1.,2.30926389122033E-13,-7.6383344094211E-13));
#6112=DIRECTION('ref_axis',(2.30926389122033E-13,1.,1.49464489649326E-27));
#6113=DIRECTION('',(1.,-2.30926389122033E-13,7.6383344094211E-13));
#6114=DIRECTION('center_axis',(1.,-2.66453525910067E-13,7.5495165674519E-13));
#6115=DIRECTION('ref_axis',(2.29859061077811E-13,1.,6.78119768390352E-28));
#6116=DIRECTION('',(-0.707106781186354,0.707106781186741,-5.33744840346895E-13));
#6117=DIRECTION('center_axis',(-1.,2.28969621040958E-13,-7.65017964741586E-13));
#6118=DIRECTION('ref_axis',(2.30926389122033E-13,1.,1.49464489649326E-27));
#6119=DIRECTION('center_axis',(-1.,2.30926389122033E-13,-7.6383344094211E-13));
#6120=DIRECTION('ref_axis',(2.30926389122033E-13,1.,1.49464489649326E-27));
#6121=DIRECTION('',(1.,-2.30926389122033E-13,7.6383344094211E-13));
#6122=DIRECTION('center_axis',(0.707106781186736,0.707106781186359,5.40949390598327E-13));
#6123=DIRECTION('ref_axis',(7.65017964741411E-13,0.,-1.));
#6124=DIRECTION('',(-7.65017964741586E-13,1.75165873476406E-25,1.));
#6125=DIRECTION('',(0.707106781186359,-0.707106781186736,5.33831435952495E-13));
#6126=DIRECTION('center_axis',(-1.,2.66453525910043E-13,-7.54951656745123E-13));
#6127=DIRECTION('ref_axis',(-3.60198343099281E-13,0.727272721854132,0.686348590766297));
#6128=DIRECTION('',(-0.707106781186359,0.707106781186736,-5.33831435952447E-13));
#6129=DIRECTION('center_axis',(1.,-2.28969621040958E-13,7.65017964741586E-13));
#6130=DIRECTION('ref_axis',(-3.61730847296051E-13,0.727272721854132,0.686348590766297));
#6131=DIRECTION('center_axis',(0.707106781186705,0.70710678118639,5.40949390598303E-13));
#6132=DIRECTION('ref_axis',(7.65017964741411E-13,0.,-1.));
#6133=DIRECTION('',(-0.70710678118639,0.707106781186705,-5.33831435952471E-13));
#6134=DIRECTION('',(-7.65017964741586E-13,1.75165873476406E-25,1.));
#6135=DIRECTION('center_axis',(-1.,2.66453525909901E-13,-7.5495165674472E-13));
#6136=DIRECTION('ref_axis',(5.1158396226701E-13,0.918558651515902,-0.395284712233205));
#6137=DIRECTION('',(-0.70710678118622,0.486135906797458,-0.513489902649192));
#6138=DIRECTION('center_axis',(1.,-2.28969621040958E-13,7.65017964741586E-13));
#6139=DIRECTION('ref_axis',(5.10537029756068E-13,0.918558651515902,-0.395284712233205));
#6140=DIRECTION('center_axis',(1.,-2.66453525909949E-13,7.54951656744854E-13));
#6141=DIRECTION('ref_axis',(-7.92929440902036E-13,-0.166666646798473,0.986013300541607));
#6142=DIRECTION('',(-0.707106781186485,0.70710678118661,-5.338314359524E-13));
#6143=DIRECTION('center_axis',(-1.,2.28969621040958E-13,-7.65017964741586E-13));
#6144=DIRECTION('ref_axis',(-7.93439388265445E-13,-0.166666646798473,0.986013300541607));
#6145=DIRECTION('center_axis',(0.707106781186736,0.707106781186359,5.40949390598327E-13));
#6146=DIRECTION('ref_axis',(7.65017964741411E-13,0.,-1.));
#6147=DIRECTION('',(-0.707106781186359,0.707106781186736,-5.33831435952495E-13));
#6148=DIRECTION('',(-7.65017964741586E-13,1.75165873476406E-25,1.));
#6149=DIRECTION('center_axis',(1.,-2.66453525909996E-13,7.54951656744988E-13));
#6150=DIRECTION('ref_axis',(7.19076051270818E-13,-0.166666646798474,-0.986013300541607));
#6151=DIRECTION('',(-0.70710678118687,0.486135906797559,0.513489902648201));
#6152=DIRECTION('center_axis',(-1.,2.28969621040958E-13,-7.65017964741586E-13));
#6153=DIRECTION('ref_axis',(7.22385114689437E-13,-0.166666646798474,-0.986013300541607));
#6154=DIRECTION('center_axis',(-1.,2.66453525909996E-13,-7.54951656744988E-13));
#6155=DIRECTION('ref_axis',(-9.24669603277883E-14,0.918558651515902,0.395284712233205));
#6156=DIRECTION('',(-0.707106781186453,0.707106781186642,-5.33831435952424E-13));
#6157=DIRECTION('center_axis',(1.,-2.28969621040958E-13,7.65017964741586E-13));
#6158=DIRECTION('ref_axis',(-9.28249145011033E-14,0.918558651515902,0.395284712233205));
#6159=DIRECTION('center_axis',(0.707106781186705,0.70710678118639,5.40949390598303E-13));
#6160=DIRECTION('ref_axis',(7.65017964741411E-13,0.,-1.));
#6161=DIRECTION('',(-0.70710678118639,0.707106781186705,-5.33831435952471E-13));
#6162=DIRECTION('',(-7.65017964741586E-13,1.75165873476406E-25,1.));
#6163=DIRECTION('center_axis',(-1.,2.66453525909972E-13,-7.54951656744921E-13));
#6164=DIRECTION('ref_axis',(6.88018636162224E-13,0.727272721854131,-0.686348590766298));
#6165=DIRECTION('center_axis',(0.707106781186359,-0.707106781186736,5.40949390598286E-13));
#6166=DIRECTION('ref_axis',(7.65017964741761E-13,0.,-1.));
#6167=DIRECTION('',(0.707106781186736,0.707106781186359,5.33831435952495E-13));
#6168=DIRECTION('center_axis',(-1.,2.66453525910067E-13,-7.5495165674519E-13));
#6169=DIRECTION('ref_axis',(3.60198343099284E-13,-0.727272721854125,-0.686348590766304));
#6170=DIRECTION('',(-0.707106781186642,-0.707106781186453,-5.33831435952519E-13));
#6171=DIRECTION('center_axis',(0.707106781186296,-0.707106781186799,5.40949390598238E-13));
#6172=DIRECTION('ref_axis',(7.65017964741761E-13,0.,-1.));
#6173=DIRECTION('',(-0.707106781186799,-0.707106781186296,-5.33831435952495E-13));
#6174=DIRECTION('',(7.65017964741586E-13,-1.75165873476406E-25,-1.));
#6175=DIRECTION('center_axis',(-1.,2.66453525910138E-13,-7.54951656745391E-13));
#6176=DIRECTION('ref_axis',(-5.11583960175142E-13,-0.918558653543691,0.395284707521049));
#6177=DIRECTION('',(-0.707106781186962,-0.48613591206562,0.513489897660646));
#6178=DIRECTION('center_axis',(1.,-2.28969621040958E-13,7.65017964741586E-13));
#6179=DIRECTION('ref_axis',(-5.10537028629015E-13,-0.918558653543691,0.395284707521049));
#6180=DIRECTION('center_axis',(1.,-2.66453525910185E-13,7.54951656745525E-13));
#6181=DIRECTION('ref_axis',(7.92929441953924E-13,0.166666666666669,-0.986013297183269));
#6182=DIRECTION('',(-0.707106781186579,-0.707106781186516,-5.33831435952661E-13));
#6183=DIRECTION('center_axis',(-1.,2.28969621040958E-13,-7.65017964741586E-13));
#6184=DIRECTION('ref_axis',(7.93439388265444E-13,0.166666666666669,-0.986013297183269));
#6185=DIRECTION('center_axis',(0.70710678118639,-0.707106781186705,5.4094939059831E-13));
#6186=DIRECTION('ref_axis',(7.65017964741761E-13,0.,-1.));
#6187=DIRECTION('',(-0.707106781186705,-0.70710678118639,-5.33831435952519E-13));
#6188=DIRECTION('',(7.65017964741586E-13,-1.75165873476406E-25,-1.));
#6189=DIRECTION('center_axis',(1.,-2.66453525910091E-13,7.54951656745257E-13));
#6190=DIRECTION('ref_axis',(-7.19076047489166E-13,0.166666666666669,0.986013297183269));
#6191=DIRECTION('',(-0.707106781186261,-0.48613591206557,-0.51348989766166));
#6192=DIRECTION('center_axis',(-1.,2.28969621040958E-13,-7.65017964741586E-13));
#6193=DIRECTION('ref_axis',(-7.22385114689436E-13,0.166666666666669,0.986013297183269));
#6194=DIRECTION('center_axis',(-1.,2.66453525910091E-13,-7.54951656745257E-13));
#6195=DIRECTION('ref_axis',(9.24669582712404E-14,-0.918558653543693,-0.395284707521046));
#6196=DIRECTION('',(-0.707106781186642,-0.707106781186453,-5.33831435952566E-13));
#6197=DIRECTION('center_axis',(1.,-2.28969621040958E-13,7.65017964741586E-13));
#6198=DIRECTION('ref_axis',(9.28249142961848E-14,-0.918558653543693,-0.395284707521046));
#6199=DIRECTION('center_axis',(0.707106781186296,-0.707106781186799,5.40949390598238E-13));
#6200=DIRECTION('ref_axis',(7.65017964741761E-13,0.,-1.));
#6201=DIRECTION('',(-0.707106781186799,-0.707106781186296,-5.33831435952495E-13));
#6202=DIRECTION('',(7.65017964741586E-13,-1.75165873476406E-25,-1.));
#6203=DIRECTION('center_axis',(-1.,2.66453525910067E-13,-7.5495165674519E-13));
#6204=DIRECTION('ref_axis',(-6.88018636162225E-13,-0.727272721854126,0.686348590766304));
#6205=DIRECTION('center_axis',(1.,-2.28969621040958E-13,7.65017964741586E-13));
#6206=DIRECTION('ref_axis',(-6.84704818096097E-13,-0.727272721854126,0.686348590766304));
#6207=DIRECTION('center_axis',(-1.,2.66453525910043E-13,-7.54951656745123E-13));
#6208=DIRECTION('ref_axis',(3.77809402879846E-13,-0.70710678118656,-0.707106781186535));
#6209=DIRECTION('center_axis',(1.,-2.28969621040958E-13,7.65017964741586E-13));
#6210=DIRECTION('ref_axis',(3.76822190084107E-13,-0.70710678118656,-0.707106781186535));
#6211=DIRECTION('',(0.707106781186029,-1.8841109504207E-13,0.707106781187066));
#6212=DIRECTION('center_axis',(0.707106781187066,-1.61905971723894E-13,
-0.707106781186029));
#6213=DIRECTION('ref_axis',(-0.707106781186029,0.,-0.707106781187066));
#6214=DIRECTION('',(0.707106781186029,-1.88411095042053E-13,0.707106781187066));
#6215=DIRECTION('',(2.28969621040958E-13,1.,0.));
#6216=DIRECTION('center_axis',(-1.,2.6645352591002E-13,-7.54951656745055E-13));
#6217=DIRECTION('ref_axis',(7.0315872852667E-13,0.707106781186535,-0.70710678118656));
#6218=DIRECTION('center_axis',(1.,-2.28969621040958E-13,7.65017964741586E-13));
#6219=DIRECTION('ref_axis',(7.03401421490334E-13,0.707106781186535,-0.70710678118656));
#6220=DIRECTION('',(0.70710678118639,-0.707106781186705,5.33831435952471E-13));
#6221=DIRECTION('center_axis',(0.707106781186736,0.707106781186359,5.40949390598327E-13));
#6222=DIRECTION('ref_axis',(7.65017964741411E-13,0.,-1.));
#6223=DIRECTION('center_axis',(-1.,2.66453525910043E-13,-7.54951656745123E-13));
#6224=DIRECTION('ref_axis',(-7.03196649302234E-13,-0.707106781186554,0.707106781186541));
#6225=DIRECTION('center_axis',(1.,-2.28969621040958E-13,7.65017964741586E-13));
#6226=DIRECTION('ref_axis',(-7.03401421490328E-13,-0.707106781186554,0.707106781186541));
#6227=DIRECTION('',(0.707106781186736,0.707106781186359,5.33831435952495E-13));
#6228=DIRECTION('center_axis',(0.707106781186359,-0.707106781186736,5.40949390598286E-13));
#6229=DIRECTION('ref_axis',(7.65017964741761E-13,0.,-1.));
#6230=DIRECTION('',(7.65017964741586E-13,-1.75165873476406E-25,-1.));
#6231=DIRECTION('center_axis',(-1.,2.66453525910043E-13,-7.54951656745123E-13));
#6232=DIRECTION('ref_axis',(-3.93356075467349E-13,0.70710678118656,0.707106781186535));
#6233=DIRECTION('center_axis',(1.,-2.28969621040958E-13,7.65017964741586E-13));
#6234=DIRECTION('ref_axis',(-4.01943669423048E-13,0.70710678118656,0.707106781186535));
#6235=DIRECTION('center_axis',(-1.,2.28705943072782E-13,-7.64943663966732E-13));
#6236=DIRECTION('ref_axis',(3.76822190084107E-13,-0.70710678118656,-0.707106781186535));
#6237=DIRECTION('center_axis',(0.57442574909684,-1.31374582672482E-13,0.818556692462125));
#6238=DIRECTION('ref_axis',(0.818556692462125,-1.87336328447008E-13,-0.57442574909684));
#6239=DIRECTION('',(1.,-2.28705943072782E-13,7.64943663966732E-13));
#6240=DIRECTION('center_axis',(-2.28705943072782E-13,-1.,2.0171838256139E-28));
#6241=DIRECTION('ref_axis',(-7.65017964741586E-13,1.75165873476406E-25,
1.));
#6242=DIRECTION('',(-1.,2.27373675443232E-13,-7.67386154620908E-13));
#6243=DIRECTION('',(-7.63833440942108E-13,1.74894965843754E-25,1.));
#6244=DIRECTION('',(1.,-2.28705943072782E-13,7.64943663966732E-13));
#6245=DIRECTION('',(-7.65017964741586E-13,1.75165873476406E-25,1.));
#6246=DIRECTION('center_axis',(-1.,2.27373675443232E-13,-7.67386154620908E-13));
#6247=DIRECTION('ref_axis',(-5.10537028629016E-13,-0.918558653543691,0.395284707521049));
#6248=DIRECTION('',(-1.,2.27373675443232E-13,-7.67386154620908E-13));
#6249=DIRECTION('center_axis',(1.,-2.27373675443232E-13,7.67386154620908E-13));
#6250=DIRECTION('ref_axis',(7.93439388265444E-13,0.166666666666669,-0.986013297183269));
#6251=DIRECTION('',(-1.,2.27373675443232E-13,-7.67386154620908E-13));
#6252=DIRECTION('center_axis',(2.27373675443232E-13,1.,-1.22092705301082E-27));
#6253=DIRECTION('ref_axis',(7.65017964741586E-13,-1.75165873476406E-25,
-1.));
#6254=DIRECTION('',(1.,-2.27373675443232E-13,7.67386154620908E-13));
#6255=DIRECTION('',(-7.63833440942108E-13,1.74896543946469E-25,1.));
#6256=DIRECTION('center_axis',(-1.,2.27373675443232E-13,-7.67386154620908E-13));
#6257=DIRECTION('ref_axis',(-7.22385114689436E-13,0.166666666666669,0.986013297183269));
#6258=DIRECTION('',(1.,-2.27373675443232E-13,7.67386154620908E-13));
#6259=DIRECTION('center_axis',(1.,-2.27373675443232E-13,7.67386154620908E-13));
#6260=DIRECTION('ref_axis',(9.28249142961848E-14,-0.918558653543693,-0.395284707521046));
#6261=DIRECTION('',(-1.,2.28705943072782E-13,-7.67386154620908E-13));
#6262=DIRECTION('center_axis',(-2.28705943072782E-13,-1.,2.0171838256139E-28));
#6263=DIRECTION('ref_axis',(-7.65017964741586E-13,1.75165873476406E-25,
1.));
#6264=DIRECTION('',(1.,-2.28705943072782E-13,7.64943663966732E-13));
#6265=DIRECTION('',(-7.65017964741586E-13,1.75165873476406E-25,1.));
#6266=DIRECTION('',(1.,-2.28705943072782E-13,7.64943663966732E-13));
#6267=DIRECTION('',(-7.63833440942108E-13,1.74894965843754E-25,1.));
#6268=DIRECTION('center_axis',(1.,-2.28705943072782E-13,7.64943663966732E-13));
#6269=DIRECTION('ref_axis',(-6.84704818096097E-13,-0.727272721854126,0.686348590766304));
#6270=DIRECTION('',(1.,-2.28705943072782E-13,7.64943663966732E-13));
#6271=DIRECTION('center_axis',(-1.,2.28705943072782E-13,-7.64943663966732E-13));
#6272=DIRECTION('ref_axis',(-6.84704818096097E-13,-0.727272721854126,0.686348590766304));
#6273=DIRECTION('center_axis',(-2.28705943072782E-13,-1.,2.0171838256139E-28));
#6274=DIRECTION('ref_axis',(-7.65017964741586E-13,1.75165873476406E-25,
1.));
#6275=DIRECTION('',(1.,-2.28705943072782E-13,7.64943663966732E-13));
#6276=DIRECTION('',(-7.65017964741586E-13,1.75165873476406E-25,1.));
#6277=DIRECTION('center_axis',(-1.,2.28705943072782E-13,-7.64943663966732E-13));
#6278=DIRECTION('ref_axis',(-7.03401421490328E-13,-0.707106781186554,0.707106781186541));
#6279=DIRECTION('center_axis',(-1.,2.28705943072782E-13,-7.64943663966732E-13));
#6280=DIRECTION('ref_axis',(-7.03401421490328E-13,-0.707106781186554,0.707106781186541));
#6281=DIRECTION('center_axis',(-0.282342382443535,0.224144746484327,0.932760372067545));
#6282=DIRECTION('ref_axis',(-0.621765910315442,-0.783203136337955,-4.66293670342563E-13));
#6283=DIRECTION('center_axis',(0.28947953562364,-0.695092221271093,-0.658064132424447));
#6284=DIRECTION('ref_axis',(-7.105427357601E-13,-0.687499992549423,0.72618438446757));
#6285=DIRECTION('center_axis',(7.59884441631948E-13,-1.88975629506543E-25,
-1.));
#6286=DIRECTION('ref_axis',(-2.48689957516032E-13,-1.,0.));
#6287=DIRECTION('center_axis',(-7.56323563786058E-13,1.74655069593022E-25,
1.));
#6288=DIRECTION('ref_axis',(-0.569553236445981,-0.821954445729147,-4.30766533554564E-13));
#6289=DIRECTION('center_axis',(-7.63833440942108E-13,1.74894965843754E-25,
1.));
#6290=DIRECTION('ref_axis',(-0.298366849927231,-0.954451267935928,-2.3264111263135E-13));
#6291=DIRECTION('',(7.63833440942108E-13,-1.74894965843754E-25,-1.));
#6292=DIRECTION('center_axis',(-7.59884441631953E-13,1.61979111005612E-25,
1.));
#6293=DIRECTION('ref_axis',(-0.946755165051279,-0.321954433808147,-7.19424519957107E-13));
#6294=DIRECTION('center_axis',(-0.289479535622628,0.695092221271077,-0.658064132424909));
#6295=DIRECTION('ref_axis',(3.90798504668047E-13,-0.687499992549444,-0.72618438446755));
#6296=DIRECTION('center_axis',(-0.282342382442148,0.224144746484353,-0.932760372067959));
#6297=DIRECTION('ref_axis',(-3.55271367880043E-14,-0.972320493292001,-0.233651146636178));
#6298=DIRECTION('center_axis',(-7.63833440942108E-13,1.74894965843754E-25,
1.));
#6299=DIRECTION('ref_axis',(-0.582256629928794,-0.813005053430767,-4.369854361677E-13));
#6300=DIRECTION('',(-7.63833440942108E-13,1.74894965843754E-25,1.));
#6301=DIRECTION('',(7.63833440942108E-13,-1.74896543946469E-25,-1.));
#6302=DIRECTION('center_axis',(7.64120713928167E-13,-1.49308616194508E-25,
-1.));
#6303=DIRECTION('ref_axis',(-1.95399252334028E-13,-1.,0.));
#6304=DIRECTION('center_axis',(7.63833440942108E-13,-1.74894965843754E-25,
-1.));
#6305=DIRECTION('ref_axis',(-0.298366849927231,-0.954451267935928,-2.3264111263135E-13));
#6306=DIRECTION('',(7.63833440942108E-13,-1.74894965843754E-25,-1.));
#6307=DIRECTION('center_axis',(7.63833440942108E-13,-1.74894965843754E-25,
-1.));
#6308=DIRECTION('ref_axis',(0.879049072991644,0.476731294622591,6.73590320107704E-13));
#6309=DIRECTION('',(-7.63833440942108E-13,1.74894965843754E-25,1.));
#6310=DIRECTION('center_axis',(2.28705943072782E-13,1.,-2.0171838256139E-28));
#6311=DIRECTION('ref_axis',(7.65017964741586E-13,-1.75165873476406E-25,
-1.));
#6312=DIRECTION('',(7.65017964741586E-13,-1.75165873476406E-25,-1.));
#6313=DIRECTION('',(1.,-2.28705943072782E-13,7.64943663966732E-13));
#6314=DIRECTION('',(-1.,2.28705943072782E-13,-7.67386154620908E-13));
#6315=DIRECTION('center_axis',(1.,-2.27373675443232E-13,7.67386154620908E-13));
#6316=DIRECTION('ref_axis',(-9.28249145011033E-14,0.918558651515902,0.395284712233205));
#6317=DIRECTION('',(1.,-2.27373675443232E-13,7.67386154620908E-13));
#6318=DIRECTION('center_axis',(-1.,2.27373675443232E-13,-7.67386154620908E-13));
#6319=DIRECTION('ref_axis',(7.22385114689437E-13,-0.166666646798474,-0.986013300541607));
#6320=DIRECTION('',(1.,-2.27373675443232E-13,7.67386154620908E-13));
#6321=DIRECTION('center_axis',(-0.282342380214323,-0.224144744041599,-0.932760373329311));
#6322=DIRECTION('ref_axis',(-0.621765909168395,0.783203137248568,-4.61852778244062E-13));
#6323=DIRECTION('center_axis',(0.289479541490654,0.695092213230632,0.658064138336456));
#6324=DIRECTION('ref_axis',(7.10542735760106E-13,0.687500000000002,-0.726184377413889));
#6325=DIRECTION('center_axis',(-7.62904792728506E-13,-8.88178419682511E-15,
1.));
#6326=DIRECTION('ref_axis',(2.30926389122033E-13,1.,8.88178419700128E-15));
#6327=DIRECTION('center_axis',(7.51302909481519E-13,-8.88178419717478E-15,
-1.));
#6328=DIRECTION('ref_axis',(-0.569553236445592,0.821954445729416,-4.35207425653066E-13));
#6329=DIRECTION('center_axis',(7.63833440942108E-13,-1.74894965843754E-25,
-1.));
#6330=DIRECTION('ref_axis',(-0.298366849926765,0.954451267936074,-2.32641112631349E-13));
#6331=DIRECTION('center_axis',(7.64575089607167E-13,-1.62978982759051E-25,
-1.));
#6332=DIRECTION('ref_axis',(-0.946755160997291,0.321954445729507,-7.23865412055604E-13));
#6333=DIRECTION('center_axis',(-0.289479541491661,-0.695092213230628,0.658064138336017));
#6334=DIRECTION('ref_axis',(-3.90798504668059E-13,0.687500000000004,0.726184377413887));
#6335=DIRECTION('center_axis',(-0.282342380215735,-0.224144744041597,0.932760373328885));
#6336=DIRECTION('ref_axis',(3.55271367880052E-14,0.972320493942244,0.233651143930242));
#6337=DIRECTION('center_axis',(7.63833440942108E-13,-1.74894965843754E-25,
-1.));
#6338=DIRECTION('ref_axis',(-0.582256624810004,0.813005057096733,-4.36985434197415E-13));
#6339=DIRECTION('',(7.63833440942108E-13,-1.74894965843754E-25,-1.));
#6340=DIRECTION('center_axis',(-7.49914661562776E-13,4.4408920986605E-15,
1.));
#6341=DIRECTION('ref_axis',(2.13162820728031E-13,1.,-4.44089209850064E-15));
#6342=DIRECTION('center_axis',(-7.63833440942108E-13,1.74894965843754E-25,
1.));
#6343=DIRECTION('ref_axis',(-0.298366849926765,0.954451267936074,-2.32641112631349E-13));
#6344=DIRECTION('center_axis',(-7.63833440942108E-13,1.74894965843754E-25,
1.));
#6345=DIRECTION('ref_axis',(0.879049072991428,-0.476731294622989,6.73590320107714E-13));
#6346=DIRECTION('',(7.63833440942108E-13,-1.74894965843754E-25,-1.));
#6347=DIRECTION('center_axis',(-1.,2.28705943072782E-13,-7.64943663966732E-13));
#6348=DIRECTION('ref_axis',(8.47167938926037E-14,-0.922599845228975,-0.38575837720453));
#6349=DIRECTION('',(-1.,2.28705943072782E-13,-7.64943663966732E-13));
#6350=DIRECTION('center_axis',(1.,-2.28705943072782E-13,7.64943663966732E-13));
#6351=DIRECTION('ref_axis',(8.47167938926037E-14,-0.922599845228975,-0.38575837720453));
#6352=DIRECTION('',(1.,-2.28705943072782E-13,7.64943663966732E-13));
#6353=DIRECTION('center_axis',(-7.63833440942108E-13,1.74894965843754E-25,
1.));
#6354=DIRECTION('ref_axis',(-0.707106781186698,-0.707106781186397,-5.42623953721105E-13));
#6355=DIRECTION('',(7.63833440942108E-13,-1.74894965843754E-25,-1.));
#6356=DIRECTION('center_axis',(-1.,2.28705943072782E-13,-7.64943663966732E-13));
#6357=DIRECTION('ref_axis',(-8.47167938926037E-14,0.922599845228974,0.385758377204531));
#6358=DIRECTION('',(-1.,2.28705943072782E-13,-7.64943663966732E-13));
#6359=DIRECTION('center_axis',(1.,-2.28705943072782E-13,7.64943663966732E-13));
#6360=DIRECTION('ref_axis',(-8.47167938926037E-14,0.922599845228974,0.385758377204531));
#6361=DIRECTION('center_axis',(7.63833440942108E-13,-1.74894965843754E-25,
-1.));
#6362=DIRECTION('ref_axis',(-0.707106781186387,0.707106781186708,-5.42623953721113E-13));
#6363=DIRECTION('',(-7.63833440942108E-13,1.74894965843754E-25,1.));
#6364=DIRECTION('center_axis',(-1.,2.27373675443232E-13,-7.67386154620908E-13));
#6365=DIRECTION('ref_axis',(5.10537029756068E-13,0.918558651515902,-0.395284712233205));
#6366=DIRECTION('',(-1.,2.27373675443232E-13,-7.67386154620908E-13));
#6367=DIRECTION('',(-1.,2.27373675443232E-13,-7.67386154620908E-13));
#6368=DIRECTION('center_axis',(1.,-2.27373675443232E-13,7.67386154620908E-13));
#6369=DIRECTION('ref_axis',(-7.93439388265445E-13,-0.166666646798473,0.986013300541607));
#6370=DIRECTION('',(-1.,2.27373675443232E-13,-7.67386154620908E-13));
#6371=DIRECTION('center_axis',(-2.27373675443232E-13,-1.,1.22092705301082E-27));
#6372=DIRECTION('ref_axis',(-7.65017964741586E-13,1.75165873476406E-25,
1.));
#6373=DIRECTION('center_axis',(-1.,2.28705943072782E-13,-7.64943663966732E-13));
#6374=DIRECTION('ref_axis',(-2.28705943072782E-13,-1.,-3.66374102035132E-41));
#6375=DIRECTION('center_axis',(1.,-2.28705943072782E-13,7.64943663966732E-13));
#6376=DIRECTION('ref_axis',(-8.10018718766513E-13,0.4000002145766,0.916515045342232));
#6377=DIRECTION('',(7.64943663966732E-13,-1.74947162065061E-25,-1.));
#6378=DIRECTION('',(2.28705943072782E-13,1.,-2.3373116307898E-16));
#6379=DIRECTION('',(-7.64943663966732E-13,1.74947162065061E-25,1.));
#6380=DIRECTION('',(-7.65017964741586E-13,1.75165873476406E-25,1.));
#6381=DIRECTION('center_axis',(-1.,2.28705943072782E-13,-7.64943663966732E-13));
#6382=DIRECTION('ref_axis',(-7.03401421490328E-13,-0.707106781186554,0.707106781186541));
#6383=DIRECTION('center_axis',(-1.,2.28705943072782E-13,-7.64943663966732E-13));
#6384=DIRECTION('ref_axis',(-4.01943669423048E-13,0.70710678118656,0.707106781186535));
#6385=DIRECTION('',(7.65017964741586E-13,-1.75165873476406E-25,-1.));
#6386=DIRECTION('center_axis',(-1.,2.28705943072782E-13,-7.64943663966732E-13));
#6387=DIRECTION('ref_axis',(-3.61730847296051E-13,0.727272721854132,0.686348590766297));
#6388=DIRECTION('',(7.65017964741586E-13,-1.75165873476406E-25,-1.));
#6389=DIRECTION('center_axis',(-1.,2.28705943072782E-13,-7.64943663966732E-13));
#6390=DIRECTION('ref_axis',(-6.79195262123625E-13,0.264705873587549,0.964329197156372));
#6391=DIRECTION('',(7.65017964741586E-13,-1.75165873476406E-25,-1.));
#6392=DIRECTION('center_axis',(-1.,2.28705943072782E-13,-7.64943663966732E-13));
#6393=DIRECTION('ref_axis',(8.04585156669524E-13,0.264705873587549,-0.964329197156372));
#6394=DIRECTION('center_axis',(1.,-2.28705943072782E-13,7.64943663966732E-13));
#6395=DIRECTION('ref_axis',(-5.08300763355622E-13,-0.922599845228974,0.385758377204531));
#6396=DIRECTION('center_axis',(-1.,1.93178806284778E-13,-7.64943663966732E-13));
#6397=DIRECTION('ref_axis',(7.03401421490334E-13,0.70710678118656,-0.707106781186535));
#6398=DIRECTION('',(-2.28705943072782E-13,-1.,1.14794370197489E-40));
#6399=DIRECTION('center_axis',(-1.,2.28705943072782E-13,-7.64943663966732E-13));
#6400=DIRECTION('ref_axis',(4.01943669423048E-13,-0.70710678118656,-0.707106781186535));
#6401=DIRECTION('center_axis',(-1.,2.28705943072782E-13,-7.64943663966732E-13));
#6402=DIRECTION('ref_axis',(6.79195262123625E-13,-0.264705873587549,-0.964329197156372));
#6403=DIRECTION('',(-7.65017964741586E-13,1.75165873476406E-25,1.));
#6404=DIRECTION('center_axis',(-1.,2.28705943072782E-13,-7.64943663966732E-13));
#6405=DIRECTION('ref_axis',(-8.04585156669524E-13,-0.264705873587549,0.964329197156372));
#6406=DIRECTION('center_axis',(1.,-2.28705943072782E-13,7.64943663966732E-13));
#6407=DIRECTION('ref_axis',(5.08300763355623E-13,0.922599845228975,-0.38575837720453));
#6408=DIRECTION('center_axis',(-1.,2.28705943072782E-13,-7.64943663966732E-13));
#6409=DIRECTION('ref_axis',(-4.01943669423048E-13,0.70710678118656,0.707106781186535));
#6410=DIRECTION('',(7.65017964741586E-13,-1.75165873476406E-25,-1.));
#6411=DIRECTION('center_axis',(-1.,2.27373675443232E-13,-9.84101689027739E-13));
#6412=DIRECTION('ref_axis',(-8.10018718766513E-13,0.4000002145766,0.916515045342232));
#6413=DIRECTION('center_axis',(0.957826285221371,-2.19127726016955E-13,
-0.287347885565612));
#6414=DIRECTION('ref_axis',(0.287347885565612,-6.00289749027931E-14,0.957826285221371));
#6415=DIRECTION('',(-1.,2.27373675443232E-13,-7.6383344094211E-13));
#6416=DIRECTION('center_axis',(-7.75137547245784E-13,1.7727856375397E-25,
1.));
#6417=DIRECTION('ref_axis',(-1.,2.28705943072782E-13,-7.75137547245784E-13));
#6418=DIRECTION('',(-1.,2.28705943072782E-13,-7.75137547245784E-13));
#6419=DIRECTION('',(-2.28705943072782E-13,-1.,0.));
#6420=DIRECTION('',(-2.28705943072782E-13,-1.,0.));
#6421=DIRECTION('',(-2.28705943072782E-13,-1.,0.));
#6422=DIRECTION('',(1.,-2.28705943072782E-13,7.75137547245784E-13));
#6423=DIRECTION('center_axis',(-2.27373675443232E-13,-1.,1.01910968193223E-27));
#6424=DIRECTION('ref_axis',(7.64943663966732E-13,-1.74947162065061E-25,
-1.));
#6425=DIRECTION('',(-1.,2.27373675443232E-13,-7.64943663966732E-13));
#6426=DIRECTION('',(-0.287347885565612,6.53353448718936E-14,-0.957826285221371));
#6427=DIRECTION('center_axis',(-7.64943663966732E-13,1.75148860856145E-25,
1.));
#6428=DIRECTION('ref_axis',(2.28969621040958E-13,1.,0.));
#6429=DIRECTION('',(1.,-2.27373675443232E-13,7.64943663966732E-13));
#6430=DIRECTION('',(-2.28776062421706E-13,-1.,1.48061439403365E-28));
#6431=DIRECTION('',(-1.,2.28705943072782E-13,-7.64943663966732E-13));
#6432=DIRECTION('',(-1.,2.28705943072782E-13,-7.64943663966732E-13));
#6433=DIRECTION('',(-2.28776062421706E-13,-1.,1.48061439403365E-28));
#6434=DIRECTION('center_axis',(2.28705943072782E-13,1.,-2.0171838256139E-28));
#6435=DIRECTION('ref_axis',(7.65017964741586E-13,-1.75165873476406E-25,
-1.));
#6436=DIRECTION('',(-1.,2.28705943072782E-13,-7.64943663966732E-13));
#6437=DIRECTION('center_axis',(2.27373675443232E-13,1.,-1.01910968193223E-27));
#6438=DIRECTION('ref_axis',(-7.64943663966732E-13,1.74947162065061E-25,
1.));
#6439=DIRECTION('',(0.287347885565612,-6.53353448718935E-14,0.957826285221371));
#6440=DIRECTION('center_axis',(0.57442574909684,-1.31374582672482E-13,0.818556692462125));
#6441=DIRECTION('ref_axis',(-0.818556692462125,1.87208780308088E-13,0.57442574909684));
#6442=DIRECTION('center_axis',(0.57442574909684,-1.31374582672482E-13,0.818556692462125));
#6443=DIRECTION('ref_axis',(0.818556692462125,-1.87216752067151E-13,-0.57442574909684));
#6444=DIRECTION('center_axis',(0.57442574909684,-1.31374582672482E-13,0.818556692462125));
#6445=DIRECTION('ref_axis',(0.818556692462125,-1.87296469653722E-13,-0.57442574909684));
#6446=DIRECTION('',(2.28705943072782E-13,1.,-2.01698791083671E-28));
#6447=DIRECTION('center_axis',(0.57442574909684,-1.31374582672482E-13,0.818556692462125));
#6448=DIRECTION('ref_axis',(0.818556692462125,-1.87256610860438E-13,-0.57442574909684));
#6449=DIRECTION('center_axis',(-0.957826285221371,2.19127726016955E-13,
0.287347885565612));
#6450=DIRECTION('ref_axis',(0.287347885565612,0.,0.957826285221371));
#6451=DIRECTION('',(0.287347885565612,-6.5718169158253E-14,0.957826285221371));
#6452=DIRECTION('',(2.28705943072782E-13,1.,-2.3373116307898E-16));
#6453=DIRECTION('center_axis',(7.63833440942108E-13,0.,-1.));
#6454=DIRECTION('ref_axis',(-1.,0.,-7.63833440942108E-13));
#6455=DIRECTION('center_axis',(7.64943663966732E-13,-1.75148860856145E-25,
-1.));
#6456=DIRECTION('ref_axis',(-1.,0.,-7.64943663966732E-13));
#6457=DIRECTION('center_axis',(-7.64943663966732E-13,1.75148860856145E-25,
1.));
#6458=DIRECTION('ref_axis',(-1.,0.,-7.64943663966732E-13));
#6459=DIRECTION('center_axis',(-7.64943663966732E-13,1.75148860856145E-25,
1.));
#6460=DIRECTION('ref_axis',(-1.,0.,-7.64943663966732E-13));
#6461=DIRECTION('center_axis',(7.69754630406776E-13,0.,-1.));
#6462=DIRECTION('ref_axis',(-1.,0.,-7.69754630406776E-13));
#6463=DIRECTION('',(7.69754630406776E-13,0.,-1.));
#6464=DIRECTION('center_axis',(7.69754630406776E-13,0.,-1.));
#6465=DIRECTION('ref_axis',(-1.,0.,-7.69754630406776E-13));
#6466=DIRECTION('',(7.69754630406776E-13,0.,-1.));
#6467=DIRECTION('center_axis',(-1.,2.28705943072782E-13,-7.64943663966732E-13));
#6468=DIRECTION('ref_axis',(-7.03401421490328E-13,-0.707106781186554,0.707106781186541));
#6469=DIRECTION('',(1.,-2.28705943072782E-13,7.64943663966732E-13));
#6470=DIRECTION('center_axis',(-1.,2.28705943072782E-13,-7.64943663966732E-13));
#6471=DIRECTION('ref_axis',(-4.01943669423048E-13,0.70710678118656,0.707106781186535));
#6472=DIRECTION('',(-1.,2.28705943072782E-13,-7.64943663966732E-13));
#6473=DIRECTION('center_axis',(2.28705943072782E-13,1.,-2.0171838256139E-28));
#6474=DIRECTION('ref_axis',(7.65017964741586E-13,-1.75165873476406E-25,
-1.));
#6475=DIRECTION('',(-0.287347885565612,6.5718169158253E-14,-0.957826285221371));
#6476=DIRECTION('',(-7.65313738308275E-13,1.75233518648912E-25,1.));
#6477=DIRECTION('center_axis',(-2.28705943072782E-13,-1.,2.0171838256139E-28));
#6478=DIRECTION('ref_axis',(-7.65017964741586E-13,1.75165873476406E-25,
1.));
#6479=DIRECTION('',(7.65313738308275E-13,-1.75233518648912E-25,-1.));
#6480=DIRECTION('center_axis',(-0.957826285221371,2.19127726016955E-13,
0.287347885565612));
#6481=DIRECTION('ref_axis',(0.287347885565612,0.,0.957826285221371));
#6482=DIRECTION('',(2.28705943072782E-13,1.,-2.3373116307898E-16));
#6483=DIRECTION('center_axis',(1.,-2.25005199657365E-13,7.65313738308275E-13));
#6484=DIRECTION('ref_axis',(7.65313738308275E-13,0.,-1.));
#6485=DIRECTION('center_axis',(1.,-2.25005199657365E-13,7.65313738308275E-13));
#6486=DIRECTION('ref_axis',(7.65313738308275E-13,0.,-1.));
#6487=DIRECTION('center_axis',(1.,-2.28705943072782E-13,7.75137547245784E-13));
#6488=DIRECTION('ref_axis',(4.01943669423048E-13,-0.70710678118656,-0.707106781186535));
#6489=DIRECTION('center_axis',(-1.,2.28705943072782E-13,-7.75137547245784E-13));
#6490=DIRECTION('ref_axis',(7.03401421490334E-13,0.70710678118656,-0.707106781186535));
#6491=DIRECTION('center_axis',(1.,5.43774175995153E-11,5.46559949829078E-11));
#6492=DIRECTION('ref_axis',(7.105427357601E-13,0.70238094883305,-0.711801238209365));
#6493=DIRECTION('center_axis',(0.959694829853068,-2.92280418512743E-13,
0.281044184343479));
#6494=DIRECTION('ref_axis',(0.183136510103666,0.758537928321945,-0.625364877462831));
#6495=DIRECTION('center_axis',(1.,4.85154400299241E-11,-4.72568104194074E-11));
#6496=DIRECTION('ref_axis',(-4.85154400313845E-11,1.,-3.0903384426625E-11));
#6497=DIRECTION('center_axis',(0.959694829853499,-2.90812080986305E-13,
-0.281044184342007));
#6498=DIRECTION('ref_axis',(3.03025578485922E-13,1.,0.));
#6499=DIRECTION('center_axis',(7.63833440942108E-13,-1.74894965843754E-25,
-1.));
#6500=DIRECTION('ref_axis',(0.438529012267562,0.898717032997393,3.36013062633123E-13));
#6501=DIRECTION('',(-7.63833440942108E-13,1.74894965843754E-25,1.));
#6502=DIRECTION('center_axis',(1.,-2.28705943072782E-13,7.64943663966732E-13));
#6503=DIRECTION('ref_axis',(8.04585156669524E-13,0.264705873587549,-0.964329197156372));
#6504=DIRECTION('',(-1.,2.30926389122033E-13,-7.6383344094211E-13));
#6505=DIRECTION('',(1.,-2.28705943072782E-13,7.64943663966732E-13));
#6506=DIRECTION('center_axis',(-1.,2.28705943072782E-13,-7.64943663966732E-13));
#6507=DIRECTION('ref_axis',(-5.08300763355622E-13,-0.922599845228974,0.385758377204531));
#6508=DIRECTION('center_axis',(1.,-5.44714600205022E-11,-5.27523289116804E-11));
#6509=DIRECTION('ref_axis',(-7.105427357601E-13,-0.70238094883305,0.711801238209365));
#6510=DIRECTION('center_axis',(0.959694829853501,-2.20616061437889E-13,
-0.281044184342001));
#6511=DIRECTION('ref_axis',(0.183136510102307,-0.758537928322015,0.625364877463145));
#6512=DIRECTION('center_axis',(1.,-4.87557706611013E-11,4.86536710538312E-11));
#6513=DIRECTION('ref_axis',(-4.87557706625975E-11,-1.,3.0751871637382E-11));
#6514=DIRECTION('center_axis',(0.959694829853059,-1.70476047474654E-13,
0.281044184343508));
#6515=DIRECTION('ref_axis',(-1.77635683940025E-13,-1.,0.));
#6516=DIRECTION('center_axis',(-7.63833440942108E-13,1.74894965843754E-25,
1.));
#6517=DIRECTION('ref_axis',(0.438529012267149,-0.898717032997594,3.36013062633125E-13));
#6518=DIRECTION('',(7.63833440942108E-13,-1.74894965843754E-25,-1.));
#6519=DIRECTION('center_axis',(1.,-2.28705943072782E-13,7.64943663966732E-13));
#6520=DIRECTION('ref_axis',(-8.04585156669524E-13,-0.264705873587549,0.964329197156372));
#6521=DIRECTION('',(-1.,2.30926389122033E-13,-7.6383344094211E-13));
#6522=DIRECTION('',(1.,-2.28705943072782E-13,7.64943663966732E-13));
#6523=DIRECTION('center_axis',(-1.,2.28705943072782E-13,-7.64943663966732E-13));
#6524=DIRECTION('ref_axis',(5.08300763355623E-13,0.922599845228975,-0.38575837720453));
#6525=DIRECTION('center_axis',(7.64943663966732E-13,-1.75148860856145E-25,
-1.));
#6526=DIRECTION('ref_axis',(-2.28969621040958E-13,-1.,0.));
#6527=DIRECTION('',(-1.,2.28705943072782E-13,-7.64943663966732E-13));
#6528=DIRECTION('center_axis',(1.,-2.28705943072782E-13,7.64943663966732E-13));
#6529=DIRECTION('ref_axis',(7.03401421490334E-13,0.707106781186535,-0.70710678118656));
#6530=DIRECTION('center_axis',(-1.,2.28705943072782E-13,-7.64943663966732E-13));
#6531=DIRECTION('ref_axis',(-4.01943669423048E-13,0.70710678118656,0.707106781186535));
#6532=DIRECTION('',(-1.,2.28705943072782E-13,-7.64943663966732E-13));
#6533=DIRECTION('center_axis',(2.28705943072782E-13,1.,-2.0171838256139E-28));
#6534=DIRECTION('ref_axis',(7.65017964741586E-13,-1.75165873476406E-25,
-1.));
#6535=DIRECTION('',(-1.,2.28705943072782E-13,-7.64943663966732E-13));
#6536=DIRECTION('center_axis',(-1.,2.28705943072782E-13,-7.64943663966732E-13));
#6537=DIRECTION('ref_axis',(-6.79195262123625E-13,0.264705873587549,0.964329197156372));
#6538=DIRECTION('',(-1.,2.28705943072782E-13,-7.64943663966732E-13));
#6539=DIRECTION('center_axis',(-1.,2.28705943072782E-13,-7.64943663966732E-13));
#6540=DIRECTION('ref_axis',(6.79195262123625E-13,-0.264705873587549,-0.964329197156372));
#6541=DIRECTION('',(-1.,2.28705943072782E-13,-7.64943663966732E-13));
#6542=DIRECTION('center_axis',(2.28705943072782E-13,1.,-2.0171838256139E-28));
#6543=DIRECTION('ref_axis',(7.65017964741586E-13,-1.75165873476406E-25,
-1.));
#6544=DIRECTION('center_axis',(-2.28705943072782E-13,-1.,2.0171838256139E-28));
#6545=DIRECTION('ref_axis',(-7.65017964741586E-13,1.75165873476406E-25,
1.));
#6546=DIRECTION('center_axis',(-1.,2.28705943072782E-13,-7.64943663966732E-13));
#6547=DIRECTION('ref_axis',(-3.61730847296051E-13,0.727272721854132,0.686348590766297));
#6548=DIRECTION('axis',(0.,0.,1.));
#6549=DIRECTION('refdir',(1.,0.,0.));
#6550=DIRECTION('center_axis',(-1.,2.66453525909972E-13,-7.54951656744921E-13));
#6551=DIRECTION('ref_axis',(-7.66305024458609E-13,-2.47545963557621E-28,
1.));
#6552=DIRECTION('center_axis',(1.,-2.28969621040958E-13,7.65017964741586E-13));
#6553=DIRECTION('ref_axis',(-7.67386154620908E-13,0.,1.));
#6554=DIRECTION('',(-0.70710678118709,2.10255859684561E-13,0.707106781186005));
#6555=DIRECTION('center_axis',(-1.,2.28969621040958E-13,-7.65017964741586E-13));
#6556=DIRECTION('ref_axis',(-7.65017964741586E-13,-5.42243539221457E-28,
1.));
#6557=DIRECTION('center_axis',(1.,-2.13162820728027E-13,7.63833440942097E-13));
#6558=DIRECTION('ref_axis',(7.80602042515214E-13,-1.43945517352526E-14,
-1.));
#6559=DIRECTION('center_axis',(1.,-2.28969621040958E-13,7.65017964741586E-13));
#6560=DIRECTION('ref_axis',(2.28969621040958E-13,1.,-2.31783836209374E-30));
#6561=DIRECTION('center_axis',(-1.,2.28969621040958E-13,-7.65017964741586E-13));
#6562=DIRECTION('ref_axis',(2.30926389122033E-13,1.,1.49464489649326E-27));
#6563=DIRECTION('center_axis',(1.,-2.28969621040958E-13,7.65017964741586E-13));
#6564=DIRECTION('ref_axis',(2.28969621040958E-13,1.,0.));
#6565=DIRECTION('',(2.28969621040958E-13,1.,0.));
#6566=DIRECTION('center_axis',(-1.,2.28969621040958E-13,-7.65017964741586E-13));
#6567=DIRECTION('ref_axis',(-7.02855362322079E-13,-0.707106781186554,0.707106781186541));
#6568=DIRECTION('',(-7.65017964741586E-13,1.75165873476406E-25,1.));
#6569=DIRECTION('center_axis',(-1.,2.28969621040958E-13,-7.65017964741586E-13));
#6570=DIRECTION('ref_axis',(-6.91592361527659E-13,-0.727272721854126,0.686348590766304));
#6571=DIRECTION('',(-7.65017964741586E-13,1.75165873476406E-25,1.));
#6572=DIRECTION('center_axis',(-1.,2.28969621040958E-13,-7.65017964741586E-13));
#6573=DIRECTION('ref_axis',(9.20778756354312E-14,-0.918558653543692,-0.395284707521046));
#6574=DIRECTION('center_axis',(1.,-2.28969621040958E-13,7.65017964741586E-13));
#6575=DIRECTION('ref_axis',(-7.16156282312458E-13,0.166666666666669,0.986013297183269));
#6576=DIRECTION('',(-7.65017964741586E-13,1.75165873476406E-25,1.));
#6577=DIRECTION('center_axis',(1.,-2.28969621040958E-13,7.65017964741586E-13));
#6578=DIRECTION('ref_axis',(7.92479489326112E-13,0.166666666666669,-0.986013297183269));
#6579=DIRECTION('center_axis',(-1.,2.28969621040958E-13,-7.65017964741586E-13));
#6580=DIRECTION('ref_axis',(-5.12721929247018E-13,-0.918558653543691,0.395284707521049));
#6581=DIRECTION('',(-7.65017964741586E-13,1.75165873476406E-25,1.));
#6582=DIRECTION('center_axis',(-1.,2.28969621040958E-13,-7.65017964741586E-13));
#6583=DIRECTION('ref_axis',(3.58545642494929E-13,-0.727272721854125,-0.686348590766305));
#6584=DIRECTION('',(-7.65017964741586E-13,1.75165873476406E-25,1.));
#6585=DIRECTION('center_axis',(-1.,2.28969621040958E-13,-7.65017964741586E-13));
#6586=DIRECTION('ref_axis',(3.79043418874518E-13,-0.70710678118656,-0.707106781186535));
#6587=DIRECTION('',(-2.28969621040958E-13,-1.,0.));
#6588=DIRECTION('center_axis',(-1.,2.28969621040958E-13,-7.65017964741586E-13));
#6589=DIRECTION('ref_axis',(7.02855362322089E-13,0.707106781186535,-0.70710678118656));
#6590=DIRECTION('',(7.65017964741586E-13,-1.75165873476406E-25,-1.));
#6591=DIRECTION('center_axis',(-1.,2.28969621040958E-13,-7.65017964741586E-13));
#6592=DIRECTION('ref_axis',(6.91592361527656E-13,0.727272721854132,-0.686348590766298));
#6593=DIRECTION('',(7.65017964741586E-13,-1.75165873476406E-25,-1.));
#6594=DIRECTION('center_axis',(-1.,2.28969621040958E-13,-7.65017964741586E-13));
#6595=DIRECTION('ref_axis',(-9.20778797046199E-14,0.918558651515902,0.395284712233205));
#6596=DIRECTION('center_axis',(1.,-2.28969621040958E-13,7.65017964741586E-13));
#6597=DIRECTION('ref_axis',(7.1615628943086E-13,-0.166666646798474,-0.986013300541607));
#6598=DIRECTION('',(7.65017964741586E-13,-1.75165873476406E-25,-1.));
#6599=DIRECTION('center_axis',(1.,-2.28969621040958E-13,7.65017964741586E-13));
#6600=DIRECTION('ref_axis',(-7.92479487346087E-13,-0.166666646798473,0.986013300541607));
#6601=DIRECTION('center_axis',(-1.,2.28969621040958E-13,-7.65017964741586E-13));
#6602=DIRECTION('ref_axis',(5.127219323876E-13,0.918558651515902,-0.395284712233205));
#6603=DIRECTION('',(7.65017964741586E-13,-1.75165873476406E-25,-1.));
#6604=DIRECTION('center_axis',(-1.,2.28969621040958E-13,-7.65017964741586E-13));
#6605=DIRECTION('ref_axis',(-3.58545642494921E-13,0.727272721854132,0.686348590766297));
#6606=DIRECTION('',(7.65017964741586E-13,-1.75165873476406E-25,-1.));
#6607=DIRECTION('center_axis',(-1.,2.28969621040958E-13,-7.65017964741586E-13));
#6608=DIRECTION('ref_axis',(-3.79043418874518E-13,0.70710678118656,0.707106781186535));
#6609=DIRECTION('',(2.28969621040958E-13,1.,0.));
#6610=DIRECTION('center_axis',(-1.,2.28969621040958E-13,-7.65017964741586E-13));
#6611=DIRECTION('ref_axis',(-7.65017964741586E-13,-5.42243539221458E-28,
1.));
#6612=DIRECTION('center_axis',(1.,-2.28969621040958E-13,7.65017964741586E-13));
#6613=DIRECTION('ref_axis',(2.28969621040958E-13,1.,-2.31783836207682E-30));
#6614=DIRECTION('center_axis',(1.,-2.28969621040958E-13,7.65017964741586E-13));
#6615=DIRECTION('ref_axis',(2.28969621040958E-13,1.,-2.31783836207682E-30));
#6616=DIRECTION('center_axis',(1.,-2.28969621040958E-13,7.65017964741586E-13));
#6617=DIRECTION('ref_axis',(2.28969621040958E-13,1.,-2.31783836207682E-30));
#6618=DIRECTION('center_axis',(1.,-2.28969621040958E-13,7.65017964741586E-13));
#6619=DIRECTION('ref_axis',(2.28969621040958E-13,1.,-2.31783836207682E-30));
#6620=DIRECTION('center_axis',(-1.,2.66453525909641E-13,-7.54951656743983E-13));
#6621=DIRECTION('ref_axis',(-7.66305024458609E-13,-2.47545963557621E-28,
1.));
#6622=DIRECTION('',(-0.707106781187086,2.10255859684302E-13,0.707106781186008));
#6623=DIRECTION('center_axis',(1.,-2.28969621040958E-13,7.65017964741586E-13));
#6624=DIRECTION('ref_axis',(-7.67386154620908E-13,0.,1.));
#6625=DIRECTION('center_axis',(0.707106781186006,-1.61905971723652E-13,
0.707106781187089));
#6626=DIRECTION('ref_axis',(0.707106781187089,0.,-0.707106781186006));
#6627=DIRECTION('',(0.707106781187089,-1.88411095042051E-13,-0.707106781186006));
#6628=DIRECTION('',(-2.28969621040958E-13,-1.,0.));
#6629=DIRECTION('center_axis',(1.,-2.156634553681E-13,7.67386154620908E-13));
#6630=DIRECTION('ref_axis',(7.67386154620908E-13,0.,-1.));
#6631=DIRECTION('',(-1.,2.156634553681E-13,-7.67386154620908E-13));
#6632=DIRECTION('center_axis',(1.,-2.28969621040958E-13,7.65017964741586E-13));
#6633=DIRECTION('ref_axis',(7.67386154620908E-13,0.,-1.));
#6634=DIRECTION('',(1.,-2.156634553681E-13,7.67386154620908E-13));
#6635=DIRECTION('center_axis',(-1.,2.30926389122033E-13,-7.6383344094211E-13));
#6636=DIRECTION('ref_axis',(7.63833440942111E-13,7.27366154557567E-16,-1.));
#6637=DIRECTION('center_axis',(1.,-2.28969621040958E-13,7.65017964741586E-13));
#6638=DIRECTION('ref_axis',(2.30926389122033E-13,1.,1.49464489649326E-27));
#6639=DIRECTION('',(-1.,2.2661516309486E-13,-7.67386154620908E-13));
#6640=DIRECTION('center_axis',(-1.,2.2661516309486E-13,-7.67386154620908E-13));
#6641=DIRECTION('ref_axis',(7.67386154620908E-13,0.,-1.));
#6642=DIRECTION('center_axis',(1.,-2.28969621040958E-13,7.65017964741586E-13));
#6643=DIRECTION('ref_axis',(7.67386154620908E-13,0.,-1.));
#6644=DIRECTION('',(1.,-2.2661516309486E-13,7.67386154620908E-13));
#6645=DIRECTION('center_axis',(1.,-2.28969621040958E-13,7.65017964741586E-13));
#6646=DIRECTION('ref_axis',(2.28969621040958E-13,1.,0.));
#6647=DIRECTION('',(2.28969621040958E-13,1.,0.));
#6648=DIRECTION('center_axis',(1.,-2.28969621040958E-13,7.65017964741586E-13));
#6649=DIRECTION('ref_axis',(-7.03401421490328E-13,-0.707106781186554,0.707106781186541));
#6650=DIRECTION('',(-7.65017964741586E-13,1.75165873476406E-25,1.));
#6651=DIRECTION('',(2.28969621040958E-13,1.,0.));
#6652=DIRECTION('',(7.65017964741586E-13,-1.75165873476406E-25,-1.));
#6653=DIRECTION('center_axis',(1.,-2.28969621040958E-13,7.65017964741586E-13));
#6654=DIRECTION('ref_axis',(-4.01943669423048E-13,0.70710678118656,0.707106781186535));
#6655=DIRECTION('',(2.28969621040958E-13,1.,0.));
#6656=DIRECTION('center_axis',(1.,-2.28969621040958E-13,7.65017964741586E-13));
#6657=DIRECTION('ref_axis',(2.28969621040958E-13,1.,0.));
#6658=DIRECTION('center_axis',(1.,-2.28969621040958E-13,7.65017964741586E-13));
#6659=DIRECTION('ref_axis',(2.28969621040958E-13,1.,0.));
#6660=DIRECTION('center_axis',(1.,-2.28969621040958E-13,7.65017964741586E-13));
#6661=DIRECTION('ref_axis',(2.28969621040958E-13,1.,0.));
#6662=DIRECTION('center_axis',(1.,-2.28969621040958E-13,7.65017964741586E-13));
#6663=DIRECTION('ref_axis',(2.28969621040958E-13,1.,0.));
#6664=DIRECTION('center_axis',(0.707106781186006,-1.61905971723652E-13,
0.707106781187089));
#6665=DIRECTION('ref_axis',(0.707106781187089,0.,-0.707106781186006));
#6666=DIRECTION('',(-2.28969621040958E-13,-1.,0.));
#6667=DIRECTION('',(0.707106781187089,-1.88411095042051E-13,-0.707106781186006));
#6668=DIRECTION('center_axis',(-7.64943663966732E-13,1.75148860856145E-25,
1.));
#6669=DIRECTION('ref_axis',(2.28969621040958E-13,1.,0.));
#6670=DIRECTION('',(1.,-2.28705943072782E-13,7.64943663966732E-13));
#6671=DIRECTION('',(2.28969621040958E-13,1.,0.));
#6672=DIRECTION('',(-1.,2.28705943072782E-13,-7.64943663966732E-13));
#6673=DIRECTION('center_axis',(7.64943663966732E-13,-1.75148860856145E-25,
-1.));
#6674=DIRECTION('ref_axis',(-1.,0.,-7.69754630406776E-13));
#6675=DIRECTION('center_axis',(1.,-2.27373675443232E-13,9.84101689027739E-13));
#6676=DIRECTION('ref_axis',(-9.9475983006414E-13,-0.400000029802207,0.916515125984418));
#6677=DIRECTION('center_axis',(-1.,2.28705943072782E-13,-7.64943663966732E-13));
#6678=DIRECTION('ref_axis',(-9.9475983006414E-13,-0.400000029802207,0.916515125984418));
#6679=DIRECTION('',(1.,-2.27373675443232E-13,7.6383344094211E-13));
#6680=DIRECTION('center_axis',(0.957826285221371,-2.19127726016955E-13,
-0.287347885565612));
#6681=DIRECTION('ref_axis',(0.287347885565612,-6.08796955391481E-14,0.957826285221371));
#6682=DIRECTION('',(-1.,2.27373675443232E-13,-9.84101689027739E-13));
#6683=DIRECTION('center_axis',(2.25005199657365E-13,1.,-2.83086022759023E-27));
#6684=DIRECTION('ref_axis',(-7.64943663966732E-13,1.74947162065061E-25,
1.));
#6685=DIRECTION('',(0.287347885565612,-6.46547683628094E-14,0.957826285221371));
#6686=DIRECTION('',(-7.64943663966732E-13,1.26882631200652E-15,1.));
#6687=DIRECTION('',(1.,-2.25005199657365E-13,7.63833440942106E-13));
#6688=DIRECTION('',(7.63833440942108E-13,0.,-1.));
#6689=DIRECTION('',(-1.,2.25005199657365E-13,-7.64943663966732E-13));
#6690=DIRECTION('',(-7.63833440942108E-13,0.,1.));
#6691=DIRECTION('',(1.,-2.25005199657365E-13,7.63833440942106E-13));
#6692=DIRECTION('',(-7.64943663966732E-13,1.74947162065061E-25,1.));
#6693=DIRECTION('center_axis',(2.28705943072782E-13,1.,-2.0171838256139E-28));
#6694=DIRECTION('ref_axis',(7.65017964741586E-13,-1.75165873476406E-25,
-1.));
#6695=DIRECTION('',(-1.,2.28705943072782E-13,-7.64943663966732E-13));
#6696=DIRECTION('',(-7.65017964741586E-13,1.75165873476406E-25,1.));
#6697=DIRECTION('',(1.,-2.28705943072782E-13,7.64943663966732E-13));
#6698=DIRECTION('',(-0.818556692462125,1.87208780308088E-13,0.57442574909684));
#6699=DIRECTION('',(1.,-2.28705943072782E-13,7.75137547245784E-13));
#6700=DIRECTION('',(7.64943663966732E-13,-1.74947162065061E-25,-1.));
#6701=DIRECTION('center_axis',(-2.25005199657365E-13,-1.,2.82974790250112E-27));
#6702=DIRECTION('ref_axis',(7.64643095955327E-13,-1.74878420374555E-25,
-1.));
#6703=DIRECTION('',(-1.,2.25005199657365E-13,-9.84101689027739E-13));
#6704=DIRECTION('',(7.64943663966732E-13,-1.75148880447622E-25,-1.));
#6705=DIRECTION('',(-1.,2.25005199657365E-13,-7.63833440942106E-13));
#6706=DIRECTION('',(7.63833440942108E-13,0.,-1.));
#6707=DIRECTION('',(1.,-2.25005199657365E-13,7.64943663966732E-13));
#6708=DIRECTION('',(-7.63833440942108E-13,0.,1.));
#6709=DIRECTION('',(-1.,2.25005199657365E-13,-7.63833440942106E-13));
#6710=DIRECTION('',(7.64643095955327E-13,-1.74878420374555E-25,-1.));
#6711=DIRECTION('',(-0.287347885565612,6.46547683628094E-14,-0.957826285221371));
#6712=DIRECTION('center_axis',(1.,-2.28705943072782E-13,7.64943663966732E-13));
#6713=DIRECTION('ref_axis',(6.84704818096096E-13,0.727272721854131,-0.686348590766298));
#6714=DIRECTION('',(1.,-2.28705943072782E-13,7.64943663966732E-13));
#6715=DIRECTION('center_axis',(1.,-2.28969621040958E-13,7.65017964741586E-13));
#6716=DIRECTION('ref_axis',(6.84704818096096E-13,0.727272721854131,-0.686348590766298));
#6717=DIRECTION('center_axis',(-1.,2.28705943072782E-13,-7.64943663966732E-13));
#6718=DIRECTION('ref_axis',(6.89618677588365E-13,0.727272721854131,-0.686348590766298));
#6719=DIRECTION('center_axis',(-1.,2.28705943072782E-13,-7.64943663966732E-13));
#6720=DIRECTION('ref_axis',(3.61730847296051E-13,-0.727272721854125,-0.686348590766305));
#6721=DIRECTION('',(-1.,2.30926389122033E-13,-7.6383344094211E-13));
#6722=DIRECTION('center_axis',(1.,-2.28969621040958E-13,7.65017964741586E-13));
#6723=DIRECTION('ref_axis',(3.61730847296051E-13,-0.727272721854125,-0.686348590766305));
#6724=DIRECTION('',(-1.,2.28705943072782E-13,-7.64943663966732E-13));
#6725=DIRECTION('center_axis',(-1.,2.28705943072782E-13,-7.64943663966732E-13));
#6726=DIRECTION('ref_axis',(3.58893333953217E-13,-0.727272721854125,-0.686348590766305));
#6727=DIRECTION('center_axis',(-2.28705943072782E-13,-1.,2.0171838256139E-28));
#6728=DIRECTION('ref_axis',(-7.65017964741586E-13,1.75165873476406E-25,
1.));
#6729=DIRECTION('',(-7.64943663966732E-13,1.75148880447622E-25,1.));
#6730=DIRECTION('',(-1.,2.28388736494318E-13,-7.63833440942109E-13));
#6731=DIRECTION('',(0.818556692462125,-1.87208780308088E-13,-0.57442574909684));
#6732=DIRECTION('',(-1.,2.28705943072782E-13,-7.64943663966732E-13));
#6733=DIRECTION('',(7.65017964741586E-13,-1.75165873476406E-25,-1.));
#6734=DIRECTION('center_axis',(-7.64943663966732E-13,1.75148860856145E-25,
1.));
#6735=DIRECTION('ref_axis',(2.28969621040958E-13,1.,0.));
#6736=DIRECTION('',(1.,-2.28705943072782E-13,7.64943663966732E-13));
#6737=DIRECTION('',(2.28969621040958E-13,1.,0.));
#6738=DIRECTION('',(-1.,2.28705943072782E-13,-7.64943663966732E-13));
#6739=DIRECTION('center_axis',(7.64943663966732E-13,-1.75148860856145E-25,
-1.));
#6740=DIRECTION('ref_axis',(-1.,0.,-7.69754630406776E-13));
#6741=DIRECTION('center_axis',(1.,-2.6645352591002E-13,7.54951656745055E-13));
#6742=DIRECTION('ref_axis',(2.29859061077811E-13,1.,6.78119768390352E-28));
#6743=DIRECTION('',(-0.707106781186417,0.707106781186678,-5.33744840346847E-13));
#6744=DIRECTION('center_axis',(-1.,2.28969621040958E-13,-7.65017964741586E-13));
#6745=DIRECTION('ref_axis',(2.30926389122033E-13,1.,1.49464489649326E-27));
#6746=DIRECTION('center_axis',(-1.,2.30926389122033E-13,-7.6383344094211E-13));
#6747=DIRECTION('ref_axis',(2.30926389122033E-13,1.,1.49464489649326E-27));
#6748=DIRECTION('',(1.,-2.30926389122033E-13,7.6383344094211E-13));
#6749=DIRECTION('center_axis',(1.,-2.66453525910114E-13,7.54951656745324E-13));
#6750=DIRECTION('ref_axis',(2.29859061077811E-13,1.,6.78119768390352E-28));
#6751=DIRECTION('',(-0.707106781186291,0.707106781186804,-5.33744840346942E-13));
#6752=DIRECTION('center_axis',(-1.,2.28969621040958E-13,-7.65017964741586E-13));
#6753=DIRECTION('ref_axis',(2.30926389122033E-13,1.,1.49464489649326E-27));
#6754=DIRECTION('center_axis',(-1.,2.30926389122033E-13,-7.6383344094211E-13));
#6755=DIRECTION('ref_axis',(2.30926389122033E-13,1.,1.49464489649326E-27));
#6756=DIRECTION('',(1.,-2.30926389122033E-13,7.6383344094211E-13));
#6757=DIRECTION('center_axis',(1.,-2.66453525910138E-13,7.54951656745391E-13));
#6758=DIRECTION('ref_axis',(2.29859061077811E-13,1.,6.78119768390352E-28));
#6759=DIRECTION('',(-0.70710678118626,0.707106781186835,-5.33744840346966E-13));
#6760=DIRECTION('center_axis',(-1.,2.28969621040958E-13,-7.65017964741586E-13));
#6761=DIRECTION('ref_axis',(2.30926389122033E-13,1.,1.49464489649326E-27));
#6762=DIRECTION('center_axis',(-1.,2.30926389122033E-13,-7.6383344094211E-13));
#6763=DIRECTION('ref_axis',(2.30926389122033E-13,1.,1.49464489649326E-27));
#6764=DIRECTION('',(1.,-2.30926389122033E-13,7.6383344094211E-13));
#6765=DIRECTION('center_axis',(1.,-2.66453525910067E-13,7.5495165674519E-13));
#6766=DIRECTION('ref_axis',(2.29859061077811E-13,1.,6.78119768390352E-28));
#6767=DIRECTION('',(-0.707106781186354,0.707106781186741,-5.33744840346895E-13));
#6768=DIRECTION('center_axis',(-1.,2.28969621040958E-13,-7.65017964741586E-13));
#6769=DIRECTION('ref_axis',(2.30926389122033E-13,1.,1.49464489649326E-27));
#6770=DIRECTION('center_axis',(-1.,2.30926389122033E-13,-7.6383344094211E-13));
#6771=DIRECTION('ref_axis',(2.30926389122033E-13,1.,1.49464489649326E-27));
#6772=DIRECTION('',(1.,-2.30926389122033E-13,7.6383344094211E-13));
#6773=DIRECTION('center_axis',(0.707106781186736,0.707106781186359,5.40949390598327E-13));
#6774=DIRECTION('ref_axis',(7.65017964741411E-13,0.,-1.));
#6775=DIRECTION('',(-7.65017964741586E-13,1.75165873476406E-25,1.));
#6776=DIRECTION('',(0.707106781186359,-0.707106781186736,5.33831435952495E-13));
#6777=DIRECTION('center_axis',(-1.,2.66453525910043E-13,-7.54951656745123E-13));
#6778=DIRECTION('ref_axis',(-3.60198343099281E-13,0.727272721854132,0.686348590766297));
#6779=DIRECTION('',(-0.707106781186359,0.707106781186736,-5.33831435952447E-13));
#6780=DIRECTION('center_axis',(1.,-2.28969621040958E-13,7.65017964741586E-13));
#6781=DIRECTION('ref_axis',(-3.61730847296051E-13,0.727272721854132,0.686348590766297));
#6782=DIRECTION('center_axis',(0.707106781186705,0.70710678118639,5.40949390598303E-13));
#6783=DIRECTION('ref_axis',(7.65017964741411E-13,0.,-1.));
#6784=DIRECTION('',(-0.70710678118639,0.707106781186705,-5.33831435952471E-13));
#6785=DIRECTION('',(-7.65017964741586E-13,1.75165873476406E-25,1.));
#6786=DIRECTION('center_axis',(-1.,2.66453525909901E-13,-7.5495165674472E-13));
#6787=DIRECTION('ref_axis',(5.1158396226701E-13,0.918558651515902,-0.395284712233205));
#6788=DIRECTION('',(-0.70710678118622,0.486135906797458,-0.513489902649192));
#6789=DIRECTION('center_axis',(1.,-2.28969621040958E-13,7.65017964741586E-13));
#6790=DIRECTION('ref_axis',(5.10537029756068E-13,0.918558651515902,-0.395284712233205));
#6791=DIRECTION('center_axis',(1.,-2.66453525909949E-13,7.54951656744854E-13));
#6792=DIRECTION('ref_axis',(-7.92929440902036E-13,-0.166666646798473,0.986013300541607));
#6793=DIRECTION('',(-0.707106781186485,0.70710678118661,-5.338314359524E-13));
#6794=DIRECTION('center_axis',(-1.,2.28969621040958E-13,-7.65017964741586E-13));
#6795=DIRECTION('ref_axis',(-7.93439388265445E-13,-0.166666646798473,0.986013300541607));
#6796=DIRECTION('center_axis',(0.707106781186736,0.707106781186359,5.40949390598327E-13));
#6797=DIRECTION('ref_axis',(7.65017964741411E-13,0.,-1.));
#6798=DIRECTION('',(-0.707106781186359,0.707106781186736,-5.33831435952495E-13));
#6799=DIRECTION('',(-7.65017964741586E-13,1.75165873476406E-25,1.));
#6800=DIRECTION('center_axis',(1.,-2.66453525909996E-13,7.54951656744988E-13));
#6801=DIRECTION('ref_axis',(7.19076051270818E-13,-0.166666646798474,-0.986013300541607));
#6802=DIRECTION('',(-0.70710678118687,0.486135906797559,0.513489902648201));
#6803=DIRECTION('center_axis',(-1.,2.28969621040958E-13,-7.65017964741586E-13));
#6804=DIRECTION('ref_axis',(7.22385114689437E-13,-0.166666646798474,-0.986013300541607));
#6805=DIRECTION('center_axis',(-1.,2.66453525909996E-13,-7.54951656744988E-13));
#6806=DIRECTION('ref_axis',(-9.24669603277883E-14,0.918558651515902,0.395284712233205));
#6807=DIRECTION('',(-0.707106781186453,0.707106781186642,-5.33831435952424E-13));
#6808=DIRECTION('center_axis',(1.,-2.28969621040958E-13,7.65017964741586E-13));
#6809=DIRECTION('ref_axis',(-9.28249145011033E-14,0.918558651515902,0.395284712233205));
#6810=DIRECTION('center_axis',(0.707106781186705,0.70710678118639,5.40949390598303E-13));
#6811=DIRECTION('ref_axis',(7.65017964741411E-13,0.,-1.));
#6812=DIRECTION('',(-0.70710678118639,0.707106781186705,-5.33831435952471E-13));
#6813=DIRECTION('',(-7.65017964741586E-13,1.75165873476406E-25,1.));
#6814=DIRECTION('center_axis',(-1.,2.66453525909972E-13,-7.54951656744921E-13));
#6815=DIRECTION('ref_axis',(6.88018636162224E-13,0.727272721854131,-0.686348590766298));
#6816=DIRECTION('center_axis',(0.707106781186359,-0.707106781186736,5.40949390598286E-13));
#6817=DIRECTION('ref_axis',(7.65017964741761E-13,0.,-1.));
#6818=DIRECTION('',(0.707106781186736,0.707106781186359,5.33831435952495E-13));
#6819=DIRECTION('center_axis',(-1.,2.66453525910067E-13,-7.5495165674519E-13));
#6820=DIRECTION('ref_axis',(3.60198343099284E-13,-0.727272721854125,-0.686348590766304));
#6821=DIRECTION('',(-0.707106781186642,-0.707106781186453,-5.33831435952519E-13));
#6822=DIRECTION('center_axis',(0.707106781186296,-0.707106781186799,5.40949390598238E-13));
#6823=DIRECTION('ref_axis',(7.65017964741761E-13,0.,-1.));
#6824=DIRECTION('',(-0.707106781186799,-0.707106781186296,-5.33831435952495E-13));
#6825=DIRECTION('',(7.65017964741586E-13,-1.75165873476406E-25,-1.));
#6826=DIRECTION('center_axis',(-1.,2.66453525910138E-13,-7.54951656745391E-13));
#6827=DIRECTION('ref_axis',(-5.11583960175142E-13,-0.918558653543691,0.395284707521049));
#6828=DIRECTION('',(-0.707106781186962,-0.48613591206562,0.513489897660646));
#6829=DIRECTION('center_axis',(1.,-2.28969621040958E-13,7.65017964741586E-13));
#6830=DIRECTION('ref_axis',(-5.10537028629015E-13,-0.918558653543691,0.395284707521049));
#6831=DIRECTION('center_axis',(1.,-2.66453525910185E-13,7.54951656745525E-13));
#6832=DIRECTION('ref_axis',(7.92929441953924E-13,0.166666666666669,-0.986013297183269));
#6833=DIRECTION('',(-0.707106781186579,-0.707106781186516,-5.33831435952661E-13));
#6834=DIRECTION('center_axis',(-1.,2.28969621040958E-13,-7.65017964741586E-13));
#6835=DIRECTION('ref_axis',(7.93439388265444E-13,0.166666666666669,-0.986013297183269));
#6836=DIRECTION('center_axis',(0.70710678118639,-0.707106781186705,5.4094939059831E-13));
#6837=DIRECTION('ref_axis',(7.65017964741761E-13,0.,-1.));
#6838=DIRECTION('',(-0.707106781186705,-0.70710678118639,-5.33831435952519E-13));
#6839=DIRECTION('',(7.65017964741586E-13,-1.75165873476406E-25,-1.));
#6840=DIRECTION('center_axis',(1.,-2.66453525910091E-13,7.54951656745257E-13));
#6841=DIRECTION('ref_axis',(-7.19076047489166E-13,0.166666666666669,0.986013297183269));
#6842=DIRECTION('',(-0.707106781186261,-0.48613591206557,-0.51348989766166));
#6843=DIRECTION('center_axis',(-1.,2.28969621040958E-13,-7.65017964741586E-13));
#6844=DIRECTION('ref_axis',(-7.22385114689436E-13,0.166666666666669,0.986013297183269));
#6845=DIRECTION('center_axis',(-1.,2.66453525910091E-13,-7.54951656745257E-13));
#6846=DIRECTION('ref_axis',(9.24669582712404E-14,-0.918558653543693,-0.395284707521046));
#6847=DIRECTION('',(-0.707106781186642,-0.707106781186453,-5.33831435952566E-13));
#6848=DIRECTION('center_axis',(1.,-2.28969621040958E-13,7.65017964741586E-13));
#6849=DIRECTION('ref_axis',(9.28249142961848E-14,-0.918558653543693,-0.395284707521046));
#6850=DIRECTION('center_axis',(0.707106781186296,-0.707106781186799,5.40949390598238E-13));
#6851=DIRECTION('ref_axis',(7.65017964741761E-13,0.,-1.));
#6852=DIRECTION('',(-0.707106781186799,-0.707106781186296,-5.33831435952495E-13));
#6853=DIRECTION('',(7.65017964741586E-13,-1.75165873476406E-25,-1.));
#6854=DIRECTION('center_axis',(-1.,2.66453525910067E-13,-7.5495165674519E-13));
#6855=DIRECTION('ref_axis',(-6.88018636162225E-13,-0.727272721854126,0.686348590766304));
#6856=DIRECTION('center_axis',(1.,-2.28969621040958E-13,7.65017964741586E-13));
#6857=DIRECTION('ref_axis',(-6.84704818096097E-13,-0.727272721854126,0.686348590766304));
#6858=DIRECTION('center_axis',(-1.,2.66453525910043E-13,-7.54951656745123E-13));
#6859=DIRECTION('ref_axis',(3.77809402879846E-13,-0.70710678118656,-0.707106781186535));
#6860=DIRECTION('center_axis',(1.,-2.28969621040958E-13,7.65017964741586E-13));
#6861=DIRECTION('ref_axis',(3.76822190084107E-13,-0.70710678118656,-0.707106781186535));
#6862=DIRECTION('',(0.707106781186029,-1.8841109504207E-13,0.707106781187066));
#6863=DIRECTION('center_axis',(0.707106781187066,-1.61905971723894E-13,
-0.707106781186029));
#6864=DIRECTION('ref_axis',(-0.707106781186029,0.,-0.707106781187066));
#6865=DIRECTION('',(0.707106781186029,-1.88411095042053E-13,0.707106781187066));
#6866=DIRECTION('',(2.28969621040958E-13,1.,0.));
#6867=DIRECTION('center_axis',(-1.,2.6645352591002E-13,-7.54951656745055E-13));
#6868=DIRECTION('ref_axis',(7.0315872852667E-13,0.707106781186535,-0.70710678118656));
#6869=DIRECTION('center_axis',(1.,-2.28969621040958E-13,7.65017964741586E-13));
#6870=DIRECTION('ref_axis',(7.03401421490334E-13,0.707106781186535,-0.70710678118656));
#6871=DIRECTION('',(0.70710678118639,-0.707106781186705,5.33831435952471E-13));
#6872=DIRECTION('center_axis',(0.707106781186736,0.707106781186359,5.40949390598327E-13));
#6873=DIRECTION('ref_axis',(7.65017964741411E-13,0.,-1.));
#6874=DIRECTION('center_axis',(-1.,2.66453525910043E-13,-7.54951656745123E-13));
#6875=DIRECTION('ref_axis',(-7.03196649302234E-13,-0.707106781186554,0.707106781186541));
#6876=DIRECTION('center_axis',(1.,-2.28969621040958E-13,7.65017964741586E-13));
#6877=DIRECTION('ref_axis',(-7.03401421490328E-13,-0.707106781186554,0.707106781186541));
#6878=DIRECTION('',(0.707106781186736,0.707106781186359,5.33831435952495E-13));
#6879=DIRECTION('center_axis',(0.707106781186359,-0.707106781186736,5.40949390598286E-13));
#6880=DIRECTION('ref_axis',(7.65017964741761E-13,0.,-1.));
#6881=DIRECTION('',(7.65017964741586E-13,-1.75165873476406E-25,-1.));
#6882=DIRECTION('center_axis',(-1.,2.66453525910043E-13,-7.54951656745123E-13));
#6883=DIRECTION('ref_axis',(-3.93356075467349E-13,0.70710678118656,0.707106781186535));
#6884=DIRECTION('center_axis',(1.,-2.28969621040958E-13,7.65017964741586E-13));
#6885=DIRECTION('ref_axis',(-4.01943669423048E-13,0.70710678118656,0.707106781186535));
#6886=DIRECTION('center_axis',(-1.,2.28705943072782E-13,-7.64943663966732E-13));
#6887=DIRECTION('ref_axis',(3.76822190084107E-13,-0.70710678118656,-0.707106781186535));
#6888=DIRECTION('center_axis',(0.57442574909684,-1.31374582672482E-13,0.818556692462125));
#6889=DIRECTION('ref_axis',(0.818556692462125,-1.87336328447008E-13,-0.57442574909684));
#6890=DIRECTION('',(1.,-2.28705943072782E-13,7.64943663966732E-13));
#6891=DIRECTION('center_axis',(-2.28705943072782E-13,-1.,2.0171838256139E-28));
#6892=DIRECTION('ref_axis',(-7.65017964741586E-13,1.75165873476406E-25,
1.));
#6893=DIRECTION('',(-1.,2.27373675443232E-13,-7.67386154620908E-13));
#6894=DIRECTION('',(-7.63833440942108E-13,1.74894965843754E-25,1.));
#6895=DIRECTION('',(1.,-2.28705943072782E-13,7.64943663966732E-13));
#6896=DIRECTION('',(-7.65017964741586E-13,1.75165873476406E-25,1.));
#6897=DIRECTION('center_axis',(-1.,2.27373675443232E-13,-7.67386154620908E-13));
#6898=DIRECTION('ref_axis',(-5.10537028629016E-13,-0.918558653543691,0.395284707521049));
#6899=DIRECTION('',(-1.,2.27373675443232E-13,-7.67386154620908E-13));
#6900=DIRECTION('center_axis',(1.,-2.27373675443232E-13,7.67386154620908E-13));
#6901=DIRECTION('ref_axis',(7.93439388265444E-13,0.166666666666669,-0.986013297183269));
#6902=DIRECTION('',(-1.,2.27373675443232E-13,-7.67386154620908E-13));
#6903=DIRECTION('center_axis',(2.27373675443232E-13,1.,-1.22092705301082E-27));
#6904=DIRECTION('ref_axis',(7.65017964741586E-13,-1.75165873476406E-25,
-1.));
#6905=DIRECTION('',(1.,-2.27373675443232E-13,7.67386154620908E-13));
#6906=DIRECTION('',(-7.63833440942108E-13,1.74896543946469E-25,1.));
#6907=DIRECTION('center_axis',(-1.,2.27373675443232E-13,-7.67386154620908E-13));
#6908=DIRECTION('ref_axis',(-7.22385114689436E-13,0.166666666666669,0.986013297183269));
#6909=DIRECTION('',(1.,-2.27373675443232E-13,7.67386154620908E-13));
#6910=DIRECTION('center_axis',(1.,-2.27373675443232E-13,7.67386154620908E-13));
#6911=DIRECTION('ref_axis',(9.28249142961848E-14,-0.918558653543693,-0.395284707521046));
#6912=DIRECTION('',(-1.,2.28705943072782E-13,-7.67386154620908E-13));
#6913=DIRECTION('center_axis',(-2.28705943072782E-13,-1.,2.0171838256139E-28));
#6914=DIRECTION('ref_axis',(-7.65017964741586E-13,1.75165873476406E-25,
1.));
#6915=DIRECTION('',(1.,-2.28705943072782E-13,7.64943663966732E-13));
#6916=DIRECTION('',(-7.65017964741586E-13,1.75165873476406E-25,1.));
#6917=DIRECTION('',(1.,-2.28705943072782E-13,7.64943663966732E-13));
#6918=DIRECTION('',(-7.63833440942108E-13,1.74894965843754E-25,1.));
#6919=DIRECTION('center_axis',(1.,-2.28705943072782E-13,7.64943663966732E-13));
#6920=DIRECTION('ref_axis',(-6.84704818096097E-13,-0.727272721854126,0.686348590766304));
#6921=DIRECTION('',(1.,-2.28705943072782E-13,7.64943663966732E-13));
#6922=DIRECTION('center_axis',(-1.,2.28705943072782E-13,-7.64943663966732E-13));
#6923=DIRECTION('ref_axis',(-6.84704818096097E-13,-0.727272721854126,0.686348590766304));
#6924=DIRECTION('center_axis',(-2.28705943072782E-13,-1.,2.0171838256139E-28));
#6925=DIRECTION('ref_axis',(-7.65017964741586E-13,1.75165873476406E-25,
1.));
#6926=DIRECTION('',(1.,-2.28705943072782E-13,7.64943663966732E-13));
#6927=DIRECTION('',(-7.65017964741586E-13,1.75165873476406E-25,1.));
#6928=DIRECTION('center_axis',(-1.,2.28705943072782E-13,-7.64943663966732E-13));
#6929=DIRECTION('ref_axis',(-7.03401421490328E-13,-0.707106781186554,0.707106781186541));
#6930=DIRECTION('center_axis',(-1.,2.28705943072782E-13,-7.64943663966732E-13));
#6931=DIRECTION('ref_axis',(-7.03401421490328E-13,-0.707106781186554,0.707106781186541));
#6932=DIRECTION('center_axis',(-0.282342382443535,0.224144746484327,0.932760372067545));
#6933=DIRECTION('ref_axis',(-0.621765910315442,-0.783203136337955,-4.66293670342563E-13));
#6934=DIRECTION('center_axis',(0.28947953562364,-0.695092221271093,-0.658064132424447));
#6935=DIRECTION('ref_axis',(-7.105427357601E-13,-0.687499992549423,0.72618438446757));
#6936=DIRECTION('center_axis',(7.59884441631948E-13,-1.88975629506543E-25,
-1.));
#6937=DIRECTION('ref_axis',(-2.48689957516032E-13,-1.,0.));
#6938=DIRECTION('center_axis',(-7.56323563786058E-13,1.74655069593022E-25,
1.));
#6939=DIRECTION('ref_axis',(-0.569553236445981,-0.821954445729147,-4.30766533554564E-13));
#6940=DIRECTION('center_axis',(-7.63833440942108E-13,1.74894965843754E-25,
1.));
#6941=DIRECTION('ref_axis',(-0.298366849927231,-0.954451267935928,-2.3264111263135E-13));
#6942=DIRECTION('',(7.63833440942108E-13,-1.74894965843754E-25,-1.));
#6943=DIRECTION('center_axis',(-7.59884441631953E-13,1.61979111005612E-25,
1.));
#6944=DIRECTION('ref_axis',(-0.946755165051279,-0.321954433808147,-7.19424519957107E-13));
#6945=DIRECTION('center_axis',(-0.289479535622628,0.695092221271077,-0.658064132424909));
#6946=DIRECTION('ref_axis',(3.90798504668047E-13,-0.687499992549444,-0.72618438446755));
#6947=DIRECTION('center_axis',(-0.282342382442148,0.224144746484353,-0.932760372067959));
#6948=DIRECTION('ref_axis',(-3.55271367880043E-14,-0.972320493292001,-0.233651146636178));
#6949=DIRECTION('center_axis',(-7.63833440942108E-13,1.74894965843754E-25,
1.));
#6950=DIRECTION('ref_axis',(-0.582256629928794,-0.813005053430767,-4.369854361677E-13));
#6951=DIRECTION('',(-7.63833440942108E-13,1.74894965843754E-25,1.));
#6952=DIRECTION('',(7.63833440942108E-13,-1.74896543946469E-25,-1.));
#6953=DIRECTION('center_axis',(7.64120713928167E-13,-1.49308616194508E-25,
-1.));
#6954=DIRECTION('ref_axis',(-1.95399252334028E-13,-1.,0.));
#6955=DIRECTION('center_axis',(7.63833440942108E-13,-1.74894965843754E-25,
-1.));
#6956=DIRECTION('ref_axis',(-0.298366849927231,-0.954451267935928,-2.3264111263135E-13));
#6957=DIRECTION('',(7.63833440942108E-13,-1.74894965843754E-25,-1.));
#6958=DIRECTION('center_axis',(7.63833440942108E-13,-1.74894965843754E-25,
-1.));
#6959=DIRECTION('ref_axis',(0.879049072991644,0.476731294622591,6.73590320107704E-13));
#6960=DIRECTION('',(-7.63833440942108E-13,1.74894965843754E-25,1.));
#6961=DIRECTION('center_axis',(2.28705943072782E-13,1.,-2.0171838256139E-28));
#6962=DIRECTION('ref_axis',(7.65017964741586E-13,-1.75165873476406E-25,
-1.));
#6963=DIRECTION('',(7.65017964741586E-13,-1.75165873476406E-25,-1.));
#6964=DIRECTION('',(1.,-2.28705943072782E-13,7.64943663966732E-13));
#6965=DIRECTION('',(-1.,2.28705943072782E-13,-7.67386154620908E-13));
#6966=DIRECTION('center_axis',(1.,-2.27373675443232E-13,7.67386154620908E-13));
#6967=DIRECTION('ref_axis',(-9.28249145011033E-14,0.918558651515902,0.395284712233205));
#6968=DIRECTION('',(1.,-2.27373675443232E-13,7.67386154620908E-13));
#6969=DIRECTION('center_axis',(-1.,2.27373675443232E-13,-7.67386154620908E-13));
#6970=DIRECTION('ref_axis',(7.22385114689437E-13,-0.166666646798474,-0.986013300541607));
#6971=DIRECTION('',(1.,-2.27373675443232E-13,7.67386154620908E-13));
#6972=DIRECTION('center_axis',(-0.282342380214323,-0.224144744041599,-0.932760373329311));
#6973=DIRECTION('ref_axis',(-0.621765909168395,0.783203137248568,-4.61852778244062E-13));
#6974=DIRECTION('center_axis',(0.289479541490654,0.695092213230632,0.658064138336456));
#6975=DIRECTION('ref_axis',(7.10542735760106E-13,0.687500000000002,-0.726184377413889));
#6976=DIRECTION('center_axis',(-7.62904792728506E-13,-8.88178419682511E-15,
1.));
#6977=DIRECTION('ref_axis',(2.30926389122033E-13,1.,8.88178419700128E-15));
#6978=DIRECTION('center_axis',(7.51302909481519E-13,-8.88178419717478E-15,
-1.));
#6979=DIRECTION('ref_axis',(-0.569553236445592,0.821954445729416,-4.35207425653066E-13));
#6980=DIRECTION('center_axis',(7.63833440942108E-13,-1.74894965843754E-25,
-1.));
#6981=DIRECTION('ref_axis',(-0.298366849926765,0.954451267936074,-2.32641112631349E-13));
#6982=DIRECTION('center_axis',(7.64575089607167E-13,-1.62978982759051E-25,
-1.));
#6983=DIRECTION('ref_axis',(-0.946755160997291,0.321954445729507,-7.23865412055604E-13));
#6984=DIRECTION('center_axis',(-0.289479541491661,-0.695092213230628,0.658064138336017));
#6985=DIRECTION('ref_axis',(-3.90798504668059E-13,0.687500000000004,0.726184377413887));
#6986=DIRECTION('center_axis',(-0.282342380215735,-0.224144744041597,0.932760373328885));
#6987=DIRECTION('ref_axis',(3.55271367880052E-14,0.972320493942244,0.233651143930242));
#6988=DIRECTION('center_axis',(7.63833440942108E-13,-1.74894965843754E-25,
-1.));
#6989=DIRECTION('ref_axis',(-0.582256624810004,0.813005057096733,-4.36985434197415E-13));
#6990=DIRECTION('',(7.63833440942108E-13,-1.74894965843754E-25,-1.));
#6991=DIRECTION('center_axis',(-7.49914661562776E-13,4.4408920986605E-15,
1.));
#6992=DIRECTION('ref_axis',(2.13162820728031E-13,1.,-4.44089209850064E-15));
#6993=DIRECTION('center_axis',(-7.63833440942108E-13,1.74894965843754E-25,
1.));
#6994=DIRECTION('ref_axis',(-0.298366849926765,0.954451267936074,-2.32641112631349E-13));
#6995=DIRECTION('center_axis',(-7.63833440942108E-13,1.74894965843754E-25,
1.));
#6996=DIRECTION('ref_axis',(0.879049072991428,-0.476731294622989,6.73590320107714E-13));
#6997=DIRECTION('',(7.63833440942108E-13,-1.74894965843754E-25,-1.));
#6998=DIRECTION('center_axis',(-1.,2.28705943072782E-13,-7.64943663966732E-13));
#6999=DIRECTION('ref_axis',(8.47167938926037E-14,-0.922599845228975,-0.38575837720453));
#7000=DIRECTION('',(-1.,2.28705943072782E-13,-7.64943663966732E-13));
#7001=DIRECTION('center_axis',(1.,-2.28705943072782E-13,7.64943663966732E-13));
#7002=DIRECTION('ref_axis',(8.47167938926037E-14,-0.922599845228975,-0.38575837720453));
#7003=DIRECTION('',(1.,-2.28705943072782E-13,7.64943663966732E-13));
#7004=DIRECTION('center_axis',(-7.63833440942108E-13,1.74894965843754E-25,
1.));
#7005=DIRECTION('ref_axis',(-0.707106781186698,-0.707106781186397,-5.42623953721105E-13));
#7006=DIRECTION('',(7.63833440942108E-13,-1.74894965843754E-25,-1.));
#7007=DIRECTION('center_axis',(-1.,2.28705943072782E-13,-7.64943663966732E-13));
#7008=DIRECTION('ref_axis',(-8.47167938926037E-14,0.922599845228974,0.385758377204531));
#7009=DIRECTION('',(-1.,2.28705943072782E-13,-7.64943663966732E-13));
#7010=DIRECTION('center_axis',(1.,-2.28705943072782E-13,7.64943663966732E-13));
#7011=DIRECTION('ref_axis',(-8.47167938926037E-14,0.922599845228974,0.385758377204531));
#7012=DIRECTION('center_axis',(7.63833440942108E-13,-1.74894965843754E-25,
-1.));
#7013=DIRECTION('ref_axis',(-0.707106781186387,0.707106781186708,-5.42623953721113E-13));
#7014=DIRECTION('',(-7.63833440942108E-13,1.74894965843754E-25,1.));
#7015=DIRECTION('center_axis',(-1.,2.27373675443232E-13,-7.67386154620908E-13));
#7016=DIRECTION('ref_axis',(5.10537029756068E-13,0.918558651515902,-0.395284712233205));
#7017=DIRECTION('',(-1.,2.27373675443232E-13,-7.67386154620908E-13));
#7018=DIRECTION('',(-1.,2.27373675443232E-13,-7.67386154620908E-13));
#7019=DIRECTION('center_axis',(1.,-2.27373675443232E-13,7.67386154620908E-13));
#7020=DIRECTION('ref_axis',(-7.93439388265445E-13,-0.166666646798473,0.986013300541607));
#7021=DIRECTION('',(-1.,2.27373675443232E-13,-7.67386154620908E-13));
#7022=DIRECTION('center_axis',(-2.27373675443232E-13,-1.,1.22092705301082E-27));
#7023=DIRECTION('ref_axis',(-7.65017964741586E-13,1.75165873476406E-25,
1.));
#7024=DIRECTION('center_axis',(-1.,2.28705943072782E-13,-7.64943663966732E-13));
#7025=DIRECTION('ref_axis',(-2.28705943072782E-13,-1.,-3.66374102035132E-41));
#7026=DIRECTION('center_axis',(1.,-2.28705943072782E-13,7.64943663966732E-13));
#7027=DIRECTION('ref_axis',(-4.01943669423041E-13,0.707106781186548,0.707106781186548));
#7028=DIRECTION('',(-2.28705943072782E-13,-1.,2.81736037580573E-30));
#7029=DIRECTION('',(-7.65017964741586E-13,1.75165873476406E-25,1.));
#7030=DIRECTION('center_axis',(-1.,2.28705943072782E-13,-7.64943663966732E-13));
#7031=DIRECTION('ref_axis',(-7.03401421490328E-13,-0.707106781186554,0.707106781186541));
#7032=DIRECTION('center_axis',(-1.,2.28705943072782E-13,-7.64943663966732E-13));
#7033=DIRECTION('ref_axis',(-4.01943669423048E-13,0.70710678118656,0.707106781186535));
#7034=DIRECTION('',(7.65017964741586E-13,-1.75165873476406E-25,-1.));
#7035=DIRECTION('center_axis',(-1.,2.28705943072782E-13,-7.64943663966732E-13));
#7036=DIRECTION('ref_axis',(-3.61730847296051E-13,0.727272721854132,0.686348590766297));
#7037=DIRECTION('',(7.65017964741586E-13,-1.75165873476406E-25,-1.));
#7038=DIRECTION('center_axis',(-1.,2.28705943072782E-13,-7.64943663966732E-13));
#7039=DIRECTION('ref_axis',(-6.79195262123625E-13,0.264705873587549,0.964329197156372));
#7040=DIRECTION('',(7.65017964741586E-13,-1.75165873476406E-25,-1.));
#7041=DIRECTION('center_axis',(-1.,2.28705943072782E-13,-7.64943663966732E-13));
#7042=DIRECTION('ref_axis',(8.04585156669524E-13,0.264705873587549,-0.964329197156372));
#7043=DIRECTION('center_axis',(1.,-2.28705943072782E-13,7.64943663966732E-13));
#7044=DIRECTION('ref_axis',(-5.08300763355622E-13,-0.922599845228974,0.385758377204531));
#7045=DIRECTION('center_axis',(-1.,1.93178806284778E-13,-7.64943663966732E-13));
#7046=DIRECTION('ref_axis',(7.03401421490334E-13,0.70710678118656,-0.707106781186535));
#7047=DIRECTION('',(-2.28705943072782E-13,-1.,1.14794370197489E-40));
#7048=DIRECTION('center_axis',(-1.,2.28705943072782E-13,-7.64943663966732E-13));
#7049=DIRECTION('ref_axis',(4.01943669423048E-13,-0.70710678118656,-0.707106781186535));
#7050=DIRECTION('center_axis',(-1.,2.28705943072782E-13,-7.64943663966732E-13));
#7051=DIRECTION('ref_axis',(6.79195262123625E-13,-0.264705873587549,-0.964329197156372));
#7052=DIRECTION('',(-7.65017964741586E-13,1.75165873476406E-25,1.));
#7053=DIRECTION('center_axis',(-1.,2.28705943072782E-13,-7.64943663966732E-13));
#7054=DIRECTION('ref_axis',(-8.04585156669524E-13,-0.264705873587549,0.964329197156372));
#7055=DIRECTION('center_axis',(1.,-2.28705943072782E-13,7.64943663966732E-13));
#7056=DIRECTION('ref_axis',(5.08300763355623E-13,0.922599845228975,-0.38575837720453));
#7057=DIRECTION('center_axis',(-1.,2.28705943072782E-13,-7.64943663966732E-13));
#7058=DIRECTION('ref_axis',(-4.01943669423048E-13,0.70710678118656,0.707106781186535));
#7059=DIRECTION('',(7.65017964741586E-13,-1.75165873476406E-25,-1.));
#7060=DIRECTION('',(-2.28705943072782E-13,-1.,2.81736037580573E-30));
#7061=DIRECTION('center_axis',(1.,-2.28705943072782E-13,7.64943663966732E-13));
#7062=DIRECTION('ref_axis',(-6.53158462812447E-13,-0.707106781186554,0.707106781186541));
#7063=DIRECTION('center_axis',(1.,-2.28705943072782E-13,7.64943663966732E-13));
#7064=DIRECTION('ref_axis',(-8.10018718766513E-13,0.4000002145766,0.916515045342232));
#7065=DIRECTION('',(7.64943663966732E-13,-1.74947162065061E-25,-1.));
#7066=DIRECTION('',(2.28705943072782E-13,1.,-2.3373116307898E-16));
#7067=DIRECTION('',(-7.64943663966732E-13,1.74947162065061E-25,1.));
#7068=DIRECTION('center_axis',(-1.,2.27373675443232E-13,-9.84101689027739E-13));
#7069=DIRECTION('ref_axis',(-8.10018718766513E-13,0.4000002145766,0.916515045342232));
#7070=DIRECTION('center_axis',(0.957826285221371,-2.19127726016955E-13,
-0.287347885565612));
#7071=DIRECTION('ref_axis',(0.287347885565612,-6.00289749027931E-14,0.957826285221371));
#7072=DIRECTION('',(-1.,2.27373675443232E-13,-7.6383344094211E-13));
#7073=DIRECTION('center_axis',(-7.75137547245784E-13,1.7727856375397E-25,
1.));
#7074=DIRECTION('ref_axis',(-1.,2.28705943072782E-13,-7.75137547245784E-13));
#7075=DIRECTION('',(-1.,2.28705943072782E-13,-7.75137547245784E-13));
#7076=DIRECTION('',(-2.28705943072782E-13,-1.,0.));
#7077=DIRECTION('',(-2.28705943072782E-13,-1.,0.));
#7078=DIRECTION('',(-2.28705943072782E-13,-1.,0.));
#7079=DIRECTION('',(1.,-2.28705943072782E-13,7.75137547245784E-13));
#7080=DIRECTION('center_axis',(-2.27373675443232E-13,-1.,1.01910968193223E-27));
#7081=DIRECTION('ref_axis',(7.64943663966732E-13,-1.74947162065061E-25,
-1.));
#7082=DIRECTION('',(-1.,2.27373675443232E-13,-7.64943663966732E-13));
#7083=DIRECTION('',(-0.287347885565612,6.53353448718936E-14,-0.957826285221371));
#7084=DIRECTION('center_axis',(-7.64943663966732E-13,1.75148860856145E-25,
1.));
#7085=DIRECTION('ref_axis',(2.28969621040958E-13,1.,0.));
#7086=DIRECTION('',(1.,-2.27373675443232E-13,7.64943663966732E-13));
#7087=DIRECTION('',(-2.28776062421706E-13,-1.,1.48061439403365E-28));
#7088=DIRECTION('',(-1.,2.28705943072782E-13,-7.64943663966732E-13));
#7089=DIRECTION('',(-1.,2.28705943072782E-13,-7.64943663966732E-13));
#7090=DIRECTION('',(-2.28776062421706E-13,-1.,1.48061439403365E-28));
#7091=DIRECTION('center_axis',(2.28705943072782E-13,1.,-2.0171838256139E-28));
#7092=DIRECTION('ref_axis',(7.65017964741586E-13,-1.75165873476406E-25,
-1.));
#7093=DIRECTION('',(-1.,2.28705943072782E-13,-7.64943663966732E-13));
#7094=DIRECTION('center_axis',(2.27373675443232E-13,1.,-1.01910968193223E-27));
#7095=DIRECTION('ref_axis',(-7.64943663966732E-13,1.74947162065061E-25,
1.));
#7096=DIRECTION('',(0.287347885565612,-6.53353448718935E-14,0.957826285221371));
#7097=DIRECTION('center_axis',(0.57442574909684,-1.31374582672482E-13,0.818556692462125));
#7098=DIRECTION('ref_axis',(-0.818556692462125,1.87208780308088E-13,0.57442574909684));
#7099=DIRECTION('center_axis',(0.57442574909684,-1.31374582672482E-13,0.818556692462125));
#7100=DIRECTION('ref_axis',(0.818556692462125,-1.87216752067151E-13,-0.57442574909684));
#7101=DIRECTION('center_axis',(0.57442574909684,-1.31374582672482E-13,0.818556692462125));
#7102=DIRECTION('ref_axis',(0.818556692462125,-1.87296469653722E-13,-0.57442574909684));
#7103=DIRECTION('',(2.28705943072782E-13,1.,-2.01698791083671E-28));
#7104=DIRECTION('center_axis',(0.57442574909684,-1.31374582672482E-13,0.818556692462125));
#7105=DIRECTION('ref_axis',(0.818556692462125,-1.87256610860438E-13,-0.57442574909684));
#7106=DIRECTION('center_axis',(-0.957826285221371,2.19127726016955E-13,
0.287347885565612));
#7107=DIRECTION('ref_axis',(0.287347885565612,0.,0.957826285221371));
#7108=DIRECTION('',(0.287347885565612,-6.5718169158253E-14,0.957826285221371));
#7109=DIRECTION('',(2.28705943072782E-13,1.,-2.3373116307898E-16));
#7110=DIRECTION('center_axis',(7.63833440942108E-13,0.,-1.));
#7111=DIRECTION('ref_axis',(-1.,0.,-7.63833440942108E-13));
#7112=DIRECTION('center_axis',(7.64943663966732E-13,-1.75148860856145E-25,
-1.));
#7113=DIRECTION('ref_axis',(-1.,0.,-7.64943663966732E-13));
#7114=DIRECTION('center_axis',(-7.64943663966732E-13,1.75148860856145E-25,
1.));
#7115=DIRECTION('ref_axis',(-1.,0.,-7.64943663966732E-13));
#7116=DIRECTION('center_axis',(-7.64943663966732E-13,1.75148860856145E-25,
1.));
#7117=DIRECTION('ref_axis',(-1.,0.,-7.64943663966732E-13));
#7118=DIRECTION('center_axis',(-7.64943663966732E-13,1.75148860856145E-25,
1.));
#7119=DIRECTION('ref_axis',(-1.,0.,-7.64943663966732E-13));
#7120=DIRECTION('center_axis',(7.64943663966732E-13,-1.75148860856145E-25,
-1.));
#7121=DIRECTION('ref_axis',(-1.,0.,-7.64943663966732E-13));
#7122=DIRECTION('center_axis',(7.63833440942108E-13,0.,-1.));
#7123=DIRECTION('ref_axis',(-1.,0.,-7.63833440942108E-13));
#7124=DIRECTION('center_axis',(-7.64943663966732E-13,1.75148860856145E-25,
1.));
#7125=DIRECTION('ref_axis',(-1.,0.,-7.64943663966732E-13));
#7126=DIRECTION('center_axis',(-7.63833440942106E-13,1.74696064821568E-25,
1.));
#7127=DIRECTION('ref_axis',(-2.26168290445067E-13,-1.,1.94116129891884E-27));
#7128=DIRECTION('',(1.,-2.25005199657365E-13,7.63833440942106E-13));
#7129=DIRECTION('',(-1.,2.28705943072782E-13,-7.63833440942106E-13));
#7130=DIRECTION('',(-2.26168290445067E-13,-1.,1.94116129891884E-27));
#7131=DIRECTION('',(1.,-2.25005199657365E-13,7.63833440942106E-13));
#7132=DIRECTION('center_axis',(-7.63833440942106E-13,1.74696064821568E-25,
1.));
#7133=DIRECTION('ref_axis',(-1.,0.,-7.69754630406776E-13));
#7134=DIRECTION('center_axis',(1.,-2.25005199657365E-13,7.63833440942106E-13));
#7135=DIRECTION('ref_axis',(-6.53158462812447E-13,-0.707106781186554,0.707106781186541));
#7136=DIRECTION('center_axis',(1.,-2.25005199657365E-13,7.63833440942106E-13));
#7137=DIRECTION('ref_axis',(-6.53158462812447E-13,-0.707106781186554,0.707106781186541));
#7138=DIRECTION('center_axis',(-1.,2.25005199657365E-13,-7.65313738308275E-13));
#7139=DIRECTION('ref_axis',(-6.53158462812447E-13,-0.707106781186554,0.707106781186541));
#7140=DIRECTION('center_axis',(-7.63833440942106E-13,1.74696064821568E-25,
1.));
#7141=DIRECTION('ref_axis',(-2.26168290445067E-13,-1.,1.94116129891884E-27));
#7142=DIRECTION('',(1.,-2.28705943072782E-13,7.63833440942106E-13));
#7143=DIRECTION('',(-1.,2.25005199657365E-13,-7.63833440942106E-13));
#7144=DIRECTION('',(-1.,2.25005199657365E-13,-7.63833440942106E-13));
#7145=DIRECTION('',(-2.26168290445067E-13,-1.,1.94116129891884E-27));
#7146=DIRECTION('center_axis',(-7.63833440942106E-13,1.74696064821568E-25,
1.));
#7147=DIRECTION('ref_axis',(-1.,0.,-7.69754630406776E-13));
#7148=DIRECTION('center_axis',(1.,-2.25005199657365E-13,7.63833440942106E-13));
#7149=DIRECTION('ref_axis',(-4.01943669423041E-13,0.707106781186548,0.707106781186548));
#7150=DIRECTION('center_axis',(7.69754630406776E-13,0.,-1.));
#7151=DIRECTION('ref_axis',(-1.,0.,-7.69754630406776E-13));
#7152=DIRECTION('',(7.69754630406776E-13,0.,-1.));
#7153=DIRECTION('center_axis',(7.69754630406776E-13,0.,-1.));
#7154=DIRECTION('ref_axis',(-1.,0.,-7.69754630406776E-13));
#7155=DIRECTION('',(7.69754630406776E-13,0.,-1.));
#7156=DIRECTION('center_axis',(-1.,2.28705943072782E-13,-7.64943663966732E-13));
#7157=DIRECTION('ref_axis',(-7.03401421490328E-13,-0.707106781186554,0.707106781186541));
#7158=DIRECTION('',(1.,-2.28705943072782E-13,7.64943663966732E-13));
#7159=DIRECTION('center_axis',(-1.,2.28705943072782E-13,-7.64943663966732E-13));
#7160=DIRECTION('ref_axis',(-4.01943669423048E-13,0.70710678118656,0.707106781186535));
#7161=DIRECTION('',(-1.,2.28705943072782E-13,-7.64943663966732E-13));
#7162=DIRECTION('center_axis',(2.28705943072782E-13,1.,-2.0171838256139E-28));
#7163=DIRECTION('ref_axis',(7.65017964741586E-13,-1.75165873476406E-25,
-1.));
#7164=DIRECTION('',(-0.287347885565612,6.5718169158253E-14,-0.957826285221371));
#7165=DIRECTION('',(-7.65313738308275E-13,1.75233518648912E-25,1.));
#7166=DIRECTION('center_axis',(1.,-2.25005199657365E-13,7.63833440942106E-13));
#7167=DIRECTION('ref_axis',(-4.01943669423041E-13,0.707106781186548,0.707106781186548));
#7168=DIRECTION('center_axis',(-1.,2.25005199657365E-13,-7.65313738308275E-13));
#7169=DIRECTION('ref_axis',(-4.01943669423041E-13,0.707106781186548,0.707106781186548));
#7170=DIRECTION('center_axis',(-2.28705943072782E-13,-1.,2.0171838256139E-28));
#7171=DIRECTION('ref_axis',(-7.65017964741586E-13,1.75165873476406E-25,
1.));
#7172=DIRECTION('',(7.65313738308275E-13,-1.75233518648912E-25,-1.));
#7173=DIRECTION('center_axis',(-0.957826285221371,2.19127726016955E-13,
0.287347885565612));
#7174=DIRECTION('ref_axis',(0.287347885565612,0.,0.957826285221371));
#7175=DIRECTION('',(2.28705943072782E-13,1.,-2.3373116307898E-16));
#7176=DIRECTION('center_axis',(1.,-2.25005199657365E-13,7.65313738308275E-13));
#7177=DIRECTION('ref_axis',(7.65313738308275E-13,0.,-1.));
#7178=DIRECTION('center_axis',(1.,-2.25005199657365E-13,7.65313738308275E-13));
#7179=DIRECTION('ref_axis',(7.65313738308275E-13,0.,-1.));
#7180=DIRECTION('center_axis',(1.,-2.28705943072782E-13,7.75137547245784E-13));
#7181=DIRECTION('ref_axis',(4.01943669423048E-13,-0.70710678118656,-0.707106781186535));
#7182=DIRECTION('center_axis',(-1.,2.28705943072782E-13,-7.75137547245784E-13));
#7183=DIRECTION('ref_axis',(7.03401421490334E-13,0.70710678118656,-0.707106781186535));
#7184=DIRECTION('center_axis',(1.,5.43774175995153E-11,5.46559949829078E-11));
#7185=DIRECTION('ref_axis',(7.105427357601E-13,0.70238094883305,-0.711801238209365));
#7186=DIRECTION('center_axis',(0.959694829853068,-2.92280418512743E-13,
0.281044184343479));
#7187=DIRECTION('ref_axis',(0.183136510103666,0.758537928321945,-0.625364877462831));
#7188=DIRECTION('center_axis',(1.,4.85154400299241E-11,-4.72568104194074E-11));
#7189=DIRECTION('ref_axis',(-4.85154400313845E-11,1.,-3.0903384426625E-11));
#7190=DIRECTION('center_axis',(0.959694829853499,-2.90812080986305E-13,
-0.281044184342007));
#7191=DIRECTION('ref_axis',(3.03025578485922E-13,1.,0.));
#7192=DIRECTION('center_axis',(7.63833440942108E-13,-1.74894965843754E-25,
-1.));
#7193=DIRECTION('ref_axis',(0.438529012267562,0.898717032997393,3.36013062633123E-13));
#7194=DIRECTION('',(-7.63833440942108E-13,1.74894965843754E-25,1.));
#7195=DIRECTION('center_axis',(1.,-2.28705943072782E-13,7.64943663966732E-13));
#7196=DIRECTION('ref_axis',(8.04585156669524E-13,0.264705873587549,-0.964329197156372));
#7197=DIRECTION('',(-1.,2.30926389122033E-13,-7.6383344094211E-13));
#7198=DIRECTION('',(1.,-2.28705943072782E-13,7.64943663966732E-13));
#7199=DIRECTION('center_axis',(-1.,2.28705943072782E-13,-7.64943663966732E-13));
#7200=DIRECTION('ref_axis',(-5.08300763355622E-13,-0.922599845228974,0.385758377204531));
#7201=DIRECTION('center_axis',(1.,-5.44714600205022E-11,-5.27523289116804E-11));
#7202=DIRECTION('ref_axis',(-7.105427357601E-13,-0.70238094883305,0.711801238209365));
#7203=DIRECTION('center_axis',(0.959694829853501,-2.20616061437889E-13,
-0.281044184342001));
#7204=DIRECTION('ref_axis',(0.183136510102307,-0.758537928322015,0.625364877463145));
#7205=DIRECTION('center_axis',(1.,-4.87557706611013E-11,4.86536710538312E-11));
#7206=DIRECTION('ref_axis',(-4.87557706625975E-11,-1.,3.0751871637382E-11));
#7207=DIRECTION('center_axis',(0.959694829853059,-1.70476047474654E-13,
0.281044184343508));
#7208=DIRECTION('ref_axis',(-1.77635683940025E-13,-1.,0.));
#7209=DIRECTION('center_axis',(-7.63833440942108E-13,1.74894965843754E-25,
1.));
#7210=DIRECTION('ref_axis',(0.438529012267149,-0.898717032997594,3.36013062633125E-13));
#7211=DIRECTION('',(7.63833440942108E-13,-1.74894965843754E-25,-1.));
#7212=DIRECTION('center_axis',(1.,-2.28705943072782E-13,7.64943663966732E-13));
#7213=DIRECTION('ref_axis',(-8.04585156669524E-13,-0.264705873587549,0.964329197156372));
#7214=DIRECTION('',(-1.,2.30926389122033E-13,-7.6383344094211E-13));
#7215=DIRECTION('',(1.,-2.28705943072782E-13,7.64943663966732E-13));
#7216=DIRECTION('center_axis',(-1.,2.28705943072782E-13,-7.64943663966732E-13));
#7217=DIRECTION('ref_axis',(5.08300763355623E-13,0.922599845228975,-0.38575837720453));
#7218=DIRECTION('center_axis',(7.64943663966732E-13,-1.75148860856145E-25,
-1.));
#7219=DIRECTION('ref_axis',(-2.28969621040958E-13,-1.,0.));
#7220=DIRECTION('',(-1.,2.28705943072782E-13,-7.64943663966732E-13));
#7221=DIRECTION('center_axis',(1.,-2.28705943072782E-13,7.64943663966732E-13));
#7222=DIRECTION('ref_axis',(7.03401421490334E-13,0.707106781186535,-0.70710678118656));
#7223=DIRECTION('center_axis',(-1.,2.28705943072782E-13,-7.64943663966732E-13));
#7224=DIRECTION('ref_axis',(-4.01943669423048E-13,0.70710678118656,0.707106781186535));
#7225=DIRECTION('',(-1.,2.28705943072782E-13,-7.64943663966732E-13));
#7226=DIRECTION('center_axis',(2.28705943072782E-13,1.,-2.0171838256139E-28));
#7227=DIRECTION('ref_axis',(7.65017964741586E-13,-1.75165873476406E-25,
-1.));
#7228=DIRECTION('',(-1.,2.28705943072782E-13,-7.64943663966732E-13));
#7229=DIRECTION('center_axis',(-1.,2.28705943072782E-13,-7.64943663966732E-13));
#7230=DIRECTION('ref_axis',(-6.79195262123625E-13,0.264705873587549,0.964329197156372));
#7231=DIRECTION('',(-1.,2.28705943072782E-13,-7.64943663966732E-13));
#7232=DIRECTION('center_axis',(-1.,2.28705943072782E-13,-7.64943663966732E-13));
#7233=DIRECTION('ref_axis',(6.79195262123625E-13,-0.264705873587549,-0.964329197156372));
#7234=DIRECTION('',(-1.,2.28705943072782E-13,-7.64943663966732E-13));
#7235=DIRECTION('center_axis',(2.28705943072782E-13,1.,-2.0171838256139E-28));
#7236=DIRECTION('ref_axis',(7.65017964741586E-13,-1.75165873476406E-25,
-1.));
#7237=DIRECTION('center_axis',(-2.28705943072782E-13,-1.,2.0171838256139E-28));
#7238=DIRECTION('ref_axis',(-7.65017964741586E-13,1.75165873476406E-25,
1.));
#7239=DIRECTION('center_axis',(-1.,2.28705943072782E-13,-7.64943663966732E-13));
#7240=DIRECTION('ref_axis',(-3.61730847296051E-13,0.727272721854132,0.686348590766297));
#7241=DIRECTION('',(0.,0.,1.));
#7242=DIRECTION('',(1.,0.,0.));
#7243=DIRECTION('',(0.,0.,1.));
#7244=DIRECTION('',(1.,0.,0.));
#7245=CARTESIAN_POINT('',(0.,0.,0.));
#7246=CARTESIAN_POINT('',(0.,0.,0.));
#7247=CARTESIAN_POINT('Origin',(216.000000476864,180.000003695439,-62.0000009088056));
#7248=CARTESIAN_POINT('',(218.535901056368,180.000003695438,-61.0000009088037));
#7249=CARTESIAN_POINT('',(219.354250791834,179.000003695438,-62.000000908803));
#7250=CARTESIAN_POINT('Ctrl Pts',(218.535901056368,180.000003695438,-61.0000009088037));
#7251=CARTESIAN_POINT('Ctrl Pts',(218.610743663737,179.870372409339,-61.0000009088036));
#7252=CARTESIAN_POINT('Ctrl Pts',(218.698757963821,179.736170909339,-61.0263893106206));
#7253=CARTESIAN_POINT('Ctrl Pts',(218.880290295455,179.491906635338,-61.1285855932129));
#7254=CARTESIAN_POINT('Ctrl Pts',(218.973668464869,179.381639021059,-61.2041520208092));
#7255=CARTESIAN_POINT('Ctrl Pts',(219.130548982476,179.210986436954,-61.3748046049137));
#7256=CARTESIAN_POINT('Ctrl Pts',(219.207264243057,179.135294681357,-61.4805283037915));
#7257=CARTESIAN_POINT('Ctrl Pts',(219.291606334417,179.056183398702,-61.6629601093243));
#7258=CARTESIAN_POINT('Ctrl Pts',(219.314637484756,179.035337972321,-61.7277589915155));
#7259=CARTESIAN_POINT('Ctrl Pts',(219.345968757821,179.007251385786,-61.861737442346));
#7260=CARTESIAN_POINT('Ctrl Pts',(219.354250791834,179.000003695438,-61.9309198714234));
#7261=CARTESIAN_POINT('Ctrl Pts',(219.354250791834,179.000003695438,-62.000000908803));
#7262=CARTESIAN_POINT('',(212.000000476864,179.000002652358,-62.0000009088087));
#7263=CARTESIAN_POINT('',(216.000000476864,179.000003695439,-62.0000009088056));
#7264=CARTESIAN_POINT('',(212.000000476863,180.000003695439,-61.0000009088087));
#7265=CARTESIAN_POINT('Origin',(212.000000476864,180.000003695439,-62.0000009088087));
#7266=CARTESIAN_POINT('',(216.000000476864,180.000003695439,-61.0000009088056));
#7267=CARTESIAN_POINT('Origin',(216.000000476866,179.000003695439,-65.0000009088056));
#7268=CARTESIAN_POINT('',(219.354250791848,179.000003695438,-79.0000018475762));
#7269=CARTESIAN_POINT('',(219.354250791837,179.000003695438,-65.0000018475762));
#7270=CARTESIAN_POINT('',(224.645755824403,179.000003695437,-79.0000018475721));
#7271=CARTESIAN_POINT('',(219.000001892501,179.000003695438,-79.0000018475765));
#7272=CARTESIAN_POINT('',(224.645755824391,179.000003695437,-62.000000908799));
#7273=CARTESIAN_POINT('',(224.645755824393,179.000003695437,-65.0000018475721));
#7274=CARTESIAN_POINT('',(228.000000476864,179.000003695436,-62.0000009087964));
#7275=CARTESIAN_POINT('',(216.000000476864,179.000003695439,-62.0000009088056));
#7276=CARTESIAN_POINT('',(228.000000476885,179.000003695436,-89.0000009534999));
#7277=CARTESIAN_POINT('',(228.000000476911,179.000003695436,-124.099997315546));
#7278=CARTESIAN_POINT('',(220.800000231034,179.000003695437,-113.000001773068));
#7279=CARTESIAN_POINT('',(229.107798648171,179.000003695436,-85.3073403825341));
#7280=CARTESIAN_POINT('',(212.000000476903,179.000002652358,-113.000001317839));
#7281=CARTESIAN_POINT('',(216.000000476909,179.000003695439,-113.000001773073));
#7282=CARTESIAN_POINT('',(212.000000476902,179.000002652358,-111.500001847582));
#7283=CARTESIAN_POINT('Origin',(216.000000476881,254.000003695439,-62.0000009088056));
#7284=CARTESIAN_POINT('',(228.00000047688,254.000003695436,-61.0000009087964));
#7285=CARTESIAN_POINT('',(228.000000476881,255.000003695436,-62.0000009087964));
#7286=CARTESIAN_POINT('Origin',(228.000000476881,254.000003695436,-62.0000009087964));
#7287=CARTESIAN_POINT('',(225.464105628741,254.000003695436,-61.0000009087984));
#7288=CARTESIAN_POINT('',(216.00000047688,254.000003695439,-61.0000009088056));
#7289=CARTESIAN_POINT('',(224.645755171183,255.000003695437,-62.000000908799));
#7290=CARTESIAN_POINT('Ctrl Pts',(225.464105628741,254.000003695436,-61.0000009087984));
#7291=CARTESIAN_POINT('Ctrl Pts',(225.384632437007,254.137655261709,-61.0000009087984));
#7292=CARTESIAN_POINT('Ctrl Pts',(225.290938611468,254.279338176176,-61.029661424313));
#7293=CARTESIAN_POINT('Ctrl Pts',(225.098303805812,254.53498975101,-61.1436269335052));
#7294=CARTESIAN_POINT('Ctrl Pts',(224.999517694751,254.649213227666,-61.2276216815022));
#7295=CARTESIAN_POINT('Ctrl Pts',(224.845777809783,254.8127692807,-61.4073578741818));
#7296=CARTESIAN_POINT('Ctrl Pts',(224.776437882317,254.880305122032,-61.5093992278447));
#7297=CARTESIAN_POINT('Ctrl Pts',(224.701007646622,254.950556045567,-61.6832119082604));
#7298=CARTESIAN_POINT('Ctrl Pts',(224.680575749149,254.968987297093,-61.7446247538131));
#7299=CARTESIAN_POINT('Ctrl Pts',(224.652942549795,254.993709552451,-61.8708642425255));
#7300=CARTESIAN_POINT('Ctrl Pts',(224.645755171183,255.000003695437,-61.9356933182448));
#7301=CARTESIAN_POINT('Ctrl Pts',(224.645755171183,255.000003695437,-62.000000908799));
#7302=CARTESIAN_POINT('',(216.000000476881,255.000003695439,-62.0000009088056));
#7303=CARTESIAN_POINT('Origin',(216.000000476928,255.000003695439,-123.099997315555));
#7304=CARTESIAN_POINT('',(224.645755171196,255.000003695437,-79.0000018475721));
#7305=CARTESIAN_POINT('',(224.645755171185,255.000003695437,-65.0000018475721));
#7306=CARTESIAN_POINT('',(219.354251445058,255.000003695438,-79.0000018475762));
#7307=CARTESIAN_POINT('',(219.000001892511,255.000003695438,-79.0000018475765));
#7308=CARTESIAN_POINT('',(219.354251445045,255.000003695438,-62.000000908803));
#7309=CARTESIAN_POINT('',(219.354251445047,255.000003695438,-65.0000018475762));
#7310=CARTESIAN_POINT('',(212.000000476881,255.000003695439,-62.0000009088087));
#7311=CARTESIAN_POINT('',(216.000000476881,255.000003695439,-62.0000009088056));
#7312=CARTESIAN_POINT('',(212.00000047692,255.000003695439,-113.000001773077));
#7313=CARTESIAN_POINT('',(212.000000476917,255.000003695439,-109.04999958157));
#7314=CARTESIAN_POINT('',(220.80000009448,255.000002652356,-113.000002228306));
#7315=CARTESIAN_POINT('',(216.00000047692,255.000002652357,-113.000002228311));
#7316=CARTESIAN_POINT('',(228.000000476902,255.000003695436,-89.0000009534999));
#7317=CARTESIAN_POINT('',(221.112386298656,255.000003695437,-111.958714881049));
#7318=CARTESIAN_POINT('',(228.000000476884,255.000003695436,-65.0000009087964));
#7319=CARTESIAN_POINT('Origin',(216.000000476864,180.000003695439,-62.0000009088056));
#7320=CARTESIAN_POINT('',(228.000000476863,180.000003695436,-61.0000009087964));
#7321=CARTESIAN_POINT('Origin',(228.000000476864,180.000003695436,-62.0000009087964));
#7322=CARTESIAN_POINT('',(225.464105559856,180.000003695436,-61.0000009087984));
#7323=CARTESIAN_POINT('Ctrl Pts',(224.645755824391,179.000003695437,-62.000000908799));
#7324=CARTESIAN_POINT('Ctrl Pts',(224.64575582439,179.000003695437,-61.9309198714193));
#7325=CARTESIAN_POINT('Ctrl Pts',(224.654037858404,179.007251385784,-61.8617374423419));
#7326=CARTESIAN_POINT('Ctrl Pts',(224.685369131469,179.03533797232,-61.7277589915114));
#7327=CARTESIAN_POINT('Ctrl Pts',(224.708400281808,179.056183398701,-61.6629601093202));
#7328=CARTESIAN_POINT('Ctrl Pts',(224.792742373167,179.135294681356,-61.4805283037872));
#7329=CARTESIAN_POINT('Ctrl Pts',(224.869457633748,179.210986436953,-61.3748046049093));
#7330=CARTESIAN_POINT('Ctrl Pts',(225.026338151355,179.381639021057,-61.2041520208046));
#7331=CARTESIAN_POINT('Ctrl Pts',(225.119716320769,179.491906635337,-61.1285855932082));
#7332=CARTESIAN_POINT('Ctrl Pts',(225.301248652403,179.736170909338,-61.0263893106156));
#7333=CARTESIAN_POINT('Ctrl Pts',(225.389262952487,179.870372409338,-61.0000009087984));
#7334=CARTESIAN_POINT('Ctrl Pts',(225.464105559856,180.000003695436,-61.0000009087984));
#7335=CARTESIAN_POINT('',(216.000000476864,180.000003695439,-61.0000009088056));
#7336=CARTESIAN_POINT('Origin',(216.000000476881,255.000003695439,-61.0000009088056));
#7337=CARTESIAN_POINT('',(212.000000476865,186.000003695439,-61.0000009088087));
#7338=CARTESIAN_POINT('',(212.000000476868,201.500003173899,-61.0000009088087));
#7339=CARTESIAN_POINT('',(228.000000476865,186.000003695436,-61.0000009087964));
#7340=CARTESIAN_POINT('',(224.000000476865,186.000002771565,-61.0000009087995));
#7341=CARTESIAN_POINT('',(228.000000476863,179.000003695436,-61.0000009087964));
#7342=CARTESIAN_POINT('Origin',(222.000003308112,182.000002712011,-61.0000018475742));
#7343=CARTESIAN_POINT('',(223.750003308112,182.000002712011,-61.0000018475728));
#7344=CARTESIAN_POINT('Origin',(222.000003308112,182.000002712011,-61.000000908801));
#7345=CARTESIAN_POINT('Origin',(216.000000476881,254.000003695439,-62.0000009088056));
#7346=CARTESIAN_POINT('',(218.535900987484,254.000003695438,-61.0000009088037));
#7347=CARTESIAN_POINT('Ctrl Pts',(219.354251445045,255.000003695438,-62.000000908803));
#7348=CARTESIAN_POINT('Ctrl Pts',(219.354251445045,255.000003695438,-61.9356933182489));
#7349=CARTESIAN_POINT('Ctrl Pts',(219.347064066433,254.993709552452,-61.8708642425296));
#7350=CARTESIAN_POINT('Ctrl Pts',(219.319430867079,254.968987297094,-61.7446247538172));
#7351=CARTESIAN_POINT('Ctrl Pts',(219.298998969605,254.950556045568,-61.6832119082645));
#7352=CARTESIAN_POINT('Ctrl Pts',(219.22356873391,254.880305122033,-61.5093992278489));
#7353=CARTESIAN_POINT('Ctrl Pts',(219.154228806443,254.812769280701,-61.4073578741861));
#7354=CARTESIAN_POINT('Ctrl Pts',(219.000488921475,254.649213227667,-61.2276216815068));
#7355=CARTESIAN_POINT('Ctrl Pts',(218.901702810414,254.534989751012,-61.1436269335099));
#7356=CARTESIAN_POINT('Ctrl Pts',(218.709068004758,254.279338176178,-61.0296614243181));
#7357=CARTESIAN_POINT('Ctrl Pts',(218.615374179219,254.13765526171,-61.0000009088036));
#7358=CARTESIAN_POINT('Ctrl Pts',(218.535900987484,254.000003695438,-61.0000009088037));
#7359=CARTESIAN_POINT('',(212.00000047688,254.000003695439,-61.0000009088087));
#7360=CARTESIAN_POINT('',(216.00000047688,254.000003695439,-61.0000009088056));
#7361=CARTESIAN_POINT('Origin',(212.000000476881,254.000003695439,-62.0000009088087));
#7362=CARTESIAN_POINT('Origin',(216.000000476881,255.000003695439,-61.0000009088056));
#7363=CARTESIAN_POINT('',(228.000000476879,248.000003695436,-61.0000009087964));
#7364=CARTESIAN_POINT('',(228.000000476879,248.000003695436,-61.0000009087964));
#7365=CARTESIAN_POINT('',(212.000000476879,248.000003695439,-61.0000009088087));
#7366=CARTESIAN_POINT('',(224.000000476879,248.000003695437,-61.0000009087995));
#7367=CARTESIAN_POINT('',(212.000000476872,218.750003434669,-61.0000009088087));
#7368=CARTESIAN_POINT('Origin',(222.000003308112,252.000002712011,-61.0000018475742));
#7369=CARTESIAN_POINT('',(223.750003308112,252.000002712011,-61.0000018475728));
#7370=CARTESIAN_POINT('Origin',(222.000003308112,252.000002712011,-61.000000908801));
#7371=CARTESIAN_POINT('Origin',(222.000003308112,252.000002712011,-61.0000018475742));
#7372=CARTESIAN_POINT('Origin',(222.000003308126,252.000002712011,-79.0000018475742));
#7373=CARTESIAN_POINT('Origin',(231.800000476868,201.818105264163,-60.5000018475667));
#7374=CARTESIAN_POINT('',(232.000000476869,203.81391568106,-61.1532558409014));
#7375=CARTESIAN_POINT('',(231.600000459078,204.133584941027,-61.4426331997024));
#7376=CARTESIAN_POINT('Ctrl Pts',(232.000000476869,203.81391568106,-61.1532558409014));
#7377=CARTESIAN_POINT('Ctrl Pts',(231.867648860614,203.922308704138,-61.2475629101043));
#7378=CARTESIAN_POINT('Ctrl Pts',(231.734298172365,204.028679997031,-61.3441440341416));
#7379=CARTESIAN_POINT('Ctrl Pts',(231.600000459078,204.133584974942,-61.4426331635783));
#7380=CARTESIAN_POINT('',(231.600000476866,201.818105264163,-58.0000018475668));
#7381=CARTESIAN_POINT('Origin',(231.600000476868,201.818105264163,-60.5000018475668));
#7382=CARTESIAN_POINT('',(232.000000476866,201.818105264163,-58.4000018475665));
#7383=CARTESIAN_POINT('',(231.800000476866,201.818105264163,-58.2000018475664));
#7384=CARTESIAN_POINT('Origin',(232.000000476868,201.818105264163,-60.5000018475665));
#7385=CARTESIAN_POINT('Origin',(231.500000476893,217.000003218598,-88.1000013856309));
#7386=CARTESIAN_POINT('',(232.000000476875,230.186090756136,-61.1532558409014));
#7387=CARTESIAN_POINT('Origin',(232.000000476893,217.000003218598,-88.1000013856305));
#7388=CARTESIAN_POINT('',(231.600000459084,229.866421496168,-61.4426331997027));
#7389=CARTESIAN_POINT('Ctrl Pts',(231.600000459084,229.866421462254,-61.4426331635789));
#7390=CARTESIAN_POINT('Ctrl Pts',(231.734298100403,229.971326383948,-61.3441440869205));
#7391=CARTESIAN_POINT('Ctrl Pts',(231.867649299337,230.077698092357,-61.2475625974973));
#7392=CARTESIAN_POINT('Ctrl Pts',(232.000000476875,230.186090756136,-61.1532558409015));
#7393=CARTESIAN_POINT('',(231.000000476876,230.976988636966,-62.6904780013819));
#7394=CARTESIAN_POINT('Ctrl Pts',(231.000000476876,230.976988636966,-62.6904780013819));
#7395=CARTESIAN_POINT('Ctrl Pts',(231.000000476876,230.720108869228,-62.5491764620475));
#7396=CARTESIAN_POINT('Ctrl Pts',(231.059739744693,230.481528987933,-62.3553188674762));
#7397=CARTESIAN_POINT('Ctrl Pts',(231.276057415083,230.103188178693,-61.9185991830665));
#7398=CARTESIAN_POINT('Ctrl Pts',(231.431504644789,229.962378050801,-61.6760871763969));
#7399=CARTESIAN_POINT('Ctrl Pts',(231.596179023948,229.868578041661,-61.4479175809685));
#7400=CARTESIAN_POINT('Ctrl Pts',(231.598087962009,229.867497418701,-61.4452760958646));
#7401=CARTESIAN_POINT('Ctrl Pts',(231.600000446807,229.866421493066,-61.4426331920822));
#7402=CARTESIAN_POINT('',(231.00000047687,203.02301780023,-62.6904780013819));
#7403=CARTESIAN_POINT('Origin',(231.000000476893,217.000003218598,-88.1000013856313));
#7404=CARTESIAN_POINT('Ctrl Pts',(231.600000446802,204.13358494413,-61.4426331920818));
#7405=CARTESIAN_POINT('Ctrl Pts',(231.598087962003,204.132509018494,-61.4452760958643));
#7406=CARTESIAN_POINT('Ctrl Pts',(231.596179023942,204.131428395534,-61.4479175809685));
#7407=CARTESIAN_POINT('Ctrl Pts',(231.431504644784,204.037628386395,-61.676087176397));
#7408=CARTESIAN_POINT('Ctrl Pts',(231.276057415077,203.896818258502,-61.9185991830664));
#7409=CARTESIAN_POINT('Ctrl Pts',(231.059739744687,203.518477449263,-62.3553188674761));
#7410=CARTESIAN_POINT('Ctrl Pts',(231.00000047687,203.279897567968,-62.5491764620475));
#7411=CARTESIAN_POINT('Ctrl Pts',(231.00000047687,203.02301780023,-62.6904780013819));
#7412=CARTESIAN_POINT('Origin',(232.000000476895,217.000002652354,-91.0000018475665));
#7413=CARTESIAN_POINT('',(232.000000476861,179.000002652354,-58.4000018475665));
#7414=CARTESIAN_POINT('',(232.000000476873,232.500003173894,-58.4000018475665));
#7415=CARTESIAN_POINT('',(232.000000476861,178.400002652354,-59.0000018475665));
#7416=CARTESIAN_POINT('Origin',(232.000000476862,179.000002652354,-59.0000018475665));
#7417=CARTESIAN_POINT('',(232.000000476862,178.400002652354,-60.1624397226334));
#7418=CARTESIAN_POINT('',(232.000000476899,178.400002652354,-107.500001847567));
#7419=CARTESIAN_POINT('',(232.000000476865,176.900002622551,-63.7749181259705));
#7420=CARTESIAN_POINT('Origin',(232.000000476866,182.000002622551,-63.7749181259705));
#7421=CARTESIAN_POINT('',(232.000000476873,176.900002622551,-74.1485660194506));
#7422=CARTESIAN_POINT('',(232.000000476896,176.900002622551,-104.500001393081));
#7423=CARTESIAN_POINT('',(232.000000476876,178.337502622551,-77.4890141555545));
#7424=CARTESIAN_POINT('Origin',(232.000000476874,181.500002622551,-74.1485660194506));
#7425=CARTESIAN_POINT('',(232.000000476878,179.400002622551,-79.9580410387617));
#7426=CARTESIAN_POINT('Origin',(232.000000476877,176.000002622551,-79.9580410387617));
#7427=CARTESIAN_POINT('',(232.000000476892,179.400002622551,-98.04196161329));
#7428=CARTESIAN_POINT('',(232.000000476881,179.400002622551,-84.0000014973892));
#7429=CARTESIAN_POINT('',(232.000000476893,178.337502622551,-100.510988496497));
#7430=CARTESIAN_POINT('Origin',(232.000000476891,176.000002622551,-98.04196161329));
#7431=CARTESIAN_POINT('',(232.000000476895,176.900002622551,-103.851436632601));
#7432=CARTESIAN_POINT('Origin',(232.000000476897,181.500002622551,-103.851436632601));
#7433=CARTESIAN_POINT('',(232.000000476903,176.900002622551,-114.225083689381));
#7434=CARTESIAN_POINT('',(232.000000476896,176.900002622551,-104.500001393081));
#7435=CARTESIAN_POINT('',(232.000000476907,179.400002652354,-118.612565900738));
#7436=CARTESIAN_POINT('Origin',(232.000000476905,182.000002622551,-114.225083689381));
#7437=CARTESIAN_POINT('',(232.00000047691,179.400002652354,-122.000001847567));
#7438=CARTESIAN_POINT('',(232.000000476899,179.400002652354,-107.500001847567));
#7439=CARTESIAN_POINT('',(232.000000476911,181.000002652354,-123.600001847567));
#7440=CARTESIAN_POINT('Origin',(232.00000047691,181.000002652354,-122.000001847567));
#7441=CARTESIAN_POINT('',(232.000000476928,253.000002652354,-123.600001847567));
#7442=CARTESIAN_POINT('',(232.000000476924,236.500002652354,-123.600001847567));
#7443=CARTESIAN_POINT('',(232.000000476927,254.600002652354,-122.000001847566));
#7444=CARTESIAN_POINT('Origin',(232.000000476927,253.000002652354,-122.000001847566));
#7445=CARTESIAN_POINT('',(232.000000476925,254.600002652354,-118.612565900738));
#7446=CARTESIAN_POINT('',(232.000000476891,254.600002652354,-74.5000018475665));
#7447=CARTESIAN_POINT('',(232.000000476922,257.100002682156,-114.225083689381));
#7448=CARTESIAN_POINT('Origin',(232.000000476921,252.000002682156,-114.225083689381));
#7449=CARTESIAN_POINT('',(232.000000476914,257.100002682156,-103.851436678956));
#7450=CARTESIAN_POINT('',(232.000000476908,257.100002682156,-96.5000016836537));
#7451=CARTESIAN_POINT('',(232.000000476911,255.662502647883,-100.510988510405));
#7452=CARTESIAN_POINT('Origin',(232.000000476913,252.500002682156,-103.851436678956));
#7453=CARTESIAN_POINT('',(232.000000476909,254.600002622551,-98.041961603215));
#7454=CARTESIAN_POINT('Origin',(232.00000047691,258.000002622551,-98.041961603215));
#7455=CARTESIAN_POINT('',(232.000000476895,254.600002622551,-79.9580410488368));
#7456=CARTESIAN_POINT('',(232.000000476907,254.600002622551,-96.0000016762032));
#7457=CARTESIAN_POINT('',(232.000000476893,255.662502647883,-77.489014141647));
#7458=CARTESIAN_POINT('Origin',(232.000000476896,258.000002622551,-79.9580410488368));
#7459=CARTESIAN_POINT('',(232.000000476891,257.100002682156,-74.1485659730962));
#7460=CARTESIAN_POINT('Origin',(232.00000047689,252.500002682156,-74.1485659730962));
#7461=CARTESIAN_POINT('',(232.000000476883,257.100002682156,-63.7749181259704));
#7462=CARTESIAN_POINT('',(232.000000476908,257.100002682156,-96.5000016836537));
#7463=CARTESIAN_POINT('',(232.00000047688,255.600002652354,-60.1624397226335));
#7464=CARTESIAN_POINT('Origin',(232.000000476882,252.000002682156,-63.7749181259704));
#7465=CARTESIAN_POINT('',(232.000000476879,255.600002652354,-59.0000018475665));
#7466=CARTESIAN_POINT('',(232.000000476891,255.600002652354,-74.5000018475665));
#7467=CARTESIAN_POINT('',(232.000000476879,255.000002652354,-58.4000018475665));
#7468=CARTESIAN_POINT('Origin',(232.000000476879,255.000002652354,-59.0000018475665));
#7469=CARTESIAN_POINT('',(232.000000476873,232.181901173032,-58.4000018475665));
#7470=CARTESIAN_POINT('',(232.000000476873,232.500003173894,-58.4000018475665));
#7471=CARTESIAN_POINT('Origin',(232.000000476875,232.181901173032,-60.5000018475665));
#7472=CARTESIAN_POINT('',(232.000000476917,239.600003218598,-113.100001385631));
#7473=CARTESIAN_POINT('Origin',(232.000000476917,242.000003218598,-113.100001385631));
#7474=CARTESIAN_POINT('',(232.000000476867,189.600003218598,-63.1000013856305));
#7475=CARTESIAN_POINT('Origin',(232.000000476868,192.000003218598,-63.1000013856305));
#7476=CARTESIAN_POINT('',(232.000000476879,239.600003218598,-63.1000013856305));
#7477=CARTESIAN_POINT('Origin',(232.000000476879,242.000003218598,-63.1000013856305));
#7478=CARTESIAN_POINT('',(232.000000476905,189.600003218598,-113.100001385631));
#7479=CARTESIAN_POINT('Origin',(232.000000476906,192.000003218598,-113.100001385631));
#7480=CARTESIAN_POINT('Origin',(231.800000476875,232.181901173032,-60.5000018475667));
#7481=CARTESIAN_POINT('',(231.600000476873,232.181901173032,-58.0000018475668));
#7482=CARTESIAN_POINT('',(231.800000476871,232.181901173032,-58.2000018475649));
#7483=CARTESIAN_POINT('Origin',(231.600000476874,232.181901173032,-60.5000018475668));
#7484=CARTESIAN_POINT('Origin',(231.800000476873,232.500003173894,-58.2000018475667));
#7485=CARTESIAN_POINT('',(231.600000476878,255.000002652354,-58.0000018475668));
#7486=CARTESIAN_POINT('',(231.600000476878,255.000002652354,-58.0000018475668));
#7487=CARTESIAN_POINT('',(231.600000476873,232.500003173894,-58.0000018475668));
#7488=CARTESIAN_POINT('Origin',(232.000000476875,232.181901173032,-60.5000018475665));
#7489=CARTESIAN_POINT('',(230.000000476873,232.181901173033,-58.000000923696));
#7490=CARTESIAN_POINT('',(232.000000476873,232.181901173032,-58.0000018475665));
#7491=CARTESIAN_POINT('',(230.000000476876,230.976988636967,-62.6904780013826));
#7492=CARTESIAN_POINT('Origin',(230.000000476875,232.181901173033,-60.500001847568));
#7493=CARTESIAN_POINT('',(232.000000476876,230.976988636966,-62.6904780013811));
#7494=CARTESIAN_POINT('Origin',(232.000000476893,217.000003218598,-88.1000013856305));
#7495=CARTESIAN_POINT('',(230.00000047687,203.02301780023,-62.6904780013827));
#7496=CARTESIAN_POINT('Origin',(230.000000476893,217.000003218598,-88.1000013856321));
#7497=CARTESIAN_POINT('',(232.00000047687,203.023017800229,-62.6904780013811));
#7498=CARTESIAN_POINT('Origin',(232.000000476868,201.818105264163,-60.5000018475665));
#7499=CARTESIAN_POINT('',(230.000000476866,201.818105264164,-58.000000923696));
#7500=CARTESIAN_POINT('Origin',(230.000000476868,201.818105264164,-60.500001847568));
#7501=CARTESIAN_POINT('',(232.000000476866,201.818105264163,-58.0000018475665));
#7502=CARTESIAN_POINT('Origin',(230.000000476893,217.000003233499,-88.5000013781815));
#7503=CARTESIAN_POINT('',(230.000000476877,249.000003695435,-58.000001847568));
#7504=CARTESIAN_POINT('',(230.000000476862,186.000002771563,-58.000000923696));
#7505=CARTESIAN_POINT('',(230.000000476877,248.000003695435,-59.000001847568));
#7506=CARTESIAN_POINT('Origin',(230.000000476878,249.000003695435,-59.000001847568));
#7507=CARTESIAN_POINT('',(230.000000476923,248.000003695435,-118.300001832667));
#7508=CARTESIAN_POINT('',(230.000000476912,248.000003695435,-103.750001605424));
#7509=CARTESIAN_POINT('',(230.000000476908,186.000002771563,-118.300001832667));
#7510=CARTESIAN_POINT('',(230.000000476912,201.500003002531,-118.300001832667));
#7511=CARTESIAN_POINT('',(230.000000476863,186.000002771563,-59.000001847568));
#7512=CARTESIAN_POINT('',(230.000000476874,186.000002771563,-73.2500011509387));
#7513=CARTESIAN_POINT('',(230.000000476862,185.000002771563,-58.000001847568));
#7514=CARTESIAN_POINT('Origin',(230.000000476863,185.000002771563,-59.000001847568));
#7515=CARTESIAN_POINT('',(230.000000476862,186.000002771563,-58.000000923696));
#7516=CARTESIAN_POINT('',(230.000000476879,240.000003218598,-63.100001385632));
#7517=CARTESIAN_POINT('Origin',(230.000000476879,242.000003218598,-63.100001385632));
#7518=CARTESIAN_POINT('',(230.000000476867,190.000003218598,-63.100001385632));
#7519=CARTESIAN_POINT('Origin',(230.000000476868,192.000003218598,-63.100001385632));
#7520=CARTESIAN_POINT('',(230.000000476917,240.000003218598,-113.100001385632));
#7521=CARTESIAN_POINT('Origin',(230.000000476917,242.000003218598,-113.100001385632));
#7522=CARTESIAN_POINT('',(230.000000476906,190.000003218598,-113.100001385632));
#7523=CARTESIAN_POINT('Origin',(230.000000476906,192.000003218598,-113.100001385632));
#7524=CARTESIAN_POINT('Origin',(231.800000476873,232.500003173894,-58.2000018475667));
#7525=CARTESIAN_POINT('',(231.600000476861,179.000002652354,-58.0000018475668));
#7526=CARTESIAN_POINT('',(231.600000476873,232.500003173894,-58.0000018475668));
#7527=CARTESIAN_POINT('',(231.600000476861,179.000002652354,-58.0000018475668));
#7528=CARTESIAN_POINT('Origin',(232.000000476877,248.000003695435,-58.0000018475665));
#7529=CARTESIAN_POINT('',(212.000000476862,185.000002771567,-58.0000018475818));
#7530=CARTESIAN_POINT('',(232.000000476862,185.000002771563,-58.0000018475665));
#7531=CARTESIAN_POINT('',(212.000000476861,179.000002652358,-58.0000018475818));
#7532=CARTESIAN_POINT('',(212.000000476879,256.000002652358,-58.0000018475818));
#7533=CARTESIAN_POINT('',(232.000000476861,179.000002652354,-58.0000018475665));
#7534=CARTESIAN_POINT('',(223.75000330811,182.000002712011,-58.0000018475728));
#7535=CARTESIAN_POINT('Origin',(222.00000330811,182.000002712011,-58.0000018475742));
#7536=CARTESIAN_POINT('Origin',(216.000000476925,257.00000384445,-117.582577402995));
#7537=CARTESIAN_POINT('',(212.000000476923,252.000003844451,-117.582576999787));
#7538=CARTESIAN_POINT('Origin',(212.00000047693,257.000003844451,-117.582577402999));
#7539=CARTESIAN_POINT('',(219.425227542078,252.000003844449,-117.582577402992));
#7540=CARTESIAN_POINT('',(216.000000476923,252.00000384445,-117.582576999784));
#7541=CARTESIAN_POINT('Origin',(219.425227542079,257.000003844449,-117.582577402992));
#7542=CARTESIAN_POINT('Origin',(232.000000476878,255.000002652354,-58.0000018475665));
#7543=CARTESIAN_POINT('',(212.000000476925,255.000002652358,-118.834855937438));
#7544=CARTESIAN_POINT('',(231.600000476925,255.000002652354,-118.834855937423));
#7545=CARTESIAN_POINT('',(232.000000476925,255.000002652354,-118.834855937423));
#7546=CARTESIAN_POINT('',(231.600000476927,255.000002652354,-122.000001847567));
#7547=CARTESIAN_POINT('',(231.600000476891,255.000002652354,-74.5000018475668));
#7548=CARTESIAN_POINT('',(223.707501518451,255.000002652355,-122.000001847573));
#7549=CARTESIAN_POINT('',(232.000000476927,255.000002652354,-122.000001847566));
#7550=CARTESIAN_POINT('',(219.574995060327,255.000002652356,-119.099997315553));
#7551=CARTESIAN_POINT('',(212.864229420909,255.000002652358,-114.390688094904));
#7552=CARTESIAN_POINT('',(212.000000476925,255.000003695439,-119.099997315558));
#7553=CARTESIAN_POINT('',(226.499997768624,255.000002652355,-119.099997315547));
#7554=CARTESIAN_POINT('',(212.00000047692,255.000002771567,-113.000001773076));
#7555=CARTESIAN_POINT('Origin',(232.000000476921,252.000002682156,-114.225083689381));
#7556=CARTESIAN_POINT('',(212.000000476922,257.50000268216,-114.225083689395));
#7557=CARTESIAN_POINT('',(231.600000476922,257.500002682156,-114.225083689381));
#7558=CARTESIAN_POINT('',(232.000000476922,257.500002682156,-114.225083689381));
#7559=CARTESIAN_POINT('Origin',(231.60000047692,252.000002682156,-114.225083689381));
#7560=CARTESIAN_POINT('Origin',(212.00000047692,252.00000268216,-114.225083689396));
#7561=CARTESIAN_POINT('Origin',(232.000000476904,182.000002622551,-114.225083689381));
#7562=CARTESIAN_POINT('',(231.600000476907,179.000002652354,-118.834855937423));
#7563=CARTESIAN_POINT('',(212.000000476907,179.000002652358,-118.834855937438));
#7564=CARTESIAN_POINT('',(216.000000476907,179.000002652357,-118.834855937435));
#7565=CARTESIAN_POINT('',(231.600000476903,176.500002622551,-114.225083689381));
#7566=CARTESIAN_POINT('Origin',(231.600000476905,182.000002622551,-114.225083689381));
#7567=CARTESIAN_POINT('',(212.000000476903,176.500002622556,-114.225083689395));
#7568=CARTESIAN_POINT('',(232.000000476903,176.500002622551,-114.225083689381));
#7569=CARTESIAN_POINT('Origin',(212.000000476905,182.000002622556,-114.225083689396));
#7570=CARTESIAN_POINT('Origin',(232.000000476911,179.000002652354,-124.000001847566));
#7571=CARTESIAN_POINT('',(212.000000476908,179.000003695439,-119.099997315558));
#7572=CARTESIAN_POINT('',(212.000000476899,179.000002652358,-107.275000479883));
#7573=CARTESIAN_POINT('',(219.574995060309,179.000002652356,-119.099997315553));
#7574=CARTESIAN_POINT('',(219.000000476908,179.000003695438,-119.099997315553));
#7575=CARTESIAN_POINT('',(223.707501518434,179.000002652355,-122.000001847573));
#7576=CARTESIAN_POINT('',(228.38083078202,179.000002652354,-125.279531155356));
#7577=CARTESIAN_POINT('',(231.60000047691,179.000002652354,-122.000001847567));
#7578=CARTESIAN_POINT('',(232.00000047691,179.000002652354,-122.000001847567));
#7579=CARTESIAN_POINT('',(231.600000476899,179.000002652354,-107.500001847567));
#7580=CARTESIAN_POINT('Origin',(232.000000476877,248.000003695435,-58.0000018475665));
#7581=CARTESIAN_POINT('',(212.000000476878,255.000002652358,-58.0000018475818));
#7582=CARTESIAN_POINT('',(232.000000476878,255.000002652354,-58.0000018475665));
#7583=CARTESIAN_POINT('',(212.000000476877,249.000003695439,-58.0000018475818));
#7584=CARTESIAN_POINT('',(212.000000476879,256.000002652358,-58.0000018475818));
#7585=CARTESIAN_POINT('',(232.000000476877,249.000003695435,-58.0000018475665));
#7586=CARTESIAN_POINT('',(223.75000330811,252.000002712011,-58.0000018475728));
#7587=CARTESIAN_POINT('Origin',(222.00000330811,252.000002712011,-58.0000018475742));
#7588=CARTESIAN_POINT('Origin',(231.800000476906,192.000003218598,-113.100001385631));
#7589=CARTESIAN_POINT('',(231.600000476905,190.000003218598,-113.100001385631));
#7590=CARTESIAN_POINT('',(231.800000476905,189.800003218598,-113.100001385631));
#7591=CARTESIAN_POINT('Origin',(231.600000476906,192.000003218598,-113.100001385631));
#7592=CARTESIAN_POINT('Origin',(232.000000476906,192.000003218598,-113.100001385631));
#7593=CARTESIAN_POINT('',(232.000000476906,190.000003218598,-113.100001385631));
#7594=CARTESIAN_POINT('Origin',(231.800000476917,242.000003218598,-113.100001385631));
#7595=CARTESIAN_POINT('',(231.600000476917,240.000003218598,-113.100001385631));
#7596=CARTESIAN_POINT('',(231.800000476917,239.800003218598,-113.100001385631));
#7597=CARTESIAN_POINT('Origin',(231.600000476918,242.000003218598,-113.100001385631));
#7598=CARTESIAN_POINT('Origin',(232.000000476917,242.000003218598,-113.100001385631));
#7599=CARTESIAN_POINT('',(232.000000476917,240.000003218598,-113.100001385631));
#7600=CARTESIAN_POINT('Origin',(231.800000476879,242.000003218598,-63.1000013856307));
#7601=CARTESIAN_POINT('',(231.600000476879,240.000003218598,-63.1000013856308));
#7602=CARTESIAN_POINT('',(231.800000476879,239.800003218598,-63.1000013856307));
#7603=CARTESIAN_POINT('Origin',(231.600000476879,242.000003218598,-63.1000013856308));
#7604=CARTESIAN_POINT('Origin',(232.000000476879,242.000003218598,-63.1000013856305));
#7605=CARTESIAN_POINT('',(232.000000476879,240.000003218598,-63.1000013856305));
#7606=CARTESIAN_POINT('Origin',(231.800000476868,192.000003218598,-63.1000013856307));
#7607=CARTESIAN_POINT('',(231.600000476867,190.000003218598,-63.1000013856308));
#7608=CARTESIAN_POINT('',(231.800000476867,189.800003218598,-63.1000013856307));
#7609=CARTESIAN_POINT('Origin',(231.600000476868,192.000003218598,-63.1000013856308));
#7610=CARTESIAN_POINT('Origin',(232.000000476868,192.000003218598,-63.1000013856305));
#7611=CARTESIAN_POINT('',(232.000000476867,190.000003218598,-63.1000013856305));
#7612=CARTESIAN_POINT('Origin',(231.800000476891,255.800002652354,-74.5000018475667));
#7613=CARTESIAN_POINT('',(231.60000047688,256.000002652354,-60.0000008767561));
#7614=CARTESIAN_POINT('',(231.600000476879,256.000002652354,-59.0000018475668));
#7615=CARTESIAN_POINT('',(231.600000476891,256.000002652354,-74.5000018475668));
#7616=CARTESIAN_POINT('',(231.600000476879,256.000002652354,-59.0000018475668));
#7617=CARTESIAN_POINT('Ctrl Pts',(232.00000047688,255.600002652354,-60.1624397226335));
#7618=CARTESIAN_POINT('Ctrl Pts',(231.866963589433,255.733039539801,-60.1071991612088));
#7619=CARTESIAN_POINT('Ctrl Pts',(231.733483349279,255.866519779955,-60.0530415924481));
#7620=CARTESIAN_POINT('Ctrl Pts',(231.60000047688,256.000002652354,-60.0000008767562));
#7621=CARTESIAN_POINT('Origin',(231.800000476882,252.000002682156,-63.7749181259706));
#7622=CARTESIAN_POINT('',(231.600000476883,257.500002682156,-63.7749181259707));
#7623=CARTESIAN_POINT('',(232.000000476883,257.100002682156,-63.7749181259704));
#7624=CARTESIAN_POINT('Origin',(231.600000476882,252.000002682156,-63.7749181259707));
#7625=CARTESIAN_POINT('Origin',(231.800000476908,257.300002682156,-96.5000016836539));
#7626=CARTESIAN_POINT('',(231.600000476891,257.500002682156,-74.1485659730965));
#7627=CARTESIAN_POINT('',(232.000000476891,257.100002682156,-74.1485659730962));
#7628=CARTESIAN_POINT('',(231.600000476908,257.500002682156,-96.500001683654));
#7629=CARTESIAN_POINT('Origin',(231.80000047689,252.500002682156,-74.1485659730964));
#7630=CARTESIAN_POINT('',(231.600000476893,255.937502644903,-77.7794878954344));
#7631=CARTESIAN_POINT('',(232.000000476893,255.662502647883,-77.489014141647));
#7632=CARTESIAN_POINT('Origin',(231.60000047689,252.500002682156,-74.1485659730965));
#7633=CARTESIAN_POINT('Origin',(231.800000476896,258.000002622551,-79.9580410488369));
#7634=CARTESIAN_POINT('',(231.600000476895,255.000002622551,-79.9580410488371));
#7635=CARTESIAN_POINT('',(232.000000476895,254.600002622551,-79.9580410488368));
#7636=CARTESIAN_POINT('Origin',(231.600000476896,258.000002622551,-79.9580410488371));
#7637=CARTESIAN_POINT('Origin',(231.800000476907,254.800002622551,-96.0000016762033));
#7638=CARTESIAN_POINT('',(231.600000476909,255.000002622551,-98.0419616032153));
#7639=CARTESIAN_POINT('',(232.000000476909,254.600002622551,-98.041961603215));
#7640=CARTESIAN_POINT('',(231.600000476907,255.000002622551,-96.0000016762035));
#7641=CARTESIAN_POINT('Origin',(231.80000047691,258.000002622551,-98.0419616032151));
#7642=CARTESIAN_POINT('',(231.600000476911,255.937502644903,-100.220514756618));
#7643=CARTESIAN_POINT('',(232.000000476911,255.662502647883,-100.510988510405));
#7644=CARTESIAN_POINT('Origin',(231.600000476909,258.000002622551,-98.0419616032153));
#7645=CARTESIAN_POINT('Origin',(231.800000476913,252.500002682156,-103.851436678956));
#7646=CARTESIAN_POINT('',(231.600000476914,257.500002682156,-103.851436678956));
#7647=CARTESIAN_POINT('',(232.000000476914,257.100002682156,-103.851436678956));
#7648=CARTESIAN_POINT('Origin',(231.600000476913,252.500002682156,-103.851436678956));
#7649=CARTESIAN_POINT('Origin',(231.800000476908,257.300002682156,-96.5000016836539));
#7650=CARTESIAN_POINT('',(232.000000476922,257.100002682156,-114.225083689381));
#7651=CARTESIAN_POINT('',(231.600000476908,257.500002682156,-96.500001683654));
#7652=CARTESIAN_POINT('Origin',(231.800000476921,252.000002682156,-114.225083689381));
#7653=CARTESIAN_POINT('Ctrl Pts',(232.000000476924,254.600002652354,-118.612565900738));
#7654=CARTESIAN_POINT('Ctrl Pts',(231.86719337956,254.732809749719,-118.688239768204));
#7655=CARTESIAN_POINT('Ctrl Pts',(231.733688180794,254.866314948484,-118.762353599851));
#7656=CARTESIAN_POINT('Ctrl Pts',(231.600000476925,255.000002652354,-118.834855937423));
#7657=CARTESIAN_POINT('Origin',(231.800000476899,179.200002652354,-107.500001847567));
#7658=CARTESIAN_POINT('',(231.60000047691,179.000002652354,-122.000001847567));
#7659=CARTESIAN_POINT('Ctrl Pts',(232.000000476907,179.400002652354,-118.612565900738));
#7660=CARTESIAN_POINT('Ctrl Pts',(231.867193379537,179.267195554983,-118.688239768207));
#7661=CARTESIAN_POINT('Ctrl Pts',(231.733688180765,179.133690356211,-118.762353599857));
#7662=CARTESIAN_POINT('Ctrl Pts',(231.600000476907,179.000002652354,-118.834855937423));
#7663=CARTESIAN_POINT('Origin',(231.800000476905,182.000002622551,-114.225083689381));
#7664=CARTESIAN_POINT('',(232.000000476903,176.900002622551,-114.225083689381));
#7665=CARTESIAN_POINT('Origin',(231.800000476896,176.700002622551,-104.500001393081));
#7666=CARTESIAN_POINT('',(231.600000476895,176.500002622551,-103.851436632601));
#7667=CARTESIAN_POINT('',(232.000000476895,176.900002622551,-103.851436632601));
#7668=CARTESIAN_POINT('',(231.600000476896,176.500002622551,-104.500001393081));
#7669=CARTESIAN_POINT('Origin',(231.800000476897,181.500002622551,-103.851436632601));
#7670=CARTESIAN_POINT('',(231.600000476893,178.062502622551,-100.220514745532));
#7671=CARTESIAN_POINT('',(232.000000476893,178.337502622551,-100.510988496497));
#7672=CARTESIAN_POINT('Origin',(231.600000476897,181.500002622551,-103.851436632601));
#7673=CARTESIAN_POINT('Origin',(231.800000476891,176.000002622551,-98.0419616132901));
#7674=CARTESIAN_POINT('',(231.600000476892,179.000002622551,-98.0419616132903));
#7675=CARTESIAN_POINT('',(232.000000476892,179.400002622551,-98.04196161329));
#7676=CARTESIAN_POINT('Origin',(231.600000476891,176.000002622551,-98.0419616132903));
#7677=CARTESIAN_POINT('Origin',(231.800000476881,179.200002622551,-84.0000014973894));
#7678=CARTESIAN_POINT('',(231.600000476878,179.000002622551,-79.958041038762));
#7679=CARTESIAN_POINT('',(232.000000476878,179.400002622551,-79.9580410387617));
#7680=CARTESIAN_POINT('',(231.600000476881,179.000002622551,-84.0000014973895));
#7681=CARTESIAN_POINT('Origin',(231.800000476877,176.000002622551,-79.9580410387619));
#7682=CARTESIAN_POINT('',(231.600000476876,178.062502622551,-77.7794879065204));
#7683=CARTESIAN_POINT('',(232.000000476876,178.337502622551,-77.4890141555545));
#7684=CARTESIAN_POINT('Origin',(231.600000476877,176.000002622551,-79.958041038762));
#7685=CARTESIAN_POINT('Origin',(231.800000476874,181.500002622551,-74.1485660194508));
#7686=CARTESIAN_POINT('',(231.600000476873,176.500002622551,-74.1485660194509));
#7687=CARTESIAN_POINT('',(232.000000476873,176.900002622551,-74.1485660194506));
#7688=CARTESIAN_POINT('Origin',(231.600000476874,181.500002622551,-74.1485660194509));
#7689=CARTESIAN_POINT('Origin',(231.800000476896,176.700002622551,-104.500001393081));
#7690=CARTESIAN_POINT('',(231.600000476865,176.500002622551,-63.7749181259708));
#7691=CARTESIAN_POINT('',(232.000000476865,176.900002622551,-63.7749181259705));
#7692=CARTESIAN_POINT('',(231.600000476896,176.500002622551,-104.500001393081));
#7693=CARTESIAN_POINT('Origin',(231.800000476866,182.000002622551,-63.7749181259706));
#7694=CARTESIAN_POINT('',(231.600000476862,178.000002652354,-60.0000008767561));
#7695=CARTESIAN_POINT('Origin',(231.600000476866,182.000002622551,-63.7749181259708));
#7696=CARTESIAN_POINT('Ctrl Pts',(232.000000476862,178.400002652354,-60.1624397226334));
#7697=CARTESIAN_POINT('Ctrl Pts',(231.86696358941,178.266965764901,-60.1071991612063));
#7698=CARTESIAN_POINT('Ctrl Pts',(231.733483349248,178.13348552474,-60.0530415924429));
#7699=CARTESIAN_POINT('Ctrl Pts',(231.600000476862,178.000002652354,-60.000000876756));
#7700=CARTESIAN_POINT('Origin',(231.80000047691,181.000002652354,-122.000001847567));
#7701=CARTESIAN_POINT('',(231.600000476912,181.000002652354,-124.000001847567));
#7702=CARTESIAN_POINT('Origin',(231.60000047691,181.000002652354,-122.000001847567));
#7703=CARTESIAN_POINT('',(231.600000476912,181.000002652354,-124.000001847567));
#7704=CARTESIAN_POINT('Origin',(231.800000476924,236.500002652354,-123.800001847567));
#7705=CARTESIAN_POINT('',(231.600000476928,253.000002652354,-124.000001847567));
#7706=CARTESIAN_POINT('',(231.600000476928,253.000002652354,-124.000001847567));
#7707=CARTESIAN_POINT('',(231.600000476924,236.500002652354,-124.000001847567));
#7708=CARTESIAN_POINT('Origin',(231.800000476927,253.000002652354,-122.000001847567));
#7709=CARTESIAN_POINT('Origin',(231.600000476927,253.000002652354,-122.000001847567));
#7710=CARTESIAN_POINT('',(231.600000476927,255.000002652354,-122.000001847567));
#7711=CARTESIAN_POINT('Origin',(231.800000476891,254.800002652354,-74.5000018475667));
#7712=CARTESIAN_POINT('Origin',(231.800000476862,179.000002652354,-59.0000018475667));
#7713=CARTESIAN_POINT('',(231.600000476861,178.000002652354,-59.0000018475668));
#7714=CARTESIAN_POINT('Origin',(231.600000476862,179.000002652354,-59.0000018475668));
#7715=CARTESIAN_POINT('',(231.600000476861,178.000002652354,-59.0000018475668));
#7716=CARTESIAN_POINT('Origin',(231.800000476899,178.200002652354,-107.500001847567));
#7717=CARTESIAN_POINT('',(231.600000476898,178.000002652354,-107.500001847567));
#7718=CARTESIAN_POINT('Origin',(231.800000476879,255.000002652354,-59.0000018475666));
#7719=CARTESIAN_POINT('Origin',(231.600000476879,255.000002652354,-59.0000018475668));
#7720=CARTESIAN_POINT('Origin',(232.00000047691,181.000002652354,-122.000001847567));
#7721=CARTESIAN_POINT('',(226.557494936087,181.000002652355,-123.999997228384));
#7722=CARTESIAN_POINT('Origin',(223.707501518434,181.000002652355,-122.000001847573));
#7723=CARTESIAN_POINT('',(232.000000476912,181.000002652354,-124.000001847567));
#7724=CARTESIAN_POINT('Origin',(232.000000476906,176.500002622551,-118.000000938596));
#7725=CARTESIAN_POINT('',(229.347766659124,176.500002622552,-103.851436632603));
#7726=CARTESIAN_POINT('',(232.000000476895,176.500002622551,-103.851436632601));
#7727=CARTESIAN_POINT('',(229.347766659125,176.500002622552,-104.70041265037));
#7728=CARTESIAN_POINT('',(229.347766659124,176.500002622552,-103.500001132313));
#7729=CARTESIAN_POINT('',(212.000000476896,176.500002622556,-104.700412650383));
#7730=CARTESIAN_POINT('',(232.000000476896,176.500002622551,-104.700412650368));
#7731=CARTESIAN_POINT('',(212.000000476906,176.500002622556,-118.000000938611));
#7732=CARTESIAN_POINT('Origin',(232.000000476896,181.500002622551,-103.851436632601));
#7733=CARTESIAN_POINT('',(231.115720299301,178.062502622551,-100.220514745532));
#7734=CARTESIAN_POINT('',(232.000000476893,178.062502622551,-100.220514745532));
#7735=CARTESIAN_POINT('',(229.608830022737,176.638400152841,-102.683180912952));
#7736=CARTESIAN_POINT('Ctrl Pts',(229.608830022737,176.638400152841,-102.683180912952));
#7737=CARTESIAN_POINT('Ctrl Pts',(230.014725294396,176.86856470823,-101.725369577557));
#7738=CARTESIAN_POINT('Ctrl Pts',(230.699582617244,177.348773273911,-100.896223205329));
#7739=CARTESIAN_POINT('Ctrl Pts',(231.115720299301,178.062502622551,-100.220514745532));
#7740=CARTESIAN_POINT('Ctrl Pts',(229.347766659124,176.500002622552,-103.851436632603));
#7741=CARTESIAN_POINT('Ctrl Pts',(229.347766659124,176.500002622552,-103.452141688461));
#7742=CARTESIAN_POINT('Ctrl Pts',(229.450993115485,176.54889809623,-103.055636542437));
#7743=CARTESIAN_POINT('Ctrl Pts',(229.608830022737,176.638400152841,-102.683180912952));
#7744=CARTESIAN_POINT('Origin',(232.000000476891,176.000002622551,-98.04196161329));
#7745=CARTESIAN_POINT('',(231.233776281878,179.000002622551,-98.0419616132906));
#7746=CARTESIAN_POINT('',(232.000000476891,179.000002622551,-98.04196161329));
#7747=CARTESIAN_POINT('Ctrl Pts',(231.115720299301,178.062502622551,-100.220514745532));
#7748=CARTESIAN_POINT('Ctrl Pts',(231.19525102059,178.635405130227,-99.6781311770095));
#7749=CARTESIAN_POINT('Ctrl Pts',(231.233776281879,179.000002622551,-98.8662145660798));
#7750=CARTESIAN_POINT('Ctrl Pts',(231.233776281878,179.000002622551,-98.0419616132905));
#7751=CARTESIAN_POINT('Origin',(232.000000476875,179.000002622551,-77.0000011472119));
#7752=CARTESIAN_POINT('',(231.233776281864,179.000002622551,-79.9580410387623));
#7753=CARTESIAN_POINT('',(232.000000476878,179.000002622551,-79.9580410387617));
#7754=CARTESIAN_POINT('',(231.233776281883,179.000002622551,-103.500001132311));
#7755=CARTESIAN_POINT('Origin',(232.000000476877,176.000002622551,-79.9580410387617));
#7756=CARTESIAN_POINT('',(231.115720299284,178.062502622551,-77.7794879065208));
#7757=CARTESIAN_POINT('',(232.000000476876,178.062502622551,-77.7794879065201));
#7758=CARTESIAN_POINT('Ctrl Pts',(231.233776281864,179.000002622551,-79.9580410387624));
#7759=CARTESIAN_POINT('Ctrl Pts',(231.233776281864,179.000002622551,-79.1338088302001));
#7760=CARTESIAN_POINT('Ctrl Pts',(231.195250534208,178.63540162667,-78.321868158123));
#7761=CARTESIAN_POINT('Ctrl Pts',(231.115720299284,178.062502622551,-77.7794879065208));
#7762=CARTESIAN_POINT('Origin',(232.000000476874,181.500002622551,-74.1485660194506));
#7763=CARTESIAN_POINT('',(229.347766659102,176.500002622552,-74.1485660194527));
#7764=CARTESIAN_POINT('',(232.000000476873,176.500002622551,-74.1485660194506));
#7765=CARTESIAN_POINT('',(229.608830022716,176.638400152841,-75.3168217391037));
#7766=CARTESIAN_POINT('Ctrl Pts',(229.608830022716,176.638400152841,-75.3168217391037));
#7767=CARTESIAN_POINT('Ctrl Pts',(229.450993115463,176.54889809623,-74.9443661096191));
#7768=CARTESIAN_POINT('Ctrl Pts',(229.347766659102,176.500002622552,-74.547860963595));
#7769=CARTESIAN_POINT('Ctrl Pts',(229.347766659102,176.500002622552,-74.1485660194527));
#7770=CARTESIAN_POINT('Ctrl Pts',(231.115720299284,178.062502622551,-77.7794879065208));
#7771=CARTESIAN_POINT('Ctrl Pts',(230.699529784772,177.348682659496,-77.1036936594067));
#7772=CARTESIAN_POINT('Ctrl Pts',(230.014857404891,176.868639622032,-76.2749448222754));
#7773=CARTESIAN_POINT('Ctrl Pts',(229.608830022716,176.638400152841,-75.3168217391037));
#7774=CARTESIAN_POINT('Origin',(232.000000476906,176.500002622551,-118.000000938596));
#7775=CARTESIAN_POINT('',(212.000000476865,176.500002622556,-63.7749181259858));
#7776=CARTESIAN_POINT('',(232.000000476865,176.500002622551,-63.7749181259705));
#7777=CARTESIAN_POINT('',(212.000000476872,176.500002622556,-73.2995900016991));
#7778=CARTESIAN_POINT('',(212.000000476906,176.500002622556,-118.000000938611));
#7779=CARTESIAN_POINT('',(229.347766659101,176.500002622552,-73.2995900016859));
#7780=CARTESIAN_POINT('',(232.000000476872,176.500002622551,-73.2995900016838));
#7781=CARTESIAN_POINT('',(229.347766659124,176.500002622552,-103.500001132313));
#7782=CARTESIAN_POINT('Origin',(232.000000476866,182.000002622551,-63.7749181259705));
#7783=CARTESIAN_POINT('',(212.000000476862,178.000002652358,-60.0000008767711));
#7784=CARTESIAN_POINT('',(232.000000476862,178.000002652354,-60.0000008767558));
#7785=CARTESIAN_POINT('Origin',(212.000000476866,182.000002622556,-63.7749181259858));
#7786=CARTESIAN_POINT('Origin',(232.000000476911,178.000002652354,-124.000001847566));
#7787=CARTESIAN_POINT('',(212.000000476861,178.000002652358,-59.0000018475818));
#7788=CARTESIAN_POINT('',(232.000000476861,178.000002652354,-59.0000018475665));
#7789=CARTESIAN_POINT('',(212.000000476861,178.000002652358,-58.0000018475818));
#7790=CARTESIAN_POINT('Origin',(232.000000476862,179.000002652354,-59.0000018475665));
#7791=CARTESIAN_POINT('Origin',(212.000000476862,179.000002652358,-59.0000018475818));
#7792=CARTESIAN_POINT('Ctrl Pts',(231.115720321022,255.937502644903,-77.7794878954347));
#7793=CARTESIAN_POINT('Ctrl Pts',(230.699582642116,256.65123201086,-77.1037794331312));
#7794=CARTESIAN_POINT('Ctrl Pts',(230.014725308487,257.131440587795,-76.2746330525443));
#7795=CARTESIAN_POINT('Ctrl Pts',(229.608830028468,257.361605148616,-75.3168217062788));
#7796=CARTESIAN_POINT('Ctrl Pts',(230.640480950737,255.833131208065,-77.8782993868186));
#7797=CARTESIAN_POINT('Ctrl Pts',(230.314700501226,256.542667190803,-77.2480932248154));
#7798=CARTESIAN_POINT('Ctrl Pts',(229.713794154805,257.085240349321,-76.4019233169894));
#7799=CARTESIAN_POINT('Ctrl Pts',(229.351136666233,257.343884215926,-75.3905659453437));
#7800=CARTESIAN_POINT('Ctrl Pts',(229.813230519487,255.884757728563,-78.2967346880674));
#7801=CARTESIAN_POINT('Ctrl Pts',(229.639725225216,256.557470628258,-77.6165589777524));
#7802=CARTESIAN_POINT('Ctrl Pts',(229.187723009507,257.135071473259,-76.6754908758939));
#7803=CARTESIAN_POINT('Ctrl Pts',(228.900379719277,257.406330794887,-75.5420141276928));
#7804=CARTESIAN_POINT('Ctrl Pts',(229.363641134901,256.317381670793,-78.9514740090871));
#7805=CARTESIAN_POINT('Ctrl Pts',(229.16523196541,256.932884636099,-78.0849803613677));
#7806=CARTESIAN_POINT('Ctrl Pts',(228.761565437258,257.400340396121,-76.9902093458676));
#7807=CARTESIAN_POINT('Ctrl Pts',(228.512478056705,257.622997362201,-75.7114957620981));
#7808=CARTESIAN_POINT('Ctrl Pts',(229.269432383372,256.543593759405,-79.2318566643713));
#7809=CARTESIAN_POINT('Ctrl Pts',(229.019749776028,257.14312642681,-78.2858648171452));
#7810=CARTESIAN_POINT('Ctrl Pts',(228.60883537585,257.546501631435,-77.1250598843241));
#7811=CARTESIAN_POINT('Ctrl Pts',(228.365298207838,257.739839862525,-75.784123999552));
#7812=CARTESIAN_POINT('',(228.365298207838,257.739839862525,-75.784123999552));
#7813=CARTESIAN_POINT('',(229.608830028468,257.361605148616,-75.3168217062788));
#7814=CARTESIAN_POINT('Origin',(229.608830028469,259.3062461352,-75.7841239995511));
#7815=CARTESIAN_POINT('',(231.115720321022,255.937502644903,-77.7794878954347));
#7816=CARTESIAN_POINT('Ctrl Pts',(229.608830028468,257.361605148616,-75.3168217062788));
#7817=CARTESIAN_POINT('Ctrl Pts',(230.014725308487,257.131440587795,-76.2746330525443));
#7818=CARTESIAN_POINT('Ctrl Pts',(230.699582642116,256.65123201086,-77.1037794331312));
#7819=CARTESIAN_POINT('Ctrl Pts',(231.115720321022,255.937502644903,-77.7794878954347));
#7820=CARTESIAN_POINT('',(229.269432383372,256.543593759405,-79.2318566643713));
#7821=CARTESIAN_POINT('Origin',(231.115720321024,257.312502630002,-79.2318566643699));
#7822=CARTESIAN_POINT('Ctrl Pts',(229.269432383372,256.543593759405,-79.2318566643713));
#7823=CARTESIAN_POINT('Ctrl Pts',(229.019749776028,257.14312642681,-78.2858648171452));
#7824=CARTESIAN_POINT('Ctrl Pts',(228.60883537585,257.546501631435,-77.1250598843241));
#7825=CARTESIAN_POINT('Ctrl Pts',(228.365298207838,257.739839862525,-75.784123999552));
#7826=CARTESIAN_POINT('Ctrl Pts',(231.233776302151,255.000002622551,-79.9580410488373));
#7827=CARTESIAN_POINT('Ctrl Pts',(231.23377630215,255.000002622551,-79.1337880861875));
#7828=CARTESIAN_POINT('Ctrl Pts',(231.19525104165,255.36460012375,-78.3218714655707));
#7829=CARTESIAN_POINT('Ctrl Pts',(231.115720321022,255.937502644903,-77.7794878954346));
#7830=CARTESIAN_POINT('Ctrl Pts',(230.760251268875,255.000002622552,-79.9580410488377));
#7831=CARTESIAN_POINT('Ctrl Pts',(230.760251268875,255.000002622552,-79.177399097678));
#7832=CARTESIAN_POINT('Ctrl Pts',(230.723438237037,255.324970522096,-78.4121691943425));
#7833=CARTESIAN_POINT('Ctrl Pts',(230.640480950737,255.833131208065,-77.8782993868185));
#7834=CARTESIAN_POINT('Ctrl Pts',(229.935227822659,255.307432740065,-79.9580410488383));
#7835=CARTESIAN_POINT('Ctrl Pts',(229.935227822658,255.307432740065,-79.3397243406209));
#7836=CARTESIAN_POINT('Ctrl Pts',(229.90103758966,255.536005506815,-78.7327620496662));
#7837=CARTESIAN_POINT('Ctrl Pts',(229.813230554622,255.884757764739,-78.2967347108234));
#7838=CARTESIAN_POINT('Ctrl Pts',(229.454606085036,256.019859551659,-79.9580410488387));
#7839=CARTESIAN_POINT('Ctrl Pts',(229.454606085035,256.019859551659,-79.5803211127326));
#7840=CARTESIAN_POINT('Ctrl Pts',(229.427614834653,256.137735071393,-79.2087129133658));
#7841=CARTESIAN_POINT('Ctrl Pts',(229.363641134901,256.317381670793,-78.951474009087));
#7842=CARTESIAN_POINT('Ctrl Pts',(229.340265972049,256.356093754935,-79.9580410488388));
#7843=CARTESIAN_POINT('Ctrl Pts',(229.340265972049,256.356093754935,-79.6832900612887));
#7844=CARTESIAN_POINT('Ctrl Pts',(229.317150815749,256.429013255175,-79.4126511877499));
#7845=CARTESIAN_POINT('Ctrl Pts',(229.269432383372,256.543593759406,-79.2318566643712));
#7846=CARTESIAN_POINT('',(231.233776302151,255.000002622551,-79.9580410488373));
#7847=CARTESIAN_POINT('',(229.340265972049,256.356093754935,-79.9580410488388));
#7848=CARTESIAN_POINT('Origin',(231.233776302152,257.000002622552,-79.9580410488373));
#7849=CARTESIAN_POINT('Ctrl Pts',(229.340265972049,256.356093754935,-79.9580410488388));
#7850=CARTESIAN_POINT('Ctrl Pts',(229.340265972049,256.356093754935,-79.6832900612887));
#7851=CARTESIAN_POINT('Ctrl Pts',(229.317150815749,256.429013255175,-79.4126511877499));
#7852=CARTESIAN_POINT('Ctrl Pts',(229.269432383372,256.543593759406,-79.2318566643712));
#7853=CARTESIAN_POINT('Ctrl Pts',(231.115720321022,255.937502644903,-77.7794878954346));
#7854=CARTESIAN_POINT('Ctrl Pts',(231.19525104165,255.36460012375,-78.3218714655707));
#7855=CARTESIAN_POINT('Ctrl Pts',(231.23377630215,255.000002622551,-79.1337880861875));
#7856=CARTESIAN_POINT('Ctrl Pts',(231.233776302151,255.000002622551,-79.9580410488373));
#7857=CARTESIAN_POINT('Ctrl Pts',(229.608830028468,257.361605148616,-75.3168217062788));
#7858=CARTESIAN_POINT('Ctrl Pts',(229.450993118058,257.451107207286,-74.9443660727871));
#7859=CARTESIAN_POINT('Ctrl Pts',(229.34776665912,257.500002682156,-74.5478609220732));
#7860=CARTESIAN_POINT('Ctrl Pts',(229.34776665912,257.500002682156,-74.1485659730982));
#7861=CARTESIAN_POINT('Ctrl Pts',(229.157866644557,257.330593516408,-75.4458741246424));
#7862=CARTESIAN_POINT('Ctrl Pts',(229.029584773336,257.43977068984,-75.0370599119717));
#7863=CARTESIAN_POINT('Ctrl Pts',(228.943791849324,257.500002682157,-74.5943801020444));
#7864=CARTESIAN_POINT('Ctrl Pts',(228.943791849323,257.500002682157,-74.1485659730985));
#7865=CARTESIAN_POINT('Ctrl Pts',(228.708717855194,257.467207361771,-75.6146581121595));
#7866=CARTESIAN_POINT('Ctrl Pts',(228.609164238066,257.569410702667,-75.1497920908608));
#7867=CARTESIAN_POINT('Ctrl Pts',(228.540709077104,257.626008630336,-74.6509079373317));
#7868=CARTESIAN_POINT('Ctrl Pts',(228.540709077104,257.626008630336,-74.1485659730988));
#7869=CARTESIAN_POINT('Ctrl Pts',(228.365298207838,257.739839862525,-75.7841239995521));
#7870=CARTESIAN_POINT('Ctrl Pts',(228.270596061592,257.815021591807,-75.2626861126635));
#7871=CARTESIAN_POINT('Ctrl Pts',(228.208660186229,257.856093790698,-74.7075789016642));
#7872=CARTESIAN_POINT('Ctrl Pts',(228.208660186229,257.856093790698,-74.148565973099));
#7873=CARTESIAN_POINT('',(228.935197061393,257.543018694733,-74.1485659730986));
#7874=CARTESIAN_POINT('Ctrl Pts',(228.365298207838,257.739839862525,-75.7841239995521));
#7875=CARTESIAN_POINT('Ctrl Pts',(228.441011287446,257.679733091137,-75.1807916997928));
#7876=CARTESIAN_POINT('Ctrl Pts',(228.672330925155,257.603347116716,-74.7164167889799));
#7877=CARTESIAN_POINT('Ctrl Pts',(228.828231184629,257.564440011473,-74.3904013233556));
#7878=CARTESIAN_POINT('Ctrl Pts',(228.890705321256,257.552398403228,-74.2685275645153));
#7879=CARTESIAN_POINT('Ctrl Pts',(228.935197061393,257.543018694733,-74.1485659730985));
#7880=CARTESIAN_POINT('',(229.34776665912,257.500002682156,-74.1485659730983));
#7881=CARTESIAN_POINT('Origin',(229.347766659121,259.500002682156,-74.1485659730983));
#7882=CARTESIAN_POINT('Ctrl Pts',(229.34776665912,257.500002682156,-74.1485659730982));
#7883=CARTESIAN_POINT('Ctrl Pts',(229.34776665912,257.500002682156,-74.5478609220732));
#7884=CARTESIAN_POINT('Ctrl Pts',(229.450993118058,257.451107207286,-74.9443660727871));
#7885=CARTESIAN_POINT('Ctrl Pts',(229.608830028468,257.361605148616,-75.3168217062788));
#7886=CARTESIAN_POINT('Origin',(229.347766659137,259.500002682156,-95.5000014228854));
#7887=CARTESIAN_POINT('',(229.347766659119,257.500002682156,-73.2995900016859));
#7888=CARTESIAN_POINT('',(229.240489179287,257.502881869006,-73.4692472407689));
#7889=CARTESIAN_POINT('Ctrl Pts',(229.240489179287,257.502881869006,-73.4692472407687));
#7890=CARTESIAN_POINT('Ctrl Pts',(229.276657386394,257.500939055089,-73.4120231817768));
#7891=CARTESIAN_POINT('Ctrl Pts',(229.31245352391,257.500002682156,-73.3554249709777));
#7892=CARTESIAN_POINT('Ctrl Pts',(229.347766659119,257.500002682156,-73.2995900016859));
#7893=CARTESIAN_POINT('',(229.347766659136,257.500002682156,-95.5000014228854));
#7894=CARTESIAN_POINT('Ctrl Pts',(228.935197061394,257.543018694733,-74.1485659730948));
#7895=CARTESIAN_POINT('Ctrl Pts',(228.961781437827,257.53741420049,-74.0768874077265));
#7896=CARTESIAN_POINT('Ctrl Pts',(228.98862056947,257.532321559805,-74.0072044758946));
#7897=CARTESIAN_POINT('Ctrl Pts',(229.100217785068,257.513532773235,-73.7302490678407));
#7898=CARTESIAN_POINT('Ctrl Pts',(229.176918444526,257.506296638994,-73.5698266105275));
#7899=CARTESIAN_POINT('Ctrl Pts',(229.240489179287,257.502881869006,-73.4692472407689));
#7900=CARTESIAN_POINT('Ctrl Pts',(229.340265972063,256.356093754935,-98.041961603217));
#7901=CARTESIAN_POINT('Ctrl Pts',(229.340265972063,256.356093754935,-98.3167056760243));
#7902=CARTESIAN_POINT('Ctrl Pts',(229.317150523943,256.429013955887,-98.5873525699473));
#7903=CARTESIAN_POINT('Ctrl Pts',(229.269432383387,256.543593759406,-98.7681459876847));
#7904=CARTESIAN_POINT('Ctrl Pts',(229.492719456045,255.9077814839,-98.0419616032169));
#7905=CARTESIAN_POINT('Ctrl Pts',(229.492719456045,255.9077814839,-98.4543537470456));
#7906=CARTESIAN_POINT('Ctrl Pts',(229.464684441393,256.040706006975,-98.8587816047357));
#7907=CARTESIAN_POINT('Ctrl Pts',(229.395044052093,256.241977641256,-99.1419895280634));
#7908=CARTESIAN_POINT('Ctrl Pts',(230.049400891283,255.225665458735,-98.0419616032164));
#7909=CARTESIAN_POINT('Ctrl Pts',(230.049400891283,255.225665458735,-98.6934850175953));
#7910=CARTESIAN_POINT('Ctrl Pts',(230.01467577046,255.471023693623,-99.3327417683343));
#7911=CARTESIAN_POINT('Ctrl Pts',(229.926970138291,255.847420689288,-99.792739452697));
#7912=CARTESIAN_POINT('Ctrl Pts',(230.878632527208,255.000002622552,-98.0419616032158));
#7913=CARTESIAN_POINT('Ctrl Pts',(230.878632527209,255.000002622552,-98.8331847635983));
#7914=CARTESIAN_POINT('Ctrl Pts',(230.841222283858,255.33486005287,-99.6108194766795));
#7915=CARTESIAN_POINT('Ctrl Pts',(230.759290793326,255.859224067275,-100.146406138081));
#7916=CARTESIAN_POINT('Ctrl Pts',(231.233776302165,255.000002622551,-98.0419616032155));
#7917=CARTESIAN_POINT('Ctrl Pts',(231.233776302166,255.000002622551,-98.8661938216357));
#7918=CARTESIAN_POINT('Ctrl Pts',(231.195250555298,255.364603627315,-99.6781345034104));
#7919=CARTESIAN_POINT('Ctrl Pts',(231.115720321039,255.937502644903,-100.220514756618));
#7920=CARTESIAN_POINT('',(229.340265972063,256.356093754935,-98.041961603217));
#7921=CARTESIAN_POINT('',(231.233776302165,255.000002622551,-98.0419616032156));
#7922=CARTESIAN_POINT('Origin',(231.233776302165,257.000002622551,-98.0419616032156));
#7923=CARTESIAN_POINT('',(231.115720321039,255.937502644903,-100.220514756618));
#7924=CARTESIAN_POINT('Ctrl Pts',(231.233776302165,255.000002622551,-98.0419616032155));
#7925=CARTESIAN_POINT('Ctrl Pts',(231.233776302166,255.000002622551,-98.8661938216357));
#7926=CARTESIAN_POINT('Ctrl Pts',(231.195250555298,255.364603627315,-99.6781345034104));
#7927=CARTESIAN_POINT('Ctrl Pts',(231.115720321039,255.937502644903,-100.220514756618));
#7928=CARTESIAN_POINT('',(229.269432383387,256.543593759406,-98.7681459876846));
#7929=CARTESIAN_POINT('Origin',(231.115720321039,257.312502630002,-98.7681459876832));
#7930=CARTESIAN_POINT('Ctrl Pts',(229.269432383387,256.543593759406,-98.7681459876847));
#7931=CARTESIAN_POINT('Ctrl Pts',(229.317150523943,256.429013955887,-98.5873525699473));
#7932=CARTESIAN_POINT('Ctrl Pts',(229.340265972063,256.356093754935,-98.3167056760243));
#7933=CARTESIAN_POINT('Ctrl Pts',(229.340265972063,256.356093754935,-98.041961603217));
#7934=CARTESIAN_POINT('Ctrl Pts',(229.269432383387,256.543593759405,-98.7681459876846));
#7935=CARTESIAN_POINT('Ctrl Pts',(229.019718076568,257.143202542932,-99.7142579371752));
#7936=CARTESIAN_POINT('Ctrl Pts',(228.608914642191,257.546438703829,-100.874506320769));
#7937=CARTESIAN_POINT('Ctrl Pts',(228.365298207858,257.739839862525,-102.215878652505));
#7938=CARTESIAN_POINT('Ctrl Pts',(229.395044052093,256.241977641255,-99.1419895280634));
#7939=CARTESIAN_POINT('Ctrl Pts',(229.214984265338,256.863523486407,-99.9810682593416));
#7940=CARTESIAN_POINT('Ctrl Pts',(228.812472411807,257.351362971399,-101.054381289149));
#7941=CARTESIAN_POINT('Ctrl Pts',(228.561538006347,257.584049862094,-102.312716302443));
#7942=CARTESIAN_POINT('Ctrl Pts',(229.92697019383,255.847420762653,-99.7927393996338));
#7943=CARTESIAN_POINT('Ctrl Pts',(229.734726150429,256.530044353674,-100.449665233951));
#7944=CARTESIAN_POINT('Ctrl Pts',(229.262559393025,257.112897813329,-101.368864160195));
#7945=CARTESIAN_POINT('Ctrl Pts',(228.964554749113,257.38681131692,-102.482104599538));
#7946=CARTESIAN_POINT('Ctrl Pts',(230.759290793326,255.859224067275,-100.146406138081));
#7947=CARTESIAN_POINT('Ctrl Pts',(230.410009622252,256.56938315799,-100.78891954088));
#7948=CARTESIAN_POINT('Ctrl Pts',(229.789204797022,257.096846694344,-101.629537051577));
#7949=CARTESIAN_POINT('Ctrl Pts',(229.415560006813,257.348314449099,-102.627872766478));
#7950=CARTESIAN_POINT('Ctrl Pts',(231.115720321039,255.937502644903,-100.220514756618));
#7951=CARTESIAN_POINT('Ctrl Pts',(230.699529809673,256.651322625293,-100.896309006256));
#7952=CARTESIAN_POINT('Ctrl Pts',(230.014857419045,257.131365673979,-101.725057851679));
#7953=CARTESIAN_POINT('Ctrl Pts',(229.608830028489,257.361605148616,-102.683180945776));
#7954=CARTESIAN_POINT('',(229.608830028489,257.361605148616,-102.683180945777));
#7955=CARTESIAN_POINT('',(228.365298207858,257.739839862525,-102.215878652505));
#7956=CARTESIAN_POINT('Origin',(229.608830028489,259.3062461352,-102.215878652504));
#7957=CARTESIAN_POINT('Ctrl Pts',(228.365298207858,257.739839862525,-102.215878652505));
#7958=CARTESIAN_POINT('Ctrl Pts',(228.608914642191,257.546438703829,-100.874506320769));
#7959=CARTESIAN_POINT('Ctrl Pts',(229.019718076568,257.143202542932,-99.7142579371752));
#7960=CARTESIAN_POINT('Ctrl Pts',(229.269432383387,256.543593759405,-98.7681459876846));
#7961=CARTESIAN_POINT('Ctrl Pts',(231.115720321039,255.937502644903,-100.220514756618));
#7962=CARTESIAN_POINT('Ctrl Pts',(230.699529809673,256.651322625293,-100.896309006256));
#7963=CARTESIAN_POINT('Ctrl Pts',(230.014857419045,257.131365673979,-101.725057851679));
#7964=CARTESIAN_POINT('Ctrl Pts',(229.608830028489,257.361605148616,-102.683180945776));
#7965=CARTESIAN_POINT('Origin',(231.233776302163,257.000002622551,-95.500001422884));
#7966=CARTESIAN_POINT('',(229.340265972061,256.356093754935,-95.5000014228855));
#7967=CARTESIAN_POINT('',(231.233776302163,255.000002622551,-95.500001422884));
#7968=CARTESIAN_POINT('Ctrl Pts',(229.347766659143,257.500002682156,-103.851436678958));
#7969=CARTESIAN_POINT('Ctrl Pts',(229.347766659143,257.500002682156,-103.452141729982));
#7970=CARTESIAN_POINT('Ctrl Pts',(229.45099311808,257.451107207286,-103.055636579268));
#7971=CARTESIAN_POINT('Ctrl Pts',(229.608830028489,257.361605148616,-102.683180945777));
#7972=CARTESIAN_POINT('Ctrl Pts',(228.943791849346,257.500002682157,-103.851436678958));
#7973=CARTESIAN_POINT('Ctrl Pts',(228.943791849346,257.500002682157,-103.405622550012));
#7974=CARTESIAN_POINT('Ctrl Pts',(229.029584773357,257.43977068984,-102.962942740085));
#7975=CARTESIAN_POINT('Ctrl Pts',(229.157866644578,257.330593516408,-102.554128527414));
#7976=CARTESIAN_POINT('Ctrl Pts',(228.540709077126,257.626008630336,-103.851436678958));
#7977=CARTESIAN_POINT('Ctrl Pts',(228.540709077126,257.626008630336,-103.349094714725));
#7978=CARTESIAN_POINT('Ctrl Pts',(228.609164238087,257.569410702667,-102.850210561196));
#7979=CARTESIAN_POINT('Ctrl Pts',(228.708717855214,257.467207361771,-102.385344539897));
#7980=CARTESIAN_POINT('Ctrl Pts',(228.208660186251,257.856093790698,-103.851436678958));
#7981=CARTESIAN_POINT('Ctrl Pts',(228.208660186251,257.856093790698,-103.292423750393));
#7982=CARTESIAN_POINT('Ctrl Pts',(228.270596061613,257.815021591807,-102.737316539394));
#7983=CARTESIAN_POINT('Ctrl Pts',(228.365298207858,257.739839862525,-102.215878652505));
#7984=CARTESIAN_POINT('',(228.935197061416,257.543018694733,-103.851436678958));
#7985=CARTESIAN_POINT('Ctrl Pts',(228.935197061416,257.543018694733,-103.851436678958));
#7986=CARTESIAN_POINT('Ctrl Pts',(228.920022819994,257.546217714613,-103.81052287914));
#7987=CARTESIAN_POINT('Ctrl Pts',(228.902500631018,257.549784353231,-103.768793369689));
#7988=CARTESIAN_POINT('Ctrl Pts',(228.799634702546,257.571213075658,-103.539992859786));
#7989=CARTESIAN_POINT('Ctrl Pts',(228.680476714207,257.598374694564,-103.321800386863));
#7990=CARTESIAN_POINT('Ctrl Pts',(228.52105565905,257.655407733922,-102.901452979041));
#7991=CARTESIAN_POINT('Ctrl Pts',(228.477784597652,257.674122534634,-102.765834769535));
#7992=CARTESIAN_POINT('Ctrl Pts',(228.408551131062,257.709553298366,-102.491160764152));
#7993=CARTESIAN_POINT('Ctrl Pts',(228.38269258274,257.726030891607,-102.354488629199));
#7994=CARTESIAN_POINT('Ctrl Pts',(228.365298207858,257.739839862525,-102.215878652505));
#7995=CARTESIAN_POINT('',(229.347766659143,257.500002682156,-103.851436678958));
#7996=CARTESIAN_POINT('Ctrl Pts',(229.608830028489,257.361605148616,-102.683180945777));
#7997=CARTESIAN_POINT('Ctrl Pts',(229.45099311808,257.451107207286,-103.055636579268));
#7998=CARTESIAN_POINT('Ctrl Pts',(229.347766659143,257.500002682156,-103.452141729982));
#7999=CARTESIAN_POINT('Ctrl Pts',(229.347766659143,257.500002682156,-103.851436678958));
#8000=CARTESIAN_POINT('Origin',(229.347766659143,259.500002682156,-103.851436678958));
#8001=CARTESIAN_POINT('Origin',(229.347766659137,259.500002682156,-95.5000014228854));
#8002=CARTESIAN_POINT('',(229.24048917931,257.502881869006,-104.530755411287));
#8003=CARTESIAN_POINT('Ctrl Pts',(229.24048917931,257.502881869006,-104.530755411287));
#8004=CARTESIAN_POINT('Ctrl Pts',(229.158921052791,257.507263388136,-104.40170120437));
#8005=CARTESIAN_POINT('Ctrl Pts',(229.053096093008,257.518163327316,-104.169323896061));
#8006=CARTESIAN_POINT('Ctrl Pts',(228.935197061416,257.543018694733,-103.851436678958));
#8007=CARTESIAN_POINT('',(229.347766659143,257.500002682156,-104.70041265037));
#8008=CARTESIAN_POINT('',(229.347766659136,257.500002682156,-95.5000014228854));
#8009=CARTESIAN_POINT('Ctrl Pts',(229.347766659143,257.500002682156,-104.70041265037));
#8010=CARTESIAN_POINT('Ctrl Pts',(229.312178055316,257.500002682156,-104.644142126951));
#8011=CARTESIAN_POINT('Ctrl Pts',(229.276398868877,257.500952941635,-104.587570452963));
#8012=CARTESIAN_POINT('Ctrl Pts',(229.24048917931,257.502881869006,-104.530755411287));
#8013=CARTESIAN_POINT('Origin',(226.500000476907,255.390230453511,-95.5000014228876));
#8014=CARTESIAN_POINT('',(228.13636411261,257.904651669569,-100.47777309668));
#8015=CARTESIAN_POINT('Ctrl Pts',(228.365298207858,257.739839862525,-102.215878652505));
#8016=CARTESIAN_POINT('Ctrl Pts',(228.293145634349,257.797120034766,-101.640918839298));
#8017=CARTESIAN_POINT('Ctrl Pts',(228.218382021055,257.851086226531,-101.064643319668));
#8018=CARTESIAN_POINT('Ctrl Pts',(228.139144178911,257.902840783409,-100.49762743967));
#8019=CARTESIAN_POINT('Ctrl Pts',(228.137755053816,257.903746457031,-100.487700130418));
#8020=CARTESIAN_POINT('Ctrl Pts',(228.136364113275,257.904651669136,-100.477773100917));
#8021=CARTESIAN_POINT('',(228.13636411299,257.90465166931,-77.5222295528438));
#8022=CARTESIAN_POINT('',(228.136364113271,257.904651669136,-95.5000014228864));
#8023=CARTESIAN_POINT('Ctrl Pts',(228.136364113259,257.904651669135,-77.5222295511369));
#8024=CARTESIAN_POINT('Ctrl Pts',(228.13775484363,257.903746593807,-77.5123040216022));
#8025=CARTESIAN_POINT('Ctrl Pts',(228.139143761455,257.902841055567,-77.5023781955574));
#8026=CARTESIAN_POINT('Ctrl Pts',(228.218482601826,257.85102055947,-76.9346398108827));
#8027=CARTESIAN_POINT('Ctrl Pts',(228.293247620466,257.797039070454,-76.3582711192208));
#8028=CARTESIAN_POINT('Ctrl Pts',(228.365298207838,257.739839862525,-75.784123999552));
#8029=CARTESIAN_POINT('Origin',(232.000000476912,257.500002682156,-102.000001519741));
#8030=CARTESIAN_POINT('',(212.000000476915,257.50000268216,-104.700412650383));
#8031=CARTESIAN_POINT('',(212.000000476925,257.50000268216,-118.000000938611));
#8032=CARTESIAN_POINT('',(232.000000476914,257.500002682156,-104.700412650368));
#8033=CARTESIAN_POINT('',(232.000000476914,257.500002682156,-103.851436678956));
#8034=CARTESIAN_POINT('Origin',(232.000000476913,252.500002682156,-103.851436678956));
#8035=CARTESIAN_POINT('',(232.000000476911,255.937502644903,-100.220514756618));
#8036=CARTESIAN_POINT('Origin',(232.000000476909,258.000002622551,-98.041961603215));
#8037=CARTESIAN_POINT('',(232.000000476909,255.000002622551,-98.041961603215));
#8038=CARTESIAN_POINT('Ctrl Pts',(231.115720299301,178.062502622551,-100.220514745532));
#8039=CARTESIAN_POINT('Ctrl Pts',(230.699582617244,177.348773273911,-100.896223205329));
#8040=CARTESIAN_POINT('Ctrl Pts',(230.014725294396,176.86856470823,-101.725369577557));
#8041=CARTESIAN_POINT('Ctrl Pts',(229.608830022737,176.638400152841,-102.683180912952));
#8042=CARTESIAN_POINT('Ctrl Pts',(230.640480933692,178.166874059658,-100.121703251864));
#8043=CARTESIAN_POINT('Ctrl Pts',(230.314700479886,177.457338091391,-100.751909413734));
#8044=CARTESIAN_POINT('Ctrl Pts',(229.713794142283,176.914764945689,-101.598079314233));
#8045=CARTESIAN_POINT('Ctrl Pts',(229.351136661112,176.656121085132,-102.609436674645));
#8046=CARTESIAN_POINT('Ctrl Pts',(229.813228619773,178.115249487713,-99.7032691776467));
#8047=CARTESIAN_POINT('Ctrl Pts',(229.639723319444,177.44253659919,-100.383444888836));
#8048=CARTESIAN_POINT('Ctrl Pts',(229.187722901742,176.864934068694,-101.324511788152));
#8049=CARTESIAN_POINT('Ctrl Pts',(228.900379617247,176.593674753369,-102.45798852381));
#8050=CARTESIAN_POINT('Ctrl Pts',(229.363641124517,177.682623601784,-99.0485286418276));
#8051=CARTESIAN_POINT('Ctrl Pts',(229.165231951389,177.067120649287,-99.9150222873423));
#8052=CARTESIAN_POINT('Ctrl Pts',(228.761565428703,176.599664900236,-101.009793292314));
#8053=CARTESIAN_POINT('Ctrl Pts',(228.512478053187,176.377007939362,-102.288506861667));
#8054=CARTESIAN_POINT('Ctrl Pts',(229.269432370337,177.45641151401,-98.768145990706));
#8055=CARTESIAN_POINT('Ctrl Pts',(229.019749761103,176.856878861152,-99.7141378344207));
#8056=CARTESIAN_POINT('Ctrl Pts',(228.608835367394,176.45350366598,-100.87494275554));
#8057=CARTESIAN_POINT('Ctrl Pts',(228.3652982044,176.260165439453,-102.215878625092));
#8058=CARTESIAN_POINT('',(228.3652982044,176.260165439453,-102.215878625092));
#8059=CARTESIAN_POINT('Origin',(229.608830022737,174.693759164956,-102.215878625091));
#8060=CARTESIAN_POINT('',(229.269432370337,177.45641151401,-98.768145990706));
#8061=CARTESIAN_POINT('Origin',(231.1157202993,176.687502622551,-98.7681459907046));
#8062=CARTESIAN_POINT('Ctrl Pts',(229.269432370337,177.45641151401,-98.768145990706));
#8063=CARTESIAN_POINT('Ctrl Pts',(229.019749761103,176.856878861152,-99.7141378344207));
#8064=CARTESIAN_POINT('Ctrl Pts',(228.608835367394,176.45350366598,-100.87494275554));
#8065=CARTESIAN_POINT('Ctrl Pts',(228.3652982044,176.260165439453,-102.215878625092));
#8066=CARTESIAN_POINT('Ctrl Pts',(231.233776281878,179.000002622551,-98.0419616132905));
#8067=CARTESIAN_POINT('Ctrl Pts',(231.233776281879,179.000002622551,-98.8662145660798));
#8068=CARTESIAN_POINT('Ctrl Pts',(231.19525102059,178.635405130227,-99.6781311770095));
#8069=CARTESIAN_POINT('Ctrl Pts',(231.115720299301,178.062502622551,-100.220514745532));
#8070=CARTESIAN_POINT('Ctrl Pts',(230.760251253399,179.000002622552,-98.0419616132909));
#8071=CARTESIAN_POINT('Ctrl Pts',(230.7602512534,179.000002622552,-98.8226035537049));
#8072=CARTESIAN_POINT('Ctrl Pts',(230.72343822057,178.675034732115,-99.5878334468204));
#8073=CARTESIAN_POINT('Ctrl Pts',(230.640480933692,178.166874059658,-100.121703251864));
#8074=CARTESIAN_POINT('Ctrl Pts',(229.935226205715,178.692574455494,-98.0419616132915));
#8075=CARTESIAN_POINT('Ctrl Pts',(229.935226205716,178.692574455494,-98.6602783121029));
#8076=CARTESIAN_POINT('Ctrl Pts',(229.901035655928,178.464001734373,-99.2672418410164));
#8077=CARTESIAN_POINT('Ctrl Pts',(229.813228620431,178.115249487035,-99.7032691772203));
#8078=CARTESIAN_POINT('Ctrl Pts',(229.454606075946,177.980145712441,-98.0419616132919));
#8079=CARTESIAN_POINT('Ctrl Pts',(229.454606075946,177.980145712441,-98.4196815442804));
#8080=CARTESIAN_POINT('Ctrl Pts',(229.427614824702,177.862270196167,-98.7912897387137));
#8081=CARTESIAN_POINT('Ctrl Pts',(229.363641124517,177.682623601784,-99.0485286418276));
#8082=CARTESIAN_POINT('Ctrl Pts',(229.340265959883,177.64391151401,-98.041961613292));
#8083=CARTESIAN_POINT('Ctrl Pts',(229.340265959884,177.64391151401,-98.316712597555));
#8084=CARTESIAN_POINT('Ctrl Pts',(229.31715080311,177.570992015545,-98.5873514678652));
#8085=CARTESIAN_POINT('Ctrl Pts',(229.269432370337,177.45641151401,-98.768145990706));
#8086=CARTESIAN_POINT('',(229.340265959883,177.64391151401,-98.041961613292));
#8087=CARTESIAN_POINT('Origin',(231.233776281878,177.000002622551,-98.0419616132906));
#8088=CARTESIAN_POINT('Ctrl Pts',(229.340265959883,177.64391151401,-98.041961613292));
#8089=CARTESIAN_POINT('Ctrl Pts',(229.340265959884,177.64391151401,-98.316712597555));
#8090=CARTESIAN_POINT('Ctrl Pts',(229.31715080311,177.570992015545,-98.5873514678652));
#8091=CARTESIAN_POINT('Ctrl Pts',(229.269432370337,177.45641151401,-98.768145990706));
#8092=CARTESIAN_POINT('Ctrl Pts',(229.608830022737,176.638400152841,-102.683180912952));
#8093=CARTESIAN_POINT('Ctrl Pts',(229.450993115485,176.54889809623,-103.055636542437));
#8094=CARTESIAN_POINT('Ctrl Pts',(229.347766659124,176.500002622552,-103.452141688461));
#8095=CARTESIAN_POINT('Ctrl Pts',(229.347766659124,176.500002622552,-103.851436632603));
#8096=CARTESIAN_POINT('Ctrl Pts',(229.157866639893,176.669411784351,-102.554128495915));
#8097=CARTESIAN_POINT('Ctrl Pts',(229.029584771191,176.560234613394,-102.962942704355));
#8098=CARTESIAN_POINT('Ctrl Pts',(228.943791849327,176.500002622552,-103.405622509054));
#8099=CARTESIAN_POINT('Ctrl Pts',(228.943791849327,176.500002622552,-103.851436632604));
#8100=CARTESIAN_POINT('Ctrl Pts',(228.708717851571,176.532797939241,-102.385344510433));
#8101=CARTESIAN_POINT('Ctrl Pts',(228.609164236349,176.430594600654,-102.85021052682));
#8102=CARTESIAN_POINT('Ctrl Pts',(228.540709077107,176.373996674373,-103.349094674451));
#8103=CARTESIAN_POINT('Ctrl Pts',(228.540709077108,176.373996674373,-103.851436632604));
#8104=CARTESIAN_POINT('Ctrl Pts',(228.3652982044,176.260165439453,-102.215878625092));
#8105=CARTESIAN_POINT('Ctrl Pts',(228.270596060048,176.184983711901,-102.737316506371));
#8106=CARTESIAN_POINT('Ctrl Pts',(228.208660186232,176.143911514011,-103.292423710805));
#8107=CARTESIAN_POINT('Ctrl Pts',(228.208660186233,176.143911514011,-103.851436632604));
#8108=CARTESIAN_POINT('',(228.935197044205,176.456986606351,-103.851436632603));
#8109=CARTESIAN_POINT('Ctrl Pts',(228.3652982044,176.260165439453,-102.215878625092));
#8110=CARTESIAN_POINT('Ctrl Pts',(228.441011384481,176.320272290422,-102.819211724828));
#8111=CARTESIAN_POINT('Ctrl Pts',(228.672331565577,176.396658356469,-103.283587207003));
#8112=CARTESIAN_POINT('Ctrl Pts',(228.828231339488,176.435565321787,-103.609601613802));
#8113=CARTESIAN_POINT('Ctrl Pts',(228.890705366326,176.447606910573,-103.7314752071));
#8114=CARTESIAN_POINT('Ctrl Pts',(228.935197044205,176.456986606351,-103.851436632604));
#8115=CARTESIAN_POINT('Origin',(229.347766659124,174.500002622552,-103.851436632603));
#8116=CARTESIAN_POINT('Origin',(229.347766659124,174.500002622552,-103.500001132313));
#8117=CARTESIAN_POINT('',(229.240489179293,176.497123435703,-104.530755411288));
#8118=CARTESIAN_POINT('Ctrl Pts',(229.240489179293,176.497123435703,-104.530755411288));
#8119=CARTESIAN_POINT('Ctrl Pts',(229.27639886886,176.499052363073,-104.587570452963));
#8120=CARTESIAN_POINT('Ctrl Pts',(229.312178055298,176.500002622552,-104.644142126951));
#8121=CARTESIAN_POINT('Ctrl Pts',(229.347766659125,176.500002622552,-104.70041265037));
#8122=CARTESIAN_POINT('Ctrl Pts',(228.935197044207,176.456986606351,-103.851436632607));
#8123=CARTESIAN_POINT('Ctrl Pts',(228.961781426876,176.462591102153,-103.923115215953));
#8124=CARTESIAN_POINT('Ctrl Pts',(228.988620564876,176.467683744156,-103.992798164893));
#8125=CARTESIAN_POINT('Ctrl Pts',(229.100217786199,176.48647253158,-104.269753586564));
#8126=CARTESIAN_POINT('Ctrl Pts',(229.176918444995,176.493708665739,-104.430176042261));
#8127=CARTESIAN_POINT('Ctrl Pts',(229.240489179293,176.497123435703,-104.530755411288));
#8128=CARTESIAN_POINT('Ctrl Pts',(229.340265959869,177.64391151401,-79.9580410387638));
#8129=CARTESIAN_POINT('Ctrl Pts',(229.340265959869,177.64391151401,-79.6832969692433));
#8130=CARTESIAN_POINT('Ctrl Pts',(229.317150511275,177.570991314833,-79.4126500785495));
#8131=CARTESIAN_POINT('Ctrl Pts',(229.269432370322,177.45641151401,-79.2318566613499));
#8132=CARTESIAN_POINT('Ctrl Pts',(229.492719447952,178.092223778584,-79.9580410387637));
#8133=CARTESIAN_POINT('Ctrl Pts',(229.492719447952,178.092223778584,-79.5456489006822));
#8134=CARTESIAN_POINT('Ctrl Pts',(229.464684432305,177.959299259518,-79.1412210484609));
#8135=CARTESIAN_POINT('Ctrl Pts',(229.395044042561,177.758027631042,-78.8580131265209));
#8136=CARTESIAN_POINT('Ctrl Pts',(230.049398618103,178.774343473614,-79.9580410387633));
#8137=CARTESIAN_POINT('Ctrl Pts',(230.049398618102,178.774343473614,-79.3065176343356));
#8138=CARTESIAN_POINT('Ctrl Pts',(230.014673045795,178.528985150727,-78.6672582989238));
#8139=CARTESIAN_POINT('Ctrl Pts',(229.926967413156,178.152588166417,-78.2072606173535));
#8140=CARTESIAN_POINT('Ctrl Pts',(230.878632510505,179.000002622552,-79.9580410387626));
#8141=CARTESIAN_POINT('Ctrl Pts',(230.878632510505,179.000002622552,-79.166817888885));
#8142=CARTESIAN_POINT('Ctrl Pts',(230.841222266217,178.665145201304,-78.3891831859308));
#8143=CARTESIAN_POINT('Ctrl Pts',(230.759290775077,178.140781200382,-77.8535965267723));
#8144=CARTESIAN_POINT('Ctrl Pts',(231.233776281864,179.000002622551,-79.9580410387624));
#8145=CARTESIAN_POINT('Ctrl Pts',(231.233776281864,179.000002622551,-79.1338088302001));
#8146=CARTESIAN_POINT('Ctrl Pts',(231.195250534208,178.63540162667,-78.321868158123));
#8147=CARTESIAN_POINT('Ctrl Pts',(231.115720299284,178.062502622551,-77.7794879065208));
#8148=CARTESIAN_POINT('',(229.340265959869,177.64391151401,-79.9580410387638));
#8149=CARTESIAN_POINT('Origin',(231.233776281864,177.000002622551,-79.9580410387623));
#8150=CARTESIAN_POINT('',(229.269432370322,177.45641151401,-79.23185666135));
#8151=CARTESIAN_POINT('Origin',(231.115720299285,176.687502622551,-79.2318566613485));
#8152=CARTESIAN_POINT('Ctrl Pts',(229.269432370322,177.45641151401,-79.2318566613499));
#8153=CARTESIAN_POINT('Ctrl Pts',(229.317150511275,177.570991314833,-79.4126500785495));
#8154=CARTESIAN_POINT('Ctrl Pts',(229.340265959869,177.64391151401,-79.6832969692433));
#8155=CARTESIAN_POINT('Ctrl Pts',(229.340265959869,177.64391151401,-79.9580410387638));
#8156=CARTESIAN_POINT('Ctrl Pts',(229.269432370322,177.45641151401,-79.23185666135));
#8157=CARTESIAN_POINT('Ctrl Pts',(229.019718061614,176.856802745044,-78.2857447153896));
#8158=CARTESIAN_POINT('Ctrl Pts',(228.608914633685,176.453566593574,-77.1254963434055));
#8159=CARTESIAN_POINT('Ctrl Pts',(228.36529820438,176.260165439453,-75.7841240269651));
#8160=CARTESIAN_POINT('Ctrl Pts',(229.395044042561,177.758027631043,-78.858013126521));
#8161=CARTESIAN_POINT('Ctrl Pts',(229.214984251538,177.136481798121,-78.0189343969834));
#8162=CARTESIAN_POINT('Ctrl Pts',(228.812472403169,176.648642324587,-76.9456213772729));
#8163=CARTESIAN_POINT('Ctrl Pts',(228.561538002763,176.415955439332,-75.6872863781986));
#8164=CARTESIAN_POINT('Ctrl Pts',(229.92696730449,178.152588309965,-78.2072605135303));
#8165=CARTESIAN_POINT('Ctrl Pts',(229.734723255166,177.4699647304,-77.5503346780581));
#8166=CARTESIAN_POINT('Ctrl Pts',(229.262559236167,176.887107949221,-76.631138442053));
#8167=CARTESIAN_POINT('Ctrl Pts',(228.964554598235,176.613194452012,-75.5178980150541));
#8168=CARTESIAN_POINT('Ctrl Pts',(230.759290775077,178.140781200382,-77.8535965267723));
#8169=CARTESIAN_POINT('Ctrl Pts',(230.410009600034,177.430622124873,-77.2110831247521));
#8170=CARTESIAN_POINT('Ctrl Pts',(229.789204784045,176.903158600909,-76.3704656215339));
#8171=CARTESIAN_POINT('Ctrl Pts',(229.415560001498,176.651690852059,-75.3721299178341));
#8172=CARTESIAN_POINT('Ctrl Pts',(231.115720299284,178.062502622551,-77.7794879065208));
#8173=CARTESIAN_POINT('Ctrl Pts',(230.699529784772,177.348682659496,-77.1036936594067));
#8174=CARTESIAN_POINT('Ctrl Pts',(230.014857404891,176.868639622032,-76.2749448222754));
#8175=CARTESIAN_POINT('Ctrl Pts',(229.608830022716,176.638400152841,-75.3168217391037));
#8176=CARTESIAN_POINT('',(228.36529820438,176.260165439453,-75.7841240269651));
#8177=CARTESIAN_POINT('Origin',(229.608830022716,174.693759164956,-75.7841240269642));
#8178=CARTESIAN_POINT('Ctrl Pts',(228.36529820438,176.260165439453,-75.7841240269651));
#8179=CARTESIAN_POINT('Ctrl Pts',(228.608914633685,176.453566593574,-77.1254963434055));
#8180=CARTESIAN_POINT('Ctrl Pts',(229.019718061614,176.856802745044,-78.2857447153896));
#8181=CARTESIAN_POINT('Ctrl Pts',(229.269432370322,177.45641151401,-79.23185666135));
#8182=CARTESIAN_POINT('Origin',(231.233776281882,177.000002622551,-103.500001132311));
#8183=CARTESIAN_POINT('',(229.340265959887,177.64391151401,-103.500001132313));
#8184=CARTESIAN_POINT('Ctrl Pts',(229.347766659102,176.500002622552,-74.1485660194527));
#8185=CARTESIAN_POINT('Ctrl Pts',(229.347766659102,176.500002622552,-74.547860963595));
#8186=CARTESIAN_POINT('Ctrl Pts',(229.450993115463,176.54889809623,-74.9443661096191));
#8187=CARTESIAN_POINT('Ctrl Pts',(229.608830022716,176.638400152841,-75.3168217391037));
#8188=CARTESIAN_POINT('Ctrl Pts',(228.943791849305,176.500002622552,-74.148566019453));
#8189=CARTESIAN_POINT('Ctrl Pts',(228.943791849305,176.500002622552,-74.5943801430031));
#8190=CARTESIAN_POINT('Ctrl Pts',(229.02958477117,176.560234613393,-75.0370599477009));
#8191=CARTESIAN_POINT('Ctrl Pts',(229.157866639873,176.669411784351,-75.4458741561414));
#8192=CARTESIAN_POINT('Ctrl Pts',(228.540709077085,176.373996674373,-74.1485660194533));
#8193=CARTESIAN_POINT('Ctrl Pts',(228.540709077086,176.373996674373,-74.6509079776062));
#8194=CARTESIAN_POINT('Ctrl Pts',(228.609164236328,176.430594600654,-75.1497921252366));
#8195=CARTESIAN_POINT('Ctrl Pts',(228.708717851551,176.532797939241,-75.6146581416238));
#8196=CARTESIAN_POINT('Ctrl Pts',(228.20866018621,176.143911514011,-74.1485660194535));
#8197=CARTESIAN_POINT('Ctrl Pts',(228.20866018621,176.143911514011,-74.7075789412528));
#8198=CARTESIAN_POINT('Ctrl Pts',(228.270596060027,176.1849837119,-75.2626861456863));
#8199=CARTESIAN_POINT('Ctrl Pts',(228.36529820438,176.260165439453,-75.7841240269651));
#8200=CARTESIAN_POINT('',(228.935197044183,176.456986606351,-74.148566019453));
#8201=CARTESIAN_POINT('Ctrl Pts',(228.935197044183,176.456986606351,-74.148566019453));
#8202=CARTESIAN_POINT('Ctrl Pts',(228.920022628474,176.453787549589,-74.1894802898607));
#8203=CARTESIAN_POINT('Ctrl Pts',(228.902500214063,176.450220866237,-74.2312102815301));
#8204=CARTESIAN_POINT('Ctrl Pts',(228.799633401246,176.428791948575,-74.4600124406653));
#8205=CARTESIAN_POINT('Ctrl Pts',(228.680474607001,176.401630066453,-74.6782064224819));
#8206=CARTESIAN_POINT('Ctrl Pts',(228.521053888101,176.344596836047,-75.0985550308622));
#8207=CARTESIAN_POINT('Ctrl Pts',(228.477783335542,176.325882178426,-75.2341723177568));
#8208=CARTESIAN_POINT('Ctrl Pts',(228.408550695481,176.290451728949,-75.508844198228));
#8209=CARTESIAN_POINT('Ctrl Pts',(228.382692433586,176.273974294682,-75.6455152112572));
#8210=CARTESIAN_POINT('Ctrl Pts',(228.36529820438,176.260165439453,-75.7841240269651));
#8211=CARTESIAN_POINT('Origin',(229.347766659101,174.500002622552,-74.1485660194527));
#8212=CARTESIAN_POINT('Origin',(229.347766659124,174.500002622552,-103.500001132313));
#8213=CARTESIAN_POINT('',(229.240489179269,176.497123435703,-73.4692472407683));
#8214=CARTESIAN_POINT('Ctrl Pts',(229.240489179269,176.497123435703,-73.4692472407683));
#8215=CARTESIAN_POINT('Ctrl Pts',(229.158921050684,176.492741916462,-73.5983014509537));
#8216=CARTESIAN_POINT('Ctrl Pts',(229.053096081508,176.481841976058,-73.8306787817207));
#8217=CARTESIAN_POINT('Ctrl Pts',(228.935197044182,176.456986606351,-74.1485660194529));
#8218=CARTESIAN_POINT('Ctrl Pts',(229.347766659101,176.500002622552,-73.2995900016859));
#8219=CARTESIAN_POINT('Ctrl Pts',(229.312453523892,176.500002622552,-73.3554249709775));
#8220=CARTESIAN_POINT('Ctrl Pts',(229.276657386377,176.499066249619,-73.4120231817772));
#8221=CARTESIAN_POINT('Ctrl Pts',(229.24048917927,176.497123435703,-73.4692472407687));
#8222=CARTESIAN_POINT('Origin',(226.500000476896,178.609774851199,-103.500001132315));
#8223=CARTESIAN_POINT('',(228.136364112574,176.09535363514,-77.5222295553769));
#8224=CARTESIAN_POINT('Ctrl Pts',(228.36529820438,176.260165439453,-75.7841240269651));
#8225=CARTESIAN_POINT('Ctrl Pts',(228.293145636156,176.20288527158,-76.3590837974315));
#8226=CARTESIAN_POINT('Ctrl Pts',(228.218382025573,176.148919081173,-76.9353592993984));
#8227=CARTESIAN_POINT('Ctrl Pts',(228.139144178604,176.097164521123,-77.5023752143451));
#8228=CARTESIAN_POINT('Ctrl Pts',(228.137755054491,176.096258848141,-77.5123025165664));
#8229=CARTESIAN_POINT('Ctrl Pts',(228.136364113239,176.095353635573,-77.5222295511405));
#8230=CARTESIAN_POINT('',(228.136364112989,176.0953536354,-100.477773099218));
#8231=CARTESIAN_POINT('',(228.136364113259,176.095353635573,-103.500001132314));
#8232=CARTESIAN_POINT('Ctrl Pts',(228.136364113257,176.095353635574,-100.477773100921));
#8233=CARTESIAN_POINT('Ctrl Pts',(228.137754843177,176.096258710608,-100.487698627232));
#8234=CARTESIAN_POINT('Ctrl Pts',(228.139143760471,176.097164248501,-100.497624449477));
#8235=CARTESIAN_POINT('Ctrl Pts',(228.218482599681,176.148984743775,-101.065362825337));
#8236=CARTESIAN_POINT('Ctrl Pts',(228.293247617595,176.202966232146,-101.641731510569));
#8237=CARTESIAN_POINT('Ctrl Pts',(228.3652982044,176.260165439453,-102.215878625092));
#8238=CARTESIAN_POINT('Origin',(232.000000476892,262.500002682156,-73.2995900016838));
#8239=CARTESIAN_POINT('',(224.241989073567,258.988097937992,-76.8585961927365));
#8240=CARTESIAN_POINT('',(228.597641104785,257.534969084726,-73.8898792328357));
#8241=CARTESIAN_POINT('Ctrl Pts',(224.241989073567,258.988097937992,-76.8585961927367));
#8242=CARTESIAN_POINT('Ctrl Pts',(224.987197431422,258.418457262324,-76.2964943912894));
#8243=CARTESIAN_POINT('Ctrl Pts',(226.447873899379,257.821752750256,-75.3026948228852));
#8244=CARTESIAN_POINT('Ctrl Pts',(228.033715874819,257.578787901654,-74.2594076966082));
#8245=CARTESIAN_POINT('Ctrl Pts',(228.597660439544,257.534910727524,-73.8899156722741));
#8246=CARTESIAN_POINT('',(212.000000476894,258.988097937995,-76.8585961927459));
#8247=CARTESIAN_POINT('',(232.000000476894,258.988097937991,-76.8585961927306));
#8248=CARTESIAN_POINT('',(212.000000476891,257.50000268216,-73.2995900016991));
#8249=CARTESIAN_POINT('Origin',(212.000000476892,262.50000268216,-73.2995900016991));
#8250=CARTESIAN_POINT('',(232.00000047689,257.500002682156,-73.2995900016838));
#8251=CARTESIAN_POINT('Ctrl Pts',(229.240489179287,257.502881869006,-73.4692472407688));
#8252=CARTESIAN_POINT('Ctrl Pts',(229.02582790997,257.507646952419,-73.6095990325978));
#8253=CARTESIAN_POINT('Ctrl Pts',(228.811365548284,257.518283603414,-73.7498977730373));
#8254=CARTESIAN_POINT('Ctrl Pts',(228.597660439544,257.534910727524,-73.8899156722741));
#8255=CARTESIAN_POINT('Ctrl Pts',(229.400188439351,257.50199596536,-73.6049730320351));
#8256=CARTESIAN_POINT('Ctrl Pts',(229.099754193995,257.51400031826,-74.5242778924246));
#8257=CARTESIAN_POINT('Ctrl Pts',(228.401104658683,257.667604270659,-76.6663721440223));
#8258=CARTESIAN_POINT('Ctrl Pts',(227.764306997867,258.135855853042,-78.6940179029674));
#8259=CARTESIAN_POINT('Ctrl Pts',(227.477688398693,258.530222474658,-79.7058011455717));
#8260=CARTESIAN_POINT('Ctrl Pts',(229.369797381325,257.503210290927,-73.5791086646826));
#8261=CARTESIAN_POINT('Ctrl Pts',(228.978053784036,257.522524221006,-74.420481849002));
#8262=CARTESIAN_POINT('Ctrl Pts',(228.069126452498,257.768303062393,-76.3797873381163));
#8263=CARTESIAN_POINT('Ctrl Pts',(227.375866762584,258.485315069673,-78.1764887921259));
#8264=CARTESIAN_POINT('Ctrl Pts',(227.15769508977,258.970510301557,-79.0239236459434));
#8265=CARTESIAN_POINT('Ctrl Pts',(229.31657126175,257.504290008974,-73.5338460224491));
#8266=CARTESIAN_POINT('Ctrl Pts',(228.764659020279,257.530104734269,-74.2388387893924));
#8267=CARTESIAN_POINT('Ctrl Pts',(227.485058449831,257.858091083005,-75.8775034754432));
#8268=CARTESIAN_POINT('Ctrl Pts',(226.491815658588,258.821567607279,-77.2688271979295));
#8269=CARTESIAN_POINT('Ctrl Pts',(226.179994519303,259.433692930447,-77.8344233813271));
#8270=CARTESIAN_POINT('Ctrl Pts',(229.263313803975,257.503539555778,-73.4886188884347));
#8271=CARTESIAN_POINT('Ctrl Pts',(228.550949803527,257.524837563994,-74.0575520223252));
#8272=CARTESIAN_POINT('Ctrl Pts',(226.895612721973,257.796796462288,-75.3813210791256));
#8273=CARTESIAN_POINT('Ctrl Pts',(225.438717626636,258.604543431265,-76.5484723872287));
#8274=CARTESIAN_POINT('Ctrl Pts',(224.82317762565,259.202110244971,-77.0697761671005));
#8275=CARTESIAN_POINT('Ctrl Pts',(229.240489179287,257.502881869006,-73.4692472407688));
#8276=CARTESIAN_POINT('Ctrl Pts',(228.459360141359,257.520221489862,-73.9799721632079));
#8277=CARTESIAN_POINT('Ctrl Pts',(226.642871349544,257.74209386555,-75.1700245252081));
#8278=CARTESIAN_POINT('Ctrl Pts',(224.987197431422,258.418457262324,-76.2964943912894));
#8279=CARTESIAN_POINT('Ctrl Pts',(224.241989073567,258.988097937992,-76.8585961927367));
#8280=CARTESIAN_POINT('',(227.529433012954,258.461541155158,-79.5245398318008));
#8281=CARTESIAN_POINT('Ctrl Pts',(228.135978483397,257.90410799958,-77.522219175979));
#8282=CARTESIAN_POINT('Ctrl Pts',(227.915095985539,258.047367727836,-78.2250181573976));
#8283=CARTESIAN_POINT('Ctrl Pts',(227.708659872025,258.231376392918,-78.9006062986206));
#8284=CARTESIAN_POINT('Ctrl Pts',(227.529401307291,258.461499626844,-79.5245559186299));
#8285=CARTESIAN_POINT('',(224.999189204997,259.179031668255,-77.1709175683324));
#8286=CARTESIAN_POINT('Ctrl Pts',(224.999189204997,259.179031668255,-77.1709175683323));
#8287=CARTESIAN_POINT('Ctrl Pts',(225.219782080863,259.218562209174,-77.2834663004254));
#8288=CARTESIAN_POINT('Ctrl Pts',(225.652919785113,259.26048198911,-77.5380843795119));
#8289=CARTESIAN_POINT('Ctrl Pts',(226.634376939737,259.182754113796,-78.2756235417598));
#8290=CARTESIAN_POINT('Ctrl Pts',(227.22566694037,258.844861189082,-78.9836272292975));
#8291=CARTESIAN_POINT('Ctrl Pts',(227.52386428228,258.468645743293,-79.5145577562255));
#8292=CARTESIAN_POINT('Ctrl Pts',(227.52665508576,258.465099315599,-79.5195484809087));
#8293=CARTESIAN_POINT('Ctrl Pts',(227.529433012954,258.461541155158,-79.5245398318008));
#8294=CARTESIAN_POINT('Ctrl Pts',(224.241989073567,258.988097937992,-76.8585961927365));
#8295=CARTESIAN_POINT('Ctrl Pts',(224.487421715944,259.067010700209,-76.9364645888921));
#8296=CARTESIAN_POINT('Ctrl Pts',(224.742493745931,259.133031495726,-77.0399489305715));
#8297=CARTESIAN_POINT('Ctrl Pts',(224.999189204997,259.179031668255,-77.1709175683323));
#8298=CARTESIAN_POINT('Origin',(229.500000476908,260.000002682156,-95.5000014228853));
#8299=CARTESIAN_POINT('',(227.529433012969,258.461541155158,-98.4754628202578));
#8300=CARTESIAN_POINT('Ctrl Pts',(227.529404000102,258.461506304142,-98.4754511054723));
#8301=CARTESIAN_POINT('Ctrl Pts',(227.708393635278,258.231792327646,-99.0984333181032));
#8302=CARTESIAN_POINT('Ctrl Pts',(227.91499931168,258.047623855603,-99.7745977494653));
#8303=CARTESIAN_POINT('Ctrl Pts',(228.13598911375,257.904178196492,-100.477794361381));
#8304=CARTESIAN_POINT('',(227.529433012967,258.461541155158,-95.5000014228868));
#8305=CARTESIAN_POINT('Ctrl Pts',(229.240489179311,257.502881869006,-104.530755411287));
#8306=CARTESIAN_POINT('Ctrl Pts',(228.459068117573,257.520227972251,-104.019839555175));
#8307=CARTESIAN_POINT('Ctrl Pts',(226.645764810722,257.740754806107,-102.832021948118));
#8308=CARTESIAN_POINT('Ctrl Pts',(224.985933891195,258.419423118265,-101.702555187393));
#8309=CARTESIAN_POINT('Ctrl Pts',(224.241989073585,258.988097937992,-101.141406459327));
#8310=CARTESIAN_POINT('Ctrl Pts',(229.270922012228,257.503758784702,-104.504926547732));
#8311=CARTESIAN_POINT('Ctrl Pts',(228.58122194814,257.526384885529,-103.916370732238));
#8312=CARTESIAN_POINT('Ctrl Pts',(226.981732511582,257.812519712386,-102.549818639818));
#8313=CARTESIAN_POINT('Ctrl Pts',(225.586950508759,258.666267806322,-101.365374272544));
#8314=CARTESIAN_POINT('Ctrl Pts',(225.01690714303,259.27344768063,-100.859833160174));
#8315=CARTESIAN_POINT('Ctrl Pts',(229.324179469089,257.504247803771,-104.459690538545));
#8316=CARTESIAN_POINT('Ctrl Pts',(228.794991132353,257.529817791846,-103.734944019749));
#8317=CARTESIAN_POINT('Ctrl Pts',(227.570594988746,257.853121886155,-102.053415214952));
#8318=CARTESIAN_POINT('Ctrl Pts',(226.640859008562,258.807878492106,-100.601294155057));
#8319=CARTESIAN_POINT('Ctrl Pts',(226.368711146058,259.406986934691,-99.9995197047345));
#8320=CARTESIAN_POINT('Ctrl Pts',(229.377395145855,257.502906709535,-104.414427895534));
#8321=CARTESIAN_POINT('Ctrl Pts',(229.008340964328,257.520399651646,-103.553249959955));
#8322=CARTESIAN_POINT('Ctrl Pts',(228.153659460446,257.742753515264,-101.552214794962));
#8323=CARTESIAN_POINT('Ctrl Pts',(227.473667937208,258.399713951739,-99.6935010410544));
#8324=CARTESIAN_POINT('Ctrl Pts',(227.237693417015,258.860438344832,-98.8056096312087));
#8325=CARTESIAN_POINT('Ctrl Pts',(229.400188439374,257.50199596536,-104.39502962002));
#8326=CARTESIAN_POINT('Ctrl Pts',(229.099641877167,257.514004806068,-103.475381079018));
#8327=CARTESIAN_POINT('Ctrl Pts',(228.402217528377,257.666677229506,-101.337309386314));
#8328=CARTESIAN_POINT('Ctrl Pts',(227.763821020865,258.136524522539,-99.3042692170064));
#8329=CARTESIAN_POINT('Ctrl Pts',(227.477688398707,258.530222474658,-98.2942015064871));
#8330=CARTESIAN_POINT('',(228.5976411048,257.534969084729,-104.110123419214));
#8331=CARTESIAN_POINT('',(224.241989073585,258.988097937992,-101.141406459327));
#8332=CARTESIAN_POINT('Ctrl Pts',(228.597649982791,257.53481639348,-104.110091796096));
#8333=CARTESIAN_POINT('Ctrl Pts',(228.034017715419,257.578536429429,-103.740821913868));
#8334=CARTESIAN_POINT('Ctrl Pts',(226.450252513393,257.820695479144,-102.698981504933));
#8335=CARTESIAN_POINT('Ctrl Pts',(224.985933891195,258.419423118265,-101.702555187393));
#8336=CARTESIAN_POINT('Ctrl Pts',(224.241989073585,258.988097937992,-101.141406459327));
#8337=CARTESIAN_POINT('',(224.999189205015,259.179031668255,-100.82908508373));
#8338=CARTESIAN_POINT('Ctrl Pts',(224.999189205015,259.179031668255,-100.82908508373));
#8339=CARTESIAN_POINT('Ctrl Pts',(224.74249374595,259.133031495726,-100.960053721491));
#8340=CARTESIAN_POINT('Ctrl Pts',(224.487421715963,259.06701070021,-101.063538063171));
#8341=CARTESIAN_POINT('Ctrl Pts',(224.241989073585,258.988097937992,-101.141406459327));
#8342=CARTESIAN_POINT('Ctrl Pts',(227.529433012969,258.461541155158,-98.4754628202578));
#8343=CARTESIAN_POINT('Ctrl Pts',(227.526655086223,258.465099315025,-98.4804541703023));
#8344=CARTESIAN_POINT('Ctrl Pts',(227.523864283277,258.468645742058,-98.4854448940802));
#8345=CARTESIAN_POINT('Ctrl Pts',(227.225666942979,258.844861184908,-99.0163754177435));
#8346=CARTESIAN_POINT('Ctrl Pts',(226.634376939758,259.182754106665,-99.7243791047773));
#8347=CARTESIAN_POINT('Ctrl Pts',(225.652919786537,259.260481986932,-100.461918269915));
#8348=CARTESIAN_POINT('Ctrl Pts',(225.219782081123,259.218562209217,-100.716536351513));
#8349=CARTESIAN_POINT('Ctrl Pts',(224.999189205015,259.179031668255,-100.82908508373));
#8350=CARTESIAN_POINT('Ctrl Pts',(229.240489179311,257.502881869006,-104.530755411287));
#8351=CARTESIAN_POINT('Ctrl Pts',(229.02571991654,257.507649349674,-104.390333010192));
#8352=CARTESIAN_POINT('Ctrl Pts',(228.811274799226,257.518245864795,-104.250050445331));
#8353=CARTESIAN_POINT('Ctrl Pts',(228.597649982791,257.53481639348,-104.110091796096));
#8354=CARTESIAN_POINT('Origin',(232.000000476895,171.500002622551,-104.700412650368));
#8355=CARTESIAN_POINT('',(224.241989073566,175.011907366718,-101.141406459327));
#8356=CARTESIAN_POINT('',(228.597641104796,176.465036219985,-104.110123419227));
#8357=CARTESIAN_POINT('Ctrl Pts',(224.241989073566,175.011907366718,-101.141406459327));
#8358=CARTESIAN_POINT('Ctrl Pts',(224.987194402931,175.581545727394,-101.703505976418));
#8359=CARTESIAN_POINT('Ctrl Pts',(226.447854362969,176.17824954549,-102.697294535922));
#8360=CARTESIAN_POINT('Ctrl Pts',(228.033713368013,176.421216811865,-103.740593198733));
#8361=CARTESIAN_POINT('Ctrl Pts',(228.597660470419,176.465094388682,-104.110086955029));
#8362=CARTESIAN_POINT('',(212.000000476893,175.011907366721,-101.141406459336));
#8363=CARTESIAN_POINT('',(232.000000476893,175.011907366717,-101.141406459321));
#8364=CARTESIAN_POINT('Origin',(212.000000476895,171.500002622556,-104.700412650383));
#8365=CARTESIAN_POINT('Ctrl Pts',(229.240489179293,176.497123435703,-104.530755411288));
#8366=CARTESIAN_POINT('Ctrl Pts',(229.025828720884,176.49235837029,-104.390404149655));
#8367=CARTESIAN_POINT('Ctrl Pts',(228.811366229238,176.481721641147,-104.250105306451));
#8368=CARTESIAN_POINT('Ctrl Pts',(228.597660470419,176.465094388682,-104.110086955029));
#8369=CARTESIAN_POINT('Ctrl Pts',(229.400188439356,176.498009339349,-104.395029620022));
#8370=CARTESIAN_POINT('Ctrl Pts',(229.099755011284,176.486005019105,-103.475727260461));
#8371=CARTESIAN_POINT('Ctrl Pts',(228.401096207193,176.332398820692,-101.333603648592));
#8372=CARTESIAN_POINT('Ctrl Pts',(227.76430583306,175.86414784898,-99.3059806372523));
#8373=CARTESIAN_POINT('Ctrl Pts',(227.477688398688,175.469782830051,-98.2942015064871));
#8374=CARTESIAN_POINT('Ctrl Pts',(229.369797381331,176.496795013781,-104.420893987374));
#8375=CARTESIAN_POINT('Ctrl Pts',(228.978054849719,176.477481136243,-103.579523091883));
#8376=CARTESIAN_POINT('Ctrl Pts',(228.06911838287,176.231697840349,-101.620191829011));
#8377=CARTESIAN_POINT('Ctrl Pts',(227.375865875943,175.514688263226,-99.8235104159984));
#8378=CARTESIAN_POINT('Ctrl Pts',(227.157695089766,175.029495003152,-98.9760790061159));
#8379=CARTESIAN_POINT('Ctrl Pts',(229.316571261756,176.495715295718,-104.466156629608));
#8380=CARTESIAN_POINT('Ctrl Pts',(228.764660521678,176.469900640649,-103.761165780491));
#8381=CARTESIAN_POINT('Ctrl Pts',(227.485041336344,176.141914284685,-102.122478115212));
#8382=CARTESIAN_POINT('Ctrl Pts',(226.491815938948,175.178432443421,-100.731174819195));
#8383=CARTESIAN_POINT('Ctrl Pts',(226.179996066888,174.566309607902,-100.165580934353));
#8384=CARTESIAN_POINT('Ctrl Pts',(229.263313803981,176.49646574893,-104.511383763622));
#8385=CARTESIAN_POINT('Ctrl Pts',(228.55095174141,176.475167798652,-103.942452177428));
#8386=CARTESIAN_POINT('Ctrl Pts',(226.895591711334,176.203206371646,-102.618665402614));
#8387=CARTESIAN_POINT('Ctrl Pts',(225.438715125111,175.395459444963,-101.45152814628));
#8388=CARTESIAN_POINT('Ctrl Pts',(224.823177625649,174.79789505974,-100.930226484962));
#8389=CARTESIAN_POINT('Ctrl Pts',(229.240489179293,176.497123435703,-104.530755411288));
#8390=CARTESIAN_POINT('Ctrl Pts',(228.459362266308,176.479783862017,-104.020031878199));
#8391=CARTESIAN_POINT('Ctrl Pts',(226.642849375672,176.257908242089,-102.829963204939));
#8392=CARTESIAN_POINT('Ctrl Pts',(224.987194402931,175.581545727394,-101.703505976418));
#8393=CARTESIAN_POINT('Ctrl Pts',(224.241989073566,175.011907366718,-101.141406459327));
#8394=CARTESIAN_POINT('',(227.52943301295,175.538464149551,-98.4754628202578));
#8395=CARTESIAN_POINT('Ctrl Pts',(228.135978486729,176.095898165212,-100.477783299765));
#8396=CARTESIAN_POINT('Ctrl Pts',(227.915095506104,175.952638186505,-99.7749829423065));
#8397=CARTESIAN_POINT('Ctrl Pts',(227.708659945985,175.768629247553,-99.099396649024));
#8398=CARTESIAN_POINT('Ctrl Pts',(227.529401300623,175.538505701611,-98.4754467156508));
#8399=CARTESIAN_POINT('',(224.999189204996,174.820973636456,-100.82908508373));
#8400=CARTESIAN_POINT('Ctrl Pts',(224.999189204996,174.820973636456,-100.82908508373));
#8401=CARTESIAN_POINT('Ctrl Pts',(225.219782080861,174.781443095536,-100.716536351637));
#8402=CARTESIAN_POINT('Ctrl Pts',(225.652919782367,174.739523307367,-100.461918280889));
#8403=CARTESIAN_POINT('Ctrl Pts',(226.634376942292,174.817251164681,-99.7243791287524));
#8404=CARTESIAN_POINT('Ctrl Pts',(227.225666936574,175.155144103439,-99.0163754350663));
#8405=CARTESIAN_POINT('Ctrl Pts',(227.523864282301,175.531359561494,-98.4854448957517));
#8406=CARTESIAN_POINT('Ctrl Pts',(227.526655085734,175.534905989082,-98.4804541711618));
#8407=CARTESIAN_POINT('Ctrl Pts',(227.52943301295,175.538464149551,-98.4754628202578));
#8408=CARTESIAN_POINT('Ctrl Pts',(224.241989073566,175.011907366718,-101.141406459327));
#8409=CARTESIAN_POINT('Ctrl Pts',(224.487421715944,174.932994604501,-101.063538063171));
#8410=CARTESIAN_POINT('Ctrl Pts',(224.742493745931,174.866973808984,-100.960053721491));
#8411=CARTESIAN_POINT('Ctrl Pts',(224.999189204996,174.820973636456,-100.82908508373));
#8412=CARTESIAN_POINT('Origin',(229.500000476895,174.000002622552,-103.500001132313));
#8413=CARTESIAN_POINT('',(227.529433012935,175.538464149551,-79.5245398318007));
#8414=CARTESIAN_POINT('Ctrl Pts',(227.529414717648,175.538483269968,-79.5245444738556));
#8415=CARTESIAN_POINT('Ctrl Pts',(227.708472889554,175.76809432731,-78.901520909384));
#8416=CARTESIAN_POINT('Ctrl Pts',(227.915663588822,175.952000121481,-78.2243908415344));
#8417=CARTESIAN_POINT('Ctrl Pts',(228.136233463338,176.095507957893,-77.5222200551793));
#8418=CARTESIAN_POINT('',(227.529433012954,175.538464149551,-103.500001132314));
#8419=CARTESIAN_POINT('Ctrl Pts',(229.24048917927,176.497123435703,-73.4692472407684));
#8420=CARTESIAN_POINT('Ctrl Pts',(228.198591929224,176.473995242524,-74.15047001752));
#8421=CARTESIAN_POINT('Ctrl Pts',(226.376585240659,176.194992749651,-75.3426978997539));
#8422=CARTESIAN_POINT('Ctrl Pts',(224.79993786346,175.438405972542,-76.4377420562804));
#8423=CARTESIAN_POINT('Ctrl Pts',(224.241989073548,175.011907366718,-76.8585961927366));
#8424=CARTESIAN_POINT('Ctrl Pts',(229.270922012187,176.496246520006,-73.4950761043229));
#8425=CARTESIAN_POINT('Ctrl Pts',(228.351319719243,176.466078313152,-74.2798190754165));
#8426=CARTESIAN_POINT('Ctrl Pts',(226.744714714129,176.094797008776,-75.650251014194));
#8427=CARTESIAN_POINT('Ctrl Pts',(225.444432140247,175.181934512406,-76.761020332943));
#8428=CARTESIAN_POINT('Ctrl Pts',(225.016907142992,174.72655762408,-77.1401694918884));
#8429=CARTESIAN_POINT('Ctrl Pts',(229.324179469048,176.495757500904,-73.5403121135094));
#8430=CARTESIAN_POINT('Ctrl Pts',(228.618593326318,176.461664101631,-74.5066431249049));
#8431=CARTESIAN_POINT('Ctrl Pts',(227.391258644755,176.034037481748,-76.1935457690465));
#8432=CARTESIAN_POINT('Ctrl Pts',(226.572822196914,175.042336403919,-77.5491573563267));
#8433=CARTESIAN_POINT('Ctrl Pts',(226.368714893567,174.593012982807,-78.0004802480392));
#8434=CARTESIAN_POINT('Ctrl Pts',(229.377395145814,176.497098595173,-73.58557475652));
#8435=CARTESIAN_POINT('Ctrl Pts',(228.885321722563,176.473774616371,-74.7338147602975));
#8436=CARTESIAN_POINT('Ctrl Pts',(228.028847400345,176.184591102734,-76.7419391816709));
#8437=CARTESIAN_POINT('Ctrl Pts',(227.414671191239,175.485104171139,-78.5284861874785));
#8438=CARTESIAN_POINT('Ctrl Pts',(227.237693416981,175.139566959877,-79.1943930208503));
#8439=CARTESIAN_POINT('Ctrl Pts',(229.400188439333,176.498009339349,-73.6049730320343));
#8440=CARTESIAN_POINT('Ctrl Pts',(228.999458727778,176.481997513302,-74.8311740301859));
#8441=CARTESIAN_POINT('Ctrl Pts',(228.298686924485,176.288841941313,-76.977184218205));
#8442=CARTESIAN_POINT('Ctrl Pts',(227.692284087102,175.765051095622,-78.9482636999509));
#8443=CARTESIAN_POINT('Ctrl Pts',(227.477688398674,175.469782830051,-79.7058011455715));
#8444=CARTESIAN_POINT('',(228.597641104758,176.465036219979,-73.8898792328429));
#8445=CARTESIAN_POINT('',(224.241989073548,175.011907366718,-76.8585961927366));
#8446=CARTESIAN_POINT('Ctrl Pts',(228.597569033949,176.465320297225,-73.8898516373394));
#8447=CARTESIAN_POINT('Ctrl Pts',(227.77315975565,176.401714872302,-74.429728599508));
#8448=CARTESIAN_POINT('Ctrl Pts',(226.191044252726,176.105957078066,-75.4715634771621));
#8449=CARTESIAN_POINT('Ctrl Pts',(224.79993786346,175.438405972542,-76.4377420562804));
#8450=CARTESIAN_POINT('Ctrl Pts',(224.241989073548,175.011907366718,-76.8585961927366));
#8451=CARTESIAN_POINT('',(224.999189204978,174.820973636456,-77.1709175683323));
#8452=CARTESIAN_POINT('Ctrl Pts',(224.999189204978,174.820973636456,-77.1709175683323));
#8453=CARTESIAN_POINT('Ctrl Pts',(224.742493745913,174.866973808984,-77.0399489305718));
#8454=CARTESIAN_POINT('Ctrl Pts',(224.487421715925,174.932994604501,-76.9364645888922));
#8455=CARTESIAN_POINT('Ctrl Pts',(224.241989073548,175.011907366718,-76.8585961927366));
#8456=CARTESIAN_POINT('Ctrl Pts',(227.529433012935,175.538464149551,-79.5245398318007));
#8457=CARTESIAN_POINT('Ctrl Pts',(227.526655086198,175.534905989695,-79.5195484817597));
#8458=CARTESIAN_POINT('Ctrl Pts',(227.523864283286,175.531359562782,-79.5145577581043));
#8459=CARTESIAN_POINT('Ctrl Pts',(227.22566693708,175.155144100437,-78.9836272151728));
#8460=CARTESIAN_POINT('Ctrl Pts',(226.634376943848,174.817251155692,-78.2756235174698));
#8461=CARTESIAN_POINT('Ctrl Pts',(225.652919782124,174.739523304544,-77.5380843688192));
#8462=CARTESIAN_POINT('Ctrl Pts',(225.219782081088,174.781443095493,-77.2834663005501));
#8463=CARTESIAN_POINT('Ctrl Pts',(224.999189204978,174.820973636456,-77.1709175683323));
#8464=CARTESIAN_POINT('Ctrl Pts',(229.24048917927,176.497123435703,-73.4692472407684));
#8465=CARTESIAN_POINT('Ctrl Pts',(229.025919559066,176.49236038673,-73.6095391097368));
#8466=CARTESIAN_POINT('Ctrl Pts',(228.811381771922,176.48181653327,-73.7498331119681));
#8467=CARTESIAN_POINT('Ctrl Pts',(228.597569033949,176.465320297225,-73.8898516373394));
#8468=CARTESIAN_POINT('Origin',(232.00000047689,252.500002682156,-74.1485659730962));
#8469=CARTESIAN_POINT('',(232.000000476894,255.937502644903,-77.7794878954341));
#8470=CARTESIAN_POINT('',(232.000000476891,257.500002682156,-74.1485659730962));
#8471=CARTESIAN_POINT('Origin',(232.000000476896,258.000002622551,-79.9580410488368));
#8472=CARTESIAN_POINT('',(232.000000476895,255.000002622551,-79.9580410488368));
#8473=CARTESIAN_POINT('Origin',(232.000000476911,255.000002622551,-101.00000150484));
#8474=CARTESIAN_POINT('Origin',(212.000000476887,182.500003173899,-90.5499991121836));
#8475=CARTESIAN_POINT('',(212.000000476907,182.000002622556,-117.582576999787));
#8476=CARTESIAN_POINT('Origin',(212.000000476912,177.000002622556,-117.582576999788));
#8477=CARTESIAN_POINT('',(212.000000476907,182.000002622556,-118.300001773076));
#8478=CARTESIAN_POINT('',(212.000000476908,182.000002622556,-119.000001773076));
#8479=CARTESIAN_POINT('',(212.000000476923,252.000003844451,-118.300001773076));
#8480=CARTESIAN_POINT('',(212.000000476907,180.750003434669,-118.300000953512));
#8481=CARTESIAN_POINT('',(212.000000476924,252.000003844451,-119.000001773076));
#8482=CARTESIAN_POINT('',(212.000000476877,248.000003695439,-59.0000018475818));
#8483=CARTESIAN_POINT('',(212.000000476877,248.000003695439,-58.0000009237098));
#8484=CARTESIAN_POINT('Origin',(212.000000476878,249.000003695439,-59.0000018475818));
#8485=CARTESIAN_POINT('',(212.000000476879,256.000002652358,-59.0000018475818));
#8486=CARTESIAN_POINT('Origin',(212.000000476879,255.000002652358,-59.0000018475818));
#8487=CARTESIAN_POINT('',(212.00000047688,256.000002652358,-60.0000008767711));
#8488=CARTESIAN_POINT('',(212.000000476929,256.000002652358,-124.000001847582));
#8489=CARTESIAN_POINT('',(212.000000476883,257.50000268216,-63.7749181259857));
#8490=CARTESIAN_POINT('Origin',(212.000000476882,252.00000268216,-63.7749181259857));
#8491=CARTESIAN_POINT('',(212.000000476925,257.50000268216,-118.000000938611));
#8492=CARTESIAN_POINT('',(212.000000476896,260.000002711963,-79.2787204026577));
#8493=CARTESIAN_POINT('Origin',(212.000000476895,256.600002711963,-79.2787204026577));
#8494=CARTESIAN_POINT('',(212.000000476911,260.000002711963,-98.7212822494246));
#8495=CARTESIAN_POINT('',(212.000000476913,260.000002711963,-102.000001519756));
#8496=CARTESIAN_POINT('',(212.000000476912,258.988097937995,-101.141406459336));
#8497=CARTESIAN_POINT('Origin',(212.00000047691,256.600002711963,-98.7212822494246));
#8498=CARTESIAN_POINT('Origin',(212.000000476916,262.50000268216,-104.700412650383));
#8499=CARTESIAN_POINT('',(212.000000476926,254.000002652358,-120.099997315558));
#8500=CARTESIAN_POINT('Origin',(212.000000476925,254.000002652358,-119.099997315558));
#8501=CARTESIAN_POINT('',(212.000000476909,180.000002652358,-120.099997315558));
#8502=CARTESIAN_POINT('',(212.000000476917,218.750002913128,-120.099997315558));
#8503=CARTESIAN_POINT('Origin',(212.000000476908,180.000002652358,-119.099997315558));
#8504=CARTESIAN_POINT('',(212.000000476891,174.000002592754,-98.7212822494246));
#8505=CARTESIAN_POINT('Origin',(212.000000476892,177.400002592754,-98.7212822494246));
#8506=CARTESIAN_POINT('',(212.000000476876,174.000002592754,-79.2787204026577));
#8507=CARTESIAN_POINT('',(212.000000476893,174.000002592754,-102.000001519756));
#8508=CARTESIAN_POINT('',(212.000000476874,175.011907366721,-76.8585961927459));
#8509=CARTESIAN_POINT('Origin',(212.000000476877,177.400002592754,-79.2787204026577));
#8510=CARTESIAN_POINT('Origin',(212.000000476871,171.500002622556,-73.2995900016991));
#8511=CARTESIAN_POINT('',(212.000000476863,186.000002771567,-59.0000018475818));
#8512=CARTESIAN_POINT('Origin',(212.000000476863,185.000002771567,-59.0000018475818));
#8513=CARTESIAN_POINT('',(212.000000476913,186.000002771567,-124.000001847582));
#8514=CARTESIAN_POINT('Origin',(216.000000476913,177.000002622556,-117.582576999784));
#8515=CARTESIAN_POINT('',(219.425227663025,182.000002622555,-117.582576999781));
#8516=CARTESIAN_POINT('Origin',(219.425227663024,177.000002622555,-117.582576999781));
#8517=CARTESIAN_POINT('',(216.000000476907,182.000002622556,-117.582576999784));
#8518=CARTESIAN_POINT('Origin',(220.999995060323,255.000002652356,-120.099997315552));
#8519=CARTESIAN_POINT('',(220.999995060323,254.000002652356,-120.099997315552));
#8520=CARTESIAN_POINT('',(226.499997768625,254.000002652355,-120.099997315547));
#8521=CARTESIAN_POINT('',(221.000000476925,253.800010494837,-120.099997315386));
#8522=CARTESIAN_POINT('',(220.999995060323,255.000002652356,-120.099997315552));
#8523=CARTESIAN_POINT('',(221.000000476909,180.199995972166,-120.099997315386));
#8524=CARTESIAN_POINT('',(220.999995060323,255.000002652356,-120.099997315552));
#8525=CARTESIAN_POINT('',(220.999995060306,180.000002652356,-120.099997315552));
#8526=CARTESIAN_POINT('',(220.999995060323,255.000002652356,-120.099997315552));
#8527=CARTESIAN_POINT('',(226.499997768607,180.000002652355,-120.099997315547));
#8528=CARTESIAN_POINT('Origin',(216.00000047692,252.00000384445,-113.000001773073));
#8529=CARTESIAN_POINT('',(219.210000213173,252.000003844449,-118.300001832675));
#8530=CARTESIAN_POINT('',(224.000000476923,252.000003844448,-118.300001832671));
#8531=CARTESIAN_POINT('',(221.951835226518,252.000003844448,-109.160551788167));
#8532=CARTESIAN_POINT('Origin',(232.000000476908,186.000002771563,-118.300001832665));
#8533=CARTESIAN_POINT('',(219.210000213157,182.000002622555,-118.300001832675));
#8534=CARTESIAN_POINT('',(224.000000476907,182.000002622554,-118.300001832671));
#8535=CARTESIAN_POINT('',(219.210000213158,186.000002771566,-118.300001832675));
#8536=CARTESIAN_POINT('',(219.210000213157,183.375003103117,-118.300001832675));
#8537=CARTESIAN_POINT('',(232.000000476908,186.000002771563,-118.300001832665));
#8538=CARTESIAN_POINT('',(219.210000213172,248.000003695438,-118.300001832675));
#8539=CARTESIAN_POINT('',(232.000000476923,248.000003695435,-118.300001832665));
#8540=CARTESIAN_POINT('',(219.210000213161,200.625003103117,-118.300001832675));
#8541=CARTESIAN_POINT('Origin',(232.000000476912,257.500002682156,-102.000001519741));
#8542=CARTESIAN_POINT('',(232.000000476883,257.500002682156,-63.7749181259704));
#8543=CARTESIAN_POINT('Origin',(216.000000476908,182.000002622556,-119.000001773073));
#8544=CARTESIAN_POINT('',(221.12614715311,182.000002622554,-111.912845366149));
#8545=CARTESIAN_POINT('Origin',(226.557494936104,255.000002652355,-123.999997228384));
#8546=CARTESIAN_POINT('Origin',(219.574995060326,254.000002652356,-119.099997315553));
#8547=CARTESIAN_POINT('',(226.557501518444,253.000002652355,-124.000001847571));
#8548=CARTESIAN_POINT('Origin',(223.70750151845,253.000002652355,-122.000001847573));
#8549=CARTESIAN_POINT('',(226.557501518445,255.500002652355,-124.000001847571));
#8550=CARTESIAN_POINT('Origin',(219.574995060309,180.000002652356,-119.099997315553));
#8551=CARTESIAN_POINT('Origin',(223.500000476904,215.250003434666,-104.000000953503));
#8552=CARTESIAN_POINT('',(228.0000004769,248.000003695436,-89.0000009534999));
#8553=CARTESIAN_POINT('',(221.786697603636,248.000003695437,-109.711010531105));
#8554=CARTESIAN_POINT('',(228.000000476902,255.000003695436,-89.0000009534999));
#8555=CARTESIAN_POINT('Origin',(222.000003308112,182.000002712011,-61.0000018475742));
#8556=CARTESIAN_POINT('Origin',(222.000003308126,182.000002712011,-79.0000018475742));
#8557=CARTESIAN_POINT('Origin',(222.000003308126,182.000002712011,-79.0000018475742));
#8558=CARTESIAN_POINT('Origin',(222.000003308126,252.000002712011,-79.0000018475742));
#8559=CARTESIAN_POINT('Origin',(222.00000330811,252.000002712011,-58.0000018475742));
#8560=CARTESIAN_POINT('',(223.75000330811,252.000002712011,-58.0000018475728));
#8561=CARTESIAN_POINT('Origin',(222.00000330811,182.000002712011,-58.0000018475742));
#8562=CARTESIAN_POINT('',(223.75000330811,182.000002712011,-58.0000018475728));
#8563=CARTESIAN_POINT('Origin',(232.000000476878,249.000003695435,-59.0000018475665));
#8564=CARTESIAN_POINT('',(232.000000476877,248.000003695435,-59.0000018475665));
#8565=CARTESIAN_POINT('Origin',(232.000000476863,185.000002771563,-59.0000018475665));
#8566=CARTESIAN_POINT('',(232.000000476863,186.000002771563,-59.0000018475665));
#8567=CARTESIAN_POINT('Origin',(232.000000476862,186.000002771563,-58.0000009236945));
#8568=CARTESIAN_POINT('',(228.000000476886,186.000002771564,-89.0000009534999));
#8569=CARTESIAN_POINT('',(230.181193141532,186.000002771563,-81.7293587379926));
#8570=CARTESIAN_POINT('',(228.000000476869,186.000002771564,-66.5000009274229));
#8571=CARTESIAN_POINT('Origin',(232.000000476923,248.000003695435,-119.000001832665));
#8572=CARTESIAN_POINT('',(228.000000476907,248.000003695436,-97.0000013819083));
#8573=CARTESIAN_POINT('Origin',(223.500000476896,180.750003434666,-104.000000953503));
#8574=CARTESIAN_POINT('',(228.000000476902,255.000003695436,-89.0000009534999));
#8575=CARTESIAN_POINT('Origin',(228.00000047689,251.500003695436,-75.0000009311482));
#8576=CARTESIAN_POINT('Origin',(228.00000047689,251.500003695436,-75.0000009311482));
#8577=CARTESIAN_POINT('Origin',(226.499997768607,180.000002652355,-119.099997315547));
#8578=CARTESIAN_POINT('Origin',(226.499997768624,254.000002652355,-119.099997315547));
#8579=CARTESIAN_POINT('Ctrl Pts',(224.999189205015,259.179031668255,-100.82908508373));
#8580=CARTESIAN_POINT('Ctrl Pts',(224.74249374595,259.133031495726,-100.960053721491));
#8581=CARTESIAN_POINT('Ctrl Pts',(224.487421715963,259.06701070021,-101.063538063171));
#8582=CARTESIAN_POINT('Ctrl Pts',(224.241989073585,258.988097937992,-101.141406459327));
#8583=CARTESIAN_POINT('Ctrl Pts',(224.827713479214,259.703176221088,-100.243538836326));
#8584=CARTESIAN_POINT('Ctrl Pts',(224.631825743883,259.685449269601,-100.349601564647));
#8585=CARTESIAN_POINT('Ctrl Pts',(224.435464257334,259.658536901572,-100.437784553856));
#8586=CARTESIAN_POINT('Ctrl Pts',(224.241989073585,259.627058618147,-100.510902064697));
#8587=CARTESIAN_POINT('Ctrl Pts',(224.602585916666,260.00000271196,-99.4747851318549));
#8588=CARTESIAN_POINT('Ctrl Pts',(224.482729857193,260.000293090946,-99.5345217108193));
#8589=CARTESIAN_POINT('Ctrl Pts',(224.361707000151,259.999381300916,-99.581721431935));
#8590=CARTESIAN_POINT('Ctrl Pts',(224.241989073584,260.00000271196,-99.6189495276602));
#8591=CARTESIAN_POINT('Ctrl Pts',(224.376525070663,260.00000271196,-98.7028445003565));
#8592=CARTESIAN_POINT('Ctrl Pts',(224.332937887211,260.00000271196,-98.7156088959125));
#8593=CARTESIAN_POINT('Ctrl Pts',(224.287406827329,260.00000271196,-98.7212822494151));
#8594=CARTESIAN_POINT('Ctrl Pts',(224.241989073584,260.00000271196,-98.7212822494152));
#8595=CARTESIAN_POINT('',(224.241989073398,260.00000271196,-98.7212822492976));
#8596=CARTESIAN_POINT('Origin',(224.241989073583,256.60000271196,-98.7212822494152));
#8597=CARTESIAN_POINT('',(224.376525070664,260.00000271196,-98.7028445003565));
#8598=CARTESIAN_POINT('Ctrl Pts',(224.241989073584,260.00000271196,-98.7212822494152));
#8599=CARTESIAN_POINT('Ctrl Pts',(224.287406827329,260.00000271196,-98.7212822494151));
#8600=CARTESIAN_POINT('Ctrl Pts',(224.332937887211,260.00000271196,-98.7156088959125));
#8601=CARTESIAN_POINT('Ctrl Pts',(224.376525070663,260.00000271196,-98.7028445003565));
#8602=CARTESIAN_POINT('Origin',(224.376525070663,256.60000271196,-98.7028445003565));
#8603=CARTESIAN_POINT('Ctrl Pts',(227.529433012969,258.461541155158,-98.4754628202578));
#8604=CARTESIAN_POINT('Ctrl Pts',(227.526655086223,258.465099315025,-98.4804541703023));
#8605=CARTESIAN_POINT('Ctrl Pts',(227.523864283277,258.468645742058,-98.4854448940802));
#8606=CARTESIAN_POINT('Ctrl Pts',(227.225666942979,258.844861184908,-99.0163754177435));
#8607=CARTESIAN_POINT('Ctrl Pts',(226.634376939758,259.182754106665,-99.7243791047773));
#8608=CARTESIAN_POINT('Ctrl Pts',(225.652919786537,259.260481986932,-100.461918269915));
#8609=CARTESIAN_POINT('Ctrl Pts',(225.219782081123,259.218562209217,-100.716536351513));
#8610=CARTESIAN_POINT('Ctrl Pts',(224.999189205015,259.179031668255,-100.82908508373));
#8611=CARTESIAN_POINT('Ctrl Pts',(227.529433012969,258.461541155158,-98.4754628202578));
#8612=CARTESIAN_POINT('Ctrl Pts',(227.526193598592,258.465631375961,-98.478933885202));
#8613=CARTESIAN_POINT('Ctrl Pts',(227.52299848325,258.469827558976,-98.4824574986622));
#8614=CARTESIAN_POINT('Ctrl Pts',(227.176681459761,258.904594356569,-98.8521697688335));
#8615=CARTESIAN_POINT('Ctrl Pts',(226.573342787845,259.371394274493,-99.3516408407549));
#8616=CARTESIAN_POINT('Ctrl Pts',(225.541275314713,259.664740278656,-99.9327030151128));
#8617=CARTESIAN_POINT('Ctrl Pts',(225.071101792838,259.705446451835,-100.145957264421));
#8618=CARTESIAN_POINT('Ctrl Pts',(224.827713479214,259.703176221088,-100.243538836326));
#8619=CARTESIAN_POINT('Ctrl Pts',(227.529433012969,258.461541155158,-98.4754628202578));
#8620=CARTESIAN_POINT('Ctrl Pts',(227.525753126975,258.466196683669,-98.4774426810777));
#8621=CARTESIAN_POINT('Ctrl Pts',(227.522105320787,258.470970594632,-98.4794364970739));
#8622=CARTESIAN_POINT('Ctrl Pts',(227.12891006759,258.965861325202,-98.6904958379785));
#8623=CARTESIAN_POINT('Ctrl Pts',(226.461648612492,259.516166419129,-98.9733759664634));
#8624=CARTESIAN_POINT('Ctrl Pts',(225.355564639536,259.908409822737,-99.3005220065233));
#8625=CARTESIAN_POINT('Ctrl Pts',(224.85837603875,259.985520292364,-99.4203164158917));
#8626=CARTESIAN_POINT('Ctrl Pts',(224.602585916666,260.00000271196,-99.474785131855));
#8627=CARTESIAN_POINT('Ctrl Pts',(227.529433012969,258.461541155158,-98.4754628202578));
#8628=CARTESIAN_POINT('Ctrl Pts',(227.525322068646,258.466806735731,-98.4759440932593));
#8629=CARTESIAN_POINT('Ctrl Pts',(227.521198467929,258.472060793106,-98.4764253008847));
#8630=CARTESIAN_POINT('Ctrl Pts',(227.081205545192,259.029936101232,-98.5276167136524));
#8631=CARTESIAN_POINT('Ctrl Pts',(226.30116026472,259.614781504181,-98.5957860499534));
#8632=CARTESIAN_POINT('Ctrl Pts',(225.125693914173,259.952270613387,-98.6671372111684));
#8633=CARTESIAN_POINT('Ctrl Pts',(224.626237893641,260.00000271196,-98.6918753358151));
#8634=CARTESIAN_POINT('Ctrl Pts',(224.376525070663,260.00000271196,-98.7028445003565));
#8635=CARTESIAN_POINT('Ctrl Pts',(224.376525070663,260.00000271196,-98.7028445003565));
#8636=CARTESIAN_POINT('Ctrl Pts',(224.626237893641,260.00000271196,-98.6918753358151));
#8637=CARTESIAN_POINT('Ctrl Pts',(225.125693914173,259.952270613387,-98.6671372111684));
#8638=CARTESIAN_POINT('Ctrl Pts',(226.30116026472,259.614781504181,-98.5957860499534));
#8639=CARTESIAN_POINT('Ctrl Pts',(227.081205545192,259.029936101232,-98.5276167136524));
#8640=CARTESIAN_POINT('Ctrl Pts',(227.521198467929,258.472060793106,-98.4764253008847));
#8641=CARTESIAN_POINT('Ctrl Pts',(227.525322068646,258.466806735731,-98.4759440932593));
#8642=CARTESIAN_POINT('Ctrl Pts',(227.529433012969,258.461541155158,-98.4754628202578));
#8643=CARTESIAN_POINT('Ctrl Pts',(224.376525070649,260.00000271196,-79.2971581517069));
#8644=CARTESIAN_POINT('Ctrl Pts',(224.332937887196,260.00000271196,-79.2843937561509));
#8645=CARTESIAN_POINT('Ctrl Pts',(224.287406827314,260.00000271196,-79.2787204026483));
#8646=CARTESIAN_POINT('Ctrl Pts',(224.241989073569,260.00000271196,-79.2787204026484));
#8647=CARTESIAN_POINT('Ctrl Pts',(224.60258591665,260.00000271196,-78.5252175202081));
#8648=CARTESIAN_POINT('Ctrl Pts',(224.482729857177,260.000293090946,-78.4654809412438));
#8649=CARTESIAN_POINT('Ctrl Pts',(224.361707000135,259.999381300916,-78.4182812201283));
#8650=CARTESIAN_POINT('Ctrl Pts',(224.241989073568,260.00000271196,-78.3810531244033));
#8651=CARTESIAN_POINT('Ctrl Pts',(224.827713479196,259.703176221088,-77.756463815737));
#8652=CARTESIAN_POINT('Ctrl Pts',(224.631825743865,259.685449269601,-77.6504010874158));
#8653=CARTESIAN_POINT('Ctrl Pts',(224.435464257316,259.658536901572,-77.5622180982071));
#8654=CARTESIAN_POINT('Ctrl Pts',(224.241989073567,259.627058618147,-77.4891005873666));
#8655=CARTESIAN_POINT('Ctrl Pts',(224.999189204997,259.179031668255,-77.1709175683323));
#8656=CARTESIAN_POINT('Ctrl Pts',(224.742493745931,259.133031495726,-77.0399489305715));
#8657=CARTESIAN_POINT('Ctrl Pts',(224.487421715944,259.067010700209,-76.9364645888921));
#8658=CARTESIAN_POINT('Ctrl Pts',(224.241989073567,258.988097937992,-76.8585961927365));
#8659=CARTESIAN_POINT('',(224.241989073403,260.00000271196,-79.2787204027535));
#8660=CARTESIAN_POINT('Origin',(224.241989073568,256.60000271196,-79.2787204026484));
#8661=CARTESIAN_POINT('',(224.376525070649,260.00000271196,-79.2971581517069));
#8662=CARTESIAN_POINT('Origin',(224.376525070648,256.60000271196,-79.2971581517069));
#8663=CARTESIAN_POINT('Ctrl Pts',(224.376525070649,260.00000271196,-79.2971581517069));
#8664=CARTESIAN_POINT('Ctrl Pts',(224.332937887196,260.00000271196,-79.2843937561509));
#8665=CARTESIAN_POINT('Ctrl Pts',(224.287406827314,260.00000271196,-79.2787204026483));
#8666=CARTESIAN_POINT('Ctrl Pts',(224.241989073569,260.00000271196,-79.2787204026484));
#8667=CARTESIAN_POINT('Ctrl Pts',(227.529433012954,258.461541155158,-79.5245398318008));
#8668=CARTESIAN_POINT('Ctrl Pts',(227.525322067935,258.466806736623,-79.5240585587002));
#8669=CARTESIAN_POINT('Ctrl Pts',(227.521198466484,258.47206079492,-79.523577351001));
#8670=CARTESIAN_POINT('Ctrl Pts',(227.081205540739,259.029936107429,-79.4723859379897));
#8671=CARTESIAN_POINT('Ctrl Pts',(226.301160263035,259.614781512393,-79.4042166015803));
#8672=CARTESIAN_POINT('Ctrl Pts',(225.125693911907,259.952270616349,-79.3328654406544));
#8673=CARTESIAN_POINT('Ctrl Pts',(224.626237893352,260.00000271196,-79.3081273162359));
#8674=CARTESIAN_POINT('Ctrl Pts',(224.376525070649,260.00000271196,-79.2971581517069));
#8675=CARTESIAN_POINT('Ctrl Pts',(227.529433012954,258.461541155158,-79.5245398318008));
#8676=CARTESIAN_POINT('Ctrl Pts',(227.525753126346,258.466196684454,-79.5225599706296));
#8677=CARTESIAN_POINT('Ctrl Pts',(227.522105319496,258.470970596254,-79.5205661542816));
#8678=CARTESIAN_POINT('Ctrl Pts',(227.128910063465,258.965861331264,-79.3095068129689));
#8679=CARTESIAN_POINT('Ctrl Pts',(226.461648610907,259.516166427388,-79.0266266848127));
#8680=CARTESIAN_POINT('Ctrl Pts',(225.355564637285,259.908409825732,-78.6994806451658));
#8681=CARTESIAN_POINT('Ctrl Pts',(224.858376038455,259.985520292387,-78.5796862360988));
#8682=CARTESIAN_POINT('Ctrl Pts',(224.602585916651,260.00000271196,-78.5252175202081));
#8683=CARTESIAN_POINT('Ctrl Pts',(227.529433012954,258.461541155158,-79.5245398318008));
#8684=CARTESIAN_POINT('Ctrl Pts',(227.526193598046,258.46563137664,-79.5210687662616));
#8685=CARTESIAN_POINT('Ctrl Pts',(227.522998482105,258.469827560409,-79.5175451521727));
#8686=CARTESIAN_POINT('Ctrl Pts',(227.176681457073,258.904594361139,-79.1478328788765));
#8687=CARTESIAN_POINT('Ctrl Pts',(226.5733427878,259.371394281839,-78.6483618059609));
#8688=CARTESIAN_POINT('Ctrl Pts',(225.541275313246,259.664740280947,-78.0672996343831));
#8689=CARTESIAN_POINT('Ctrl Pts',(225.071101792551,259.705446451846,-77.8540453875384));
#8690=CARTESIAN_POINT('Ctrl Pts',(224.827713479196,259.703176221088,-77.756463815737));
#8691=CARTESIAN_POINT('Ctrl Pts',(227.529433012954,258.461541155158,-79.5245398318008));
#8692=CARTESIAN_POINT('Ctrl Pts',(227.52665508576,258.465099315599,-79.5195484809087));
#8693=CARTESIAN_POINT('Ctrl Pts',(227.52386428228,258.468645743293,-79.5145577562255));
#8694=CARTESIAN_POINT('Ctrl Pts',(227.22566694037,258.844861189082,-78.9836272292975));
#8695=CARTESIAN_POINT('Ctrl Pts',(226.634376939737,259.182754113796,-78.2756235417598));
#8696=CARTESIAN_POINT('Ctrl Pts',(225.652919785113,259.26048198911,-77.5380843795119));
#8697=CARTESIAN_POINT('Ctrl Pts',(225.219782080863,259.218562209174,-77.2834663004254));
#8698=CARTESIAN_POINT('Ctrl Pts',(224.999189204997,259.179031668255,-77.1709175683323));
#8699=CARTESIAN_POINT('Ctrl Pts',(227.529433012954,258.461541155158,-79.5245398318008));
#8700=CARTESIAN_POINT('Ctrl Pts',(227.525322067935,258.466806736623,-79.5240585587002));
#8701=CARTESIAN_POINT('Ctrl Pts',(227.521198466484,258.47206079492,-79.523577351001));
#8702=CARTESIAN_POINT('Ctrl Pts',(227.081205540739,259.029936107429,-79.4723859379897));
#8703=CARTESIAN_POINT('Ctrl Pts',(226.301160263035,259.614781512393,-79.4042166015803));
#8704=CARTESIAN_POINT('Ctrl Pts',(225.125693911907,259.952270616349,-79.3328654406544));
#8705=CARTESIAN_POINT('Ctrl Pts',(224.626237893352,260.00000271196,-79.3081273162359));
#8706=CARTESIAN_POINT('Ctrl Pts',(224.376525070649,260.00000271196,-79.2971581517069));
#8707=CARTESIAN_POINT('Origin',(224.37652507066,256.00000271196,-95.5000014228892));
#8708=CARTESIAN_POINT('',(224.376525070661,260.00000271196,-95.5000014228892));
#8709=CARTESIAN_POINT('Origin',(232.00000047691,256.600002711958,-98.7212822494093));
#8710=CARTESIAN_POINT('',(216.000000476912,258.988097937994,-101.141406459333));
#8711=CARTESIAN_POINT('',(232.00000047691,260.000002711958,-98.7212822494093));
#8712=CARTESIAN_POINT('Origin',(232.000000476916,262.500002682156,-104.700412650368));
#8713=CARTESIAN_POINT('Ctrl Pts',(224.999189204978,174.820973636456,-77.1709175683323));
#8714=CARTESIAN_POINT('Ctrl Pts',(224.742493745913,174.866973808984,-77.0399489305718));
#8715=CARTESIAN_POINT('Ctrl Pts',(224.487421715925,174.932994604501,-76.9364645888922));
#8716=CARTESIAN_POINT('Ctrl Pts',(224.241989073548,175.011907366718,-76.8585961927366));
#8717=CARTESIAN_POINT('Ctrl Pts',(224.827713479177,174.296829083622,-77.756463815737));
#8718=CARTESIAN_POINT('Ctrl Pts',(224.631825743846,174.314556035109,-77.6504010874161));
#8719=CARTESIAN_POINT('Ctrl Pts',(224.435464257296,174.341468403138,-77.5622180982072));
#8720=CARTESIAN_POINT('Ctrl Pts',(224.241989073548,174.372946686563,-77.4891005873667));
#8721=CARTESIAN_POINT('Ctrl Pts',(224.602585916631,174.000002592751,-78.5252175202081));
#8722=CARTESIAN_POINT('Ctrl Pts',(224.482729857157,173.999712213765,-78.465480941244));
#8723=CARTESIAN_POINT('Ctrl Pts',(224.361707000115,174.000624003795,-78.4182812201284));
#8724=CARTESIAN_POINT('Ctrl Pts',(224.241989073549,174.000002592751,-78.3810531244034));
#8725=CARTESIAN_POINT('Ctrl Pts',(224.376525070629,174.000002592751,-79.2971581517069));
#8726=CARTESIAN_POINT('Ctrl Pts',(224.332937887176,174.000002592751,-79.284393756151));
#8727=CARTESIAN_POINT('Ctrl Pts',(224.287406827294,174.000002592751,-79.2787204026484));
#8728=CARTESIAN_POINT('Ctrl Pts',(224.241989073549,174.000002592751,-79.2787204026484));
#8729=CARTESIAN_POINT('',(224.241989073365,174.000002592751,-79.2787204027652));
#8730=CARTESIAN_POINT('Origin',(224.24198907355,177.400002592751,-79.2787204026484));
#8731=CARTESIAN_POINT('',(224.376525070629,174.000002592751,-79.2971581517069));
#8732=CARTESIAN_POINT('Ctrl Pts',(224.241989073549,174.000002592751,-79.2787204026484));
#8733=CARTESIAN_POINT('Ctrl Pts',(224.287406827294,174.000002592751,-79.2787204026484));
#8734=CARTESIAN_POINT('Ctrl Pts',(224.332937887176,174.000002592751,-79.284393756151));
#8735=CARTESIAN_POINT('Ctrl Pts',(224.376525070629,174.000002592751,-79.2971581517069));
#8736=CARTESIAN_POINT('Origin',(224.37652507063,177.400002592751,-79.2971581517069));
#8737=CARTESIAN_POINT('Ctrl Pts',(227.529433012935,175.538464149551,-79.5245398318007));
#8738=CARTESIAN_POINT('Ctrl Pts',(227.526655086198,175.534905989695,-79.5195484817597));
#8739=CARTESIAN_POINT('Ctrl Pts',(227.523864283286,175.531359562782,-79.5145577581043));
#8740=CARTESIAN_POINT('Ctrl Pts',(227.22566693708,175.155144100437,-78.9836272151728));
#8741=CARTESIAN_POINT('Ctrl Pts',(226.634376943848,174.817251155692,-78.2756235174698));
#8742=CARTESIAN_POINT('Ctrl Pts',(225.652919782124,174.739523304544,-77.5380843688192));
#8743=CARTESIAN_POINT('Ctrl Pts',(225.219782081088,174.781443095493,-77.2834663005501));
#8744=CARTESIAN_POINT('Ctrl Pts',(224.999189204978,174.820973636456,-77.1709175683323));
#8745=CARTESIAN_POINT('Ctrl Pts',(227.529433012935,175.538464149551,-79.5245398318007));
#8746=CARTESIAN_POINT('Ctrl Pts',(227.526193598562,175.534373928753,-79.5210687668436));
#8747=CARTESIAN_POINT('Ctrl Pts',(227.522998483267,175.530177745872,-79.5175451535198));
#8748=CARTESIAN_POINT('Ctrl Pts',(227.176681453859,175.095410928776,-79.1478328640743));
#8749=CARTESIAN_POINT('Ctrl Pts',(226.573342791937,174.628610987868,-78.6483617814907));
#8750=CARTESIAN_POINT('Ctrl Pts',(225.5412753103,174.33526501282,-78.0672996236208));
#8751=CARTESIAN_POINT('Ctrl Pts',(225.071101792805,174.294558852875,-77.8540453876428));
#8752=CARTESIAN_POINT('Ctrl Pts',(224.827713479177,174.296829083622,-77.756463815737));
#8753=CARTESIAN_POINT('Ctrl Pts',(227.529433012935,175.538464149551,-79.5245398318007));
#8754=CARTESIAN_POINT('Ctrl Pts',(227.525753126938,175.533808621035,-79.5225599709505));
#8755=CARTESIAN_POINT('Ctrl Pts',(227.522105320849,175.52903471026,-79.5205661549947));
#8756=CARTESIAN_POINT('Ctrl Pts',(227.128910055643,175.034143954528,-79.3095068123602));
#8757=CARTESIAN_POINT('Ctrl Pts',(226.461648607321,174.483838837788,-79.0266266827796));
#8758=CARTESIAN_POINT('Ctrl Pts',(225.355564631082,174.091595465411,-78.6994806442925));
#8759=CARTESIAN_POINT('Ctrl Pts',(224.858376038717,174.014485012346,-78.5796862361715));
#8760=CARTESIAN_POINT('Ctrl Pts',(224.602585916631,174.000002592751,-78.5252175202081));
#8761=CARTESIAN_POINT('Ctrl Pts',(227.529433012935,175.538464149551,-79.5245398318007));
#8762=CARTESIAN_POINT('Ctrl Pts',(227.525322068604,175.533198568968,-79.5240585587525));
#8763=CARTESIAN_POINT('Ctrl Pts',(227.521198467998,175.527944511794,-79.5235773511814));
#8764=CARTESIAN_POINT('Ctrl Pts',(227.081205533246,174.970069178496,-79.4723859366776));
#8765=CARTESIAN_POINT('Ctrl Pts',(226.301160259552,174.385223752737,-79.4042165992873));
#8766=CARTESIAN_POINT('Ctrl Pts',(225.125693905719,174.047734674761,-79.3328654396462));
#8767=CARTESIAN_POINT('Ctrl Pts',(224.626237893609,174.000002592751,-79.3081273162481));
#8768=CARTESIAN_POINT('Ctrl Pts',(224.376525070629,174.000002592751,-79.2971581517069));
#8769=CARTESIAN_POINT('Ctrl Pts',(224.376525070629,174.000002592751,-79.2971581517069));
#8770=CARTESIAN_POINT('Ctrl Pts',(224.626237893609,174.000002592751,-79.3081273162481));
#8771=CARTESIAN_POINT('Ctrl Pts',(225.125693905719,174.047734674761,-79.3328654396462));
#8772=CARTESIAN_POINT('Ctrl Pts',(226.301160259552,174.385223752737,-79.4042165992873));
#8773=CARTESIAN_POINT('Ctrl Pts',(227.081205533246,174.970069178496,-79.4723859366776));
#8774=CARTESIAN_POINT('Ctrl Pts',(227.521198467998,175.527944511794,-79.5235773511814));
#8775=CARTESIAN_POINT('Ctrl Pts',(227.525322068604,175.533198568968,-79.5240585587525));
#8776=CARTESIAN_POINT('Ctrl Pts',(227.529433012935,175.538464149551,-79.5245398318007));
#8777=CARTESIAN_POINT('Ctrl Pts',(224.376525070644,174.000002592751,-98.7028445003565));
#8778=CARTESIAN_POINT('Ctrl Pts',(224.332937887191,174.000002592751,-98.7156088959125));
#8779=CARTESIAN_POINT('Ctrl Pts',(224.287406827309,174.000002592751,-98.7212822494152));
#8780=CARTESIAN_POINT('Ctrl Pts',(224.241989073564,174.000002592751,-98.7212822494152));
#8781=CARTESIAN_POINT('Ctrl Pts',(224.602585916647,174.000002592751,-99.474785131855));
#8782=CARTESIAN_POINT('Ctrl Pts',(224.482729857173,173.999712213765,-99.5345217108194));
#8783=CARTESIAN_POINT('Ctrl Pts',(224.361707000131,174.000624003795,-99.5817214319351));
#8784=CARTESIAN_POINT('Ctrl Pts',(224.241989073565,174.000002592751,-99.6189495276603));
#8785=CARTESIAN_POINT('Ctrl Pts',(224.827713479194,174.296829083622,-100.243538836326));
#8786=CARTESIAN_POINT('Ctrl Pts',(224.631825743863,174.314556035109,-100.349601564647));
#8787=CARTESIAN_POINT('Ctrl Pts',(224.435464257314,174.341468403138,-100.437784553856));
#8788=CARTESIAN_POINT('Ctrl Pts',(224.241989073566,174.372946686563,-100.510902064697));
#8789=CARTESIAN_POINT('Ctrl Pts',(224.999189204996,174.820973636456,-100.82908508373));
#8790=CARTESIAN_POINT('Ctrl Pts',(224.742493745931,174.866973808984,-100.960053721491));
#8791=CARTESIAN_POINT('Ctrl Pts',(224.487421715944,174.932994604501,-101.063538063171));
#8792=CARTESIAN_POINT('Ctrl Pts',(224.241989073566,175.011907366718,-101.141406459327));
#8793=CARTESIAN_POINT('',(224.241989073399,174.000002592751,-98.7212822493107));
#8794=CARTESIAN_POINT('Origin',(224.241989073565,177.400002592751,-98.7212822494152));
#8795=CARTESIAN_POINT('',(224.376525070644,174.000002592751,-98.7028445003565));
#8796=CARTESIAN_POINT('Origin',(224.376525070645,177.400002592751,-98.7028445003565));
#8797=CARTESIAN_POINT('Ctrl Pts',(224.376525070644,174.000002592751,-98.7028445003565));
#8798=CARTESIAN_POINT('Ctrl Pts',(224.332937887191,174.000002592751,-98.7156088959125));
#8799=CARTESIAN_POINT('Ctrl Pts',(224.287406827309,174.000002592751,-98.7212822494152));
#8800=CARTESIAN_POINT('Ctrl Pts',(224.241989073564,174.000002592751,-98.7212822494152));
#8801=CARTESIAN_POINT('Ctrl Pts',(227.52943301295,175.538464149551,-98.4754628202578));
#8802=CARTESIAN_POINT('Ctrl Pts',(227.525322067918,175.53319856807,-98.475944093355));
#8803=CARTESIAN_POINT('Ctrl Pts',(227.521198466518,175.527944509877,-98.4764253010479));
#8804=CARTESIAN_POINT('Ctrl Pts',(227.081205533612,174.970069182146,-98.527616715288));
#8805=CARTESIAN_POINT('Ctrl Pts',(226.301160259822,174.385223762677,-98.5957860522187));
#8806=CARTESIAN_POINT('Ctrl Pts',(225.125693906728,174.047734678163,-98.6671372122078));
#8807=CARTESIAN_POINT('Ctrl Pts',(224.626237893347,174.000002592751,-98.6918753358271));
#8808=CARTESIAN_POINT('Ctrl Pts',(224.376525070644,174.000002592751,-98.7028445003565));
#8809=CARTESIAN_POINT('Ctrl Pts',(227.52943301295,175.538464149551,-98.4754628202578));
#8810=CARTESIAN_POINT('Ctrl Pts',(227.525753126326,175.533808620235,-98.4774426814305));
#8811=CARTESIAN_POINT('Ctrl Pts',(227.522105319533,175.529034708546,-98.4794364977669));
#8812=CARTESIAN_POINT('Ctrl Pts',(227.128910056337,175.03414395831,-98.6904958403107));
#8813=CARTESIAN_POINT('Ctrl Pts',(226.461648607695,174.483838847683,-98.9733759689863));
#8814=CARTESIAN_POINT('Ctrl Pts',(225.355564632107,174.091595468779,-99.3005220076966));
#8815=CARTESIAN_POINT('Ctrl Pts',(224.85837603845,174.014485012323,-99.4203164159639));
#8816=CARTESIAN_POINT('Ctrl Pts',(224.602585916647,174.000002592751,-99.4747851318549));
#8817=CARTESIAN_POINT('Ctrl Pts',(227.52943301295,175.538464149551,-98.4754628202578));
#8818=CARTESIAN_POINT('Ctrl Pts',(227.526193598022,175.534373928044,-98.478933885804));
#8819=CARTESIAN_POINT('Ctrl Pts',(227.522998482123,175.530177744375,-98.4824574998049));
#8820=CARTESIAN_POINT('Ctrl Pts',(227.176681453278,175.095410931384,-98.8521697854853));
#8821=CARTESIAN_POINT('Ctrl Pts',(226.573342790354,174.628610996637,-99.3516408645514));
#8822=CARTESIAN_POINT('Ctrl Pts',(225.541275310499,174.33526501553,-99.9327030260174));
#8823=CARTESIAN_POINT('Ctrl Pts',(225.071101792548,174.294558852864,-100.145957264524));
#8824=CARTESIAN_POINT('Ctrl Pts',(224.827713479194,174.296829083622,-100.243538836326));
#8825=CARTESIAN_POINT('Ctrl Pts',(227.52943301295,175.538464149551,-98.4754628202578));
#8826=CARTESIAN_POINT('Ctrl Pts',(227.526655085734,175.534905989082,-98.4804541711618));
#8827=CARTESIAN_POINT('Ctrl Pts',(227.523864282301,175.531359561494,-98.4854448957517));
#8828=CARTESIAN_POINT('Ctrl Pts',(227.225666936574,175.155144103439,-99.0163754350663));
#8829=CARTESIAN_POINT('Ctrl Pts',(226.634376942292,174.817251164681,-99.7243791287524));
#8830=CARTESIAN_POINT('Ctrl Pts',(225.652919782367,174.739523307367,-100.461918280889));
#8831=CARTESIAN_POINT('Ctrl Pts',(225.219782080861,174.781443095536,-100.716536351637));
#8832=CARTESIAN_POINT('Ctrl Pts',(224.999189204996,174.820973636456,-100.82908508373));
#8833=CARTESIAN_POINT('Ctrl Pts',(227.52943301295,175.538464149551,-98.4754628202578));
#8834=CARTESIAN_POINT('Ctrl Pts',(227.525322067918,175.53319856807,-98.475944093355));
#8835=CARTESIAN_POINT('Ctrl Pts',(227.521198466518,175.527944509877,-98.4764253010479));
#8836=CARTESIAN_POINT('Ctrl Pts',(227.081205533612,174.970069182146,-98.527616715288));
#8837=CARTESIAN_POINT('Ctrl Pts',(226.301160259822,174.385223762677,-98.5957860522187));
#8838=CARTESIAN_POINT('Ctrl Pts',(225.125693906728,174.047734678163,-98.6671372122078));
#8839=CARTESIAN_POINT('Ctrl Pts',(224.626237893347,174.000002592751,-98.6918753358271));
#8840=CARTESIAN_POINT('Ctrl Pts',(224.376525070644,174.000002592751,-98.7028445003565));
#8841=CARTESIAN_POINT('Origin',(224.376525070648,178.000002592751,-103.500001132317));
#8842=CARTESIAN_POINT('',(224.376525070647,174.000002592751,-103.500001132317));
#8843=CARTESIAN_POINT('Origin',(232.000000476877,177.400002592749,-79.2787204026424));
#8844=CARTESIAN_POINT('',(216.000000476874,175.01190736672,-76.8585961927429));
#8845=CARTESIAN_POINT('',(232.000000476876,174.000002592749,-79.2787204026424));
#8846=CARTESIAN_POINT('Origin',(232.000000476871,171.500002622551,-73.2995900016838));
#8847=CARTESIAN_POINT('Origin',(232.000000476929,256.000002652354,-124.000001847567));
#8848=CARTESIAN_POINT('',(232.000000476928,253.000002652354,-124.000001847567));
#8849=CARTESIAN_POINT('Origin',(232.000000476927,253.000002652354,-122.000001847566));
#8850=CARTESIAN_POINT('Origin',(232.000000476879,255.000002652354,-59.0000018475665));
#8851=CARTESIAN_POINT('',(232.000000476879,256.000002652354,-59.0000018475665));
#8852=CARTESIAN_POINT('Origin',(232.000000476878,256.000002652354,-58.0000018475665));
#8853=CARTESIAN_POINT('',(232.00000047688,256.000002652354,-60.0000008767558));
#8854=CARTESIAN_POINT('Origin',(232.000000476895,256.600002711958,-79.2787204026424));
#8855=CARTESIAN_POINT('',(232.000000476896,260.000002711958,-79.2787204026424));
#8856=CARTESIAN_POINT('Origin',(232.000000476892,177.400002592749,-98.7212822494093));
#8857=CARTESIAN_POINT('',(232.000000476891,174.000002592749,-98.7212822494093));
#8858=CARTESIAN_POINT('Origin',(232.000000476893,260.000002711958,-76.0000011323108));
#8859=CARTESIAN_POINT('Origin',(232.000000476893,174.000002592749,-102.000001519741));
#8860=CARTESIAN_POINT('Origin',(232.000000476882,252.000002682156,-63.7749181259704));
#8861=CARTESIAN_POINT('',(0.,0.,0.));
#8862=CARTESIAN_POINT('Origin',(231.800000476868,201.818105264163,-60.5000018475667));
#8863=CARTESIAN_POINT('',(232.000000476869,203.81391568106,-61.1532558409014));
#8864=CARTESIAN_POINT('',(231.600000459078,204.133584941027,-61.4426331997024));
#8865=CARTESIAN_POINT('Ctrl Pts',(232.000000476869,203.81391568106,-61.1532558409014));
#8866=CARTESIAN_POINT('Ctrl Pts',(231.867648860614,203.922308704138,-61.2475629101043));
#8867=CARTESIAN_POINT('Ctrl Pts',(231.734298172365,204.028679997031,-61.3441440341416));
#8868=CARTESIAN_POINT('Ctrl Pts',(231.600000459078,204.133584974942,-61.4426331635783));
#8869=CARTESIAN_POINT('',(231.600000476866,201.818105264163,-58.0000018475668));
#8870=CARTESIAN_POINT('Origin',(231.600000476868,201.818105264163,-60.5000018475668));
#8871=CARTESIAN_POINT('',(232.000000476866,201.818105264163,-58.4000018475665));
#8872=CARTESIAN_POINT('',(231.800000476866,201.818105264163,-58.2000018475664));
#8873=CARTESIAN_POINT('Origin',(232.000000476868,201.818105264163,-60.5000018475665));
#8874=CARTESIAN_POINT('Origin',(231.500000476893,217.000003218598,-88.1000013856309));
#8875=CARTESIAN_POINT('',(232.000000476875,230.186090756136,-61.1532558409014));
#8876=CARTESIAN_POINT('Origin',(232.000000476893,217.000003218598,-88.1000013856305));
#8877=CARTESIAN_POINT('',(231.600000459084,229.866421496168,-61.4426331997027));
#8878=CARTESIAN_POINT('Ctrl Pts',(231.600000459084,229.866421462254,-61.4426331635789));
#8879=CARTESIAN_POINT('Ctrl Pts',(231.734298100403,229.971326383948,-61.3441440869205));
#8880=CARTESIAN_POINT('Ctrl Pts',(231.867649299337,230.077698092357,-61.2475625974973));
#8881=CARTESIAN_POINT('Ctrl Pts',(232.000000476875,230.186090756136,-61.1532558409015));
#8882=CARTESIAN_POINT('',(231.000000476876,230.976988636966,-62.6904780013819));
#8883=CARTESIAN_POINT('Ctrl Pts',(231.000000476876,230.976988636966,-62.6904780013819));
#8884=CARTESIAN_POINT('Ctrl Pts',(231.000000476876,230.720108869228,-62.5491764620475));
#8885=CARTESIAN_POINT('Ctrl Pts',(231.059739744693,230.481528987933,-62.3553188674762));
#8886=CARTESIAN_POINT('Ctrl Pts',(231.276057415083,230.103188178693,-61.9185991830665));
#8887=CARTESIAN_POINT('Ctrl Pts',(231.431504644789,229.962378050801,-61.6760871763969));
#8888=CARTESIAN_POINT('Ctrl Pts',(231.596179023948,229.868578041661,-61.4479175809685));
#8889=CARTESIAN_POINT('Ctrl Pts',(231.598087962009,229.867497418701,-61.4452760958646));
#8890=CARTESIAN_POINT('Ctrl Pts',(231.600000446807,229.866421493066,-61.4426331920822));
#8891=CARTESIAN_POINT('',(231.00000047687,203.02301780023,-62.6904780013819));
#8892=CARTESIAN_POINT('Origin',(231.000000476893,217.000003218598,-88.1000013856313));
#8893=CARTESIAN_POINT('Ctrl Pts',(231.600000446802,204.13358494413,-61.4426331920818));
#8894=CARTESIAN_POINT('Ctrl Pts',(231.598087962003,204.132509018494,-61.4452760958643));
#8895=CARTESIAN_POINT('Ctrl Pts',(231.596179023942,204.131428395534,-61.4479175809685));
#8896=CARTESIAN_POINT('Ctrl Pts',(231.431504644784,204.037628386395,-61.676087176397));
#8897=CARTESIAN_POINT('Ctrl Pts',(231.276057415077,203.896818258502,-61.9185991830664));
#8898=CARTESIAN_POINT('Ctrl Pts',(231.059739744687,203.518477449263,-62.3553188674761));
#8899=CARTESIAN_POINT('Ctrl Pts',(231.00000047687,203.279897567968,-62.5491764620475));
#8900=CARTESIAN_POINT('Ctrl Pts',(231.00000047687,203.02301780023,-62.6904780013819));
#8901=CARTESIAN_POINT('Origin',(232.000000476895,217.000002652354,-91.0000018475665));
#8902=CARTESIAN_POINT('',(232.000000476861,179.000002652354,-58.4000018475665));
#8903=CARTESIAN_POINT('',(232.000000476873,232.500003173894,-58.4000018475665));
#8904=CARTESIAN_POINT('',(232.000000476861,178.400002652354,-59.0000018475665));
#8905=CARTESIAN_POINT('Origin',(232.000000476862,179.000002652354,-59.0000018475665));
#8906=CARTESIAN_POINT('',(232.000000476862,178.400002652354,-60.1624397226334));
#8907=CARTESIAN_POINT('',(232.000000476899,178.400002652354,-107.500001847567));
#8908=CARTESIAN_POINT('',(232.000000476865,176.900002622551,-63.7749181259705));
#8909=CARTESIAN_POINT('Origin',(232.000000476866,182.000002622551,-63.7749181259705));
#8910=CARTESIAN_POINT('',(232.000000476873,176.900002622551,-74.1485660194506));
#8911=CARTESIAN_POINT('',(232.000000476896,176.900002622551,-104.500001393081));
#8912=CARTESIAN_POINT('',(232.000000476876,178.337502622551,-77.4890141555545));
#8913=CARTESIAN_POINT('Origin',(232.000000476874,181.500002622551,-74.1485660194506));
#8914=CARTESIAN_POINT('',(232.000000476878,179.400002622551,-79.9580410387617));
#8915=CARTESIAN_POINT('Origin',(232.000000476877,176.000002622551,-79.9580410387617));
#8916=CARTESIAN_POINT('',(232.000000476892,179.400002622551,-98.04196161329));
#8917=CARTESIAN_POINT('',(232.000000476881,179.400002622551,-84.0000014973892));
#8918=CARTESIAN_POINT('',(232.000000476893,178.337502622551,-100.510988496497));
#8919=CARTESIAN_POINT('Origin',(232.000000476891,176.000002622551,-98.04196161329));
#8920=CARTESIAN_POINT('',(232.000000476895,176.900002622551,-103.851436632601));
#8921=CARTESIAN_POINT('Origin',(232.000000476897,181.500002622551,-103.851436632601));
#8922=CARTESIAN_POINT('',(232.000000476903,176.900002622551,-114.225083689381));
#8923=CARTESIAN_POINT('',(232.000000476896,176.900002622551,-104.500001393081));
#8924=CARTESIAN_POINT('',(232.000000476907,179.400002652354,-118.612565900738));
#8925=CARTESIAN_POINT('Origin',(232.000000476905,182.000002622551,-114.225083689381));
#8926=CARTESIAN_POINT('',(232.00000047691,179.400002652354,-122.000001847567));
#8927=CARTESIAN_POINT('',(232.000000476899,179.400002652354,-107.500001847567));
#8928=CARTESIAN_POINT('',(232.000000476911,181.000002652354,-123.600001847567));
#8929=CARTESIAN_POINT('Origin',(232.00000047691,181.000002652354,-122.000001847567));
#8930=CARTESIAN_POINT('',(232.000000476928,253.000002652354,-123.600001847567));
#8931=CARTESIAN_POINT('',(232.000000476924,236.500002652354,-123.600001847567));
#8932=CARTESIAN_POINT('',(232.000000476927,254.600002652354,-122.000001847566));
#8933=CARTESIAN_POINT('Origin',(232.000000476927,253.000002652354,-122.000001847566));
#8934=CARTESIAN_POINT('',(232.000000476925,254.600002652354,-118.612565900738));
#8935=CARTESIAN_POINT('',(232.000000476891,254.600002652354,-74.5000018475665));
#8936=CARTESIAN_POINT('',(232.000000476922,257.100002682156,-114.225083689381));
#8937=CARTESIAN_POINT('Origin',(232.000000476921,252.000002682156,-114.225083689381));
#8938=CARTESIAN_POINT('',(232.000000476914,257.100002682156,-103.851436678956));
#8939=CARTESIAN_POINT('',(232.000000476908,257.100002682156,-96.5000016836537));
#8940=CARTESIAN_POINT('',(232.000000476911,255.662502647883,-100.510988510405));
#8941=CARTESIAN_POINT('Origin',(232.000000476913,252.500002682156,-103.851436678956));
#8942=CARTESIAN_POINT('',(232.000000476909,254.600002622551,-98.041961603215));
#8943=CARTESIAN_POINT('Origin',(232.00000047691,258.000002622551,-98.041961603215));
#8944=CARTESIAN_POINT('',(232.000000476895,254.600002622551,-79.9580410488368));
#8945=CARTESIAN_POINT('',(232.000000476907,254.600002622551,-96.0000016762032));
#8946=CARTESIAN_POINT('',(232.000000476893,255.662502647883,-77.489014141647));
#8947=CARTESIAN_POINT('Origin',(232.000000476896,258.000002622551,-79.9580410488368));
#8948=CARTESIAN_POINT('',(232.000000476891,257.100002682156,-74.1485659730962));
#8949=CARTESIAN_POINT('Origin',(232.00000047689,252.500002682156,-74.1485659730962));
#8950=CARTESIAN_POINT('',(232.000000476883,257.100002682156,-63.7749181259704));
#8951=CARTESIAN_POINT('',(232.000000476908,257.100002682156,-96.5000016836537));
#8952=CARTESIAN_POINT('',(232.00000047688,255.600002652354,-60.1624397226335));
#8953=CARTESIAN_POINT('Origin',(232.000000476882,252.000002682156,-63.7749181259704));
#8954=CARTESIAN_POINT('',(232.000000476879,255.600002652354,-59.0000018475665));
#8955=CARTESIAN_POINT('',(232.000000476891,255.600002652354,-74.5000018475665));
#8956=CARTESIAN_POINT('',(232.000000476879,255.000002652354,-58.4000018475665));
#8957=CARTESIAN_POINT('Origin',(232.000000476879,255.000002652354,-59.0000018475665));
#8958=CARTESIAN_POINT('',(232.000000476873,232.181901173032,-58.4000018475665));
#8959=CARTESIAN_POINT('',(232.000000476873,232.500003173894,-58.4000018475665));
#8960=CARTESIAN_POINT('Origin',(232.000000476875,232.181901173032,-60.5000018475665));
#8961=CARTESIAN_POINT('',(232.000000476917,239.600003218598,-113.100001385631));
#8962=CARTESIAN_POINT('Origin',(232.000000476917,242.000003218598,-113.100001385631));
#8963=CARTESIAN_POINT('',(232.000000476867,189.600003218598,-63.1000013856305));
#8964=CARTESIAN_POINT('Origin',(232.000000476868,192.000003218598,-63.1000013856305));
#8965=CARTESIAN_POINT('',(232.000000476879,239.600003218598,-63.1000013856305));
#8966=CARTESIAN_POINT('Origin',(232.000000476879,242.000003218598,-63.1000013856305));
#8967=CARTESIAN_POINT('',(232.000000476905,189.600003218598,-113.100001385631));
#8968=CARTESIAN_POINT('Origin',(232.000000476906,192.000003218598,-113.100001385631));
#8969=CARTESIAN_POINT('Origin',(231.800000476875,232.181901173032,-60.5000018475667));
#8970=CARTESIAN_POINT('',(231.600000476873,232.181901173032,-58.0000018475668));
#8971=CARTESIAN_POINT('',(231.800000476871,232.181901173032,-58.2000018475649));
#8972=CARTESIAN_POINT('Origin',(231.600000476874,232.181901173032,-60.5000018475668));
#8973=CARTESIAN_POINT('Origin',(231.800000476873,232.500003173894,-58.2000018475667));
#8974=CARTESIAN_POINT('',(231.600000476878,255.000002652354,-58.0000018475668));
#8975=CARTESIAN_POINT('',(231.600000476878,255.000002652354,-58.0000018475668));
#8976=CARTESIAN_POINT('',(231.600000476873,232.500003173894,-58.0000018475668));
#8977=CARTESIAN_POINT('Origin',(232.000000476875,232.181901173032,-60.5000018475665));
#8978=CARTESIAN_POINT('',(230.000000476873,232.181901173033,-58.000000923696));
#8979=CARTESIAN_POINT('',(232.000000476873,232.181901173032,-58.0000018475665));
#8980=CARTESIAN_POINT('',(230.000000476876,230.976988636967,-62.6904780013826));
#8981=CARTESIAN_POINT('Origin',(230.000000476875,232.181901173033,-60.500001847568));
#8982=CARTESIAN_POINT('',(232.000000476876,230.976988636966,-62.6904780013811));
#8983=CARTESIAN_POINT('Origin',(232.000000476893,217.000003218598,-88.1000013856305));
#8984=CARTESIAN_POINT('',(230.00000047687,203.02301780023,-62.6904780013827));
#8985=CARTESIAN_POINT('Origin',(230.000000476893,217.000003218598,-88.1000013856321));
#8986=CARTESIAN_POINT('',(232.00000047687,203.023017800229,-62.6904780013811));
#8987=CARTESIAN_POINT('Origin',(232.000000476868,201.818105264163,-60.5000018475665));
#8988=CARTESIAN_POINT('',(230.000000476866,201.818105264164,-58.000000923696));
#8989=CARTESIAN_POINT('Origin',(230.000000476868,201.818105264164,-60.500001847568));
#8990=CARTESIAN_POINT('',(232.000000476866,201.818105264163,-58.0000018475665));
#8991=CARTESIAN_POINT('Origin',(230.000000476893,217.000003233499,-88.5000013781815));
#8992=CARTESIAN_POINT('',(230.000000476877,249.000003695435,-58.000001847568));
#8993=CARTESIAN_POINT('',(230.000000476862,186.000002771563,-58.000000923696));
#8994=CARTESIAN_POINT('',(230.000000476877,248.000003695435,-59.000001847568));
#8995=CARTESIAN_POINT('Origin',(230.000000476878,249.000003695435,-59.000001847568));
#8996=CARTESIAN_POINT('',(230.000000476923,248.000003695435,-118.300001832667));
#8997=CARTESIAN_POINT('',(230.000000476912,248.000003695435,-103.750001605424));
#8998=CARTESIAN_POINT('',(230.000000476908,186.000002771563,-118.300001832667));
#8999=CARTESIAN_POINT('',(230.000000476912,201.500003002531,-118.300001832667));
#9000=CARTESIAN_POINT('',(230.000000476863,186.000002771563,-59.000001847568));
#9001=CARTESIAN_POINT('',(230.000000476874,186.000002771563,-73.2500011509387));
#9002=CARTESIAN_POINT('',(230.000000476862,185.000002771563,-58.000001847568));
#9003=CARTESIAN_POINT('Origin',(230.000000476863,185.000002771563,-59.000001847568));
#9004=CARTESIAN_POINT('',(230.000000476862,186.000002771563,-58.000000923696));
#9005=CARTESIAN_POINT('',(230.000000476879,240.000003218598,-63.100001385632));
#9006=CARTESIAN_POINT('Origin',(230.000000476879,242.000003218598,-63.100001385632));
#9007=CARTESIAN_POINT('',(230.000000476867,190.000003218598,-63.100001385632));
#9008=CARTESIAN_POINT('Origin',(230.000000476868,192.000003218598,-63.100001385632));
#9009=CARTESIAN_POINT('',(230.000000476917,240.000003218598,-113.100001385632));
#9010=CARTESIAN_POINT('Origin',(230.000000476917,242.000003218598,-113.100001385632));
#9011=CARTESIAN_POINT('',(230.000000476906,190.000003218598,-113.100001385632));
#9012=CARTESIAN_POINT('Origin',(230.000000476906,192.000003218598,-113.100001385632));
#9013=CARTESIAN_POINT('Origin',(231.800000476873,232.500003173894,-58.2000018475667));
#9014=CARTESIAN_POINT('',(231.600000476861,179.000002652354,-58.0000018475668));
#9015=CARTESIAN_POINT('',(231.600000476873,232.500003173894,-58.0000018475668));
#9016=CARTESIAN_POINT('',(231.600000476861,179.000002652354,-58.0000018475668));
#9017=CARTESIAN_POINT('Origin',(232.000000476877,248.000003695435,-58.0000018475665));
#9018=CARTESIAN_POINT('',(212.000000476862,185.000002771567,-58.0000018475818));
#9019=CARTESIAN_POINT('',(232.000000476862,185.000002771563,-58.0000018475665));
#9020=CARTESIAN_POINT('',(212.000000476861,179.000002652358,-58.0000018475818));
#9021=CARTESIAN_POINT('',(212.000000476879,256.000002652358,-58.0000018475818));
#9022=CARTESIAN_POINT('',(232.000000476861,179.000002652354,-58.0000018475665));
#9023=CARTESIAN_POINT('',(223.75000330811,182.000002712011,-58.0000018475728));
#9024=CARTESIAN_POINT('Origin',(222.00000330811,182.000002712011,-58.0000018475742));
#9025=CARTESIAN_POINT('Origin',(216.000000476925,257.00000384445,-117.582577402995));
#9026=CARTESIAN_POINT('',(212.000000476923,252.000003844451,-117.582576999787));
#9027=CARTESIAN_POINT('',(212.00000047692,255.000003695439,-113.000001773077));
#9028=CARTESIAN_POINT('Origin',(212.00000047693,257.000003844451,-117.582577402999));
#9029=CARTESIAN_POINT('',(219.425227542078,252.000003844449,-117.582577402992));
#9030=CARTESIAN_POINT('',(216.000000476923,252.00000384445,-117.582576999784));
#9031=CARTESIAN_POINT('',(220.80000009448,255.000002652356,-113.000002228306));
#9032=CARTESIAN_POINT('Origin',(219.425227542079,257.000003844449,-117.582577402992));
#9033=CARTESIAN_POINT('',(216.00000047692,255.000002652357,-113.000002228311));
#9034=CARTESIAN_POINT('Origin',(216.000000476928,255.000003695439,-123.099997315555));
#9035=CARTESIAN_POINT('',(228.000000476902,255.000003695436,-89.0000009534999));
#9036=CARTESIAN_POINT('',(221.112386298656,255.000003695437,-111.958714881049));
#9037=CARTESIAN_POINT('',(228.000000476884,255.000003695436,-66.0000009087965));
#9038=CARTESIAN_POINT('',(228.000000476884,255.000003695436,-65.0000009087964));
#9039=CARTESIAN_POINT('',(224.645755171186,255.000003695437,-66.000000908799));
#9040=CARTESIAN_POINT('',(216.000000476884,255.000003695439,-66.0000009088056));
#9041=CARTESIAN_POINT('',(224.645755171196,255.000003695437,-79.0000018475721));
#9042=CARTESIAN_POINT('',(224.645755171185,255.000003695437,-65.0000018475721));
#9043=CARTESIAN_POINT('',(219.354251445058,255.000003695438,-79.0000018475762));
#9044=CARTESIAN_POINT('',(219.000001892511,255.000003695438,-79.0000018475765));
#9045=CARTESIAN_POINT('',(219.354251445048,255.000003695438,-66.0000009088031));
#9046=CARTESIAN_POINT('',(219.354251445047,255.000003695438,-65.0000018475762));
#9047=CARTESIAN_POINT('',(212.000000476884,255.000003695439,-66.0000009088087));
#9048=CARTESIAN_POINT('',(216.000000476884,255.000003695439,-66.0000009088056));
#9049=CARTESIAN_POINT('',(212.000000476917,255.000003695439,-109.04999958157));
#9050=CARTESIAN_POINT('Origin',(232.000000476878,255.000002652354,-58.0000018475665));
#9051=CARTESIAN_POINT('',(212.000000476925,255.000002652358,-118.834855937438));
#9052=CARTESIAN_POINT('',(231.600000476925,255.000002652354,-118.834855937423));
#9053=CARTESIAN_POINT('',(232.000000476925,255.000002652354,-118.834855937423));
#9054=CARTESIAN_POINT('',(231.600000476927,255.000002652354,-122.000001847567));
#9055=CARTESIAN_POINT('',(231.600000476891,255.000002652354,-74.5000018475668));
#9056=CARTESIAN_POINT('',(223.707501518451,255.000002652355,-122.000001847573));
#9057=CARTESIAN_POINT('',(232.000000476927,255.000002652354,-122.000001847566));
#9058=CARTESIAN_POINT('',(219.574995060327,255.000002652356,-119.099997315553));
#9059=CARTESIAN_POINT('',(212.864229420909,255.000002652358,-114.390688094904));
#9060=CARTESIAN_POINT('',(212.000000476925,255.000003695439,-119.099997315558));
#9061=CARTESIAN_POINT('',(226.499997768624,255.000002652355,-119.099997315547));
#9062=CARTESIAN_POINT('',(212.00000047692,255.000002771567,-113.000001773076));
#9063=CARTESIAN_POINT('Origin',(216.000000476866,179.000003695439,-65.0000009088056));
#9064=CARTESIAN_POINT('',(220.800000231034,179.000003695437,-113.000001773068));
#9065=CARTESIAN_POINT('',(212.000000476903,179.000002652358,-113.000001317839));
#9066=CARTESIAN_POINT('',(216.000000476909,179.000003695439,-113.000001773073));
#9067=CARTESIAN_POINT('',(212.000000476867,179.000003695439,-66.0000009088087));
#9068=CARTESIAN_POINT('',(212.000000476902,179.000002652358,-111.500001847582));
#9069=CARTESIAN_POINT('',(219.354250791838,179.000003695438,-66.000000908803));
#9070=CARTESIAN_POINT('',(216.000000476867,179.000003695439,-66.0000009088056));
#9071=CARTESIAN_POINT('',(219.354250791848,179.000003695438,-79.0000018475762));
#9072=CARTESIAN_POINT('',(219.354250791837,179.000003695438,-65.0000018475762));
#9073=CARTESIAN_POINT('',(224.645755824403,179.000003695437,-79.0000018475721));
#9074=CARTESIAN_POINT('',(219.000001892501,179.000003695438,-79.0000018475765));
#9075=CARTESIAN_POINT('',(224.645755824394,179.000003695437,-66.000000908799));
#9076=CARTESIAN_POINT('',(224.645755824393,179.000003695437,-65.0000018475721));
#9077=CARTESIAN_POINT('',(228.000000476867,179.000003695436,-66.0000009087964));
#9078=CARTESIAN_POINT('',(216.000000476867,179.000003695439,-66.0000009088056));
#9079=CARTESIAN_POINT('',(228.000000476885,179.000003695436,-89.0000009534999));
#9080=CARTESIAN_POINT('',(228.000000476911,179.000003695436,-124.099997315546));
#9081=CARTESIAN_POINT('',(229.107798648171,179.000003695436,-85.3073403825341));
#9082=CARTESIAN_POINT('Origin',(232.000000476921,252.000002682156,-114.225083689381));
#9083=CARTESIAN_POINT('',(212.000000476922,257.50000268216,-114.225083689395));
#9084=CARTESIAN_POINT('',(231.600000476922,257.500002682156,-114.225083689381));
#9085=CARTESIAN_POINT('',(232.000000476922,257.500002682156,-114.225083689381));
#9086=CARTESIAN_POINT('Origin',(231.60000047692,252.000002682156,-114.225083689381));
#9087=CARTESIAN_POINT('Origin',(212.00000047692,252.00000268216,-114.225083689396));
#9088=CARTESIAN_POINT('Origin',(232.000000476904,182.000002622551,-114.225083689381));
#9089=CARTESIAN_POINT('',(231.600000476907,179.000002652354,-118.834855937423));
#9090=CARTESIAN_POINT('',(212.000000476907,179.000002652358,-118.834855937438));
#9091=CARTESIAN_POINT('',(216.000000476907,179.000002652357,-118.834855937435));
#9092=CARTESIAN_POINT('',(231.600000476903,176.500002622551,-114.225083689381));
#9093=CARTESIAN_POINT('Origin',(231.600000476905,182.000002622551,-114.225083689381));
#9094=CARTESIAN_POINT('',(212.000000476903,176.500002622556,-114.225083689395));
#9095=CARTESIAN_POINT('',(232.000000476903,176.500002622551,-114.225083689381));
#9096=CARTESIAN_POINT('Origin',(212.000000476905,182.000002622556,-114.225083689396));
#9097=CARTESIAN_POINT('Origin',(232.000000476911,179.000002652354,-124.000001847566));
#9098=CARTESIAN_POINT('',(212.000000476908,179.000003695439,-119.099997315558));
#9099=CARTESIAN_POINT('',(212.000000476899,179.000002652358,-107.275000479883));
#9100=CARTESIAN_POINT('',(219.574995060309,179.000002652356,-119.099997315553));
#9101=CARTESIAN_POINT('',(219.000000476908,179.000003695438,-119.099997315553));
#9102=CARTESIAN_POINT('',(223.707501518434,179.000002652355,-122.000001847573));
#9103=CARTESIAN_POINT('',(228.38083078202,179.000002652354,-125.279531155356));
#9104=CARTESIAN_POINT('',(231.60000047691,179.000002652354,-122.000001847567));
#9105=CARTESIAN_POINT('',(232.00000047691,179.000002652354,-122.000001847567));
#9106=CARTESIAN_POINT('',(231.600000476899,179.000002652354,-107.500001847567));
#9107=CARTESIAN_POINT('Origin',(232.000000476877,248.000003695435,-58.0000018475665));
#9108=CARTESIAN_POINT('',(212.000000476878,255.000002652358,-58.0000018475818));
#9109=CARTESIAN_POINT('',(232.000000476878,255.000002652354,-58.0000018475665));
#9110=CARTESIAN_POINT('',(212.000000476877,249.000003695439,-58.0000018475818));
#9111=CARTESIAN_POINT('',(212.000000476879,256.000002652358,-58.0000018475818));
#9112=CARTESIAN_POINT('',(232.000000476877,249.000003695435,-58.0000018475665));
#9113=CARTESIAN_POINT('',(223.75000330811,252.000002712011,-58.0000018475728));
#9114=CARTESIAN_POINT('Origin',(222.00000330811,252.000002712011,-58.0000018475742));
#9115=CARTESIAN_POINT('Origin',(231.800000476906,192.000003218598,-113.100001385631));
#9116=CARTESIAN_POINT('',(231.600000476905,190.000003218598,-113.100001385631));
#9117=CARTESIAN_POINT('',(231.800000476905,189.800003218598,-113.100001385631));
#9118=CARTESIAN_POINT('Origin',(231.600000476906,192.000003218598,-113.100001385631));
#9119=CARTESIAN_POINT('Origin',(232.000000476906,192.000003218598,-113.100001385631));
#9120=CARTESIAN_POINT('',(232.000000476906,190.000003218598,-113.100001385631));
#9121=CARTESIAN_POINT('Origin',(231.800000476917,242.000003218598,-113.100001385631));
#9122=CARTESIAN_POINT('',(231.600000476917,240.000003218598,-113.100001385631));
#9123=CARTESIAN_POINT('',(231.800000476917,239.800003218598,-113.100001385631));
#9124=CARTESIAN_POINT('Origin',(231.600000476918,242.000003218598,-113.100001385631));
#9125=CARTESIAN_POINT('Origin',(232.000000476917,242.000003218598,-113.100001385631));
#9126=CARTESIAN_POINT('',(232.000000476917,240.000003218598,-113.100001385631));
#9127=CARTESIAN_POINT('Origin',(231.800000476879,242.000003218598,-63.1000013856307));
#9128=CARTESIAN_POINT('',(231.600000476879,240.000003218598,-63.1000013856308));
#9129=CARTESIAN_POINT('',(231.800000476879,239.800003218598,-63.1000013856307));
#9130=CARTESIAN_POINT('Origin',(231.600000476879,242.000003218598,-63.1000013856308));
#9131=CARTESIAN_POINT('Origin',(232.000000476879,242.000003218598,-63.1000013856305));
#9132=CARTESIAN_POINT('',(232.000000476879,240.000003218598,-63.1000013856305));
#9133=CARTESIAN_POINT('Origin',(231.800000476868,192.000003218598,-63.1000013856307));
#9134=CARTESIAN_POINT('',(231.600000476867,190.000003218598,-63.1000013856308));
#9135=CARTESIAN_POINT('',(231.800000476867,189.800003218598,-63.1000013856307));
#9136=CARTESIAN_POINT('Origin',(231.600000476868,192.000003218598,-63.1000013856308));
#9137=CARTESIAN_POINT('Origin',(232.000000476868,192.000003218598,-63.1000013856305));
#9138=CARTESIAN_POINT('',(232.000000476867,190.000003218598,-63.1000013856305));
#9139=CARTESIAN_POINT('Origin',(231.800000476891,255.800002652354,-74.5000018475667));
#9140=CARTESIAN_POINT('',(231.60000047688,256.000002652354,-60.0000008767561));
#9141=CARTESIAN_POINT('',(231.600000476879,256.000002652354,-59.0000018475668));
#9142=CARTESIAN_POINT('',(231.600000476891,256.000002652354,-74.5000018475668));
#9143=CARTESIAN_POINT('',(231.600000476879,256.000002652354,-59.0000018475668));
#9144=CARTESIAN_POINT('Ctrl Pts',(232.00000047688,255.600002652354,-60.1624397226335));
#9145=CARTESIAN_POINT('Ctrl Pts',(231.866963589433,255.733039539801,-60.1071991612088));
#9146=CARTESIAN_POINT('Ctrl Pts',(231.733483349279,255.866519779955,-60.0530415924481));
#9147=CARTESIAN_POINT('Ctrl Pts',(231.60000047688,256.000002652354,-60.0000008767562));
#9148=CARTESIAN_POINT('Origin',(231.800000476882,252.000002682156,-63.7749181259706));
#9149=CARTESIAN_POINT('',(231.600000476883,257.500002682156,-63.7749181259707));
#9150=CARTESIAN_POINT('',(232.000000476883,257.100002682156,-63.7749181259704));
#9151=CARTESIAN_POINT('Origin',(231.600000476882,252.000002682156,-63.7749181259707));
#9152=CARTESIAN_POINT('Origin',(231.800000476908,257.300002682156,-96.5000016836539));
#9153=CARTESIAN_POINT('',(231.600000476891,257.500002682156,-74.1485659730965));
#9154=CARTESIAN_POINT('',(232.000000476891,257.100002682156,-74.1485659730962));
#9155=CARTESIAN_POINT('',(231.600000476908,257.500002682156,-96.500001683654));
#9156=CARTESIAN_POINT('Origin',(231.80000047689,252.500002682156,-74.1485659730964));
#9157=CARTESIAN_POINT('',(231.600000476893,255.937502644903,-77.7794878954344));
#9158=CARTESIAN_POINT('',(232.000000476893,255.662502647883,-77.489014141647));
#9159=CARTESIAN_POINT('Origin',(231.60000047689,252.500002682156,-74.1485659730965));
#9160=CARTESIAN_POINT('Origin',(231.800000476896,258.000002622551,-79.9580410488369));
#9161=CARTESIAN_POINT('',(231.600000476895,255.000002622551,-79.9580410488371));
#9162=CARTESIAN_POINT('',(232.000000476895,254.600002622551,-79.9580410488368));
#9163=CARTESIAN_POINT('Origin',(231.600000476896,258.000002622551,-79.9580410488371));
#9164=CARTESIAN_POINT('Origin',(231.800000476907,254.800002622551,-96.0000016762033));
#9165=CARTESIAN_POINT('',(231.600000476909,255.000002622551,-98.0419616032153));
#9166=CARTESIAN_POINT('',(232.000000476909,254.600002622551,-98.041961603215));
#9167=CARTESIAN_POINT('',(231.600000476907,255.000002622551,-96.0000016762035));
#9168=CARTESIAN_POINT('Origin',(231.80000047691,258.000002622551,-98.0419616032151));
#9169=CARTESIAN_POINT('',(231.600000476911,255.937502644903,-100.220514756618));
#9170=CARTESIAN_POINT('',(232.000000476911,255.662502647883,-100.510988510405));
#9171=CARTESIAN_POINT('Origin',(231.600000476909,258.000002622551,-98.0419616032153));
#9172=CARTESIAN_POINT('Origin',(231.800000476913,252.500002682156,-103.851436678956));
#9173=CARTESIAN_POINT('',(231.600000476914,257.500002682156,-103.851436678956));
#9174=CARTESIAN_POINT('',(232.000000476914,257.100002682156,-103.851436678956));
#9175=CARTESIAN_POINT('Origin',(231.600000476913,252.500002682156,-103.851436678956));
#9176=CARTESIAN_POINT('Origin',(231.800000476908,257.300002682156,-96.5000016836539));
#9177=CARTESIAN_POINT('',(232.000000476922,257.100002682156,-114.225083689381));
#9178=CARTESIAN_POINT('',(231.600000476908,257.500002682156,-96.500001683654));
#9179=CARTESIAN_POINT('Origin',(231.800000476921,252.000002682156,-114.225083689381));
#9180=CARTESIAN_POINT('Ctrl Pts',(232.000000476924,254.600002652354,-118.612565900738));
#9181=CARTESIAN_POINT('Ctrl Pts',(231.86719337956,254.732809749719,-118.688239768204));
#9182=CARTESIAN_POINT('Ctrl Pts',(231.733688180794,254.866314948484,-118.762353599851));
#9183=CARTESIAN_POINT('Ctrl Pts',(231.600000476925,255.000002652354,-118.834855937423));
#9184=CARTESIAN_POINT('Origin',(231.800000476899,179.200002652354,-107.500001847567));
#9185=CARTESIAN_POINT('',(231.60000047691,179.000002652354,-122.000001847567));
#9186=CARTESIAN_POINT('Ctrl Pts',(232.000000476907,179.400002652354,-118.612565900738));
#9187=CARTESIAN_POINT('Ctrl Pts',(231.867193379537,179.267195554983,-118.688239768207));
#9188=CARTESIAN_POINT('Ctrl Pts',(231.733688180765,179.133690356211,-118.762353599857));
#9189=CARTESIAN_POINT('Ctrl Pts',(231.600000476907,179.000002652354,-118.834855937423));
#9190=CARTESIAN_POINT('Origin',(231.800000476905,182.000002622551,-114.225083689381));
#9191=CARTESIAN_POINT('',(232.000000476903,176.900002622551,-114.225083689381));
#9192=CARTESIAN_POINT('Origin',(231.800000476896,176.700002622551,-104.500001393081));
#9193=CARTESIAN_POINT('',(231.600000476895,176.500002622551,-103.851436632601));
#9194=CARTESIAN_POINT('',(232.000000476895,176.900002622551,-103.851436632601));
#9195=CARTESIAN_POINT('',(231.600000476896,176.500002622551,-104.500001393081));
#9196=CARTESIAN_POINT('Origin',(231.800000476897,181.500002622551,-103.851436632601));
#9197=CARTESIAN_POINT('',(231.600000476893,178.062502622551,-100.220514745532));
#9198=CARTESIAN_POINT('',(232.000000476893,178.337502622551,-100.510988496497));
#9199=CARTESIAN_POINT('Origin',(231.600000476897,181.500002622551,-103.851436632601));
#9200=CARTESIAN_POINT('Origin',(231.800000476891,176.000002622551,-98.0419616132901));
#9201=CARTESIAN_POINT('',(231.600000476892,179.000002622551,-98.0419616132903));
#9202=CARTESIAN_POINT('',(232.000000476892,179.400002622551,-98.04196161329));
#9203=CARTESIAN_POINT('Origin',(231.600000476891,176.000002622551,-98.0419616132903));
#9204=CARTESIAN_POINT('Origin',(231.800000476881,179.200002622551,-84.0000014973894));
#9205=CARTESIAN_POINT('',(231.600000476878,179.000002622551,-79.958041038762));
#9206=CARTESIAN_POINT('',(232.000000476878,179.400002622551,-79.9580410387617));
#9207=CARTESIAN_POINT('',(231.600000476881,179.000002622551,-84.0000014973895));
#9208=CARTESIAN_POINT('Origin',(231.800000476877,176.000002622551,-79.9580410387619));
#9209=CARTESIAN_POINT('',(231.600000476876,178.062502622551,-77.7794879065204));
#9210=CARTESIAN_POINT('',(232.000000476876,178.337502622551,-77.4890141555545));
#9211=CARTESIAN_POINT('Origin',(231.600000476877,176.000002622551,-79.958041038762));
#9212=CARTESIAN_POINT('Origin',(231.800000476874,181.500002622551,-74.1485660194508));
#9213=CARTESIAN_POINT('',(231.600000476873,176.500002622551,-74.1485660194509));
#9214=CARTESIAN_POINT('',(232.000000476873,176.900002622551,-74.1485660194506));
#9215=CARTESIAN_POINT('Origin',(231.600000476874,181.500002622551,-74.1485660194509));
#9216=CARTESIAN_POINT('Origin',(231.800000476896,176.700002622551,-104.500001393081));
#9217=CARTESIAN_POINT('',(231.600000476865,176.500002622551,-63.7749181259708));
#9218=CARTESIAN_POINT('',(232.000000476865,176.900002622551,-63.7749181259705));
#9219=CARTESIAN_POINT('',(231.600000476896,176.500002622551,-104.500001393081));
#9220=CARTESIAN_POINT('Origin',(231.800000476866,182.000002622551,-63.7749181259706));
#9221=CARTESIAN_POINT('',(231.600000476862,178.000002652354,-60.0000008767561));
#9222=CARTESIAN_POINT('Origin',(231.600000476866,182.000002622551,-63.7749181259708));
#9223=CARTESIAN_POINT('Ctrl Pts',(232.000000476862,178.400002652354,-60.1624397226334));
#9224=CARTESIAN_POINT('Ctrl Pts',(231.86696358941,178.266965764901,-60.1071991612063));
#9225=CARTESIAN_POINT('Ctrl Pts',(231.733483349248,178.13348552474,-60.0530415924429));
#9226=CARTESIAN_POINT('Ctrl Pts',(231.600000476862,178.000002652354,-60.000000876756));
#9227=CARTESIAN_POINT('Origin',(231.80000047691,181.000002652354,-122.000001847567));
#9228=CARTESIAN_POINT('',(231.600000476912,181.000002652354,-124.000001847567));
#9229=CARTESIAN_POINT('Origin',(231.60000047691,181.000002652354,-122.000001847567));
#9230=CARTESIAN_POINT('',(231.600000476912,181.000002652354,-124.000001847567));
#9231=CARTESIAN_POINT('Origin',(231.800000476924,236.500002652354,-123.800001847567));
#9232=CARTESIAN_POINT('',(231.600000476928,253.000002652354,-124.000001847567));
#9233=CARTESIAN_POINT('',(231.600000476928,253.000002652354,-124.000001847567));
#9234=CARTESIAN_POINT('',(231.600000476924,236.500002652354,-124.000001847567));
#9235=CARTESIAN_POINT('Origin',(231.800000476927,253.000002652354,-122.000001847567));
#9236=CARTESIAN_POINT('Origin',(231.600000476927,253.000002652354,-122.000001847567));
#9237=CARTESIAN_POINT('',(231.600000476927,255.000002652354,-122.000001847567));
#9238=CARTESIAN_POINT('Origin',(231.800000476891,254.800002652354,-74.5000018475667));
#9239=CARTESIAN_POINT('Origin',(231.800000476862,179.000002652354,-59.0000018475667));
#9240=CARTESIAN_POINT('',(231.600000476861,178.000002652354,-59.0000018475668));
#9241=CARTESIAN_POINT('Origin',(231.600000476862,179.000002652354,-59.0000018475668));
#9242=CARTESIAN_POINT('',(231.600000476861,178.000002652354,-59.0000018475668));
#9243=CARTESIAN_POINT('Origin',(231.800000476899,178.200002652354,-107.500001847567));
#9244=CARTESIAN_POINT('',(231.600000476898,178.000002652354,-107.500001847567));
#9245=CARTESIAN_POINT('Origin',(231.800000476879,255.000002652354,-59.0000018475666));
#9246=CARTESIAN_POINT('Origin',(231.600000476879,255.000002652354,-59.0000018475668));
#9247=CARTESIAN_POINT('Origin',(232.00000047691,181.000002652354,-122.000001847567));
#9248=CARTESIAN_POINT('',(226.557494936087,181.000002652355,-123.999997228384));
#9249=CARTESIAN_POINT('Origin',(223.707501518434,181.000002652355,-122.000001847573));
#9250=CARTESIAN_POINT('',(232.000000476912,181.000002652354,-124.000001847567));
#9251=CARTESIAN_POINT('Origin',(232.000000476906,176.500002622551,-118.000000938596));
#9252=CARTESIAN_POINT('',(229.347766659124,176.500002622552,-103.851436632603));
#9253=CARTESIAN_POINT('',(232.000000476895,176.500002622551,-103.851436632601));
#9254=CARTESIAN_POINT('',(229.347766659125,176.500002622552,-104.70041265037));
#9255=CARTESIAN_POINT('',(229.347766659124,176.500002622552,-103.500001132313));
#9256=CARTESIAN_POINT('',(212.000000476896,176.500002622556,-104.700412650383));
#9257=CARTESIAN_POINT('',(232.000000476896,176.500002622551,-104.700412650368));
#9258=CARTESIAN_POINT('',(212.000000476906,176.500002622556,-118.000000938611));
#9259=CARTESIAN_POINT('Origin',(232.000000476896,181.500002622551,-103.851436632601));
#9260=CARTESIAN_POINT('',(231.115720299301,178.062502622551,-100.220514745532));
#9261=CARTESIAN_POINT('',(232.000000476893,178.062502622551,-100.220514745532));
#9262=CARTESIAN_POINT('',(229.608830022737,176.638400152841,-102.683180912952));
#9263=CARTESIAN_POINT('Ctrl Pts',(229.608830022737,176.638400152841,-102.683180912952));
#9264=CARTESIAN_POINT('Ctrl Pts',(230.014725294396,176.86856470823,-101.725369577557));
#9265=CARTESIAN_POINT('Ctrl Pts',(230.699582617244,177.348773273911,-100.896223205329));
#9266=CARTESIAN_POINT('Ctrl Pts',(231.115720299301,178.062502622551,-100.220514745532));
#9267=CARTESIAN_POINT('Ctrl Pts',(229.347766659124,176.500002622552,-103.851436632603));
#9268=CARTESIAN_POINT('Ctrl Pts',(229.347766659124,176.500002622552,-103.452141688461));
#9269=CARTESIAN_POINT('Ctrl Pts',(229.450993115485,176.54889809623,-103.055636542437));
#9270=CARTESIAN_POINT('Ctrl Pts',(229.608830022737,176.638400152841,-102.683180912952));
#9271=CARTESIAN_POINT('Origin',(232.000000476891,176.000002622551,-98.04196161329));
#9272=CARTESIAN_POINT('',(231.233776281878,179.000002622551,-98.0419616132906));
#9273=CARTESIAN_POINT('',(232.000000476891,179.000002622551,-98.04196161329));
#9274=CARTESIAN_POINT('Ctrl Pts',(231.115720299301,178.062502622551,-100.220514745532));
#9275=CARTESIAN_POINT('Ctrl Pts',(231.19525102059,178.635405130227,-99.6781311770095));
#9276=CARTESIAN_POINT('Ctrl Pts',(231.233776281879,179.000002622551,-98.8662145660798));
#9277=CARTESIAN_POINT('Ctrl Pts',(231.233776281878,179.000002622551,-98.0419616132905));
#9278=CARTESIAN_POINT('Origin',(232.000000476875,179.000002622551,-77.0000011472119));
#9279=CARTESIAN_POINT('',(231.233776281864,179.000002622551,-79.9580410387623));
#9280=CARTESIAN_POINT('',(232.000000476878,179.000002622551,-79.9580410387617));
#9281=CARTESIAN_POINT('',(231.233776281883,179.000002622551,-103.500001132311));
#9282=CARTESIAN_POINT('Origin',(232.000000476877,176.000002622551,-79.9580410387617));
#9283=CARTESIAN_POINT('',(231.115720299284,178.062502622551,-77.7794879065208));
#9284=CARTESIAN_POINT('',(232.000000476876,178.062502622551,-77.7794879065201));
#9285=CARTESIAN_POINT('Ctrl Pts',(231.233776281864,179.000002622551,-79.9580410387624));
#9286=CARTESIAN_POINT('Ctrl Pts',(231.233776281864,179.000002622551,-79.1338088302001));
#9287=CARTESIAN_POINT('Ctrl Pts',(231.195250534208,178.63540162667,-78.321868158123));
#9288=CARTESIAN_POINT('Ctrl Pts',(231.115720299284,178.062502622551,-77.7794879065208));
#9289=CARTESIAN_POINT('Origin',(232.000000476874,181.500002622551,-74.1485660194506));
#9290=CARTESIAN_POINT('',(229.347766659102,176.500002622552,-74.1485660194527));
#9291=CARTESIAN_POINT('',(232.000000476873,176.500002622551,-74.1485660194506));
#9292=CARTESIAN_POINT('',(229.608830022716,176.638400152841,-75.3168217391037));
#9293=CARTESIAN_POINT('Ctrl Pts',(229.608830022716,176.638400152841,-75.3168217391037));
#9294=CARTESIAN_POINT('Ctrl Pts',(229.450993115463,176.54889809623,-74.9443661096191));
#9295=CARTESIAN_POINT('Ctrl Pts',(229.347766659102,176.500002622552,-74.547860963595));
#9296=CARTESIAN_POINT('Ctrl Pts',(229.347766659102,176.500002622552,-74.1485660194527));
#9297=CARTESIAN_POINT('Ctrl Pts',(231.115720299284,178.062502622551,-77.7794879065208));
#9298=CARTESIAN_POINT('Ctrl Pts',(230.699529784772,177.348682659496,-77.1036936594067));
#9299=CARTESIAN_POINT('Ctrl Pts',(230.014857404891,176.868639622032,-76.2749448222754));
#9300=CARTESIAN_POINT('Ctrl Pts',(229.608830022716,176.638400152841,-75.3168217391037));
#9301=CARTESIAN_POINT('Origin',(232.000000476906,176.500002622551,-118.000000938596));
#9302=CARTESIAN_POINT('',(212.000000476865,176.500002622556,-63.7749181259858));
#9303=CARTESIAN_POINT('',(232.000000476865,176.500002622551,-63.7749181259705));
#9304=CARTESIAN_POINT('',(212.000000476872,176.500002622556,-73.2995900016991));
#9305=CARTESIAN_POINT('',(212.000000476906,176.500002622556,-118.000000938611));
#9306=CARTESIAN_POINT('',(229.347766659101,176.500002622552,-73.2995900016859));
#9307=CARTESIAN_POINT('',(232.000000476872,176.500002622551,-73.2995900016838));
#9308=CARTESIAN_POINT('',(229.347766659124,176.500002622552,-103.500001132313));
#9309=CARTESIAN_POINT('Origin',(232.000000476866,182.000002622551,-63.7749181259705));
#9310=CARTESIAN_POINT('',(212.000000476862,178.000002652358,-60.0000008767711));
#9311=CARTESIAN_POINT('',(232.000000476862,178.000002652354,-60.0000008767558));
#9312=CARTESIAN_POINT('Origin',(212.000000476866,182.000002622556,-63.7749181259858));
#9313=CARTESIAN_POINT('Origin',(232.000000476911,178.000002652354,-124.000001847566));
#9314=CARTESIAN_POINT('',(212.000000476861,178.000002652358,-59.0000018475818));
#9315=CARTESIAN_POINT('',(232.000000476861,178.000002652354,-59.0000018475665));
#9316=CARTESIAN_POINT('',(212.000000476861,178.000002652358,-58.0000018475818));
#9317=CARTESIAN_POINT('Origin',(232.000000476862,179.000002652354,-59.0000018475665));
#9318=CARTESIAN_POINT('Origin',(212.000000476862,179.000002652358,-59.0000018475818));
#9319=CARTESIAN_POINT('Ctrl Pts',(231.115720321022,255.937502644903,-77.7794878954347));
#9320=CARTESIAN_POINT('Ctrl Pts',(230.699582642116,256.65123201086,-77.1037794331312));
#9321=CARTESIAN_POINT('Ctrl Pts',(230.014725308487,257.131440587795,-76.2746330525443));
#9322=CARTESIAN_POINT('Ctrl Pts',(229.608830028468,257.361605148616,-75.3168217062788));
#9323=CARTESIAN_POINT('Ctrl Pts',(230.640480950737,255.833131208065,-77.8782993868186));
#9324=CARTESIAN_POINT('Ctrl Pts',(230.314700501226,256.542667190803,-77.2480932248154));
#9325=CARTESIAN_POINT('Ctrl Pts',(229.713794154805,257.085240349321,-76.4019233169894));
#9326=CARTESIAN_POINT('Ctrl Pts',(229.351136666233,257.343884215926,-75.3905659453437));
#9327=CARTESIAN_POINT('Ctrl Pts',(229.813230519487,255.884757728563,-78.2967346880674));
#9328=CARTESIAN_POINT('Ctrl Pts',(229.639725225216,256.557470628258,-77.6165589777524));
#9329=CARTESIAN_POINT('Ctrl Pts',(229.187723009507,257.135071473259,-76.6754908758939));
#9330=CARTESIAN_POINT('Ctrl Pts',(228.900379719277,257.406330794887,-75.5420141276928));
#9331=CARTESIAN_POINT('Ctrl Pts',(229.363641134901,256.317381670793,-78.9514740090871));
#9332=CARTESIAN_POINT('Ctrl Pts',(229.16523196541,256.932884636099,-78.0849803613677));
#9333=CARTESIAN_POINT('Ctrl Pts',(228.761565437258,257.400340396121,-76.9902093458676));
#9334=CARTESIAN_POINT('Ctrl Pts',(228.512478056705,257.622997362201,-75.7114957620981));
#9335=CARTESIAN_POINT('Ctrl Pts',(229.269432383372,256.543593759405,-79.2318566643713));
#9336=CARTESIAN_POINT('Ctrl Pts',(229.019749776028,257.14312642681,-78.2858648171452));
#9337=CARTESIAN_POINT('Ctrl Pts',(228.60883537585,257.546501631435,-77.1250598843241));
#9338=CARTESIAN_POINT('Ctrl Pts',(228.365298207838,257.739839862525,-75.784123999552));
#9339=CARTESIAN_POINT('',(228.365298207838,257.739839862525,-75.784123999552));
#9340=CARTESIAN_POINT('',(229.608830028468,257.361605148616,-75.3168217062788));
#9341=CARTESIAN_POINT('Origin',(229.608830028469,259.3062461352,-75.7841239995511));
#9342=CARTESIAN_POINT('',(231.115720321022,255.937502644903,-77.7794878954347));
#9343=CARTESIAN_POINT('Ctrl Pts',(229.608830028468,257.361605148616,-75.3168217062788));
#9344=CARTESIAN_POINT('Ctrl Pts',(230.014725308487,257.131440587795,-76.2746330525443));
#9345=CARTESIAN_POINT('Ctrl Pts',(230.699582642116,256.65123201086,-77.1037794331312));
#9346=CARTESIAN_POINT('Ctrl Pts',(231.115720321022,255.937502644903,-77.7794878954347));
#9347=CARTESIAN_POINT('',(229.269432383372,256.543593759405,-79.2318566643713));
#9348=CARTESIAN_POINT('Origin',(231.115720321024,257.312502630002,-79.2318566643699));
#9349=CARTESIAN_POINT('Ctrl Pts',(229.269432383372,256.543593759405,-79.2318566643713));
#9350=CARTESIAN_POINT('Ctrl Pts',(229.019749776028,257.14312642681,-78.2858648171452));
#9351=CARTESIAN_POINT('Ctrl Pts',(228.60883537585,257.546501631435,-77.1250598843241));
#9352=CARTESIAN_POINT('Ctrl Pts',(228.365298207838,257.739839862525,-75.784123999552));
#9353=CARTESIAN_POINT('Ctrl Pts',(231.233776302151,255.000002622551,-79.9580410488373));
#9354=CARTESIAN_POINT('Ctrl Pts',(231.23377630215,255.000002622551,-79.1337880861875));
#9355=CARTESIAN_POINT('Ctrl Pts',(231.19525104165,255.36460012375,-78.3218714655707));
#9356=CARTESIAN_POINT('Ctrl Pts',(231.115720321022,255.937502644903,-77.7794878954346));
#9357=CARTESIAN_POINT('Ctrl Pts',(230.760251268875,255.000002622552,-79.9580410488377));
#9358=CARTESIAN_POINT('Ctrl Pts',(230.760251268875,255.000002622552,-79.177399097678));
#9359=CARTESIAN_POINT('Ctrl Pts',(230.723438237037,255.324970522096,-78.4121691943425));
#9360=CARTESIAN_POINT('Ctrl Pts',(230.640480950737,255.833131208065,-77.8782993868185));
#9361=CARTESIAN_POINT('Ctrl Pts',(229.935227822659,255.307432740065,-79.9580410488383));
#9362=CARTESIAN_POINT('Ctrl Pts',(229.935227822658,255.307432740065,-79.3397243406209));
#9363=CARTESIAN_POINT('Ctrl Pts',(229.90103758966,255.536005506815,-78.7327620496662));
#9364=CARTESIAN_POINT('Ctrl Pts',(229.813230554622,255.884757764739,-78.2967347108234));
#9365=CARTESIAN_POINT('Ctrl Pts',(229.454606085036,256.019859551659,-79.9580410488387));
#9366=CARTESIAN_POINT('Ctrl Pts',(229.454606085035,256.019859551659,-79.5803211127326));
#9367=CARTESIAN_POINT('Ctrl Pts',(229.427614834653,256.137735071393,-79.2087129133658));
#9368=CARTESIAN_POINT('Ctrl Pts',(229.363641134901,256.317381670793,-78.951474009087));
#9369=CARTESIAN_POINT('Ctrl Pts',(229.340265972049,256.356093754935,-79.9580410488388));
#9370=CARTESIAN_POINT('Ctrl Pts',(229.340265972049,256.356093754935,-79.6832900612887));
#9371=CARTESIAN_POINT('Ctrl Pts',(229.317150815749,256.429013255175,-79.4126511877499));
#9372=CARTESIAN_POINT('Ctrl Pts',(229.269432383372,256.543593759406,-79.2318566643712));
#9373=CARTESIAN_POINT('',(231.233776302151,255.000002622551,-79.9580410488373));
#9374=CARTESIAN_POINT('',(229.340265972049,256.356093754935,-79.9580410488388));
#9375=CARTESIAN_POINT('Origin',(231.233776302152,257.000002622552,-79.9580410488373));
#9376=CARTESIAN_POINT('Ctrl Pts',(229.340265972049,256.356093754935,-79.9580410488388));
#9377=CARTESIAN_POINT('Ctrl Pts',(229.340265972049,256.356093754935,-79.6832900612887));
#9378=CARTESIAN_POINT('Ctrl Pts',(229.317150815749,256.429013255175,-79.4126511877499));
#9379=CARTESIAN_POINT('Ctrl Pts',(229.269432383372,256.543593759406,-79.2318566643712));
#9380=CARTESIAN_POINT('Ctrl Pts',(231.115720321022,255.937502644903,-77.7794878954346));
#9381=CARTESIAN_POINT('Ctrl Pts',(231.19525104165,255.36460012375,-78.3218714655707));
#9382=CARTESIAN_POINT('Ctrl Pts',(231.23377630215,255.000002622551,-79.1337880861875));
#9383=CARTESIAN_POINT('Ctrl Pts',(231.233776302151,255.000002622551,-79.9580410488373));
#9384=CARTESIAN_POINT('Ctrl Pts',(229.608830028468,257.361605148616,-75.3168217062788));
#9385=CARTESIAN_POINT('Ctrl Pts',(229.450993118058,257.451107207286,-74.9443660727871));
#9386=CARTESIAN_POINT('Ctrl Pts',(229.34776665912,257.500002682156,-74.5478609220732));
#9387=CARTESIAN_POINT('Ctrl Pts',(229.34776665912,257.500002682156,-74.1485659730982));
#9388=CARTESIAN_POINT('Ctrl Pts',(229.157866644557,257.330593516408,-75.4458741246424));
#9389=CARTESIAN_POINT('Ctrl Pts',(229.029584773336,257.43977068984,-75.0370599119717));
#9390=CARTESIAN_POINT('Ctrl Pts',(228.943791849324,257.500002682157,-74.5943801020444));
#9391=CARTESIAN_POINT('Ctrl Pts',(228.943791849323,257.500002682157,-74.1485659730985));
#9392=CARTESIAN_POINT('Ctrl Pts',(228.708717855194,257.467207361771,-75.6146581121595));
#9393=CARTESIAN_POINT('Ctrl Pts',(228.609164238066,257.569410702667,-75.1497920908608));
#9394=CARTESIAN_POINT('Ctrl Pts',(228.540709077104,257.626008630336,-74.6509079373317));
#9395=CARTESIAN_POINT('Ctrl Pts',(228.540709077104,257.626008630336,-74.1485659730988));
#9396=CARTESIAN_POINT('Ctrl Pts',(228.365298207838,257.739839862525,-75.7841239995521));
#9397=CARTESIAN_POINT('Ctrl Pts',(228.270596061592,257.815021591807,-75.2626861126635));
#9398=CARTESIAN_POINT('Ctrl Pts',(228.208660186229,257.856093790698,-74.7075789016642));
#9399=CARTESIAN_POINT('Ctrl Pts',(228.208660186229,257.856093790698,-74.148565973099));
#9400=CARTESIAN_POINT('',(228.935197061393,257.543018694733,-74.1485659730986));
#9401=CARTESIAN_POINT('Ctrl Pts',(228.365298207838,257.739839862525,-75.7841239995521));
#9402=CARTESIAN_POINT('Ctrl Pts',(228.441011287446,257.679733091137,-75.1807916997928));
#9403=CARTESIAN_POINT('Ctrl Pts',(228.672330925155,257.603347116716,-74.7164167889799));
#9404=CARTESIAN_POINT('Ctrl Pts',(228.828231184629,257.564440011473,-74.3904013233556));
#9405=CARTESIAN_POINT('Ctrl Pts',(228.890705321256,257.552398403228,-74.2685275645153));
#9406=CARTESIAN_POINT('Ctrl Pts',(228.935197061393,257.543018694733,-74.1485659730985));
#9407=CARTESIAN_POINT('',(229.34776665912,257.500002682156,-74.1485659730983));
#9408=CARTESIAN_POINT('Origin',(229.347766659121,259.500002682156,-74.1485659730983));
#9409=CARTESIAN_POINT('Ctrl Pts',(229.34776665912,257.500002682156,-74.1485659730982));
#9410=CARTESIAN_POINT('Ctrl Pts',(229.34776665912,257.500002682156,-74.5478609220732));
#9411=CARTESIAN_POINT('Ctrl Pts',(229.450993118058,257.451107207286,-74.9443660727871));
#9412=CARTESIAN_POINT('Ctrl Pts',(229.608830028468,257.361605148616,-75.3168217062788));
#9413=CARTESIAN_POINT('Origin',(229.347766659137,259.500002682156,-95.5000014228854));
#9414=CARTESIAN_POINT('',(229.347766659119,257.500002682156,-73.2995900016859));
#9415=CARTESIAN_POINT('',(229.240489179287,257.502881869006,-73.4692472407689));
#9416=CARTESIAN_POINT('Ctrl Pts',(229.240489179287,257.502881869006,-73.4692472407687));
#9417=CARTESIAN_POINT('Ctrl Pts',(229.276657386394,257.500939055089,-73.4120231817768));
#9418=CARTESIAN_POINT('Ctrl Pts',(229.31245352391,257.500002682156,-73.3554249709777));
#9419=CARTESIAN_POINT('Ctrl Pts',(229.347766659119,257.500002682156,-73.2995900016859));
#9420=CARTESIAN_POINT('',(229.347766659136,257.500002682156,-95.5000014228854));
#9421=CARTESIAN_POINT('Ctrl Pts',(228.935197061394,257.543018694733,-74.1485659730948));
#9422=CARTESIAN_POINT('Ctrl Pts',(228.961781437827,257.53741420049,-74.0768874077265));
#9423=CARTESIAN_POINT('Ctrl Pts',(228.98862056947,257.532321559805,-74.0072044758946));
#9424=CARTESIAN_POINT('Ctrl Pts',(229.100217785068,257.513532773235,-73.7302490678407));
#9425=CARTESIAN_POINT('Ctrl Pts',(229.176918444526,257.506296638994,-73.5698266105275));
#9426=CARTESIAN_POINT('Ctrl Pts',(229.240489179287,257.502881869006,-73.4692472407689));
#9427=CARTESIAN_POINT('Ctrl Pts',(229.340265972063,256.356093754935,-98.041961603217));
#9428=CARTESIAN_POINT('Ctrl Pts',(229.340265972063,256.356093754935,-98.3167056760243));
#9429=CARTESIAN_POINT('Ctrl Pts',(229.317150523943,256.429013955887,-98.5873525699473));
#9430=CARTESIAN_POINT('Ctrl Pts',(229.269432383387,256.543593759406,-98.7681459876847));
#9431=CARTESIAN_POINT('Ctrl Pts',(229.492719456045,255.9077814839,-98.0419616032169));
#9432=CARTESIAN_POINT('Ctrl Pts',(229.492719456045,255.9077814839,-98.4543537470456));
#9433=CARTESIAN_POINT('Ctrl Pts',(229.464684441393,256.040706006975,-98.8587816047357));
#9434=CARTESIAN_POINT('Ctrl Pts',(229.395044052093,256.241977641256,-99.1419895280634));
#9435=CARTESIAN_POINT('Ctrl Pts',(230.049400891283,255.225665458735,-98.0419616032164));
#9436=CARTESIAN_POINT('Ctrl Pts',(230.049400891283,255.225665458735,-98.6934850175953));
#9437=CARTESIAN_POINT('Ctrl Pts',(230.01467577046,255.471023693623,-99.3327417683343));
#9438=CARTESIAN_POINT('Ctrl Pts',(229.926970138291,255.847420689288,-99.792739452697));
#9439=CARTESIAN_POINT('Ctrl Pts',(230.878632527208,255.000002622552,-98.0419616032158));
#9440=CARTESIAN_POINT('Ctrl Pts',(230.878632527209,255.000002622552,-98.8331847635983));
#9441=CARTESIAN_POINT('Ctrl Pts',(230.841222283858,255.33486005287,-99.6108194766795));
#9442=CARTESIAN_POINT('Ctrl Pts',(230.759290793326,255.859224067275,-100.146406138081));
#9443=CARTESIAN_POINT('Ctrl Pts',(231.233776302165,255.000002622551,-98.0419616032155));
#9444=CARTESIAN_POINT('Ctrl Pts',(231.233776302166,255.000002622551,-98.8661938216357));
#9445=CARTESIAN_POINT('Ctrl Pts',(231.195250555298,255.364603627315,-99.6781345034104));
#9446=CARTESIAN_POINT('Ctrl Pts',(231.115720321039,255.937502644903,-100.220514756618));
#9447=CARTESIAN_POINT('',(229.340265972063,256.356093754935,-98.041961603217));
#9448=CARTESIAN_POINT('',(231.233776302165,255.000002622551,-98.0419616032156));
#9449=CARTESIAN_POINT('Origin',(231.233776302165,257.000002622551,-98.0419616032156));
#9450=CARTESIAN_POINT('',(231.115720321039,255.937502644903,-100.220514756618));
#9451=CARTESIAN_POINT('Ctrl Pts',(231.233776302165,255.000002622551,-98.0419616032155));
#9452=CARTESIAN_POINT('Ctrl Pts',(231.233776302166,255.000002622551,-98.8661938216357));
#9453=CARTESIAN_POINT('Ctrl Pts',(231.195250555298,255.364603627315,-99.6781345034104));
#9454=CARTESIAN_POINT('Ctrl Pts',(231.115720321039,255.937502644903,-100.220514756618));
#9455=CARTESIAN_POINT('',(229.269432383387,256.543593759406,-98.7681459876846));
#9456=CARTESIAN_POINT('Origin',(231.115720321039,257.312502630002,-98.7681459876832));
#9457=CARTESIAN_POINT('Ctrl Pts',(229.269432383387,256.543593759406,-98.7681459876847));
#9458=CARTESIAN_POINT('Ctrl Pts',(229.317150523943,256.429013955887,-98.5873525699473));
#9459=CARTESIAN_POINT('Ctrl Pts',(229.340265972063,256.356093754935,-98.3167056760243));
#9460=CARTESIAN_POINT('Ctrl Pts',(229.340265972063,256.356093754935,-98.041961603217));
#9461=CARTESIAN_POINT('Ctrl Pts',(229.269432383387,256.543593759405,-98.7681459876846));
#9462=CARTESIAN_POINT('Ctrl Pts',(229.019718076568,257.143202542932,-99.7142579371752));
#9463=CARTESIAN_POINT('Ctrl Pts',(228.608914642191,257.546438703829,-100.874506320769));
#9464=CARTESIAN_POINT('Ctrl Pts',(228.365298207858,257.739839862525,-102.215878652505));
#9465=CARTESIAN_POINT('Ctrl Pts',(229.395044052093,256.241977641255,-99.1419895280634));
#9466=CARTESIAN_POINT('Ctrl Pts',(229.214984265338,256.863523486407,-99.9810682593416));
#9467=CARTESIAN_POINT('Ctrl Pts',(228.812472411807,257.351362971399,-101.054381289149));
#9468=CARTESIAN_POINT('Ctrl Pts',(228.561538006347,257.584049862094,-102.312716302443));
#9469=CARTESIAN_POINT('Ctrl Pts',(229.92697019383,255.847420762653,-99.7927393996338));
#9470=CARTESIAN_POINT('Ctrl Pts',(229.734726150429,256.530044353674,-100.449665233951));
#9471=CARTESIAN_POINT('Ctrl Pts',(229.262559393025,257.112897813329,-101.368864160195));
#9472=CARTESIAN_POINT('Ctrl Pts',(228.964554749113,257.38681131692,-102.482104599538));
#9473=CARTESIAN_POINT('Ctrl Pts',(230.759290793326,255.859224067275,-100.146406138081));
#9474=CARTESIAN_POINT('Ctrl Pts',(230.410009622252,256.56938315799,-100.78891954088));
#9475=CARTESIAN_POINT('Ctrl Pts',(229.789204797022,257.096846694344,-101.629537051577));
#9476=CARTESIAN_POINT('Ctrl Pts',(229.415560006813,257.348314449099,-102.627872766478));
#9477=CARTESIAN_POINT('Ctrl Pts',(231.115720321039,255.937502644903,-100.220514756618));
#9478=CARTESIAN_POINT('Ctrl Pts',(230.699529809673,256.651322625293,-100.896309006256));
#9479=CARTESIAN_POINT('Ctrl Pts',(230.014857419045,257.131365673979,-101.725057851679));
#9480=CARTESIAN_POINT('Ctrl Pts',(229.608830028489,257.361605148616,-102.683180945776));
#9481=CARTESIAN_POINT('',(229.608830028489,257.361605148616,-102.683180945777));
#9482=CARTESIAN_POINT('',(228.365298207858,257.739839862525,-102.215878652505));
#9483=CARTESIAN_POINT('Origin',(229.608830028489,259.3062461352,-102.215878652504));
#9484=CARTESIAN_POINT('Ctrl Pts',(228.365298207858,257.739839862525,-102.215878652505));
#9485=CARTESIAN_POINT('Ctrl Pts',(228.608914642191,257.546438703829,-100.874506320769));
#9486=CARTESIAN_POINT('Ctrl Pts',(229.019718076568,257.143202542932,-99.7142579371752));
#9487=CARTESIAN_POINT('Ctrl Pts',(229.269432383387,256.543593759405,-98.7681459876846));
#9488=CARTESIAN_POINT('Ctrl Pts',(231.115720321039,255.937502644903,-100.220514756618));
#9489=CARTESIAN_POINT('Ctrl Pts',(230.699529809673,256.651322625293,-100.896309006256));
#9490=CARTESIAN_POINT('Ctrl Pts',(230.014857419045,257.131365673979,-101.725057851679));
#9491=CARTESIAN_POINT('Ctrl Pts',(229.608830028489,257.361605148616,-102.683180945776));
#9492=CARTESIAN_POINT('Origin',(231.233776302163,257.000002622551,-95.500001422884));
#9493=CARTESIAN_POINT('',(229.340265972061,256.356093754935,-95.5000014228855));
#9494=CARTESIAN_POINT('',(231.233776302163,255.000002622551,-95.500001422884));
#9495=CARTESIAN_POINT('Ctrl Pts',(229.347766659143,257.500002682156,-103.851436678958));
#9496=CARTESIAN_POINT('Ctrl Pts',(229.347766659143,257.500002682156,-103.452141729982));
#9497=CARTESIAN_POINT('Ctrl Pts',(229.45099311808,257.451107207286,-103.055636579268));
#9498=CARTESIAN_POINT('Ctrl Pts',(229.608830028489,257.361605148616,-102.683180945777));
#9499=CARTESIAN_POINT('Ctrl Pts',(228.943791849346,257.500002682157,-103.851436678958));
#9500=CARTESIAN_POINT('Ctrl Pts',(228.943791849346,257.500002682157,-103.405622550012));
#9501=CARTESIAN_POINT('Ctrl Pts',(229.029584773357,257.43977068984,-102.962942740085));
#9502=CARTESIAN_POINT('Ctrl Pts',(229.157866644578,257.330593516408,-102.554128527414));
#9503=CARTESIAN_POINT('Ctrl Pts',(228.540709077126,257.626008630336,-103.851436678958));
#9504=CARTESIAN_POINT('Ctrl Pts',(228.540709077126,257.626008630336,-103.349094714725));
#9505=CARTESIAN_POINT('Ctrl Pts',(228.609164238087,257.569410702667,-102.850210561196));
#9506=CARTESIAN_POINT('Ctrl Pts',(228.708717855214,257.467207361771,-102.385344539897));
#9507=CARTESIAN_POINT('Ctrl Pts',(228.208660186251,257.856093790698,-103.851436678958));
#9508=CARTESIAN_POINT('Ctrl Pts',(228.208660186251,257.856093790698,-103.292423750393));
#9509=CARTESIAN_POINT('Ctrl Pts',(228.270596061613,257.815021591807,-102.737316539394));
#9510=CARTESIAN_POINT('Ctrl Pts',(228.365298207858,257.739839862525,-102.215878652505));
#9511=CARTESIAN_POINT('',(228.935197061416,257.543018694733,-103.851436678958));
#9512=CARTESIAN_POINT('Ctrl Pts',(228.935197061416,257.543018694733,-103.851436678958));
#9513=CARTESIAN_POINT('Ctrl Pts',(228.920022819994,257.546217714613,-103.81052287914));
#9514=CARTESIAN_POINT('Ctrl Pts',(228.902500631018,257.549784353231,-103.768793369689));
#9515=CARTESIAN_POINT('Ctrl Pts',(228.799634702546,257.571213075658,-103.539992859786));
#9516=CARTESIAN_POINT('Ctrl Pts',(228.680476714207,257.598374694564,-103.321800386863));
#9517=CARTESIAN_POINT('Ctrl Pts',(228.52105565905,257.655407733922,-102.901452979041));
#9518=CARTESIAN_POINT('Ctrl Pts',(228.477784597652,257.674122534634,-102.765834769535));
#9519=CARTESIAN_POINT('Ctrl Pts',(228.408551131062,257.709553298366,-102.491160764152));
#9520=CARTESIAN_POINT('Ctrl Pts',(228.38269258274,257.726030891607,-102.354488629199));
#9521=CARTESIAN_POINT('Ctrl Pts',(228.365298207858,257.739839862525,-102.215878652505));
#9522=CARTESIAN_POINT('',(229.347766659143,257.500002682156,-103.851436678958));
#9523=CARTESIAN_POINT('Ctrl Pts',(229.608830028489,257.361605148616,-102.683180945777));
#9524=CARTESIAN_POINT('Ctrl Pts',(229.45099311808,257.451107207286,-103.055636579268));
#9525=CARTESIAN_POINT('Ctrl Pts',(229.347766659143,257.500002682156,-103.452141729982));
#9526=CARTESIAN_POINT('Ctrl Pts',(229.347766659143,257.500002682156,-103.851436678958));
#9527=CARTESIAN_POINT('Origin',(229.347766659143,259.500002682156,-103.851436678958));
#9528=CARTESIAN_POINT('Origin',(229.347766659137,259.500002682156,-95.5000014228854));
#9529=CARTESIAN_POINT('',(229.24048917931,257.502881869006,-104.530755411287));
#9530=CARTESIAN_POINT('Ctrl Pts',(229.24048917931,257.502881869006,-104.530755411287));
#9531=CARTESIAN_POINT('Ctrl Pts',(229.158921052791,257.507263388136,-104.40170120437));
#9532=CARTESIAN_POINT('Ctrl Pts',(229.053096093008,257.518163327316,-104.169323896061));
#9533=CARTESIAN_POINT('Ctrl Pts',(228.935197061416,257.543018694733,-103.851436678958));
#9534=CARTESIAN_POINT('',(229.347766659143,257.500002682156,-104.70041265037));
#9535=CARTESIAN_POINT('',(229.347766659136,257.500002682156,-95.5000014228854));
#9536=CARTESIAN_POINT('Ctrl Pts',(229.347766659143,257.500002682156,-104.70041265037));
#9537=CARTESIAN_POINT('Ctrl Pts',(229.312178055316,257.500002682156,-104.644142126951));
#9538=CARTESIAN_POINT('Ctrl Pts',(229.276398868877,257.500952941635,-104.587570452963));
#9539=CARTESIAN_POINT('Ctrl Pts',(229.24048917931,257.502881869006,-104.530755411287));
#9540=CARTESIAN_POINT('Origin',(226.500000476907,255.390230453511,-95.5000014228876));
#9541=CARTESIAN_POINT('',(228.13636411261,257.904651669569,-100.47777309668));
#9542=CARTESIAN_POINT('Ctrl Pts',(228.365298207858,257.739839862525,-102.215878652505));
#9543=CARTESIAN_POINT('Ctrl Pts',(228.293145634349,257.797120034766,-101.640918839298));
#9544=CARTESIAN_POINT('Ctrl Pts',(228.218382021055,257.851086226531,-101.064643319668));
#9545=CARTESIAN_POINT('Ctrl Pts',(228.139144178911,257.902840783409,-100.49762743967));
#9546=CARTESIAN_POINT('Ctrl Pts',(228.137755053816,257.903746457031,-100.487700130418));
#9547=CARTESIAN_POINT('Ctrl Pts',(228.136364113275,257.904651669136,-100.477773100917));
#9548=CARTESIAN_POINT('',(228.13636411299,257.90465166931,-77.5222295528438));
#9549=CARTESIAN_POINT('',(228.136364113271,257.904651669136,-95.5000014228864));
#9550=CARTESIAN_POINT('Ctrl Pts',(228.136364113259,257.904651669135,-77.5222295511369));
#9551=CARTESIAN_POINT('Ctrl Pts',(228.13775484363,257.903746593807,-77.5123040216022));
#9552=CARTESIAN_POINT('Ctrl Pts',(228.139143761455,257.902841055567,-77.5023781955574));
#9553=CARTESIAN_POINT('Ctrl Pts',(228.218482601826,257.85102055947,-76.9346398108827));
#9554=CARTESIAN_POINT('Ctrl Pts',(228.293247620466,257.797039070454,-76.3582711192208));
#9555=CARTESIAN_POINT('Ctrl Pts',(228.365298207838,257.739839862525,-75.784123999552));
#9556=CARTESIAN_POINT('Origin',(232.000000476912,257.500002682156,-102.000001519741));
#9557=CARTESIAN_POINT('',(212.000000476915,257.50000268216,-104.700412650383));
#9558=CARTESIAN_POINT('',(212.000000476925,257.50000268216,-118.000000938611));
#9559=CARTESIAN_POINT('',(232.000000476914,257.500002682156,-104.700412650368));
#9560=CARTESIAN_POINT('',(232.000000476914,257.500002682156,-103.851436678956));
#9561=CARTESIAN_POINT('Origin',(232.000000476913,252.500002682156,-103.851436678956));
#9562=CARTESIAN_POINT('',(232.000000476911,255.937502644903,-100.220514756618));
#9563=CARTESIAN_POINT('Origin',(232.000000476909,258.000002622551,-98.041961603215));
#9564=CARTESIAN_POINT('',(232.000000476909,255.000002622551,-98.041961603215));
#9565=CARTESIAN_POINT('Ctrl Pts',(231.115720299301,178.062502622551,-100.220514745532));
#9566=CARTESIAN_POINT('Ctrl Pts',(230.699582617244,177.348773273911,-100.896223205329));
#9567=CARTESIAN_POINT('Ctrl Pts',(230.014725294396,176.86856470823,-101.725369577557));
#9568=CARTESIAN_POINT('Ctrl Pts',(229.608830022737,176.638400152841,-102.683180912952));
#9569=CARTESIAN_POINT('Ctrl Pts',(230.640480933692,178.166874059658,-100.121703251864));
#9570=CARTESIAN_POINT('Ctrl Pts',(230.314700479886,177.457338091391,-100.751909413734));
#9571=CARTESIAN_POINT('Ctrl Pts',(229.713794142283,176.914764945689,-101.598079314233));
#9572=CARTESIAN_POINT('Ctrl Pts',(229.351136661112,176.656121085132,-102.609436674645));
#9573=CARTESIAN_POINT('Ctrl Pts',(229.813228619773,178.115249487713,-99.7032691776467));
#9574=CARTESIAN_POINT('Ctrl Pts',(229.639723319444,177.44253659919,-100.383444888836));
#9575=CARTESIAN_POINT('Ctrl Pts',(229.187722901742,176.864934068694,-101.324511788152));
#9576=CARTESIAN_POINT('Ctrl Pts',(228.900379617247,176.593674753369,-102.45798852381));
#9577=CARTESIAN_POINT('Ctrl Pts',(229.363641124517,177.682623601784,-99.0485286418276));
#9578=CARTESIAN_POINT('Ctrl Pts',(229.165231951389,177.067120649287,-99.9150222873423));
#9579=CARTESIAN_POINT('Ctrl Pts',(228.761565428703,176.599664900236,-101.009793292314));
#9580=CARTESIAN_POINT('Ctrl Pts',(228.512478053187,176.377007939362,-102.288506861667));
#9581=CARTESIAN_POINT('Ctrl Pts',(229.269432370337,177.45641151401,-98.768145990706));
#9582=CARTESIAN_POINT('Ctrl Pts',(229.019749761103,176.856878861152,-99.7141378344207));
#9583=CARTESIAN_POINT('Ctrl Pts',(228.608835367394,176.45350366598,-100.87494275554));
#9584=CARTESIAN_POINT('Ctrl Pts',(228.3652982044,176.260165439453,-102.215878625092));
#9585=CARTESIAN_POINT('',(228.3652982044,176.260165439453,-102.215878625092));
#9586=CARTESIAN_POINT('Origin',(229.608830022737,174.693759164956,-102.215878625091));
#9587=CARTESIAN_POINT('',(229.269432370337,177.45641151401,-98.768145990706));
#9588=CARTESIAN_POINT('Origin',(231.1157202993,176.687502622551,-98.7681459907046));
#9589=CARTESIAN_POINT('Ctrl Pts',(229.269432370337,177.45641151401,-98.768145990706));
#9590=CARTESIAN_POINT('Ctrl Pts',(229.019749761103,176.856878861152,-99.7141378344207));
#9591=CARTESIAN_POINT('Ctrl Pts',(228.608835367394,176.45350366598,-100.87494275554));
#9592=CARTESIAN_POINT('Ctrl Pts',(228.3652982044,176.260165439453,-102.215878625092));
#9593=CARTESIAN_POINT('Ctrl Pts',(231.233776281878,179.000002622551,-98.0419616132905));
#9594=CARTESIAN_POINT('Ctrl Pts',(231.233776281879,179.000002622551,-98.8662145660798));
#9595=CARTESIAN_POINT('Ctrl Pts',(231.19525102059,178.635405130227,-99.6781311770095));
#9596=CARTESIAN_POINT('Ctrl Pts',(231.115720299301,178.062502622551,-100.220514745532));
#9597=CARTESIAN_POINT('Ctrl Pts',(230.760251253399,179.000002622552,-98.0419616132909));
#9598=CARTESIAN_POINT('Ctrl Pts',(230.7602512534,179.000002622552,-98.8226035537049));
#9599=CARTESIAN_POINT('Ctrl Pts',(230.72343822057,178.675034732115,-99.5878334468204));
#9600=CARTESIAN_POINT('Ctrl Pts',(230.640480933692,178.166874059658,-100.121703251864));
#9601=CARTESIAN_POINT('Ctrl Pts',(229.935226205715,178.692574455494,-98.0419616132915));
#9602=CARTESIAN_POINT('Ctrl Pts',(229.935226205716,178.692574455494,-98.6602783121029));
#9603=CARTESIAN_POINT('Ctrl Pts',(229.901035655928,178.464001734373,-99.2672418410164));
#9604=CARTESIAN_POINT('Ctrl Pts',(229.813228620431,178.115249487035,-99.7032691772203));
#9605=CARTESIAN_POINT('Ctrl Pts',(229.454606075946,177.980145712441,-98.0419616132919));
#9606=CARTESIAN_POINT('Ctrl Pts',(229.454606075946,177.980145712441,-98.4196815442804));
#9607=CARTESIAN_POINT('Ctrl Pts',(229.427614824702,177.862270196167,-98.7912897387137));
#9608=CARTESIAN_POINT('Ctrl Pts',(229.363641124517,177.682623601784,-99.0485286418276));
#9609=CARTESIAN_POINT('Ctrl Pts',(229.340265959883,177.64391151401,-98.041961613292));
#9610=CARTESIAN_POINT('Ctrl Pts',(229.340265959884,177.64391151401,-98.316712597555));
#9611=CARTESIAN_POINT('Ctrl Pts',(229.31715080311,177.570992015545,-98.5873514678652));
#9612=CARTESIAN_POINT('Ctrl Pts',(229.269432370337,177.45641151401,-98.768145990706));
#9613=CARTESIAN_POINT('',(229.340265959883,177.64391151401,-98.041961613292));
#9614=CARTESIAN_POINT('Origin',(231.233776281878,177.000002622551,-98.0419616132906));
#9615=CARTESIAN_POINT('Ctrl Pts',(229.340265959883,177.64391151401,-98.041961613292));
#9616=CARTESIAN_POINT('Ctrl Pts',(229.340265959884,177.64391151401,-98.316712597555));
#9617=CARTESIAN_POINT('Ctrl Pts',(229.31715080311,177.570992015545,-98.5873514678652));
#9618=CARTESIAN_POINT('Ctrl Pts',(229.269432370337,177.45641151401,-98.768145990706));
#9619=CARTESIAN_POINT('Ctrl Pts',(229.608830022737,176.638400152841,-102.683180912952));
#9620=CARTESIAN_POINT('Ctrl Pts',(229.450993115485,176.54889809623,-103.055636542437));
#9621=CARTESIAN_POINT('Ctrl Pts',(229.347766659124,176.500002622552,-103.452141688461));
#9622=CARTESIAN_POINT('Ctrl Pts',(229.347766659124,176.500002622552,-103.851436632603));
#9623=CARTESIAN_POINT('Ctrl Pts',(229.157866639893,176.669411784351,-102.554128495915));
#9624=CARTESIAN_POINT('Ctrl Pts',(229.029584771191,176.560234613394,-102.962942704355));
#9625=CARTESIAN_POINT('Ctrl Pts',(228.943791849327,176.500002622552,-103.405622509054));
#9626=CARTESIAN_POINT('Ctrl Pts',(228.943791849327,176.500002622552,-103.851436632604));
#9627=CARTESIAN_POINT('Ctrl Pts',(228.708717851571,176.532797939241,-102.385344510433));
#9628=CARTESIAN_POINT('Ctrl Pts',(228.609164236349,176.430594600654,-102.85021052682));
#9629=CARTESIAN_POINT('Ctrl Pts',(228.540709077107,176.373996674373,-103.349094674451));
#9630=CARTESIAN_POINT('Ctrl Pts',(228.540709077108,176.373996674373,-103.851436632604));
#9631=CARTESIAN_POINT('Ctrl Pts',(228.3652982044,176.260165439453,-102.215878625092));
#9632=CARTESIAN_POINT('Ctrl Pts',(228.270596060048,176.184983711901,-102.737316506371));
#9633=CARTESIAN_POINT('Ctrl Pts',(228.208660186232,176.143911514011,-103.292423710805));
#9634=CARTESIAN_POINT('Ctrl Pts',(228.208660186233,176.143911514011,-103.851436632604));
#9635=CARTESIAN_POINT('',(228.935197044205,176.456986606351,-103.851436632603));
#9636=CARTESIAN_POINT('Ctrl Pts',(228.3652982044,176.260165439453,-102.215878625092));
#9637=CARTESIAN_POINT('Ctrl Pts',(228.441011384481,176.320272290422,-102.819211724828));
#9638=CARTESIAN_POINT('Ctrl Pts',(228.672331565577,176.396658356469,-103.283587207003));
#9639=CARTESIAN_POINT('Ctrl Pts',(228.828231339488,176.435565321787,-103.609601613802));
#9640=CARTESIAN_POINT('Ctrl Pts',(228.890705366326,176.447606910573,-103.7314752071));
#9641=CARTESIAN_POINT('Ctrl Pts',(228.935197044205,176.456986606351,-103.851436632604));
#9642=CARTESIAN_POINT('Origin',(229.347766659124,174.500002622552,-103.851436632603));
#9643=CARTESIAN_POINT('Origin',(229.347766659124,174.500002622552,-103.500001132313));
#9644=CARTESIAN_POINT('',(229.240489179293,176.497123435703,-104.530755411288));
#9645=CARTESIAN_POINT('Ctrl Pts',(229.240489179293,176.497123435703,-104.530755411288));
#9646=CARTESIAN_POINT('Ctrl Pts',(229.27639886886,176.499052363073,-104.587570452963));
#9647=CARTESIAN_POINT('Ctrl Pts',(229.312178055298,176.500002622552,-104.644142126951));
#9648=CARTESIAN_POINT('Ctrl Pts',(229.347766659125,176.500002622552,-104.70041265037));
#9649=CARTESIAN_POINT('Ctrl Pts',(228.935197044207,176.456986606351,-103.851436632607));
#9650=CARTESIAN_POINT('Ctrl Pts',(228.961781426876,176.462591102153,-103.923115215953));
#9651=CARTESIAN_POINT('Ctrl Pts',(228.988620564876,176.467683744156,-103.992798164893));
#9652=CARTESIAN_POINT('Ctrl Pts',(229.100217786199,176.48647253158,-104.269753586564));
#9653=CARTESIAN_POINT('Ctrl Pts',(229.176918444995,176.493708665739,-104.430176042261));
#9654=CARTESIAN_POINT('Ctrl Pts',(229.240489179293,176.497123435703,-104.530755411288));
#9655=CARTESIAN_POINT('Ctrl Pts',(229.340265959869,177.64391151401,-79.9580410387638));
#9656=CARTESIAN_POINT('Ctrl Pts',(229.340265959869,177.64391151401,-79.6832969692433));
#9657=CARTESIAN_POINT('Ctrl Pts',(229.317150511275,177.570991314833,-79.4126500785495));
#9658=CARTESIAN_POINT('Ctrl Pts',(229.269432370322,177.45641151401,-79.2318566613499));
#9659=CARTESIAN_POINT('Ctrl Pts',(229.492719447952,178.092223778584,-79.9580410387637));
#9660=CARTESIAN_POINT('Ctrl Pts',(229.492719447952,178.092223778584,-79.5456489006822));
#9661=CARTESIAN_POINT('Ctrl Pts',(229.464684432305,177.959299259518,-79.1412210484609));
#9662=CARTESIAN_POINT('Ctrl Pts',(229.395044042561,177.758027631042,-78.8580131265209));
#9663=CARTESIAN_POINT('Ctrl Pts',(230.049398618103,178.774343473614,-79.9580410387633));
#9664=CARTESIAN_POINT('Ctrl Pts',(230.049398618102,178.774343473614,-79.3065176343356));
#9665=CARTESIAN_POINT('Ctrl Pts',(230.014673045795,178.528985150727,-78.6672582989238));
#9666=CARTESIAN_POINT('Ctrl Pts',(229.926967413156,178.152588166417,-78.2072606173535));
#9667=CARTESIAN_POINT('Ctrl Pts',(230.878632510505,179.000002622552,-79.9580410387626));
#9668=CARTESIAN_POINT('Ctrl Pts',(230.878632510505,179.000002622552,-79.166817888885));
#9669=CARTESIAN_POINT('Ctrl Pts',(230.841222266217,178.665145201304,-78.3891831859308));
#9670=CARTESIAN_POINT('Ctrl Pts',(230.759290775077,178.140781200382,-77.8535965267723));
#9671=CARTESIAN_POINT('Ctrl Pts',(231.233776281864,179.000002622551,-79.9580410387624));
#9672=CARTESIAN_POINT('Ctrl Pts',(231.233776281864,179.000002622551,-79.1338088302001));
#9673=CARTESIAN_POINT('Ctrl Pts',(231.195250534208,178.63540162667,-78.321868158123));
#9674=CARTESIAN_POINT('Ctrl Pts',(231.115720299284,178.062502622551,-77.7794879065208));
#9675=CARTESIAN_POINT('',(229.340265959869,177.64391151401,-79.9580410387638));
#9676=CARTESIAN_POINT('Origin',(231.233776281864,177.000002622551,-79.9580410387623));
#9677=CARTESIAN_POINT('',(229.269432370322,177.45641151401,-79.23185666135));
#9678=CARTESIAN_POINT('Origin',(231.115720299285,176.687502622551,-79.2318566613485));
#9679=CARTESIAN_POINT('Ctrl Pts',(229.269432370322,177.45641151401,-79.2318566613499));
#9680=CARTESIAN_POINT('Ctrl Pts',(229.317150511275,177.570991314833,-79.4126500785495));
#9681=CARTESIAN_POINT('Ctrl Pts',(229.340265959869,177.64391151401,-79.6832969692433));
#9682=CARTESIAN_POINT('Ctrl Pts',(229.340265959869,177.64391151401,-79.9580410387638));
#9683=CARTESIAN_POINT('Ctrl Pts',(229.269432370322,177.45641151401,-79.23185666135));
#9684=CARTESIAN_POINT('Ctrl Pts',(229.019718061614,176.856802745044,-78.2857447153896));
#9685=CARTESIAN_POINT('Ctrl Pts',(228.608914633685,176.453566593574,-77.1254963434055));
#9686=CARTESIAN_POINT('Ctrl Pts',(228.36529820438,176.260165439453,-75.7841240269651));
#9687=CARTESIAN_POINT('Ctrl Pts',(229.395044042561,177.758027631043,-78.858013126521));
#9688=CARTESIAN_POINT('Ctrl Pts',(229.214984251538,177.136481798121,-78.0189343969834));
#9689=CARTESIAN_POINT('Ctrl Pts',(228.812472403169,176.648642324587,-76.9456213772729));
#9690=CARTESIAN_POINT('Ctrl Pts',(228.561538002763,176.415955439332,-75.6872863781986));
#9691=CARTESIAN_POINT('Ctrl Pts',(229.92696730449,178.152588309965,-78.2072605135303));
#9692=CARTESIAN_POINT('Ctrl Pts',(229.734723255166,177.4699647304,-77.5503346780581));
#9693=CARTESIAN_POINT('Ctrl Pts',(229.262559236167,176.887107949221,-76.631138442053));
#9694=CARTESIAN_POINT('Ctrl Pts',(228.964554598235,176.613194452012,-75.5178980150541));
#9695=CARTESIAN_POINT('Ctrl Pts',(230.759290775077,178.140781200382,-77.8535965267723));
#9696=CARTESIAN_POINT('Ctrl Pts',(230.410009600034,177.430622124873,-77.2110831247521));
#9697=CARTESIAN_POINT('Ctrl Pts',(229.789204784045,176.903158600909,-76.3704656215339));
#9698=CARTESIAN_POINT('Ctrl Pts',(229.415560001498,176.651690852059,-75.3721299178341));
#9699=CARTESIAN_POINT('Ctrl Pts',(231.115720299284,178.062502622551,-77.7794879065208));
#9700=CARTESIAN_POINT('Ctrl Pts',(230.699529784772,177.348682659496,-77.1036936594067));
#9701=CARTESIAN_POINT('Ctrl Pts',(230.014857404891,176.868639622032,-76.2749448222754));
#9702=CARTESIAN_POINT('Ctrl Pts',(229.608830022716,176.638400152841,-75.3168217391037));
#9703=CARTESIAN_POINT('',(228.36529820438,176.260165439453,-75.7841240269651));
#9704=CARTESIAN_POINT('Origin',(229.608830022716,174.693759164956,-75.7841240269642));
#9705=CARTESIAN_POINT('Ctrl Pts',(228.36529820438,176.260165439453,-75.7841240269651));
#9706=CARTESIAN_POINT('Ctrl Pts',(228.608914633685,176.453566593574,-77.1254963434055));
#9707=CARTESIAN_POINT('Ctrl Pts',(229.019718061614,176.856802745044,-78.2857447153896));
#9708=CARTESIAN_POINT('Ctrl Pts',(229.269432370322,177.45641151401,-79.23185666135));
#9709=CARTESIAN_POINT('Origin',(231.233776281882,177.000002622551,-103.500001132311));
#9710=CARTESIAN_POINT('',(229.340265959887,177.64391151401,-103.500001132313));
#9711=CARTESIAN_POINT('Ctrl Pts',(229.347766659102,176.500002622552,-74.1485660194527));
#9712=CARTESIAN_POINT('Ctrl Pts',(229.347766659102,176.500002622552,-74.547860963595));
#9713=CARTESIAN_POINT('Ctrl Pts',(229.450993115463,176.54889809623,-74.9443661096191));
#9714=CARTESIAN_POINT('Ctrl Pts',(229.608830022716,176.638400152841,-75.3168217391037));
#9715=CARTESIAN_POINT('Ctrl Pts',(228.943791849305,176.500002622552,-74.148566019453));
#9716=CARTESIAN_POINT('Ctrl Pts',(228.943791849305,176.500002622552,-74.5943801430031));
#9717=CARTESIAN_POINT('Ctrl Pts',(229.02958477117,176.560234613393,-75.0370599477009));
#9718=CARTESIAN_POINT('Ctrl Pts',(229.157866639873,176.669411784351,-75.4458741561414));
#9719=CARTESIAN_POINT('Ctrl Pts',(228.540709077085,176.373996674373,-74.1485660194533));
#9720=CARTESIAN_POINT('Ctrl Pts',(228.540709077086,176.373996674373,-74.6509079776062));
#9721=CARTESIAN_POINT('Ctrl Pts',(228.609164236328,176.430594600654,-75.1497921252366));
#9722=CARTESIAN_POINT('Ctrl Pts',(228.708717851551,176.532797939241,-75.6146581416238));
#9723=CARTESIAN_POINT('Ctrl Pts',(228.20866018621,176.143911514011,-74.1485660194535));
#9724=CARTESIAN_POINT('Ctrl Pts',(228.20866018621,176.143911514011,-74.7075789412528));
#9725=CARTESIAN_POINT('Ctrl Pts',(228.270596060027,176.1849837119,-75.2626861456863));
#9726=CARTESIAN_POINT('Ctrl Pts',(228.36529820438,176.260165439453,-75.7841240269651));
#9727=CARTESIAN_POINT('',(228.935197044183,176.456986606351,-74.148566019453));
#9728=CARTESIAN_POINT('Ctrl Pts',(228.935197044183,176.456986606351,-74.148566019453));
#9729=CARTESIAN_POINT('Ctrl Pts',(228.920022628474,176.453787549589,-74.1894802898607));
#9730=CARTESIAN_POINT('Ctrl Pts',(228.902500214063,176.450220866237,-74.2312102815301));
#9731=CARTESIAN_POINT('Ctrl Pts',(228.799633401246,176.428791948575,-74.4600124406653));
#9732=CARTESIAN_POINT('Ctrl Pts',(228.680474607001,176.401630066453,-74.6782064224819));
#9733=CARTESIAN_POINT('Ctrl Pts',(228.521053888101,176.344596836047,-75.0985550308622));
#9734=CARTESIAN_POINT('Ctrl Pts',(228.477783335542,176.325882178426,-75.2341723177568));
#9735=CARTESIAN_POINT('Ctrl Pts',(228.408550695481,176.290451728949,-75.508844198228));
#9736=CARTESIAN_POINT('Ctrl Pts',(228.382692433586,176.273974294682,-75.6455152112572));
#9737=CARTESIAN_POINT('Ctrl Pts',(228.36529820438,176.260165439453,-75.7841240269651));
#9738=CARTESIAN_POINT('Origin',(229.347766659101,174.500002622552,-74.1485660194527));
#9739=CARTESIAN_POINT('Origin',(229.347766659124,174.500002622552,-103.500001132313));
#9740=CARTESIAN_POINT('',(229.240489179269,176.497123435703,-73.4692472407683));
#9741=CARTESIAN_POINT('Ctrl Pts',(229.240489179269,176.497123435703,-73.4692472407683));
#9742=CARTESIAN_POINT('Ctrl Pts',(229.158921050684,176.492741916462,-73.5983014509537));
#9743=CARTESIAN_POINT('Ctrl Pts',(229.053096081508,176.481841976058,-73.8306787817207));
#9744=CARTESIAN_POINT('Ctrl Pts',(228.935197044182,176.456986606351,-74.1485660194529));
#9745=CARTESIAN_POINT('Ctrl Pts',(229.347766659101,176.500002622552,-73.2995900016859));
#9746=CARTESIAN_POINT('Ctrl Pts',(229.312453523892,176.500002622552,-73.3554249709775));
#9747=CARTESIAN_POINT('Ctrl Pts',(229.276657386377,176.499066249619,-73.4120231817772));
#9748=CARTESIAN_POINT('Ctrl Pts',(229.24048917927,176.497123435703,-73.4692472407687));
#9749=CARTESIAN_POINT('Origin',(226.500000476896,178.609774851199,-103.500001132315));
#9750=CARTESIAN_POINT('',(228.136364112574,176.09535363514,-77.5222295553769));
#9751=CARTESIAN_POINT('Ctrl Pts',(228.36529820438,176.260165439453,-75.7841240269651));
#9752=CARTESIAN_POINT('Ctrl Pts',(228.293145636156,176.20288527158,-76.3590837974315));
#9753=CARTESIAN_POINT('Ctrl Pts',(228.218382025573,176.148919081173,-76.9353592993984));
#9754=CARTESIAN_POINT('Ctrl Pts',(228.139144178604,176.097164521123,-77.5023752143451));
#9755=CARTESIAN_POINT('Ctrl Pts',(228.137755054491,176.096258848141,-77.5123025165664));
#9756=CARTESIAN_POINT('Ctrl Pts',(228.136364113239,176.095353635573,-77.5222295511405));
#9757=CARTESIAN_POINT('',(228.136364112989,176.0953536354,-100.477773099218));
#9758=CARTESIAN_POINT('',(228.136364113259,176.095353635573,-103.500001132314));
#9759=CARTESIAN_POINT('Ctrl Pts',(228.136364113257,176.095353635574,-100.477773100921));
#9760=CARTESIAN_POINT('Ctrl Pts',(228.137754843177,176.096258710608,-100.487698627232));
#9761=CARTESIAN_POINT('Ctrl Pts',(228.139143760471,176.097164248501,-100.497624449477));
#9762=CARTESIAN_POINT('Ctrl Pts',(228.218482599681,176.148984743775,-101.065362825337));
#9763=CARTESIAN_POINT('Ctrl Pts',(228.293247617595,176.202966232146,-101.641731510569));
#9764=CARTESIAN_POINT('Ctrl Pts',(228.3652982044,176.260165439453,-102.215878625092));
#9765=CARTESIAN_POINT('Origin',(232.000000476892,262.500002682156,-73.2995900016838));
#9766=CARTESIAN_POINT('',(224.241989073567,258.988097937992,-76.8585961927365));
#9767=CARTESIAN_POINT('',(228.597641104785,257.534969084726,-73.8898792328357));
#9768=CARTESIAN_POINT('Ctrl Pts',(224.241989073567,258.988097937992,-76.8585961927367));
#9769=CARTESIAN_POINT('Ctrl Pts',(224.987197431422,258.418457262324,-76.2964943912894));
#9770=CARTESIAN_POINT('Ctrl Pts',(226.447873899379,257.821752750256,-75.3026948228852));
#9771=CARTESIAN_POINT('Ctrl Pts',(228.033715874819,257.578787901654,-74.2594076966082));
#9772=CARTESIAN_POINT('Ctrl Pts',(228.597660439544,257.534910727524,-73.8899156722741));
#9773=CARTESIAN_POINT('',(212.000000476894,258.988097937995,-76.8585961927459));
#9774=CARTESIAN_POINT('',(232.000000476894,258.988097937991,-76.8585961927306));
#9775=CARTESIAN_POINT('',(212.000000476891,257.50000268216,-73.2995900016991));
#9776=CARTESIAN_POINT('Origin',(212.000000476892,262.50000268216,-73.2995900016991));
#9777=CARTESIAN_POINT('',(232.00000047689,257.500002682156,-73.2995900016838));
#9778=CARTESIAN_POINT('Ctrl Pts',(229.240489179287,257.502881869006,-73.4692472407688));
#9779=CARTESIAN_POINT('Ctrl Pts',(229.02582790997,257.507646952419,-73.6095990325978));
#9780=CARTESIAN_POINT('Ctrl Pts',(228.811365548284,257.518283603414,-73.7498977730373));
#9781=CARTESIAN_POINT('Ctrl Pts',(228.597660439544,257.534910727524,-73.8899156722741));
#9782=CARTESIAN_POINT('Ctrl Pts',(229.400188439351,257.50199596536,-73.6049730320351));
#9783=CARTESIAN_POINT('Ctrl Pts',(229.099754193995,257.51400031826,-74.5242778924246));
#9784=CARTESIAN_POINT('Ctrl Pts',(228.401104658683,257.667604270659,-76.6663721440223));
#9785=CARTESIAN_POINT('Ctrl Pts',(227.764306997867,258.135855853042,-78.6940179029674));
#9786=CARTESIAN_POINT('Ctrl Pts',(227.477688398693,258.530222474658,-79.7058011455717));
#9787=CARTESIAN_POINT('Ctrl Pts',(229.369797381325,257.503210290927,-73.5791086646826));
#9788=CARTESIAN_POINT('Ctrl Pts',(228.978053784036,257.522524221006,-74.420481849002));
#9789=CARTESIAN_POINT('Ctrl Pts',(228.069126452498,257.768303062393,-76.3797873381163));
#9790=CARTESIAN_POINT('Ctrl Pts',(227.375866762584,258.485315069673,-78.1764887921259));
#9791=CARTESIAN_POINT('Ctrl Pts',(227.15769508977,258.970510301557,-79.0239236459434));
#9792=CARTESIAN_POINT('Ctrl Pts',(229.31657126175,257.504290008974,-73.5338460224491));
#9793=CARTESIAN_POINT('Ctrl Pts',(228.764659020279,257.530104734269,-74.2388387893924));
#9794=CARTESIAN_POINT('Ctrl Pts',(227.485058449831,257.858091083005,-75.8775034754432));
#9795=CARTESIAN_POINT('Ctrl Pts',(226.491815658588,258.821567607279,-77.2688271979295));
#9796=CARTESIAN_POINT('Ctrl Pts',(226.179994519303,259.433692930447,-77.8344233813271));
#9797=CARTESIAN_POINT('Ctrl Pts',(229.263313803975,257.503539555778,-73.4886188884347));
#9798=CARTESIAN_POINT('Ctrl Pts',(228.550949803527,257.524837563994,-74.0575520223252));
#9799=CARTESIAN_POINT('Ctrl Pts',(226.895612721973,257.796796462288,-75.3813210791256));
#9800=CARTESIAN_POINT('Ctrl Pts',(225.438717626636,258.604543431265,-76.5484723872287));
#9801=CARTESIAN_POINT('Ctrl Pts',(224.82317762565,259.202110244971,-77.0697761671005));
#9802=CARTESIAN_POINT('Ctrl Pts',(229.240489179287,257.502881869006,-73.4692472407688));
#9803=CARTESIAN_POINT('Ctrl Pts',(228.459360141359,257.520221489862,-73.9799721632079));
#9804=CARTESIAN_POINT('Ctrl Pts',(226.642871349544,257.74209386555,-75.1700245252081));
#9805=CARTESIAN_POINT('Ctrl Pts',(224.987197431422,258.418457262324,-76.2964943912894));
#9806=CARTESIAN_POINT('Ctrl Pts',(224.241989073567,258.988097937992,-76.8585961927367));
#9807=CARTESIAN_POINT('',(227.529433012954,258.461541155158,-79.5245398318008));
#9808=CARTESIAN_POINT('Ctrl Pts',(228.135978483397,257.90410799958,-77.522219175979));
#9809=CARTESIAN_POINT('Ctrl Pts',(227.915095985539,258.047367727836,-78.2250181573976));
#9810=CARTESIAN_POINT('Ctrl Pts',(227.708659872025,258.231376392918,-78.9006062986206));
#9811=CARTESIAN_POINT('Ctrl Pts',(227.529401307291,258.461499626844,-79.5245559186299));
#9812=CARTESIAN_POINT('',(224.999189204997,259.179031668255,-77.1709175683324));
#9813=CARTESIAN_POINT('Ctrl Pts',(224.999189204997,259.179031668255,-77.1709175683323));
#9814=CARTESIAN_POINT('Ctrl Pts',(225.219782080863,259.218562209174,-77.2834663004254));
#9815=CARTESIAN_POINT('Ctrl Pts',(225.652919785113,259.26048198911,-77.5380843795119));
#9816=CARTESIAN_POINT('Ctrl Pts',(226.634376939737,259.182754113796,-78.2756235417598));
#9817=CARTESIAN_POINT('Ctrl Pts',(227.22566694037,258.844861189082,-78.9836272292975));
#9818=CARTESIAN_POINT('Ctrl Pts',(227.52386428228,258.468645743293,-79.5145577562255));
#9819=CARTESIAN_POINT('Ctrl Pts',(227.52665508576,258.465099315599,-79.5195484809087));
#9820=CARTESIAN_POINT('Ctrl Pts',(227.529433012954,258.461541155158,-79.5245398318008));
#9821=CARTESIAN_POINT('Ctrl Pts',(224.241989073567,258.988097937992,-76.8585961927365));
#9822=CARTESIAN_POINT('Ctrl Pts',(224.487421715944,259.067010700209,-76.9364645888921));
#9823=CARTESIAN_POINT('Ctrl Pts',(224.742493745931,259.133031495726,-77.0399489305715));
#9824=CARTESIAN_POINT('Ctrl Pts',(224.999189204997,259.179031668255,-77.1709175683323));
#9825=CARTESIAN_POINT('Origin',(229.500000476908,260.000002682156,-95.5000014228853));
#9826=CARTESIAN_POINT('',(227.529433012969,258.461541155158,-98.4754628202578));
#9827=CARTESIAN_POINT('Ctrl Pts',(227.529404000102,258.461506304142,-98.4754511054723));
#9828=CARTESIAN_POINT('Ctrl Pts',(227.708393635278,258.231792327646,-99.0984333181032));
#9829=CARTESIAN_POINT('Ctrl Pts',(227.91499931168,258.047623855603,-99.7745977494653));
#9830=CARTESIAN_POINT('Ctrl Pts',(228.13598911375,257.904178196492,-100.477794361381));
#9831=CARTESIAN_POINT('',(227.529433012967,258.461541155158,-95.5000014228868));
#9832=CARTESIAN_POINT('Ctrl Pts',(229.240489179311,257.502881869006,-104.530755411287));
#9833=CARTESIAN_POINT('Ctrl Pts',(228.459068117573,257.520227972251,-104.019839555175));
#9834=CARTESIAN_POINT('Ctrl Pts',(226.645764810722,257.740754806107,-102.832021948118));
#9835=CARTESIAN_POINT('Ctrl Pts',(224.985933891195,258.419423118265,-101.702555187393));
#9836=CARTESIAN_POINT('Ctrl Pts',(224.241989073585,258.988097937992,-101.141406459327));
#9837=CARTESIAN_POINT('Ctrl Pts',(229.270922012228,257.503758784702,-104.504926547732));
#9838=CARTESIAN_POINT('Ctrl Pts',(228.58122194814,257.526384885529,-103.916370732238));
#9839=CARTESIAN_POINT('Ctrl Pts',(226.981732511582,257.812519712386,-102.549818639818));
#9840=CARTESIAN_POINT('Ctrl Pts',(225.586950508759,258.666267806322,-101.365374272544));
#9841=CARTESIAN_POINT('Ctrl Pts',(225.01690714303,259.27344768063,-100.859833160174));
#9842=CARTESIAN_POINT('Ctrl Pts',(229.324179469089,257.504247803771,-104.459690538545));
#9843=CARTESIAN_POINT('Ctrl Pts',(228.794991132353,257.529817791846,-103.734944019749));
#9844=CARTESIAN_POINT('Ctrl Pts',(227.570594988746,257.853121886155,-102.053415214952));
#9845=CARTESIAN_POINT('Ctrl Pts',(226.640859008562,258.807878492106,-100.601294155057));
#9846=CARTESIAN_POINT('Ctrl Pts',(226.368711146058,259.406986934691,-99.9995197047345));
#9847=CARTESIAN_POINT('Ctrl Pts',(229.377395145855,257.502906709535,-104.414427895534));
#9848=CARTESIAN_POINT('Ctrl Pts',(229.008340964328,257.520399651646,-103.553249959955));
#9849=CARTESIAN_POINT('Ctrl Pts',(228.153659460446,257.742753515264,-101.552214794962));
#9850=CARTESIAN_POINT('Ctrl Pts',(227.473667937208,258.399713951739,-99.6935010410544));
#9851=CARTESIAN_POINT('Ctrl Pts',(227.237693417015,258.860438344832,-98.8056096312087));
#9852=CARTESIAN_POINT('Ctrl Pts',(229.400188439374,257.50199596536,-104.39502962002));
#9853=CARTESIAN_POINT('Ctrl Pts',(229.099641877167,257.514004806068,-103.475381079018));
#9854=CARTESIAN_POINT('Ctrl Pts',(228.402217528377,257.666677229506,-101.337309386314));
#9855=CARTESIAN_POINT('Ctrl Pts',(227.763821020865,258.136524522539,-99.3042692170064));
#9856=CARTESIAN_POINT('Ctrl Pts',(227.477688398707,258.530222474658,-98.2942015064871));
#9857=CARTESIAN_POINT('',(228.5976411048,257.534969084729,-104.110123419214));
#9858=CARTESIAN_POINT('',(224.241989073585,258.988097937992,-101.141406459327));
#9859=CARTESIAN_POINT('Ctrl Pts',(228.597649982791,257.53481639348,-104.110091796096));
#9860=CARTESIAN_POINT('Ctrl Pts',(228.034017715419,257.578536429429,-103.740821913868));
#9861=CARTESIAN_POINT('Ctrl Pts',(226.450252513393,257.820695479144,-102.698981504933));
#9862=CARTESIAN_POINT('Ctrl Pts',(224.985933891195,258.419423118265,-101.702555187393));
#9863=CARTESIAN_POINT('Ctrl Pts',(224.241989073585,258.988097937992,-101.141406459327));
#9864=CARTESIAN_POINT('',(224.999189205015,259.179031668255,-100.82908508373));
#9865=CARTESIAN_POINT('Ctrl Pts',(224.999189205015,259.179031668255,-100.82908508373));
#9866=CARTESIAN_POINT('Ctrl Pts',(224.74249374595,259.133031495726,-100.960053721491));
#9867=CARTESIAN_POINT('Ctrl Pts',(224.487421715963,259.06701070021,-101.063538063171));
#9868=CARTESIAN_POINT('Ctrl Pts',(224.241989073585,258.988097937992,-101.141406459327));
#9869=CARTESIAN_POINT('Ctrl Pts',(227.529433012969,258.461541155158,-98.4754628202578));
#9870=CARTESIAN_POINT('Ctrl Pts',(227.526655086223,258.465099315025,-98.4804541703023));
#9871=CARTESIAN_POINT('Ctrl Pts',(227.523864283277,258.468645742058,-98.4854448940802));
#9872=CARTESIAN_POINT('Ctrl Pts',(227.225666942979,258.844861184908,-99.0163754177435));
#9873=CARTESIAN_POINT('Ctrl Pts',(226.634376939758,259.182754106665,-99.7243791047773));
#9874=CARTESIAN_POINT('Ctrl Pts',(225.652919786537,259.260481986932,-100.461918269915));
#9875=CARTESIAN_POINT('Ctrl Pts',(225.219782081123,259.218562209217,-100.716536351513));
#9876=CARTESIAN_POINT('Ctrl Pts',(224.999189205015,259.179031668255,-100.82908508373));
#9877=CARTESIAN_POINT('Ctrl Pts',(229.240489179311,257.502881869006,-104.530755411287));
#9878=CARTESIAN_POINT('Ctrl Pts',(229.02571991654,257.507649349674,-104.390333010192));
#9879=CARTESIAN_POINT('Ctrl Pts',(228.811274799226,257.518245864795,-104.250050445331));
#9880=CARTESIAN_POINT('Ctrl Pts',(228.597649982791,257.53481639348,-104.110091796096));
#9881=CARTESIAN_POINT('Origin',(232.000000476895,171.500002622551,-104.700412650368));
#9882=CARTESIAN_POINT('',(224.241989073566,175.011907366718,-101.141406459327));
#9883=CARTESIAN_POINT('',(228.597641104796,176.465036219985,-104.110123419227));
#9884=CARTESIAN_POINT('Ctrl Pts',(224.241989073566,175.011907366718,-101.141406459327));
#9885=CARTESIAN_POINT('Ctrl Pts',(224.987194402931,175.581545727394,-101.703505976418));
#9886=CARTESIAN_POINT('Ctrl Pts',(226.447854362969,176.17824954549,-102.697294535922));
#9887=CARTESIAN_POINT('Ctrl Pts',(228.033713368013,176.421216811865,-103.740593198733));
#9888=CARTESIAN_POINT('Ctrl Pts',(228.597660470419,176.465094388682,-104.110086955029));
#9889=CARTESIAN_POINT('',(212.000000476893,175.011907366721,-101.141406459336));
#9890=CARTESIAN_POINT('',(232.000000476893,175.011907366717,-101.141406459321));
#9891=CARTESIAN_POINT('Origin',(212.000000476895,171.500002622556,-104.700412650383));
#9892=CARTESIAN_POINT('Ctrl Pts',(229.240489179293,176.497123435703,-104.530755411288));
#9893=CARTESIAN_POINT('Ctrl Pts',(229.025828720884,176.49235837029,-104.390404149655));
#9894=CARTESIAN_POINT('Ctrl Pts',(228.811366229238,176.481721641147,-104.250105306451));
#9895=CARTESIAN_POINT('Ctrl Pts',(228.597660470419,176.465094388682,-104.110086955029));
#9896=CARTESIAN_POINT('Ctrl Pts',(229.400188439356,176.498009339349,-104.395029620022));
#9897=CARTESIAN_POINT('Ctrl Pts',(229.099755011284,176.486005019105,-103.475727260461));
#9898=CARTESIAN_POINT('Ctrl Pts',(228.401096207193,176.332398820692,-101.333603648592));
#9899=CARTESIAN_POINT('Ctrl Pts',(227.76430583306,175.86414784898,-99.3059806372523));
#9900=CARTESIAN_POINT('Ctrl Pts',(227.477688398688,175.469782830051,-98.2942015064871));
#9901=CARTESIAN_POINT('Ctrl Pts',(229.369797381331,176.496795013781,-104.420893987374));
#9902=CARTESIAN_POINT('Ctrl Pts',(228.978054849719,176.477481136243,-103.579523091883));
#9903=CARTESIAN_POINT('Ctrl Pts',(228.06911838287,176.231697840349,-101.620191829011));
#9904=CARTESIAN_POINT('Ctrl Pts',(227.375865875943,175.514688263226,-99.8235104159984));
#9905=CARTESIAN_POINT('Ctrl Pts',(227.157695089766,175.029495003152,-98.9760790061159));
#9906=CARTESIAN_POINT('Ctrl Pts',(229.316571261756,176.495715295718,-104.466156629608));
#9907=CARTESIAN_POINT('Ctrl Pts',(228.764660521678,176.469900640649,-103.761165780491));
#9908=CARTESIAN_POINT('Ctrl Pts',(227.485041336344,176.141914284685,-102.122478115212));
#9909=CARTESIAN_POINT('Ctrl Pts',(226.491815938948,175.178432443421,-100.731174819195));
#9910=CARTESIAN_POINT('Ctrl Pts',(226.179996066888,174.566309607902,-100.165580934353));
#9911=CARTESIAN_POINT('Ctrl Pts',(229.263313803981,176.49646574893,-104.511383763622));
#9912=CARTESIAN_POINT('Ctrl Pts',(228.55095174141,176.475167798652,-103.942452177428));
#9913=CARTESIAN_POINT('Ctrl Pts',(226.895591711334,176.203206371646,-102.618665402614));
#9914=CARTESIAN_POINT('Ctrl Pts',(225.438715125111,175.395459444963,-101.45152814628));
#9915=CARTESIAN_POINT('Ctrl Pts',(224.823177625649,174.79789505974,-100.930226484962));
#9916=CARTESIAN_POINT('Ctrl Pts',(229.240489179293,176.497123435703,-104.530755411288));
#9917=CARTESIAN_POINT('Ctrl Pts',(228.459362266308,176.479783862017,-104.020031878199));
#9918=CARTESIAN_POINT('Ctrl Pts',(226.642849375672,176.257908242089,-102.829963204939));
#9919=CARTESIAN_POINT('Ctrl Pts',(224.987194402931,175.581545727394,-101.703505976418));
#9920=CARTESIAN_POINT('Ctrl Pts',(224.241989073566,175.011907366718,-101.141406459327));
#9921=CARTESIAN_POINT('',(227.52943301295,175.538464149551,-98.4754628202578));
#9922=CARTESIAN_POINT('Ctrl Pts',(228.135978486729,176.095898165212,-100.477783299765));
#9923=CARTESIAN_POINT('Ctrl Pts',(227.915095506104,175.952638186505,-99.7749829423065));
#9924=CARTESIAN_POINT('Ctrl Pts',(227.708659945985,175.768629247553,-99.099396649024));
#9925=CARTESIAN_POINT('Ctrl Pts',(227.529401300623,175.538505701611,-98.4754467156508));
#9926=CARTESIAN_POINT('',(224.999189204996,174.820973636456,-100.82908508373));
#9927=CARTESIAN_POINT('Ctrl Pts',(224.999189204996,174.820973636456,-100.82908508373));
#9928=CARTESIAN_POINT('Ctrl Pts',(225.219782080861,174.781443095536,-100.716536351637));
#9929=CARTESIAN_POINT('Ctrl Pts',(225.652919782367,174.739523307367,-100.461918280889));
#9930=CARTESIAN_POINT('Ctrl Pts',(226.634376942292,174.817251164681,-99.7243791287524));
#9931=CARTESIAN_POINT('Ctrl Pts',(227.225666936574,175.155144103439,-99.0163754350663));
#9932=CARTESIAN_POINT('Ctrl Pts',(227.523864282301,175.531359561494,-98.4854448957517));
#9933=CARTESIAN_POINT('Ctrl Pts',(227.526655085734,175.534905989082,-98.4804541711618));
#9934=CARTESIAN_POINT('Ctrl Pts',(227.52943301295,175.538464149551,-98.4754628202578));
#9935=CARTESIAN_POINT('Ctrl Pts',(224.241989073566,175.011907366718,-101.141406459327));
#9936=CARTESIAN_POINT('Ctrl Pts',(224.487421715944,174.932994604501,-101.063538063171));
#9937=CARTESIAN_POINT('Ctrl Pts',(224.742493745931,174.866973808984,-100.960053721491));
#9938=CARTESIAN_POINT('Ctrl Pts',(224.999189204996,174.820973636456,-100.82908508373));
#9939=CARTESIAN_POINT('Origin',(229.500000476895,174.000002622552,-103.500001132313));
#9940=CARTESIAN_POINT('',(227.529433012935,175.538464149551,-79.5245398318007));
#9941=CARTESIAN_POINT('Ctrl Pts',(227.529414717648,175.538483269968,-79.5245444738556));
#9942=CARTESIAN_POINT('Ctrl Pts',(227.708472889554,175.76809432731,-78.901520909384));
#9943=CARTESIAN_POINT('Ctrl Pts',(227.915663588822,175.952000121481,-78.2243908415344));
#9944=CARTESIAN_POINT('Ctrl Pts',(228.136233463338,176.095507957893,-77.5222200551793));
#9945=CARTESIAN_POINT('',(227.529433012954,175.538464149551,-103.500001132314));
#9946=CARTESIAN_POINT('Ctrl Pts',(229.24048917927,176.497123435703,-73.4692472407684));
#9947=CARTESIAN_POINT('Ctrl Pts',(228.198591929224,176.473995242524,-74.15047001752));
#9948=CARTESIAN_POINT('Ctrl Pts',(226.376585240659,176.194992749651,-75.3426978997539));
#9949=CARTESIAN_POINT('Ctrl Pts',(224.79993786346,175.438405972542,-76.4377420562804));
#9950=CARTESIAN_POINT('Ctrl Pts',(224.241989073548,175.011907366718,-76.8585961927366));
#9951=CARTESIAN_POINT('Ctrl Pts',(229.270922012187,176.496246520006,-73.4950761043229));
#9952=CARTESIAN_POINT('Ctrl Pts',(228.351319719243,176.466078313152,-74.2798190754165));
#9953=CARTESIAN_POINT('Ctrl Pts',(226.744714714129,176.094797008776,-75.650251014194));
#9954=CARTESIAN_POINT('Ctrl Pts',(225.444432140247,175.181934512406,-76.761020332943));
#9955=CARTESIAN_POINT('Ctrl Pts',(225.016907142992,174.72655762408,-77.1401694918884));
#9956=CARTESIAN_POINT('Ctrl Pts',(229.324179469048,176.495757500904,-73.5403121135094));
#9957=CARTESIAN_POINT('Ctrl Pts',(228.618593326318,176.461664101631,-74.5066431249049));
#9958=CARTESIAN_POINT('Ctrl Pts',(227.391258644755,176.034037481748,-76.1935457690465));
#9959=CARTESIAN_POINT('Ctrl Pts',(226.572822196914,175.042336403919,-77.5491573563267));
#9960=CARTESIAN_POINT('Ctrl Pts',(226.368714893567,174.593012982807,-78.0004802480392));
#9961=CARTESIAN_POINT('Ctrl Pts',(229.377395145814,176.497098595173,-73.58557475652));
#9962=CARTESIAN_POINT('Ctrl Pts',(228.885321722563,176.473774616371,-74.7338147602975));
#9963=CARTESIAN_POINT('Ctrl Pts',(228.028847400345,176.184591102734,-76.7419391816709));
#9964=CARTESIAN_POINT('Ctrl Pts',(227.414671191239,175.485104171139,-78.5284861874785));
#9965=CARTESIAN_POINT('Ctrl Pts',(227.237693416981,175.139566959877,-79.1943930208503));
#9966=CARTESIAN_POINT('Ctrl Pts',(229.400188439333,176.498009339349,-73.6049730320343));
#9967=CARTESIAN_POINT('Ctrl Pts',(228.999458727778,176.481997513302,-74.8311740301859));
#9968=CARTESIAN_POINT('Ctrl Pts',(228.298686924485,176.288841941313,-76.977184218205));
#9969=CARTESIAN_POINT('Ctrl Pts',(227.692284087102,175.765051095622,-78.9482636999509));
#9970=CARTESIAN_POINT('Ctrl Pts',(227.477688398674,175.469782830051,-79.7058011455715));
#9971=CARTESIAN_POINT('',(228.597641104758,176.465036219979,-73.8898792328429));
#9972=CARTESIAN_POINT('',(224.241989073548,175.011907366718,-76.8585961927366));
#9973=CARTESIAN_POINT('Ctrl Pts',(228.597569033949,176.465320297225,-73.8898516373394));
#9974=CARTESIAN_POINT('Ctrl Pts',(227.77315975565,176.401714872302,-74.429728599508));
#9975=CARTESIAN_POINT('Ctrl Pts',(226.191044252726,176.105957078066,-75.4715634771621));
#9976=CARTESIAN_POINT('Ctrl Pts',(224.79993786346,175.438405972542,-76.4377420562804));
#9977=CARTESIAN_POINT('Ctrl Pts',(224.241989073548,175.011907366718,-76.8585961927366));
#9978=CARTESIAN_POINT('',(224.999189204978,174.820973636456,-77.1709175683323));
#9979=CARTESIAN_POINT('Ctrl Pts',(224.999189204978,174.820973636456,-77.1709175683323));
#9980=CARTESIAN_POINT('Ctrl Pts',(224.742493745913,174.866973808984,-77.0399489305718));
#9981=CARTESIAN_POINT('Ctrl Pts',(224.487421715925,174.932994604501,-76.9364645888922));
#9982=CARTESIAN_POINT('Ctrl Pts',(224.241989073548,175.011907366718,-76.8585961927366));
#9983=CARTESIAN_POINT('Ctrl Pts',(227.529433012935,175.538464149551,-79.5245398318007));
#9984=CARTESIAN_POINT('Ctrl Pts',(227.526655086198,175.534905989695,-79.5195484817597));
#9985=CARTESIAN_POINT('Ctrl Pts',(227.523864283286,175.531359562782,-79.5145577581043));
#9986=CARTESIAN_POINT('Ctrl Pts',(227.22566693708,175.155144100437,-78.9836272151728));
#9987=CARTESIAN_POINT('Ctrl Pts',(226.634376943848,174.817251155692,-78.2756235174698));
#9988=CARTESIAN_POINT('Ctrl Pts',(225.652919782124,174.739523304544,-77.5380843688192));
#9989=CARTESIAN_POINT('Ctrl Pts',(225.219782081088,174.781443095493,-77.2834663005501));
#9990=CARTESIAN_POINT('Ctrl Pts',(224.999189204978,174.820973636456,-77.1709175683323));
#9991=CARTESIAN_POINT('Ctrl Pts',(229.24048917927,176.497123435703,-73.4692472407684));
#9992=CARTESIAN_POINT('Ctrl Pts',(229.025919559066,176.49236038673,-73.6095391097368));
#9993=CARTESIAN_POINT('Ctrl Pts',(228.811381771922,176.48181653327,-73.7498331119681));
#9994=CARTESIAN_POINT('Ctrl Pts',(228.597569033949,176.465320297225,-73.8898516373394));
#9995=CARTESIAN_POINT('Origin',(232.00000047689,252.500002682156,-74.1485659730962));
#9996=CARTESIAN_POINT('',(232.000000476894,255.937502644903,-77.7794878954341));
#9997=CARTESIAN_POINT('',(232.000000476891,257.500002682156,-74.1485659730962));
#9998=CARTESIAN_POINT('Origin',(232.000000476896,258.000002622551,-79.9580410488368));
#9999=CARTESIAN_POINT('',(232.000000476895,255.000002622551,-79.9580410488368));
#10000=CARTESIAN_POINT('Origin',(232.000000476911,255.000002622551,-101.00000150484));
#10001=CARTESIAN_POINT('Origin',(212.000000476887,182.500003173899,-90.5499991121836));
#10002=CARTESIAN_POINT('',(212.000000476883,254.000003695439,-65.0000009088087));
#10003=CARTESIAN_POINT('Origin',(212.000000476884,254.000003695439,-66.0000009088087));
#10004=CARTESIAN_POINT('',(212.000000476882,248.000003695439,-65.0000009088087));
#10005=CARTESIAN_POINT('',(212.000000476879,236.000003173899,-65.0000009088087));
#10006=CARTESIAN_POINT('',(212.000000476877,248.000003695439,-59.0000018475818));
#10007=CARTESIAN_POINT('',(212.000000476877,248.000003695439,-58.0000009237098));
#10008=CARTESIAN_POINT('Origin',(212.000000476878,249.000003695439,-59.0000018475818));
#10009=CARTESIAN_POINT('',(212.000000476879,256.000002652358,-59.0000018475818));
#10010=CARTESIAN_POINT('Origin',(212.000000476879,255.000002652358,-59.0000018475818));
#10011=CARTESIAN_POINT('',(212.00000047688,256.000002652358,-60.0000008767711));
#10012=CARTESIAN_POINT('',(212.000000476929,256.000002652358,-124.000001847582));
#10013=CARTESIAN_POINT('',(212.000000476883,257.50000268216,-63.7749181259857));
#10014=CARTESIAN_POINT('Origin',(212.000000476882,252.00000268216,-63.7749181259857));
#10015=CARTESIAN_POINT('',(212.000000476925,257.50000268216,-118.000000938611));
#10016=CARTESIAN_POINT('',(212.000000476896,260.000002711963,-79.2787204026577));
#10017=CARTESIAN_POINT('Origin',(212.000000476895,256.600002711963,-79.2787204026577));
#10018=CARTESIAN_POINT('',(212.000000476911,260.000002711963,-98.7212822494246));
#10019=CARTESIAN_POINT('',(212.000000476913,260.000002711963,-102.000001519756));
#10020=CARTESIAN_POINT('',(212.000000476912,258.988097937995,-101.141406459336));
#10021=CARTESIAN_POINT('Origin',(212.00000047691,256.600002711963,-98.7212822494246));
#10022=CARTESIAN_POINT('Origin',(212.000000476916,262.50000268216,-104.700412650383));
#10023=CARTESIAN_POINT('',(212.000000476926,254.000002652358,-120.099997315558));
#10024=CARTESIAN_POINT('Origin',(212.000000476925,254.000002652358,-119.099997315558));
#10025=CARTESIAN_POINT('',(212.000000476909,180.000002652358,-120.099997315558));
#10026=CARTESIAN_POINT('',(212.000000476917,218.750002913128,-120.099997315558));
#10027=CARTESIAN_POINT('Origin',(212.000000476908,180.000002652358,-119.099997315558));
#10028=CARTESIAN_POINT('',(212.000000476891,174.000002592754,-98.7212822494246));
#10029=CARTESIAN_POINT('Origin',(212.000000476892,177.400002592754,-98.7212822494246));
#10030=CARTESIAN_POINT('',(212.000000476876,174.000002592754,-79.2787204026577));
#10031=CARTESIAN_POINT('',(212.000000476893,174.000002592754,-102.000001519756));
#10032=CARTESIAN_POINT('',(212.000000476874,175.011907366721,-76.8585961927459));
#10033=CARTESIAN_POINT('Origin',(212.000000476877,177.400002592754,-79.2787204026577));
#10034=CARTESIAN_POINT('Origin',(212.000000476871,171.500002622556,-73.2995900016991));
#10035=CARTESIAN_POINT('',(212.000000476863,186.000002771567,-59.0000018475818));
#10036=CARTESIAN_POINT('Origin',(212.000000476863,185.000002771567,-59.0000018475818));
#10037=CARTESIAN_POINT('',(212.000000476868,186.000003695439,-65.0000009088087));
#10038=CARTESIAN_POINT('',(212.000000476913,186.000002771567,-124.000001847582));
#10039=CARTESIAN_POINT('',(212.000000476866,180.000003695439,-65.0000009088087));
#10040=CARTESIAN_POINT('',(212.000000476871,201.500003173899,-65.0000009088087));
#10041=CARTESIAN_POINT('Origin',(212.000000476867,180.000003695439,-66.0000009088087));
#10042=CARTESIAN_POINT('',(212.000000476907,182.000002622556,-117.582576999787));
#10043=CARTESIAN_POINT('Origin',(212.000000476912,177.000002622556,-117.582576999788));
#10044=CARTESIAN_POINT('',(212.000000476907,182.000002622556,-118.300001773076));
#10045=CARTESIAN_POINT('',(212.000000476908,182.000002622556,-119.000001773076));
#10046=CARTESIAN_POINT('',(212.000000476923,252.000003844451,-118.300001773076));
#10047=CARTESIAN_POINT('',(212.000000476907,180.750003434669,-118.300000953512));
#10048=CARTESIAN_POINT('',(212.000000476924,252.000003844451,-119.000001773076));
#10049=CARTESIAN_POINT('Origin',(216.000000476913,177.000002622556,-117.582576999784));
#10050=CARTESIAN_POINT('',(219.425227663025,182.000002622555,-117.582576999781));
#10051=CARTESIAN_POINT('Origin',(219.425227663024,177.000002622555,-117.582576999781));
#10052=CARTESIAN_POINT('',(216.000000476907,182.000002622556,-117.582576999784));
#10053=CARTESIAN_POINT('Origin',(220.999995060323,255.000002652356,-120.099997315552));
#10054=CARTESIAN_POINT('',(220.999995060323,254.000002652356,-120.099997315552));
#10055=CARTESIAN_POINT('',(226.499997768625,254.000002652355,-120.099997315547));
#10056=CARTESIAN_POINT('',(221.000000476925,253.800010494837,-120.099997315386));
#10057=CARTESIAN_POINT('',(220.999995060323,255.000002652356,-120.099997315552));
#10058=CARTESIAN_POINT('',(221.000000476909,180.199995972166,-120.099997315386));
#10059=CARTESIAN_POINT('',(220.999995060323,255.000002652356,-120.099997315552));
#10060=CARTESIAN_POINT('',(220.999995060306,180.000002652356,-120.099997315552));
#10061=CARTESIAN_POINT('',(220.999995060323,255.000002652356,-120.099997315552));
#10062=CARTESIAN_POINT('',(226.499997768607,180.000002652355,-120.099997315547));
#10063=CARTESIAN_POINT('Origin',(216.00000047692,252.00000384445,-113.000001773073));
#10064=CARTESIAN_POINT('',(219.210000213173,252.000003844449,-118.300001832675));
#10065=CARTESIAN_POINT('',(224.000000476923,252.000003844448,-118.300001832671));
#10066=CARTESIAN_POINT('',(221.951835226518,252.000003844448,-109.160551788167));
#10067=CARTESIAN_POINT('Origin',(232.000000476908,186.000002771563,-118.300001832665));
#10068=CARTESIAN_POINT('',(219.210000213157,182.000002622555,-118.300001832675));
#10069=CARTESIAN_POINT('',(224.000000476907,182.000002622554,-118.300001832671));
#10070=CARTESIAN_POINT('',(219.210000213158,186.000002771566,-118.300001832675));
#10071=CARTESIAN_POINT('',(219.210000213157,183.375003103117,-118.300001832675));
#10072=CARTESIAN_POINT('',(232.000000476908,186.000002771563,-118.300001832665));
#10073=CARTESIAN_POINT('',(219.210000213172,248.000003695438,-118.300001832675));
#10074=CARTESIAN_POINT('',(232.000000476923,248.000003695435,-118.300001832665));
#10075=CARTESIAN_POINT('',(219.210000213161,200.625003103117,-118.300001832675));
#10076=CARTESIAN_POINT('Origin',(232.000000476912,257.500002682156,-102.000001519741));
#10077=CARTESIAN_POINT('',(232.000000476883,257.500002682156,-63.7749181259704));
#10078=CARTESIAN_POINT('Origin',(216.000000476908,182.000002622556,-119.000001773073));
#10079=CARTESIAN_POINT('',(221.12614715311,182.000002622554,-111.912845366149));
#10080=CARTESIAN_POINT('Origin',(226.557494936104,255.000002652355,-123.999997228384));
#10081=CARTESIAN_POINT('Origin',(219.574995060326,254.000002652356,-119.099997315553));
#10082=CARTESIAN_POINT('',(226.557501518444,253.000002652355,-124.000001847571));
#10083=CARTESIAN_POINT('Origin',(223.70750151845,253.000002652355,-122.000001847573));
#10084=CARTESIAN_POINT('',(226.557501518445,255.500002652355,-124.000001847571));
#10085=CARTESIAN_POINT('Origin',(219.574995060309,180.000002652356,-119.099997315553));
#10086=CARTESIAN_POINT('Origin',(223.500000476904,215.250003434666,-104.000000953503));
#10087=CARTESIAN_POINT('',(228.0000004769,248.000003695436,-89.0000009534999));
#10088=CARTESIAN_POINT('',(221.786697603636,248.000003695437,-109.711010531105));
#10089=CARTESIAN_POINT('',(228.000000476902,255.000003695436,-89.0000009534999));
#10090=CARTESIAN_POINT('Origin',(222.000003308112,182.000002712011,-61.0000018475742));
#10091=CARTESIAN_POINT('Origin',(222.000003308126,182.000002712011,-79.0000018475742));
#10092=CARTESIAN_POINT('',(218.535901056371,180.000003695438,-65.0000009088037));
#10093=CARTESIAN_POINT('Ctrl Pts',(218.535901056371,180.000003695438,-65.0000009088037));
#10094=CARTESIAN_POINT('Ctrl Pts',(218.61074366374,179.870372409339,-65.0000009088036));
#10095=CARTESIAN_POINT('Ctrl Pts',(218.698757963824,179.736170909339,-65.0263893106206));
#10096=CARTESIAN_POINT('Ctrl Pts',(218.880290295458,179.491906635338,-65.1285855932129));
#10097=CARTESIAN_POINT('Ctrl Pts',(218.973668464872,179.381639021059,-65.2041520208092));
#10098=CARTESIAN_POINT('Ctrl Pts',(219.130548982479,179.210986436954,-65.3748046049137));
#10099=CARTESIAN_POINT('Ctrl Pts',(219.20726424306,179.135294681357,-65.4805283037915));
#10100=CARTESIAN_POINT('Ctrl Pts',(219.29160633442,179.056183398702,-65.6629601093243));
#10101=CARTESIAN_POINT('Ctrl Pts',(219.314637484759,179.035337972321,-65.7277589915155));
#10102=CARTESIAN_POINT('Ctrl Pts',(219.345968757824,179.007251385786,-65.861737442346));
#10103=CARTESIAN_POINT('Ctrl Pts',(219.354250791837,179.000003695438,-65.9309198714234));
#10104=CARTESIAN_POINT('Ctrl Pts',(219.354250791838,179.000003695438,-66.000000908803));
#10105=CARTESIAN_POINT('',(225.464105559859,180.000003695436,-65.0000009087984));
#10106=CARTESIAN_POINT('Origin',(222.000003308115,182.000002712011,-65.0000018475742));
#10107=CARTESIAN_POINT('Ctrl Pts',(224.645755824394,179.000003695437,-66.000000908799));
#10108=CARTESIAN_POINT('Ctrl Pts',(224.645755824394,179.000003695437,-65.9309198714193));
#10109=CARTESIAN_POINT('Ctrl Pts',(224.654037858407,179.007251385784,-65.8617374423419));
#10110=CARTESIAN_POINT('Ctrl Pts',(224.685369131472,179.03533797232,-65.7277589915114));
#10111=CARTESIAN_POINT('Ctrl Pts',(224.708400281811,179.056183398701,-65.6629601093202));
#10112=CARTESIAN_POINT('Ctrl Pts',(224.79274237317,179.135294681356,-65.4805283037873));
#10113=CARTESIAN_POINT('Ctrl Pts',(224.869457633751,179.210986436953,-65.3748046049093));
#10114=CARTESIAN_POINT('Ctrl Pts',(225.026338151358,179.381639021057,-65.2041520208046));
#10115=CARTESIAN_POINT('Ctrl Pts',(225.119716320772,179.491906635337,-65.1285855932082));
#10116=CARTESIAN_POINT('Ctrl Pts',(225.301248652406,179.736170909338,-65.0263893106156));
#10117=CARTESIAN_POINT('Ctrl Pts',(225.38926295249,179.870372409338,-65.0000009087984));
#10118=CARTESIAN_POINT('Ctrl Pts',(225.464105559859,180.000003695436,-65.0000009087983));
#10119=CARTESIAN_POINT('Origin',(222.000003308126,182.000002712011,-79.0000018475742));
#10120=CARTESIAN_POINT('Origin',(222.000003308126,252.000002712011,-79.0000018475742));
#10121=CARTESIAN_POINT('Origin',(222.000003308126,252.000002712011,-79.0000018475742));
#10122=CARTESIAN_POINT('Origin',(222.000003308112,252.000002712011,-61.0000018475742));
#10123=CARTESIAN_POINT('',(225.464105628745,254.000003695436,-65.0000009087984));
#10124=CARTESIAN_POINT('Ctrl Pts',(225.464105628745,254.000003695436,-65.0000009087984));
#10125=CARTESIAN_POINT('Ctrl Pts',(225.38926294776,254.129634984135,-65.0000009087984));
#10126=CARTESIAN_POINT('Ctrl Pts',(225.301248567888,254.263836484093,-65.0263893114099));
#10127=CARTESIAN_POINT('Ctrl Pts',(225.119716078398,254.508100756525,-65.1285855938979));
#10128=CARTESIAN_POINT('Ctrl Pts',(225.026337830677,254.618368369313,-65.2041520203023));
#10129=CARTESIAN_POINT('Ctrl Pts',(224.869457185351,254.789020945687,-65.3748045966765));
#10130=CARTESIAN_POINT('Ctrl Pts',(224.792741861852,254.864712698636,-65.4805282862719));
#10131=CARTESIAN_POINT('Ctrl Pts',(224.708399693619,254.943823984044,-65.6629600867892));
#10132=CARTESIAN_POINT('Ctrl Pts',(224.685368520684,254.964669412396,-65.7277589688416));
#10133=CARTESIAN_POINT('Ctrl Pts',(224.654037215095,254.992756002979,-65.8617374255893));
#10134=CARTESIAN_POINT('Ctrl Pts',(224.645755171186,255.000003695437,-65.9309198607276));
#10135=CARTESIAN_POINT('Ctrl Pts',(224.645755171186,255.000003695437,-66.000000908799));
#10136=CARTESIAN_POINT('',(218.535900987487,254.000003695438,-65.0000009088037));
#10137=CARTESIAN_POINT('Origin',(222.000003308115,252.000002712011,-65.0000018475742));
#10138=CARTESIAN_POINT('Ctrl Pts',(219.354251445048,255.000003695438,-66.0000009088031));
#10139=CARTESIAN_POINT('Ctrl Pts',(219.354251445048,255.000003695438,-65.9309198607317));
#10140=CARTESIAN_POINT('Ctrl Pts',(219.345969401139,254.99275600298,-65.8617374255934));
#10141=CARTESIAN_POINT('Ctrl Pts',(219.31463809555,254.964669412397,-65.7277589688456));
#10142=CARTESIAN_POINT('Ctrl Pts',(219.291606922615,254.943823984046,-65.6629600867934));
#10143=CARTESIAN_POINT('Ctrl Pts',(219.207264754381,254.864712698637,-65.4805282862762));
#10144=CARTESIAN_POINT('Ctrl Pts',(219.130549430882,254.789020945689,-65.3748045966809));
#10145=CARTESIAN_POINT('Ctrl Pts',(218.973668785555,254.618368369315,-65.2041520203069));
#10146=CARTESIAN_POINT('Ctrl Pts',(218.880290537834,254.508100756527,-65.1285855939026));
#10147=CARTESIAN_POINT('Ctrl Pts',(218.698758048345,254.263836484095,-65.0263893114149));
#10148=CARTESIAN_POINT('Ctrl Pts',(218.610743668472,254.129634984136,-65.0000009088036));
#10149=CARTESIAN_POINT('Ctrl Pts',(218.535900987487,254.000003695438,-65.0000009088037));
#10150=CARTESIAN_POINT('Origin',(216.000000476868,186.000003695439,-65.0000009088056));
#10151=CARTESIAN_POINT('',(216.000000476866,180.000003695439,-65.0000009088056));
#10152=CARTESIAN_POINT('',(228.000000476868,186.000003695436,-65.0000009087964));
#10153=CARTESIAN_POINT('',(224.000000476868,186.000002771565,-65.0000009087995));
#10154=CARTESIAN_POINT('',(228.000000476866,180.000003695436,-65.0000009087964));
#10155=CARTESIAN_POINT('',(228.000000476866,179.000003695436,-65.0000009087964));
#10156=CARTESIAN_POINT('',(216.000000476866,180.000003695439,-65.0000009088056));
#10157=CARTESIAN_POINT('',(223.750003308115,182.000002712011,-65.0000018475728));
#10158=CARTESIAN_POINT('Origin',(222.000003308115,182.000002712011,-65.000000908801));
#10159=CARTESIAN_POINT('Origin',(216.000000476867,180.000003695439,-66.0000009088056));
#10160=CARTESIAN_POINT('Origin',(216.000000476867,180.000003695439,-66.0000009088056));
#10161=CARTESIAN_POINT('Origin',(228.000000476867,180.000003695436,-66.0000009087964));
#10162=CARTESIAN_POINT('Origin',(216.000000476884,255.000003695439,-65.0000009088056));
#10163=CARTESIAN_POINT('',(228.000000476882,248.000003695436,-65.0000009087964));
#10164=CARTESIAN_POINT('',(224.000000476882,248.000003695437,-65.0000009087995));
#10165=CARTESIAN_POINT('',(216.000000476883,254.000003695439,-65.0000009088056));
#10166=CARTESIAN_POINT('',(228.000000476883,254.000003695436,-65.0000009087964));
#10167=CARTESIAN_POINT('',(216.000000476883,254.000003695439,-65.0000009088056));
#10168=CARTESIAN_POINT('',(228.000000476882,248.000003695436,-65.0000009087964));
#10169=CARTESIAN_POINT('',(223.750003308115,252.000002712011,-65.0000018475728));
#10170=CARTESIAN_POINT('Origin',(222.000003308115,252.000002712011,-65.000000908801));
#10171=CARTESIAN_POINT('Origin',(216.000000476884,254.000003695439,-66.0000009088056));
#10172=CARTESIAN_POINT('Origin',(222.00000330811,252.000002712011,-58.0000018475742));
#10173=CARTESIAN_POINT('',(223.75000330811,252.000002712011,-58.0000018475728));
#10174=CARTESIAN_POINT('Origin',(222.00000330811,182.000002712011,-58.0000018475742));
#10175=CARTESIAN_POINT('',(223.75000330811,182.000002712011,-58.0000018475728));
#10176=CARTESIAN_POINT('Origin',(232.000000476878,249.000003695435,-59.0000018475665));
#10177=CARTESIAN_POINT('',(232.000000476877,248.000003695435,-59.0000018475665));
#10178=CARTESIAN_POINT('Origin',(232.000000476863,185.000002771563,-59.0000018475665));
#10179=CARTESIAN_POINT('',(232.000000476863,186.000002771563,-59.0000018475665));
#10180=CARTESIAN_POINT('Origin',(232.000000476862,186.000002771563,-58.0000009236945));
#10181=CARTESIAN_POINT('',(228.000000476886,186.000002771564,-89.0000009534999));
#10182=CARTESIAN_POINT('',(230.181193141532,186.000002771563,-81.7293587379926));
#10183=CARTESIAN_POINT('',(228.000000476869,186.000002771564,-66.5000009274229));
#10184=CARTESIAN_POINT('Origin',(216.000000476884,254.000003695439,-66.0000009088056));
#10185=CARTESIAN_POINT('Origin',(228.000000476884,254.000003695436,-66.0000009087965));
#10186=CARTESIAN_POINT('Origin',(232.000000476923,248.000003695435,-119.000001832665));
#10187=CARTESIAN_POINT('',(228.000000476907,248.000003695436,-97.0000013819083));
#10188=CARTESIAN_POINT('Origin',(223.500000476896,180.750003434666,-104.000000953503));
#10189=CARTESIAN_POINT('',(228.000000476902,255.000003695436,-89.0000009534999));
#10190=CARTESIAN_POINT('Origin',(228.00000047689,251.500003695436,-75.0000009311482));
#10191=CARTESIAN_POINT('Origin',(228.000000476875,182.500003695436,-75.0000009311482));
#10192=CARTESIAN_POINT('Origin',(226.499997768607,180.000002652355,-119.099997315547));
#10193=CARTESIAN_POINT('Origin',(226.499997768624,254.000002652355,-119.099997315547));
#10194=CARTESIAN_POINT('Ctrl Pts',(224.999189205015,259.179031668255,-100.82908508373));
#10195=CARTESIAN_POINT('Ctrl Pts',(224.74249374595,259.133031495726,-100.960053721491));
#10196=CARTESIAN_POINT('Ctrl Pts',(224.487421715963,259.06701070021,-101.063538063171));
#10197=CARTESIAN_POINT('Ctrl Pts',(224.241989073585,258.988097937992,-101.141406459327));
#10198=CARTESIAN_POINT('Ctrl Pts',(224.827713479214,259.703176221088,-100.243538836326));
#10199=CARTESIAN_POINT('Ctrl Pts',(224.631825743883,259.685449269601,-100.349601564647));
#10200=CARTESIAN_POINT('Ctrl Pts',(224.435464257334,259.658536901572,-100.437784553856));
#10201=CARTESIAN_POINT('Ctrl Pts',(224.241989073585,259.627058618147,-100.510902064697));
#10202=CARTESIAN_POINT('Ctrl Pts',(224.602585916666,260.00000271196,-99.4747851318549));
#10203=CARTESIAN_POINT('Ctrl Pts',(224.482729857193,260.000293090946,-99.5345217108193));
#10204=CARTESIAN_POINT('Ctrl Pts',(224.361707000151,259.999381300916,-99.581721431935));
#10205=CARTESIAN_POINT('Ctrl Pts',(224.241989073584,260.00000271196,-99.6189495276602));
#10206=CARTESIAN_POINT('Ctrl Pts',(224.376525070663,260.00000271196,-98.7028445003565));
#10207=CARTESIAN_POINT('Ctrl Pts',(224.332937887211,260.00000271196,-98.7156088959125));
#10208=CARTESIAN_POINT('Ctrl Pts',(224.287406827329,260.00000271196,-98.7212822494151));
#10209=CARTESIAN_POINT('Ctrl Pts',(224.241989073584,260.00000271196,-98.7212822494152));
#10210=CARTESIAN_POINT('',(224.241989073398,260.00000271196,-98.7212822492976));
#10211=CARTESIAN_POINT('Origin',(224.241989073583,256.60000271196,-98.7212822494152));
#10212=CARTESIAN_POINT('',(224.376525070664,260.00000271196,-98.7028445003565));
#10213=CARTESIAN_POINT('Ctrl Pts',(224.241989073584,260.00000271196,-98.7212822494152));
#10214=CARTESIAN_POINT('Ctrl Pts',(224.287406827329,260.00000271196,-98.7212822494151));
#10215=CARTESIAN_POINT('Ctrl Pts',(224.332937887211,260.00000271196,-98.7156088959125));
#10216=CARTESIAN_POINT('Ctrl Pts',(224.376525070663,260.00000271196,-98.7028445003565));
#10217=CARTESIAN_POINT('Origin',(224.376525070663,256.60000271196,-98.7028445003565));
#10218=CARTESIAN_POINT('Ctrl Pts',(227.529433012969,258.461541155158,-98.4754628202578));
#10219=CARTESIAN_POINT('Ctrl Pts',(227.526655086223,258.465099315025,-98.4804541703023));
#10220=CARTESIAN_POINT('Ctrl Pts',(227.523864283277,258.468645742058,-98.4854448940802));
#10221=CARTESIAN_POINT('Ctrl Pts',(227.225666942979,258.844861184908,-99.0163754177435));
#10222=CARTESIAN_POINT('Ctrl Pts',(226.634376939758,259.182754106665,-99.7243791047773));
#10223=CARTESIAN_POINT('Ctrl Pts',(225.652919786537,259.260481986932,-100.461918269915));
#10224=CARTESIAN_POINT('Ctrl Pts',(225.219782081123,259.218562209217,-100.716536351513));
#10225=CARTESIAN_POINT('Ctrl Pts',(224.999189205015,259.179031668255,-100.82908508373));
#10226=CARTESIAN_POINT('Ctrl Pts',(227.529433012969,258.461541155158,-98.4754628202578));
#10227=CARTESIAN_POINT('Ctrl Pts',(227.526193598592,258.465631375961,-98.478933885202));
#10228=CARTESIAN_POINT('Ctrl Pts',(227.52299848325,258.469827558976,-98.4824574986622));
#10229=CARTESIAN_POINT('Ctrl Pts',(227.176681459761,258.904594356569,-98.8521697688335));
#10230=CARTESIAN_POINT('Ctrl Pts',(226.573342787845,259.371394274493,-99.3516408407549));
#10231=CARTESIAN_POINT('Ctrl Pts',(225.541275314713,259.664740278656,-99.9327030151128));
#10232=CARTESIAN_POINT('Ctrl Pts',(225.071101792838,259.705446451835,-100.145957264421));
#10233=CARTESIAN_POINT('Ctrl Pts',(224.827713479214,259.703176221088,-100.243538836326));
#10234=CARTESIAN_POINT('Ctrl Pts',(227.529433012969,258.461541155158,-98.4754628202578));
#10235=CARTESIAN_POINT('Ctrl Pts',(227.525753126975,258.466196683669,-98.4774426810777));
#10236=CARTESIAN_POINT('Ctrl Pts',(227.522105320787,258.470970594632,-98.4794364970739));
#10237=CARTESIAN_POINT('Ctrl Pts',(227.12891006759,258.965861325202,-98.6904958379785));
#10238=CARTESIAN_POINT('Ctrl Pts',(226.461648612492,259.516166419129,-98.9733759664634));
#10239=CARTESIAN_POINT('Ctrl Pts',(225.355564639536,259.908409822737,-99.3005220065233));
#10240=CARTESIAN_POINT('Ctrl Pts',(224.85837603875,259.985520292364,-99.4203164158917));
#10241=CARTESIAN_POINT('Ctrl Pts',(224.602585916666,260.00000271196,-99.474785131855));
#10242=CARTESIAN_POINT('Ctrl Pts',(227.529433012969,258.461541155158,-98.4754628202578));
#10243=CARTESIAN_POINT('Ctrl Pts',(227.525322068646,258.466806735731,-98.4759440932593));
#10244=CARTESIAN_POINT('Ctrl Pts',(227.521198467929,258.472060793106,-98.4764253008847));
#10245=CARTESIAN_POINT('Ctrl Pts',(227.081205545192,259.029936101232,-98.5276167136524));
#10246=CARTESIAN_POINT('Ctrl Pts',(226.30116026472,259.614781504181,-98.5957860499534));
#10247=CARTESIAN_POINT('Ctrl Pts',(225.125693914173,259.952270613387,-98.6671372111684));
#10248=CARTESIAN_POINT('Ctrl Pts',(224.626237893641,260.00000271196,-98.6918753358151));
#10249=CARTESIAN_POINT('Ctrl Pts',(224.376525070663,260.00000271196,-98.7028445003565));
#10250=CARTESIAN_POINT('Ctrl Pts',(224.376525070663,260.00000271196,-98.7028445003565));
#10251=CARTESIAN_POINT('Ctrl Pts',(224.626237893641,260.00000271196,-98.6918753358151));
#10252=CARTESIAN_POINT('Ctrl Pts',(225.125693914173,259.952270613387,-98.6671372111684));
#10253=CARTESIAN_POINT('Ctrl Pts',(226.30116026472,259.614781504181,-98.5957860499534));
#10254=CARTESIAN_POINT('Ctrl Pts',(227.081205545192,259.029936101232,-98.5276167136524));
#10255=CARTESIAN_POINT('Ctrl Pts',(227.521198467929,258.472060793106,-98.4764253008847));
#10256=CARTESIAN_POINT('Ctrl Pts',(227.525322068646,258.466806735731,-98.4759440932593));
#10257=CARTESIAN_POINT('Ctrl Pts',(227.529433012969,258.461541155158,-98.4754628202578));
#10258=CARTESIAN_POINT('Ctrl Pts',(224.376525070649,260.00000271196,-79.2971581517069));
#10259=CARTESIAN_POINT('Ctrl Pts',(224.332937887196,260.00000271196,-79.2843937561509));
#10260=CARTESIAN_POINT('Ctrl Pts',(224.287406827314,260.00000271196,-79.2787204026483));
#10261=CARTESIAN_POINT('Ctrl Pts',(224.241989073569,260.00000271196,-79.2787204026484));
#10262=CARTESIAN_POINT('Ctrl Pts',(224.60258591665,260.00000271196,-78.5252175202081));
#10263=CARTESIAN_POINT('Ctrl Pts',(224.482729857177,260.000293090946,-78.4654809412438));
#10264=CARTESIAN_POINT('Ctrl Pts',(224.361707000135,259.999381300916,-78.4182812201283));
#10265=CARTESIAN_POINT('Ctrl Pts',(224.241989073568,260.00000271196,-78.3810531244033));
#10266=CARTESIAN_POINT('Ctrl Pts',(224.827713479196,259.703176221088,-77.756463815737));
#10267=CARTESIAN_POINT('Ctrl Pts',(224.631825743865,259.685449269601,-77.6504010874158));
#10268=CARTESIAN_POINT('Ctrl Pts',(224.435464257316,259.658536901572,-77.5622180982071));
#10269=CARTESIAN_POINT('Ctrl Pts',(224.241989073567,259.627058618147,-77.4891005873666));
#10270=CARTESIAN_POINT('Ctrl Pts',(224.999189204997,259.179031668255,-77.1709175683323));
#10271=CARTESIAN_POINT('Ctrl Pts',(224.742493745931,259.133031495726,-77.0399489305715));
#10272=CARTESIAN_POINT('Ctrl Pts',(224.487421715944,259.067010700209,-76.9364645888921));
#10273=CARTESIAN_POINT('Ctrl Pts',(224.241989073567,258.988097937992,-76.8585961927365));
#10274=CARTESIAN_POINT('',(224.241989073403,260.00000271196,-79.2787204027535));
#10275=CARTESIAN_POINT('Origin',(224.241989073568,256.60000271196,-79.2787204026484));
#10276=CARTESIAN_POINT('',(224.376525070649,260.00000271196,-79.2971581517069));
#10277=CARTESIAN_POINT('Origin',(224.376525070648,256.60000271196,-79.2971581517069));
#10278=CARTESIAN_POINT('Ctrl Pts',(224.376525070649,260.00000271196,-79.2971581517069));
#10279=CARTESIAN_POINT('Ctrl Pts',(224.332937887196,260.00000271196,-79.2843937561509));
#10280=CARTESIAN_POINT('Ctrl Pts',(224.287406827314,260.00000271196,-79.2787204026483));
#10281=CARTESIAN_POINT('Ctrl Pts',(224.241989073569,260.00000271196,-79.2787204026484));
#10282=CARTESIAN_POINT('Ctrl Pts',(227.529433012954,258.461541155158,-79.5245398318008));
#10283=CARTESIAN_POINT('Ctrl Pts',(227.525322067935,258.466806736623,-79.5240585587002));
#10284=CARTESIAN_POINT('Ctrl Pts',(227.521198466484,258.47206079492,-79.523577351001));
#10285=CARTESIAN_POINT('Ctrl Pts',(227.081205540739,259.029936107429,-79.4723859379897));
#10286=CARTESIAN_POINT('Ctrl Pts',(226.301160263035,259.614781512393,-79.4042166015803));
#10287=CARTESIAN_POINT('Ctrl Pts',(225.125693911907,259.952270616349,-79.3328654406544));
#10288=CARTESIAN_POINT('Ctrl Pts',(224.626237893352,260.00000271196,-79.3081273162359));
#10289=CARTESIAN_POINT('Ctrl Pts',(224.376525070649,260.00000271196,-79.2971581517069));
#10290=CARTESIAN_POINT('Ctrl Pts',(227.529433012954,258.461541155158,-79.5245398318008));
#10291=CARTESIAN_POINT('Ctrl Pts',(227.525753126346,258.466196684454,-79.5225599706296));
#10292=CARTESIAN_POINT('Ctrl Pts',(227.522105319496,258.470970596254,-79.5205661542816));
#10293=CARTESIAN_POINT('Ctrl Pts',(227.128910063465,258.965861331264,-79.3095068129689));
#10294=CARTESIAN_POINT('Ctrl Pts',(226.461648610907,259.516166427388,-79.0266266848127));
#10295=CARTESIAN_POINT('Ctrl Pts',(225.355564637285,259.908409825732,-78.6994806451658));
#10296=CARTESIAN_POINT('Ctrl Pts',(224.858376038455,259.985520292387,-78.5796862360988));
#10297=CARTESIAN_POINT('Ctrl Pts',(224.602585916651,260.00000271196,-78.5252175202081));
#10298=CARTESIAN_POINT('Ctrl Pts',(227.529433012954,258.461541155158,-79.5245398318008));
#10299=CARTESIAN_POINT('Ctrl Pts',(227.526193598046,258.46563137664,-79.5210687662616));
#10300=CARTESIAN_POINT('Ctrl Pts',(227.522998482105,258.469827560409,-79.5175451521727));
#10301=CARTESIAN_POINT('Ctrl Pts',(227.176681457073,258.904594361139,-79.1478328788765));
#10302=CARTESIAN_POINT('Ctrl Pts',(226.5733427878,259.371394281839,-78.6483618059609));
#10303=CARTESIAN_POINT('Ctrl Pts',(225.541275313246,259.664740280947,-78.0672996343831));
#10304=CARTESIAN_POINT('Ctrl Pts',(225.071101792551,259.705446451846,-77.8540453875384));
#10305=CARTESIAN_POINT('Ctrl Pts',(224.827713479196,259.703176221088,-77.756463815737));
#10306=CARTESIAN_POINT('Ctrl Pts',(227.529433012954,258.461541155158,-79.5245398318008));
#10307=CARTESIAN_POINT('Ctrl Pts',(227.52665508576,258.465099315599,-79.5195484809087));
#10308=CARTESIAN_POINT('Ctrl Pts',(227.52386428228,258.468645743293,-79.5145577562255));
#10309=CARTESIAN_POINT('Ctrl Pts',(227.22566694037,258.844861189082,-78.9836272292975));
#10310=CARTESIAN_POINT('Ctrl Pts',(226.634376939737,259.182754113796,-78.2756235417598));
#10311=CARTESIAN_POINT('Ctrl Pts',(225.652919785113,259.26048198911,-77.5380843795119));
#10312=CARTESIAN_POINT('Ctrl Pts',(225.219782080863,259.218562209174,-77.2834663004254));
#10313=CARTESIAN_POINT('Ctrl Pts',(224.999189204997,259.179031668255,-77.1709175683323));
#10314=CARTESIAN_POINT('Ctrl Pts',(227.529433012954,258.461541155158,-79.5245398318008));
#10315=CARTESIAN_POINT('Ctrl Pts',(227.525322067935,258.466806736623,-79.5240585587002));
#10316=CARTESIAN_POINT('Ctrl Pts',(227.521198466484,258.47206079492,-79.523577351001));
#10317=CARTESIAN_POINT('Ctrl Pts',(227.081205540739,259.029936107429,-79.4723859379897));
#10318=CARTESIAN_POINT('Ctrl Pts',(226.301160263035,259.614781512393,-79.4042166015803));
#10319=CARTESIAN_POINT('Ctrl Pts',(225.125693911907,259.952270616349,-79.3328654406544));
#10320=CARTESIAN_POINT('Ctrl Pts',(224.626237893352,260.00000271196,-79.3081273162359));
#10321=CARTESIAN_POINT('Ctrl Pts',(224.376525070649,260.00000271196,-79.2971581517069));
#10322=CARTESIAN_POINT('Origin',(224.37652507066,256.00000271196,-95.5000014228892));
#10323=CARTESIAN_POINT('',(224.376525070661,260.00000271196,-95.5000014228892));
#10324=CARTESIAN_POINT('Origin',(232.00000047691,256.600002711958,-98.7212822494093));
#10325=CARTESIAN_POINT('',(216.000000476912,258.988097937994,-101.141406459333));
#10326=CARTESIAN_POINT('',(232.00000047691,260.000002711958,-98.7212822494093));
#10327=CARTESIAN_POINT('Origin',(232.000000476916,262.500002682156,-104.700412650368));
#10328=CARTESIAN_POINT('Ctrl Pts',(224.999189204978,174.820973636456,-77.1709175683323));
#10329=CARTESIAN_POINT('Ctrl Pts',(224.742493745913,174.866973808984,-77.0399489305718));
#10330=CARTESIAN_POINT('Ctrl Pts',(224.487421715925,174.932994604501,-76.9364645888922));
#10331=CARTESIAN_POINT('Ctrl Pts',(224.241989073548,175.011907366718,-76.8585961927366));
#10332=CARTESIAN_POINT('Ctrl Pts',(224.827713479177,174.296829083622,-77.756463815737));
#10333=CARTESIAN_POINT('Ctrl Pts',(224.631825743846,174.314556035109,-77.6504010874161));
#10334=CARTESIAN_POINT('Ctrl Pts',(224.435464257296,174.341468403138,-77.5622180982072));
#10335=CARTESIAN_POINT('Ctrl Pts',(224.241989073548,174.372946686563,-77.4891005873667));
#10336=CARTESIAN_POINT('Ctrl Pts',(224.602585916631,174.000002592751,-78.5252175202081));
#10337=CARTESIAN_POINT('Ctrl Pts',(224.482729857157,173.999712213765,-78.465480941244));
#10338=CARTESIAN_POINT('Ctrl Pts',(224.361707000115,174.000624003795,-78.4182812201284));
#10339=CARTESIAN_POINT('Ctrl Pts',(224.241989073549,174.000002592751,-78.3810531244034));
#10340=CARTESIAN_POINT('Ctrl Pts',(224.376525070629,174.000002592751,-79.2971581517069));
#10341=CARTESIAN_POINT('Ctrl Pts',(224.332937887176,174.000002592751,-79.284393756151));
#10342=CARTESIAN_POINT('Ctrl Pts',(224.287406827294,174.000002592751,-79.2787204026484));
#10343=CARTESIAN_POINT('Ctrl Pts',(224.241989073549,174.000002592751,-79.2787204026484));
#10344=CARTESIAN_POINT('',(224.241989073365,174.000002592751,-79.2787204027652));
#10345=CARTESIAN_POINT('Origin',(224.24198907355,177.400002592751,-79.2787204026484));
#10346=CARTESIAN_POINT('',(224.376525070629,174.000002592751,-79.2971581517069));
#10347=CARTESIAN_POINT('Ctrl Pts',(224.241989073549,174.000002592751,-79.2787204026484));
#10348=CARTESIAN_POINT('Ctrl Pts',(224.287406827294,174.000002592751,-79.2787204026484));
#10349=CARTESIAN_POINT('Ctrl Pts',(224.332937887176,174.000002592751,-79.284393756151));
#10350=CARTESIAN_POINT('Ctrl Pts',(224.376525070629,174.000002592751,-79.2971581517069));
#10351=CARTESIAN_POINT('Origin',(224.37652507063,177.400002592751,-79.2971581517069));
#10352=CARTESIAN_POINT('Ctrl Pts',(227.529433012935,175.538464149551,-79.5245398318007));
#10353=CARTESIAN_POINT('Ctrl Pts',(227.526655086198,175.534905989695,-79.5195484817597));
#10354=CARTESIAN_POINT('Ctrl Pts',(227.523864283286,175.531359562782,-79.5145577581043));
#10355=CARTESIAN_POINT('Ctrl Pts',(227.22566693708,175.155144100437,-78.9836272151728));
#10356=CARTESIAN_POINT('Ctrl Pts',(226.634376943848,174.817251155692,-78.2756235174698));
#10357=CARTESIAN_POINT('Ctrl Pts',(225.652919782124,174.739523304544,-77.5380843688192));
#10358=CARTESIAN_POINT('Ctrl Pts',(225.219782081088,174.781443095493,-77.2834663005501));
#10359=CARTESIAN_POINT('Ctrl Pts',(224.999189204978,174.820973636456,-77.1709175683323));
#10360=CARTESIAN_POINT('Ctrl Pts',(227.529433012935,175.538464149551,-79.5245398318007));
#10361=CARTESIAN_POINT('Ctrl Pts',(227.526193598562,175.534373928753,-79.5210687668436));
#10362=CARTESIAN_POINT('Ctrl Pts',(227.522998483267,175.530177745872,-79.5175451535198));
#10363=CARTESIAN_POINT('Ctrl Pts',(227.176681453859,175.095410928776,-79.1478328640743));
#10364=CARTESIAN_POINT('Ctrl Pts',(226.573342791937,174.628610987868,-78.6483617814907));
#10365=CARTESIAN_POINT('Ctrl Pts',(225.5412753103,174.33526501282,-78.0672996236208));
#10366=CARTESIAN_POINT('Ctrl Pts',(225.071101792805,174.294558852875,-77.8540453876428));
#10367=CARTESIAN_POINT('Ctrl Pts',(224.827713479177,174.296829083622,-77.756463815737));
#10368=CARTESIAN_POINT('Ctrl Pts',(227.529433012935,175.538464149551,-79.5245398318007));
#10369=CARTESIAN_POINT('Ctrl Pts',(227.525753126938,175.533808621035,-79.5225599709505));
#10370=CARTESIAN_POINT('Ctrl Pts',(227.522105320849,175.52903471026,-79.5205661549947));
#10371=CARTESIAN_POINT('Ctrl Pts',(227.128910055643,175.034143954528,-79.3095068123602));
#10372=CARTESIAN_POINT('Ctrl Pts',(226.461648607321,174.483838837788,-79.0266266827796));
#10373=CARTESIAN_POINT('Ctrl Pts',(225.355564631082,174.091595465411,-78.6994806442925));
#10374=CARTESIAN_POINT('Ctrl Pts',(224.858376038717,174.014485012346,-78.5796862361715));
#10375=CARTESIAN_POINT('Ctrl Pts',(224.602585916631,174.000002592751,-78.5252175202081));
#10376=CARTESIAN_POINT('Ctrl Pts',(227.529433012935,175.538464149551,-79.5245398318007));
#10377=CARTESIAN_POINT('Ctrl Pts',(227.525322068604,175.533198568968,-79.5240585587525));
#10378=CARTESIAN_POINT('Ctrl Pts',(227.521198467998,175.527944511794,-79.5235773511814));
#10379=CARTESIAN_POINT('Ctrl Pts',(227.081205533246,174.970069178496,-79.4723859366776));
#10380=CARTESIAN_POINT('Ctrl Pts',(226.301160259552,174.385223752737,-79.4042165992873));
#10381=CARTESIAN_POINT('Ctrl Pts',(225.125693905719,174.047734674761,-79.3328654396462));
#10382=CARTESIAN_POINT('Ctrl Pts',(224.626237893609,174.000002592751,-79.3081273162481));
#10383=CARTESIAN_POINT('Ctrl Pts',(224.376525070629,174.000002592751,-79.2971581517069));
#10384=CARTESIAN_POINT('Ctrl Pts',(224.376525070629,174.000002592751,-79.2971581517069));
#10385=CARTESIAN_POINT('Ctrl Pts',(224.626237893609,174.000002592751,-79.3081273162481));
#10386=CARTESIAN_POINT('Ctrl Pts',(225.125693905719,174.047734674761,-79.3328654396462));
#10387=CARTESIAN_POINT('Ctrl Pts',(226.301160259552,174.385223752737,-79.4042165992873));
#10388=CARTESIAN_POINT('Ctrl Pts',(227.081205533246,174.970069178496,-79.4723859366776));
#10389=CARTESIAN_POINT('Ctrl Pts',(227.521198467998,175.527944511794,-79.5235773511814));
#10390=CARTESIAN_POINT('Ctrl Pts',(227.525322068604,175.533198568968,-79.5240585587525));
#10391=CARTESIAN_POINT('Ctrl Pts',(227.529433012935,175.538464149551,-79.5245398318007));
#10392=CARTESIAN_POINT('Ctrl Pts',(224.376525070644,174.000002592751,-98.7028445003565));
#10393=CARTESIAN_POINT('Ctrl Pts',(224.332937887191,174.000002592751,-98.7156088959125));
#10394=CARTESIAN_POINT('Ctrl Pts',(224.287406827309,174.000002592751,-98.7212822494152));
#10395=CARTESIAN_POINT('Ctrl Pts',(224.241989073564,174.000002592751,-98.7212822494152));
#10396=CARTESIAN_POINT('Ctrl Pts',(224.602585916647,174.000002592751,-99.474785131855));
#10397=CARTESIAN_POINT('Ctrl Pts',(224.482729857173,173.999712213765,-99.5345217108194));
#10398=CARTESIAN_POINT('Ctrl Pts',(224.361707000131,174.000624003795,-99.5817214319351));
#10399=CARTESIAN_POINT('Ctrl Pts',(224.241989073565,174.000002592751,-99.6189495276603));
#10400=CARTESIAN_POINT('Ctrl Pts',(224.827713479194,174.296829083622,-100.243538836326));
#10401=CARTESIAN_POINT('Ctrl Pts',(224.631825743863,174.314556035109,-100.349601564647));
#10402=CARTESIAN_POINT('Ctrl Pts',(224.435464257314,174.341468403138,-100.437784553856));
#10403=CARTESIAN_POINT('Ctrl Pts',(224.241989073566,174.372946686563,-100.510902064697));
#10404=CARTESIAN_POINT('Ctrl Pts',(224.999189204996,174.820973636456,-100.82908508373));
#10405=CARTESIAN_POINT('Ctrl Pts',(224.742493745931,174.866973808984,-100.960053721491));
#10406=CARTESIAN_POINT('Ctrl Pts',(224.487421715944,174.932994604501,-101.063538063171));
#10407=CARTESIAN_POINT('Ctrl Pts',(224.241989073566,175.011907366718,-101.141406459327));
#10408=CARTESIAN_POINT('',(224.241989073399,174.000002592751,-98.7212822493107));
#10409=CARTESIAN_POINT('Origin',(224.241989073565,177.400002592751,-98.7212822494152));
#10410=CARTESIAN_POINT('',(224.376525070644,174.000002592751,-98.7028445003565));
#10411=CARTESIAN_POINT('Origin',(224.376525070645,177.400002592751,-98.7028445003565));
#10412=CARTESIAN_POINT('Ctrl Pts',(224.376525070644,174.000002592751,-98.7028445003565));
#10413=CARTESIAN_POINT('Ctrl Pts',(224.332937887191,174.000002592751,-98.7156088959125));
#10414=CARTESIAN_POINT('Ctrl Pts',(224.287406827309,174.000002592751,-98.7212822494152));
#10415=CARTESIAN_POINT('Ctrl Pts',(224.241989073564,174.000002592751,-98.7212822494152));
#10416=CARTESIAN_POINT('Ctrl Pts',(227.52943301295,175.538464149551,-98.4754628202578));
#10417=CARTESIAN_POINT('Ctrl Pts',(227.525322067918,175.53319856807,-98.475944093355));
#10418=CARTESIAN_POINT('Ctrl Pts',(227.521198466518,175.527944509877,-98.4764253010479));
#10419=CARTESIAN_POINT('Ctrl Pts',(227.081205533612,174.970069182146,-98.527616715288));
#10420=CARTESIAN_POINT('Ctrl Pts',(226.301160259822,174.385223762677,-98.5957860522187));
#10421=CARTESIAN_POINT('Ctrl Pts',(225.125693906728,174.047734678163,-98.6671372122078));
#10422=CARTESIAN_POINT('Ctrl Pts',(224.626237893347,174.000002592751,-98.6918753358271));
#10423=CARTESIAN_POINT('Ctrl Pts',(224.376525070644,174.000002592751,-98.7028445003565));
#10424=CARTESIAN_POINT('Ctrl Pts',(227.52943301295,175.538464149551,-98.4754628202578));
#10425=CARTESIAN_POINT('Ctrl Pts',(227.525753126326,175.533808620235,-98.4774426814305));
#10426=CARTESIAN_POINT('Ctrl Pts',(227.522105319533,175.529034708546,-98.4794364977669));
#10427=CARTESIAN_POINT('Ctrl Pts',(227.128910056337,175.03414395831,-98.6904958403107));
#10428=CARTESIAN_POINT('Ctrl Pts',(226.461648607695,174.483838847683,-98.9733759689863));
#10429=CARTESIAN_POINT('Ctrl Pts',(225.355564632107,174.091595468779,-99.3005220076966));
#10430=CARTESIAN_POINT('Ctrl Pts',(224.85837603845,174.014485012323,-99.4203164159639));
#10431=CARTESIAN_POINT('Ctrl Pts',(224.602585916647,174.000002592751,-99.4747851318549));
#10432=CARTESIAN_POINT('Ctrl Pts',(227.52943301295,175.538464149551,-98.4754628202578));
#10433=CARTESIAN_POINT('Ctrl Pts',(227.526193598022,175.534373928044,-98.478933885804));
#10434=CARTESIAN_POINT('Ctrl Pts',(227.522998482123,175.530177744375,-98.4824574998049));
#10435=CARTESIAN_POINT('Ctrl Pts',(227.176681453278,175.095410931384,-98.8521697854853));
#10436=CARTESIAN_POINT('Ctrl Pts',(226.573342790354,174.628610996637,-99.3516408645514));
#10437=CARTESIAN_POINT('Ctrl Pts',(225.541275310499,174.33526501553,-99.9327030260174));
#10438=CARTESIAN_POINT('Ctrl Pts',(225.071101792548,174.294558852864,-100.145957264524));
#10439=CARTESIAN_POINT('Ctrl Pts',(224.827713479194,174.296829083622,-100.243538836326));
#10440=CARTESIAN_POINT('Ctrl Pts',(227.52943301295,175.538464149551,-98.4754628202578));
#10441=CARTESIAN_POINT('Ctrl Pts',(227.526655085734,175.534905989082,-98.4804541711618));
#10442=CARTESIAN_POINT('Ctrl Pts',(227.523864282301,175.531359561494,-98.4854448957517));
#10443=CARTESIAN_POINT('Ctrl Pts',(227.225666936574,175.155144103439,-99.0163754350663));
#10444=CARTESIAN_POINT('Ctrl Pts',(226.634376942292,174.817251164681,-99.7243791287524));
#10445=CARTESIAN_POINT('Ctrl Pts',(225.652919782367,174.739523307367,-100.461918280889));
#10446=CARTESIAN_POINT('Ctrl Pts',(225.219782080861,174.781443095536,-100.716536351637));
#10447=CARTESIAN_POINT('Ctrl Pts',(224.999189204996,174.820973636456,-100.82908508373));
#10448=CARTESIAN_POINT('Ctrl Pts',(227.52943301295,175.538464149551,-98.4754628202578));
#10449=CARTESIAN_POINT('Ctrl Pts',(227.525322067918,175.53319856807,-98.475944093355));
#10450=CARTESIAN_POINT('Ctrl Pts',(227.521198466518,175.527944509877,-98.4764253010479));
#10451=CARTESIAN_POINT('Ctrl Pts',(227.081205533612,174.970069182146,-98.527616715288));
#10452=CARTESIAN_POINT('Ctrl Pts',(226.301160259822,174.385223762677,-98.5957860522187));
#10453=CARTESIAN_POINT('Ctrl Pts',(225.125693906728,174.047734678163,-98.6671372122078));
#10454=CARTESIAN_POINT('Ctrl Pts',(224.626237893347,174.000002592751,-98.6918753358271));
#10455=CARTESIAN_POINT('Ctrl Pts',(224.376525070644,174.000002592751,-98.7028445003565));
#10456=CARTESIAN_POINT('Origin',(224.376525070648,178.000002592751,-103.500001132317));
#10457=CARTESIAN_POINT('',(224.376525070647,174.000002592751,-103.500001132317));
#10458=CARTESIAN_POINT('Origin',(232.000000476877,177.400002592749,-79.2787204026424));
#10459=CARTESIAN_POINT('',(216.000000476874,175.01190736672,-76.8585961927429));
#10460=CARTESIAN_POINT('',(232.000000476876,174.000002592749,-79.2787204026424));
#10461=CARTESIAN_POINT('Origin',(232.000000476871,171.500002622551,-73.2995900016838));
#10462=CARTESIAN_POINT('Origin',(232.000000476929,256.000002652354,-124.000001847567));
#10463=CARTESIAN_POINT('',(232.000000476928,253.000002652354,-124.000001847567));
#10464=CARTESIAN_POINT('Origin',(232.000000476927,253.000002652354,-122.000001847566));
#10465=CARTESIAN_POINT('Origin',(232.000000476879,255.000002652354,-59.0000018475665));
#10466=CARTESIAN_POINT('',(232.000000476879,256.000002652354,-59.0000018475665));
#10467=CARTESIAN_POINT('Origin',(232.000000476878,256.000002652354,-58.0000018475665));
#10468=CARTESIAN_POINT('',(232.00000047688,256.000002652354,-60.0000008767558));
#10469=CARTESIAN_POINT('Origin',(232.000000476895,256.600002711958,-79.2787204026424));
#10470=CARTESIAN_POINT('',(232.000000476896,260.000002711958,-79.2787204026424));
#10471=CARTESIAN_POINT('Origin',(232.000000476892,177.400002592749,-98.7212822494093));
#10472=CARTESIAN_POINT('',(232.000000476891,174.000002592749,-98.7212822494093));
#10473=CARTESIAN_POINT('Origin',(232.000000476893,260.000002711958,-76.0000011323108));
#10474=CARTESIAN_POINT('Origin',(232.000000476893,174.000002592749,-102.000001519741));
#10475=CARTESIAN_POINT('Origin',(232.000000476882,252.000002682156,-63.7749181259704));
#10476=CARTESIAN_POINT('',(0.,0.,0.));
#10477=CARTESIAN_POINT('',(0.,0.,0.));
#10478=UNCERTAINTY_MEASURE_WITH_UNIT(LENGTH_MEASURE(0.01),#10486,
'DISTANCE_ACCURACY_VALUE',
'Maximum model space distance between geometric entities at asserted c
onnectivities');
#10479=UNCERTAINTY_MEASURE_WITH_UNIT(LENGTH_MEASURE(0.01),#10486,
'DISTANCE_ACCURACY_VALUE',
'Maximum model space distance between geometric entities at asserted c
onnectivities');
#10480=UNCERTAINTY_MEASURE_WITH_UNIT(LENGTH_MEASURE(0.01),#10486,
'DISTANCE_ACCURACY_VALUE',
'Maximum model space distance between geometric entities at asserted c
onnectivities');
#10481=UNCERTAINTY_MEASURE_WITH_UNIT(LENGTH_MEASURE(0.01),#10486,
'DISTANCE_ACCURACY_VALUE',
'Maximum model space distance between geometric entities at asserted c
onnectivities');
#10482=(
GEOMETRIC_REPRESENTATION_CONTEXT(3)
GLOBAL_UNCERTAINTY_ASSIGNED_CONTEXT((#10478))
GLOBAL_UNIT_ASSIGNED_CONTEXT((#10486,#10488,#10489))
REPRESENTATION_CONTEXT('','3D')
);
#10483=(
GEOMETRIC_REPRESENTATION_CONTEXT(3)
GLOBAL_UNCERTAINTY_ASSIGNED_CONTEXT((#10479))
GLOBAL_UNIT_ASSIGNED_CONTEXT((#10486,#10488,#10489))
REPRESENTATION_CONTEXT('','3D')
);
#10484=(
GEOMETRIC_REPRESENTATION_CONTEXT(3)
GLOBAL_UNCERTAINTY_ASSIGNED_CONTEXT((#10480))
GLOBAL_UNIT_ASSIGNED_CONTEXT((#10486,#10488,#10489))
REPRESENTATION_CONTEXT('','3D')
);
#10485=(
GEOMETRIC_REPRESENTATION_CONTEXT(3)
GLOBAL_UNCERTAINTY_ASSIGNED_CONTEXT((#10481))
GLOBAL_UNIT_ASSIGNED_CONTEXT((#10486,#10488,#10489))
REPRESENTATION_CONTEXT('','3D')
);
#10486=(
LENGTH_UNIT()
NAMED_UNIT(*)
SI_UNIT(.MILLI.,.METRE.)
);
#10487=(
LENGTH_UNIT()
NAMED_UNIT(*)
SI_UNIT($,.METRE.)
);
#10488=(
NAMED_UNIT(*)
PLANE_ANGLE_UNIT()
SI_UNIT($,.RADIAN.)
);
#10489=(
NAMED_UNIT(*)
SI_UNIT($,.STERADIAN.)
SOLID_ANGLE_UNIT()
);
#10490=SHAPE_DEFINITION_REPRESENTATION(#10493,#10498);
#10491=SHAPE_DEFINITION_REPRESENTATION(#10494,#10499);
#10492=SHAPE_DEFINITION_REPRESENTATION(#10495,#10500);
#10493=PRODUCT_DEFINITION_SHAPE('',$,#10502);
#10494=PRODUCT_DEFINITION_SHAPE('',$,#10503);
#10495=PRODUCT_DEFINITION_SHAPE('',$,#10504);
#10496=PRODUCT_DEFINITION_SHAPE($,$,#17);
#10497=PRODUCT_DEFINITION_SHAPE($,$,#18);
#10498=SHAPE_REPRESENTATION('',(#5358,#5851,#5852),#10482);
#10499=SHAPE_REPRESENTATION('',(#5359),#10483);
#10500=SHAPE_REPRESENTATION('',(#5605),#10484);
#10501=PRODUCT_DEFINITION_CONTEXT('part definition',#10512,'design');
#10502=PRODUCT_DEFINITION('(Unsaved)','(Unsaved)',#10505,#10501);
#10503=PRODUCT_DEFINITION('150mm 60mm fan mount m3x8',
'150mm 60mm fan mount m3x8',#10506,#10501);
#10504=PRODUCT_DEFINITION('150mm 60mm fan mount m3x12',
'150mm 60mm fan mount m3x12',#10507,#10501);
#10505=PRODUCT_DEFINITION_FORMATION('',$,#10514);
#10506=PRODUCT_DEFINITION_FORMATION('',$,#10515);
#10507=PRODUCT_DEFINITION_FORMATION('',$,#10516);
#10508=PRODUCT_RELATED_PRODUCT_CATEGORY('(Unsaved)','(Unsaved)',(#10514));
#10509=PRODUCT_RELATED_PRODUCT_CATEGORY('150mm 60mm fan mount m3x8',
'150mm 60mm fan mount m3x8',(#10515));
#10510=PRODUCT_RELATED_PRODUCT_CATEGORY('150mm 60mm fan mount m3x12',
'150mm 60mm fan mount m3x12',(#10516));
#10511=APPLICATION_PROTOCOL_DEFINITION('international standard',
'automotive_design',2009,#10512);
#10512=APPLICATION_CONTEXT(
'Core Data for Automotive Mechanical Design Process');
#10513=PRODUCT_CONTEXT('part definition',#10512,'mechanical');
#10514=PRODUCT('(Unsaved)','(Unsaved)',$,(#10513));
#10515=PRODUCT('150mm 60mm fan mount m3x8','150mm 60mm fan mount m3x8',
$,(#10513));
#10516=PRODUCT('150mm 60mm fan mount m3x12',
'150mm 60mm fan mount m3x12',$,(#10513));
#10517=PRESENTATION_STYLE_ASSIGNMENT((#10519));
#10518=PRESENTATION_STYLE_ASSIGNMENT((#10520));
#10519=SURFACE_STYLE_USAGE(.BOTH.,#10521);
#10520=SURFACE_STYLE_USAGE(.BOTH.,#10522);
#10521=SURFACE_SIDE_STYLE('',(#10523));
#10522=SURFACE_SIDE_STYLE('',(#10524));
#10523=SURFACE_STYLE_FILL_AREA(#10525);
#10524=SURFACE_STYLE_FILL_AREA(#10526);
#10525=FILL_AREA_STYLE('Steel - Satin',(#10527));
#10526=FILL_AREA_STYLE('Plastic - Matte (Black)',(#10528));
#10527=FILL_AREA_STYLE_COLOUR('Steel - Satin',#10529);
#10528=FILL_AREA_STYLE_COLOUR('Plastic - Matte (Black)',#10530);
#10529=COLOUR_RGB('Steel - Satin',0.627450980392157,0.627450980392157,0.627450980392157);
#10530=COLOUR_RGB('Plastic - Matte (Black)',0.274509803921569,0.274509803921569,
0.274509803921569);
ENDSEC;
END-ISO-10303-21;
